{"BSSID":"5d:68:d3:8c:7b:00","IpAddress":"192.168.78.159","P2p0Mac":"97:56:82:38:a6:5c","SSID":"FAST_64987c","androidId":"2defe9ff402e620e","batteryLevel":88,"btAddress":"46:1a:cd:1d:81:f8","btName":"OD103","buildAbi":"armeabi-v7a","buildAbi2":"armeabi","buildBoard":"geefhd","buildBrand":"SMARTISAN","buildCodename":"REL","buildDescription":"odin-user 5.1.1 LMY48G c2607a8f release-keys","buildDevice":"odin","buildFingerprint":"SMARTISAN/OD103/odin:5.1.1/LMY48G/c2607a8f:user/release-keys","buildHardware":"qcom","buildHost":"glsrv4","buildId":"LMY48G","buildIncremental":"c2607a8f","buildManufacturer":"smartisan","buildModel":"OD103","buildName":"SMARTISAN","buildProduct":"odin","buildRadioVersion":"hokiwvldvbppprmv","buildRelease":"5.1.1","buildSdk":"22","buildSerialno":"62fc1242","buildTags":"release-keys","buildType":"user","buildUser":"jenkins","buildUtc":1472695905152,"cellScan":["61722,169502458","32904,1796","61702,168191738","32904,3051","61702,168191737"],"ci":168191738,"contacts":["奶奶,13305751582","姑妈,15708075187","外婆,13490130311","外公,18703474261","舅舅,14703393142","舅妈,15102746429","姨父,15807631502","姨娘,13108211426","亲爱的,13490510651","老弟,15801237257","老妹,13004935825","小明,13506856240","小李子,18807457538","钮芹星,18907964761","Marilyn Wright,15303304333","吴岁,15603785271","颜怀延,13201872717","蓬介群,13201106085","Tammy Cox,13201063562","李铁茜,14701958408","于校,13403831293","于兴麟,18906755840","Lauren Patterson,13307822561","张翔,18600453984","咎世平,18604318276","伏骏皓,13407090898","Antonio Russell,13400153875","冯律,18702832427","郝稼望,18907278866","陈砚,14704563605","John Ray,14703338903","单立珀,15301320139","柳文银,18701966068","董炬瑟,14701260105","Jorge Hill,18803078784","王河,13303260718","焦生逵,18002954377","米观信,13805125411","Eva Baker,13606672028","窦辉易,14704934145","于耀岩,18603140668","娄古顺,18704411487","Kathryn Gardner,14702384914","秋伟河,15303325865","戎菁怀,13904501880","惠利熙,15204894955","Beatrice Rogers,15807802330","尉迟雍裕,13301457927","麻义游,18906831414","暴石异,13490422034","Sara Ward,13307232334"],"cpuName":"ualcomm Technologies, Inc MSM8953Pro","densityDpi":480,"deviceId":"862421548331607","deviceSvn":"68","displayId":"odin-user 5.1.1 LMY48G c2607a8f release-keys","extraInfo":"FAST_64987c","height":0,"hidePkgs":[],"hmNotes":"","hookPkgs":[],"lac":61702,"latitude":30.5633677,"line1Number":"18101695439","longitude":103.8805561,"macAddress":"3a:f8:72:67:cf:92","memAvailable":937655243,"memFree":2812965729,"memTotal":3750620972,"mnc":"03","networkClass":3,"networkCountryIso":"cn","networkOperator":"46003","networkOperatorName":"中国电信","networkType":13,"networkTypeName":"LTE","phoneType":2,"rgAndroid":"23","rgAreaode":"86","rgConNames":["于宏佳"],"rgConsize":"1","rgCountry":"中国","rgDevice":"xiaomiRedmi 4X","rgIp":"101.206.167.45","rgLastLogin":1516777516099,"rgLocation":"四川省 联通","rgNetType":"切换飞行模式","rgOrPhone":"18101695439","rgPhoneNo":"18101695439","rgServer":"飞行模式切换","rgTime":1515222640403,"rgVcode":"尚一品(发码)","rgVersion":"1.6.0","rgWxEmail":"未绑定","rgWxError":"该微信帐号因批量或者使用非法软件注册被限制登录，如需继续使用，请轻触“确定”申请解除限制。","rgWxName":"于宏佳","rgWxNo":"未设置","rgWxPasswd":"Rmst@7890","rgWxQQ":"未绑定","rgWxStatus":"异常","rgWxWindows":"否","serialno":"62fc1242","simCountryIso":"cn","simOperator":"46003","simOperatorName":"中国电信","simSerialNumber":"8986064649166628963","simState":5,"subscriberId":"460032377466646","type":1,"typeName":"WIFI","width":0,"wifiScan":["FAST_6bfe,64:3a:b1:78:75:72,[WPA2-PSK-CCMP][ESS],-50,2437,417395556","MERCURY_caedaa,64:3a:b1:41:eb:e2,[WPA2-PSK-CCMP][WPS][ESS],-80,2412,1564730930","MERCURY_ed1f,ec:38:8f:a9:53:d0,[WPA2-PSK-CCMP][ESS],-90,2412,2920536921","FAST_6aaecc,00:23:c9:98:c3:db,[WPA-PSK-CCMP][WPA2-PSK-CCMP][WPS][ESS],-80,2462,522091352","Netcore_987bbf,1c:60:de:a4:a3:c8,[WPA2-PSK-CCMP][ESS],-53,2412,537973858"]}