{"BSSID":"2d:92:46:14:23:6d","IpAddress":"192.168.20.27","P2p0Mac":"32:dd:d7:ab:90:9f","SSID":"TP-LINK_97ba","androidId":"c127d42f33be8bea","batteryLevel":44,"btAddress":"4e:02:b3:13:69:f7","btName":"vivo X6D","buildAbi":"armeabi-v7a","buildAbi2":"armeabi","buildBoard":"t1","buildBrand":"vivo","buildCodename":"REL","buildDescription":"PD1415D-user 7.0.0 NRD90M 3edad34e release-keys","buildDevice":"PD1415D","buildFingerprint":"vivo/vivo X6D/PD1415D:7.0.0/NRD90M/3edad34e:user/release-keys","buildHardware":"qcom","buildHost":"Android-server","buildId":"NRD90M","buildIncremental":"3edad34e","buildManufacturer":"vivo","buildModel":"vivo X6D","buildName":"vivo","buildProduct":"PD1415D","buildRadioVersion":"lxugymwm","buildRelease":"7.0.0","buildSdk":"24","buildSerialno":"c5942415","buildTags":"release-keys","buildType":"user","buildUser":"builder","buildUtc":1479646879757,"cellScan":["33292,1028","61722,33655","33028,33655","39695,164700978","33044,118469920"],"ci":33655,"contacts":["奶奶,15200970489","姑妈,13907065939","外婆,14708144519","外公,13902862957","舅舅,13103861091","舅妈,13904211117","姨父,18001532314","姨娘,15708067822","亲爱的,18804837827","老弟,13402477112","老妹,18908463519","小明,13104323889","小李子,15707352421","张驹,13490277508","Joshua Stewart,18901385367","王星瑕,13806947483","周浩同,13207906228","刁鑫嵬,18805294268","Joan Palmer,18703643711","王佳逸,13103846489","杨新,13904526909","冯秋午,13606403162","Shannon Sims,13501696186","明设进,15703505259","卜硕意,13104301668","张军向,15801554330","Wanda Hayes,15204527290","卫西乐,15102822682","黄观贺,15602504283","长孙节西,15201476493","Elizabeth Porter,15802698292","贾星筱,13606208083","经随广,13902274940","杨菁协,18700118712","Ruby Rose,18700286547","杨吉,18804374610","张焱,13604290200","糜渠由,15901580216","Stephen Hernandez,15008622551","全璞阔,13004820424","符思守,18600446449","吴权,13490150303","Allen Jenkins,13307136019","李思乾,15001112759","夏宁贵,15205881729","焦瑟珀,15607475050","Victoria Armstrong,13006101571","杨岳,13407257879"],"cpuName":"MT6752","densityDpi":560,"deviceId":"865664871056674","deviceSvn":"20","displayId":"PD1415D-user 7.0.0 NRD90M 3edad34e release-keys","extraInfo":"TP-LINK_97ba","height":0,"hidePkgs":[],"hmNotes":"","hookPkgs":[],"lac":61722,"latitude":30.5107744,"line1Number":"18117192493","longitude":103.9330566,"macAddress":"8e:5c:aa:ae:2f:9e","memAvailable":23578943,"memFree":70736829,"memTotal":94315772,"mnc":"03","networkClass":1,"networkCountryIso":"cn","networkOperator":"46003","networkOperatorName":"中国电信","networkType":4,"networkTypeName":"CDMA","phoneType":2,"rgAndroid":"23","rgAreaode":"86","rgConNames":[],"rgCountry":"中国","rgDevice":"xiaomiRedmi 4X","rgIp":"101.206.167.245","rgLastLogin":1516777324669,"rgLocation":"四川省 联通","rgNetType":"切换飞行模式","rgOrPhone":"18117192493","rgPhoneNo":"18117192493","rgServer":"飞行模式切换","rgTime":1515221693212,"rgVcode":"尚一品(发码)","rgVersion":"1.6.0","rgWxError":"该微信帐号因批量或者使用非法软件注册被限制登录，如需继续使用，请轻触“确定”申请解除限制。","rgWxName":"张秋","rgWxPasswd":"Rmst@7890","rgWxStatus":"异常","rgWxWindows":"否","serialno":"c5942415","simCountryIso":"cn","simOperator":"46003","simOperatorName":"中国电信","simSerialNumber":"898530731366279848847","simState":5,"subscriberId":"460031082573376","type":1,"typeName":"WIFI","width":0,"wifiScan":["TP-LINK_dfe1,d0:15:4a:72:96:75,[WPA2-PSK-CCMP][ESS],-84,2412,269522994","MERCURY_bfe1f4,98:2f:3c:40:a4:b2,[WPA2-PSK-CCMP][ESS],-67,2437,357433646","FAST_a5497c,98:2f:3c:40:12:5a,[WPA-PSK-CCMP][WPA2-PSK-CCMP][ESS],-92,2447,3037536917"]}