{"BSSID":"f5:9f:0a:7b:0c:5a","IpAddress":"192.168.44.85","P2p0Mac":"19:97:8e:a7:0d:72","SSID":"Tenda_cbfe21","androidId":"34b68172619a17ef","batteryLevel":57,"btAddress":"99:15:a6:1a:69:53","btName":"OD103","buildAbi":"armeabi-v7a","buildAbi2":"armeabi","buildBoard":"MSM8226","buildBrand":"SMARTISAN","buildCodename":"REL","buildDescription":"odin-user 5.1.1 LMY48G edbf0e9d release-keys","buildDevice":"odin","buildFingerprint":"SMARTISAN/OD103/odin:5.1.1/LMY48G/edbf0e9d:user/release-keys","buildHardware":"qcom","buildHost":"SCL_XA241_102","buildId":"LMY48G","buildIncremental":"edbf0e9d","buildManufacturer":"smartisan","buildModel":"OD103","buildName":"SMARTISAN","buildProduct":"odin","buildRadioVersion":"hqycdcjtjy","buildRelease":"5.1.1","buildSdk":"22","buildSerialno":"c2d77e8c","buildTags":"release-keys","buildType":"user","buildUser":"builder","buildUtc":1485331604958,"cellScan":["33061,58953","61726,12161","33061,139930627","39937,163686963","33061,21515"],"ci":12161,"contacts":["奶奶,13204807538","姑妈,13507595774","外婆,13000832397","外公,13304732920","舅舅,18703401559","舅妈,15701142841","姨父,15107311677","姨娘,13001212125","亲爱的,18604634057","老弟,13907197333","老妹,13100056079","小明,13104270192","小李子,13504940785","邱杏宣,13508263813","Arthur Lawrence,13605192078","张逵和,15806636572","韦隆律,15300693088","单翼诗,18801284372","Katherine Black,18701960357","陈璞,13405098976","李向译,15300513591","卫芹雄,13301106351","Jerry James,13302284721","杨生,15304674006","毕联敬,13406371004","杭元颖,15807322950","Megan Wright,13401145501","缪薇水,13607561748","干享望,18007917197","席岭璞,13708284959","April Scott,13705646155","戴权先,15807280989","诸璇,15303422496","蒋立旺,18604465412","Linda Ramirez,18602728836","郁罗梁,13004682330","凤密群,13006110264","王威倩,13804767305","Raymond Reed,13506957772","强珀郡,13306014218","余愚,15601965559","杨良巍,13490020720","Ruth Hart,13304514990","储郁腾,13508882615"],"cpuName":"ualcomm Technologies, Inc MSM8953Pro","densityDpi":320,"deviceId":"860871840021219","deviceSvn":"75","displayId":"odin-user 5.1.1 LMY48G edbf0e9d release-keys","extraInfo":"Tenda_cbfe21","height":0,"hidePkgs":[],"hmNotes":"","hookPkgs":[],"lac":61726,"latitude":30.6624376,"line1Number":"18116276041","longitude":104.2413552,"macAddress":"bc:38:5f:fd:71:20","memAvailable":51297527,"memFree":153892583,"memTotal":205190110,"mnc":"03","networkClass":2,"networkCountryIso":"cn","networkOperator":"46003","networkOperatorName":"中国电信","networkType":12,"networkTypeName":"CDMA - EvDo rev. B","phoneType":2,"rgAndroid":"23","rgAreaode":"86","rgConNames":[],"rgCountry":"中国","rgDevice":"xiaomiRedmi 4X","rgIp":"119.4.254.147","rgLastLogin":1516777709193,"rgLocation":"四川省成都市 联通","rgNetType":"切换飞行模式","rgOrPhone":"18116276041","rgPhoneNo":"18116276041","rgServer":"飞行模式切换","rgTime":1515223868778,"rgVcode":"尚一品(发码)","rgVersion":"1.6.0","rgWxError":"该微信帐号因批量或者使用非法软件注册被限制登录，如需继续使用，请轻触“确定”申请解除限制。","rgWxName":"杨平思","rgWxPasswd":"Rmst@7890","rgWxStatus":"异常","rgWxWindows":"否","serialno":"c2d77e8c","simCountryIso":"cn","simOperator":"46003","simOperatorName":"中国电信","simSerialNumber":"898530796491828148523","simState":5,"subscriberId":"460037992243794","type":1,"typeName":"WIFI","width":0,"wifiScan":["MERCURY_5ba66a,ec:26:ca:d7:63:72,[WPA-PSK-CCMP][WPA2-PSK-CCMP][ESS],-63,2437,303082479","MERCURY_6aae,6c:59:40:0d:34:78,[WPA2-PSK-CCMP][ESS],-72,2462,522939843","MERCURY_0ff3,ec:26:ca:5c:69:14,[WPA2-PSK-CCMP][WPS][ESS],-63,2447,317424299","iTV-b1fc,88:25:93:11:66:8f,[WPA-PSK-CCMP][WPA2-PSK-CCMP][ESS],-67,2422,3483238094","TP-LINK_fcc0ee,a8:57:4e:62:da:ce,[WPA2-PSK-CCMP][WPS][ESS],-73,2412,2082630474"]}