{"BSSID":"02:53:9e:b3:8e:75","IpAddress":"10.67.81.134","P2p0Mac":"bb:ef:f2:dd:e4:47","SSID":"FAST_dadf","androidId":"e1a3f7d6ef4a488d","batteryLevel":65,"btAddress":"09:cd:13:ae:18:a6","btName":"MI 3W","buildAbi":"armeabi-v7a","buildAbi2":"armeabi","buildBoard":"picasso_mf","buildBrand":"Xiaomi","buildCodename":"REL","buildDescription":"Kenzo-user 7.0.0 NRD90M feda5515 release-keys","buildDevice":"Kenzo","buildFingerprint":"Xiaomi/MI 3W/Kenzo:7.0.0/NRD90M/feda5515:user/release-keys","buildHardware":"qcom","buildHost":"mine","buildId":"NRD90M","buildIncremental":"feda5515","buildManufacturer":"Xiaomi","buildModel":"MI 3W","buildName":"Xiaomi","buildProduct":"Kenzo","buildRadioVersion":"ottqypxxeeis","buildRelease":"7.0.0","buildSdk":"24","buildSerialno":"da568ce9","buildTags":"release-keys","buildType":"user","buildUser":"Server","buildUtc":1455262749062,"cellScan":["61729,169955720","32907,13502","33038,118075169","32907,1793","32907,97162884"],"ci":97162884,"contacts":["奶奶,18706204150","姑妈,13607032729","外婆,15003632498","外公,18900860738","舅舅,15307398890","舅妈,18808680741","姨父,18600333731","姨娘,15901606575","亲爱的,18701303586","老弟,18005141958","老妹,18904974200","小明,13404150177","小李子,13800994638","于绍伊,15300096055","Richard Harrison,13490230176","惠逸芹,13490822285","张义任,18707384332","李影实,18700561918","Kevin Harris,15700318380","张君,15907251630","吴佳,14702302244","李影团,13407732056","Tammy Webb,15007997486","余森雨,18807952299","诸泉升,18900858122","陈鹄佩,15104428990","Herman Simpson,15207653091","张璎,15904891535","吴孝宁,13102246219","王剑炯,18702238159","Rhonda Owens,18708605615","邢团烈,18702098341","于恺,15201817085","郁恺宽,15306201451","Anita Moore,18907260225","严献权,13503858782","祖魁星,13508000701","吴寅密,13905206754","Brandon Palmer,13707634752","王靖绍,15902675982","张茂洋,15101621443","万魁伊,15503808304","Warren Brown,18606135468","齐印珂,15805183045","闵佑巍,13706877195","柳古裕,18802038967","Leonard Hunt,18807908367","陈和秀,18004514096"],"cpuName":"Qualcomm MSM8974PRO-AB","densityDpi":480,"deviceId":"865583863328794","deviceSvn":"51","displayId":"Kenzo-user 7.0.0 NRD90M feda5515 release-keys","extraInfo":"3gwap","height":0,"hidePkgs":[],"hmNotes":"","hookPkgs":[],"lac":32907,"latitude":30.6390042,"line1Number":"18121143467","longitude":103.814124,"macAddress":"89:f7:ad:99:e6:33","memAvailable":51194031,"memFree":153582093,"memTotal":204776124,"mnc":"03","networkClass":3,"networkCountryIso":"cn","networkOperator":"46003","networkOperatorName":"中国电信","networkType":13,"networkTypeName":"LTE","phoneType":2,"rgAndroid":"23","rgAreaode":"86","rgConNames":["孙敬梧"],"rgConsize":"1","rgCountry":"中国","rgDevice":"xiaomiRedmi 4X","rgIp":"119.4.254.83","rgLastLogin":1516777419739,"rgLocation":"四川省成都市 联通","rgNetType":"切换飞行模式","rgOrPhone":"18121143467","rgPhoneNo":"18121143467","rgServer":"飞行模式切换","rgTime":1515222148898,"rgVcode":"尚一品(发码)","rgVersion":"1.6.0","rgWxEmail":"未绑定","rgWxError":"该微信帐号因批量或者使用非法软件注册被限制登录，如需继续使用，请轻触“确定”申请解除限制。","rgWxName":"孙敬梧","rgWxNo":"未设置","rgWxPasswd":"Rmst@7890","rgWxQQ":"未绑定","rgWxStatus":"异常","rgWxWindows":"否","serialno":"da568ce9","simCountryIso":"cn","simOperator":"46003","simOperatorName":"中国电信","simSerialNumber":"898530247221674176459","simState":5,"subscriberId":"460032600092876","type":0,"typeName":"MOBILE","width":0,"wifiScan":["FAST_dcae,00:23:c9:cf:47:4e,[WPA-PSK-CCMP][WPA2-PSK-CCMP][ESS],-68,2412,2893631766","FAST_9ec10f,74:a7:8e:06:38:e1,[WPA-PSK-CCMP][WPA2-PSK-CCMP][ESS],-60,2437,410736704","Netcore_edc0ec,64:3a:b1:29:57:5a,[WPA2-PSK-CCMP][WPS][ESS],-72,2462,1365227923","TP-LINK_fd11fd,64:3a:b1:29:56:72,[WPA-PSK-CCMP][WPA2-PSK-CCMP][WPS][ESS],-61,2462,2386628994","TP-LINK_1105,64:3a:b1:1d:0b:6a,[WPA2-PSK-CCMP][ESS],-79,2457,409954582"]}