{"BSSID":"ba:dc:01:1c:a5:1a","IpAddress":"192.168.76.82","P2p0Mac":"ed:04:76:12:ba:2f","SSID":"MERCURY_921538","androidId":"bc36a73cddff3162","batteryLevel":85,"btAddress":"2f:43:1d:80:c3:09","btName":"Redmi Note 4X","buildAbi":"armeabi-v7a","buildAbi2":"armeabi","buildBoard":"ventana","buildBrand":"Xiaomi","buildCodename":"REL","buildDescription":"Redmi Note 4X-user 5.1.1 LMY48G 46ce2c9e release-keys","buildDevice":"Redmi Note 4X","buildFingerprint":"Xiaomi/Redmi Note 4X/Redmi Note 4X:5.1.1/LMY48G/46ce2c9e:user/release-keys","buildHardware":"qcom","buildHost":"bs213","buildId":"LMY48G","buildIncremental":"46ce2c9e","buildManufacturer":"Xiaomi","buildModel":"Redmi Note 4X","buildName":"Xiaomi","buildProduct":"Redmi Note 4X","buildRadioVersion":"pqtkeepjw","buildRelease":"5.1.1","buildSdk":"22","buildSerialno":"005be39e","buildTags":"release-keys","buildType":"user","buildUser":"android","buildUtc":1500718471826,"cellScan":["32822,27924","32822,1799","32822,28326","32808,1793","39938,163632946"],"ci":1793,"contacts":["奶奶,14708214897","姑妈,13490346129","外婆,15306616949","外公,18700645796","舅舅,13100970306","舅妈,13405524532","姨父,15701761363","姨娘,15308860290","亲爱的,13008841076","老弟,13904134746","老妹,14704467591","小明,13400720791","小李子,13201618760","李虹,18900024277","Todd Edwards,15308540890","杨梦西,13705930838","靳魄寅,13408777477","芮介华,13605331590","Beatrice Perkins,13702267951","李夜联,15306771146","山联扬,13002970266","吴梁仕,13502400622","Grace Hunter,13501821179","于秋,15608316806","宋玉胤,14705756523","王岭,13303187645","Catherine Ramos,15300787625","安求阳,15600604504","夏侯利欣,13508447041","陈豪思,14704534663","Jon Scott,18802272359","薛渠瑟,14701830494","李嵬,13201050142","李禄甲,13203144089","Eric Payne,13103913354","王翼协,13908304237","姜译幸,13700650626","宋桂善,18607104060","Jorge Woods,15604541112","李瑕如,18000314908","李慎,15507066322","张虹,18703258858","Scott Rose,14707944217","杨荣,13701324402","卢砚茜,15205123218","吕苡帅,18705978755","Hazel Greene,14700097838","李如,18602351494","李彤星,15605708302","吴楷仁,13206694611","Emma Cruz,13001702158","王厚,13008334483"],"cpuName":"Qualcomm Technologies, Inc MSM8953","densityDpi":480,"deviceId":"861277766603783","deviceSvn":"27","displayId":"Redmi Note 4X-user 5.1.1 LMY48G 46ce2c9e release-keys","extraInfo":"MERCURY_921538","height":0,"hidePkgs":[],"hmNotes":"","hookPkgs":[],"lac":32808,"latitude":30.8343552,"line1Number":"18121020846","longitude":104.1632282,"macAddress":"dc:65:1a:2d:00:92","memAvailable":129161311,"memFree":387483936,"memTotal":516645247,"mnc":"03","networkClass":1,"networkCountryIso":"cn","networkOperator":"46003","networkOperatorName":"中国电信","networkType":4,"networkTypeName":"CDMA","phoneType":2,"rgAndroid":"23","rgAreaode":"86","rgConNames":["李同旭"],"rgConsize":"1","rgCountry":"中国","rgDevice":"xiaomiRedmi 4X","rgIp":"119.4.254.80","rgLastLogin":1516777373094,"rgLocation":"四川省成都市 联通","rgNetType":"切换飞行模式","rgOrPhone":"18121020846","rgPhoneNo":"18121020846","rgServer":"飞行模式切换","rgTime":1515221943042,"rgVcode":"尚一品(发码)","rgVersion":"1.6.0","rgWxEmail":"未绑定","rgWxError":"该微信帐号因批量或者使用非法软件注册被限制登录，如需继续使用，请轻触“确定”申请解除限制。","rgWxName":"李同旭","rgWxNo":"未设置","rgWxPasswd":"Rmst@7890","rgWxQQ":"未绑定","rgWxStatus":"异常","rgWxWindows":"否","serialno":"005be39e","simCountryIso":"cn","simOperator":"46003","simOperatorName":"中国电信","simSerialNumber":"898530744244641092355","simState":5,"subscriberId":"460037393483627","type":1,"typeName":"WIFI","width":0,"wifiScan":["TP-LINK_9ccaed,64:3a:b1:ec:e5:fa,[WPA2-PSK-CCMP][ESS],-94,2447,204441309","MERCURY_ec00,a8:57:4e:53:33:d4,[WPA2-PSK-CCMP][WPS][ESS],-52,2437,2642126918","MERCURY_337552,8c:ab:8e:3a:58:68,[WPA-PSK-CCMP][WPA2-PSK-CCMP][ESS],-76,2457,258288557","Netcore_6fd300,14:e6:e4:88:c5:92,[WPA2-PSK-CCMP][ESS],-59,2412,293423445","Netcore_00420f,80:71:7a:d4:1d:d2,[WPA2-PSK-CCMP][ESS],-93,2462,428493577"]}