{"BSSID":"ee:8e:25:e0:f6:a0","IpAddress":"192.168.24.244","P2p0Mac":"ef:65:43:8f:9e:ec","SSID":"TP-LINK_ad1fca","androidId":"5faccf8049f1a7fa","batteryLevel":47,"btAddress":"ce:d4:fc:eb:3e:fb","btName":"GT-I9158P","buildAbi":"armeabi-v7a","buildAbi2":"armeabi","buildBoard":"deb","buildBrand":"samsung","buildCodename":"REL","buildDescription":"GT-I9158P-user 6.0.1 MMB29T 8fd2bbb1 release-keys","buildDevice":"GT-I9158P","buildFingerprint":"samsung/GT-I9158P/GT-I9158P:6.0.1/MMB29T/8fd2bbb1:user/release-keys","buildHardware":"qcom","buildHost":"qh-miui-ota-bd51","buildId":"MMB29T","buildIncremental":"8fd2bbb1","buildManufacturer":"samsung","buildModel":"GT-I9158P","buildName":"samsung","buildProduct":"GT-I9158P","buildRadioVersion":"xrgsorvud","buildRelease":"6.0.1","buildSdk":"23","buildSerialno":"b60dc1e4","buildTags":"release-keys","buildType":"user","buildUser":"Server","buildUtc":1511358763649,"cellScan":["33301,1028","33301,6573","61729,169977260","39936,163803954","33301,1798"],"ci":163803954,"contacts":["奶奶,18704705372","姑妈,13708614037","外婆,13405462194","外公,15005676714","舅舅,15203552932","舅妈,13490734004","姨父,15304675716","姨娘,13304684140","亲爱的,18904680884","老弟,14707692028","老妹,13405996882","小明,13503120213","小李子,15006243046","王永,15706954895","Gene Elliott,18704700502","吴梦,15605030330","张默陵,15706934715","杨泉,18006206806","Rodney Baker,18006861973","乐午勋,15606398717","罗兴能,15906760787","束炯旺,15801748567","Benjamin Ward,15006110530","班尚建,13702625947","仲如然,14700573154","弓韶团,15107268992","John James,15904287431","尹印节,15206772441","杨心时,18801434743","毛羡硕,13608734566","Walter Clark,13600242083","芮仕航,13490639267","王峻,18807062890","孟驹友,15108668533","Victor Andrews,15103915895","曹奎杭,15703174046","葛君峻,13200686322","李隆盛,15301654974","Brent Mcdonald,15308011778","樊银启,15007404898","蓝广建,18906211852","羊岩岳,15901450742","Dawn Ramirez,15208852023","杨朔,13202028267","高誓律,18704426292","杨寿任,15602505877","Jane Brooks,15504268524"],"cpuName":"Qualcomm MSM 8226 (Flattened Device Tree)","densityDpi":560,"deviceId":"863609876846852","deviceSvn":"29","displayId":"GT-I9158P-user 6.0.1 MMB29T 8fd2bbb1 release-keys","extraInfo":"TP-LINK_ad1fca","height":0,"hidePkgs":[],"hmNotes":"","hookPkgs":[],"lac":39936,"latitude":30.7779349,"line1Number":"18121064420","longitude":103.7441344,"macAddress":"b7:76:9d:39:88:18","memAvailable":23549706,"memFree":70649120,"memTotal":94198826,"mnc":"03","networkClass":1,"networkCountryIso":"cn","networkOperator":"46003","networkOperatorName":"中国电信","networkType":4,"networkTypeName":"CDMA","phoneType":2,"rgAndroid":"23","rgAreaode":"86","rgConNames":[],"rgCountry":"中国","rgDevice":"xiaomiRedmi 4X","rgIp":"119.4.255.56","rgLastLogin":1516777467148,"rgLocation":"四川省成都市 联通","rgNetType":"切换飞行模式","rgOrPhone":"18121064420","rgPhoneNo":"18121064420","rgServer":"飞行模式切换","rgTime":1515222372967,"rgVcode":"尚一品(发码)","rgVersion":"1.6.0","rgWxError":"该微信帐号因批量或者使用非法软件注册被限制登录，如需继续使用，请轻触“确定”申请解除限制。","rgWxName":"鲁卿桐","rgWxPasswd":"Rmst@7890","rgWxStatus":"异常","rgWxWindows":"否","serialno":"b60dc1e4","simCountryIso":"cn","simOperator":"46003","simOperatorName":"中国电信","simSerialNumber":"8986036009705753401","simState":5,"subscriberId":"460034544244873","type":1,"typeName":"WIFI","width":0,"wifiScan":["PHICOMM_7d98db,00:5a:39:0c:b0:0e,[WPA2-PSK-CCMP][WPS][ESS],-50,2412,520227872","Netcore_0eb9ed,24:69:68:3c:4e:fc,[WPA-PSK-CCMP][WPA2-PSK-CCMP][WPS][ESS],-64,2437,1041437525","MERCURY_86caae,b8:55:10:00:21:55,[WPA2-PSK-CCMP][ESS],-95,2462,2923531011","TP-LINK_97dbbf,64:88:ff:af:eb:01,[WPA-PSK-CCMP][WPA2-PSK-CCMP][WPS][ESS],-51,2437,452998189","MERCURY_a97599,80:89:17:32:9a:09,[WPA2-PSK-CCMP][WPS][ESS],-53,2462,358464289"]}