{"BSSID":"f5:38:bd:64:54:87","IpAddress":"10.86.18.86","P2p0Mac":"69:f5:1e:e4:1d:dc","SSID":"Tenda_375a8c","androidId":"e0e9599d3c0688c1","batteryLevel":86,"btAddress":"fb:6e:4e:f8:fc:52","btName":"GN9010","buildAbi":"armeabi-v7a","buildAbi2":"armeabi","buildBoard":"p880","buildBrand":"GiONEE","buildCodename":"REL","buildDescription":"GiONEE\u003dCBL7513-user 6.0.1 MMB29T bf6cac23 release-keys","buildDevice":"GiONEE_CBL7513","buildFingerprint":"GiONEE/GN9010/GiONEE_CBL7513:6.0.1/MMB29T/bf6cac23:user/release-keys","buildHardware":"qcom","buildHost":"Android-server","buildId":"MMB29T","buildIncremental":"bf6cac23","buildManufacturer":"GiONEE","buildModel":"GN9010","buildName":"GiONEE","buildProduct":"GiONEE\u003dCBL7513","buildRadioVersion":"jtifdmwtpsrlkhkvl","buildRelease":"6.0.1","buildSdk":"23","buildSerialno":"93472aad","buildTags":"release-keys","buildType":"user","buildUser":"Server","buildUtc":1484645595615,"cellScan":["33038,1540","33038,56962","65535,4995","61711,168768122","33036,117712927"],"ci":56962,"contacts":["奶奶,13106237620","姑妈,15803161688","外婆,13400085847","外公,13490077613","舅舅,18807137586","舅妈,15700575300","姨父,13402942220","姨娘,13490542777","亲爱的,13703640380","老弟,13708130073","老妹,18802924495","小明,15902009098","小李子,13104650403","高宁渠,13007191678","Corey Daniels,15601268249","谷室凇,15700886978","李茂星,18701053125","李玺万,18800615343","Carmen Price,14701863667","臧齐佩,13201847934","张祥仙,15803307477","杨联,13301942018","Alma Boyd,18005104004","倪望静,18808268977","花阔鹏,13207358553","宫锐河,13302576543","Rhonda Berry,18901212930","吴土素,13001645701","吴旭,15002942937","上官顺蔚,18001237087","Roger Johnson,18904052530","蓝献况,13303856352","于霖,15905147412","杨珂京,15801258288","Emma Hunter,15207761871","杨文延,15607977131","张玺业,18908124089","陈佩涂,18000901620","Jack Gray,15306543462","张友萱,13490300258","巴余景,13202842921","屈涂悠,13305741292","Kenneth Dunn,18000717212","陈宇菁,15806980346","张怀朋,13603393918","王岩璇,18904525080","Nathan Perez,18007044593","金庞康,13490327871"],"cpuName":"MT6753T","densityDpi":240,"deviceId":"860289737783538","deviceSvn":"87","displayId":"GiONEE\u003dCBL7513-user 6.0.1 MMB29T bf6cac23 release-keys","extraInfo":"cmwap","height":0,"hidePkgs":[],"hmNotes":"","hookPkgs":[],"lac":33038,"latitude":30.754438,"line1Number":"18121058409","longitude":104.023218,"macAddress":"13:d8:eb:ee:69:1c","memAvailable":4109630989,"memFree":12328892969,"memTotal":16438523958,"mnc":"03","networkClass":2,"networkCountryIso":"cn","networkOperator":"46003","networkOperatorName":"中国电信","networkType":5,"networkTypeName":"CDMA - EvDo rev. 0","phoneType":2,"rgAndroid":"23","rgAreaode":"86","rgConNames":[],"rgCountry":"中国","rgDevice":"xiaomiRedmi 4X","rgIp":"119.4.252.18","rgLastLogin":1516777755972,"rgLocation":"四川省成都市 联通","rgNetType":"切换飞行模式","rgOrPhone":"18121058409","rgPhoneNo":"18121058409","rgServer":"飞行模式切换","rgTime":1515224253093,"rgVcode":"尚一品(发码)","rgVersion":"1.6.0","rgWxError":"该微信帐号因批量或者使用非法软件注册被限制登录，如需继续使用，请轻触“确定”申请解除限制。","rgWxName":"长孙胤团","rgWxPasswd":"Rmst@7890","rgWxStatus":"异常","rgWxWindows":"否","serialno":"93472aad","simCountryIso":"cn","simOperator":"46003","simOperatorName":"中国电信","simSerialNumber":"8986112969328527959","simState":5,"subscriberId":"460035118584354","type":0,"typeName":"MOBILE","width":0,"wifiScan":["MERCURY_9fea,ec:88:8f:8e:b2:90,[WPA-PSK-CCMP][WPA2-PSK-CCMP][ESS],-72,2472,319823503","PHICOMM_f42664,cc:34:29:4a:af:66,[WPA-PSK-CCMP][WPA2-PSK-CCMP][WPS][ESS],-66,2412,381991570","MERCURY_853264,6c:59:40:28:d2:36,[WPA2-PSK-CCMP][ESS],-71,2472,3181429009","FAST_4265a9,d4:83:04:1b:6d:68,[WPA-PSK-CCMP][WPA2-PSK-CCMP][WPS][ESS],-50,2472,487708904","TP-LINK_f42265,38:21:87:15:ba:a5,[WPA-PSK-CCMP][WPA2-PSK-CCMP][WPS][ESS],-89,2412,237689102"]}