{"BSSID":"61:49:8b:18:40:e7","IpAddress":"10.5.53.221","P2p0Mac":"2f:46:0e:15:40:fb","SSID":"PHICOMM_21ec1f","androidId":"cd09b55d0dae6758","batteryLevel":31,"btAddress":"9e:b5:1b:fb:db:9f","btName":"2014501","buildAbi":"armeabi-v7a","buildAbi2":"armeabi","buildBoard":"p760","buildBrand":"Xiaomi","buildCodename":"REL","buildDescription":"HM2014501-user 6.0.1 MMB29T 98fde645 release-keys","buildDevice":"HM2014501","buildFingerprint":"Xiaomi/2014501/HM2014501:6.0.1/MMB29T/98fde645:user/release-keys","buildHardware":"qcom","buildHost":"linux-user","buildId":"MMB29T","buildIncremental":"98fde645","buildManufacturer":"Xiaomi","buildModel":"2014501","buildName":"Xiaomi","buildProduct":"HM2014501","buildRadioVersion":"zcrqcaomaolsgsckk","buildRelease":"6.0.1","buildSdk":"23","buildSerialno":"3f874d1d","buildTags":"release-keys","buildType":"user","buildUser":"lgmobile","buildUtc":1496847117979,"cellScan":["33041,117818143","33306,28204","33045,62665","61721,169445625","33041,117800480"],"ci":28204,"contacts":["奶奶,13005635973","姑妈,15908516319","外婆,18005594255","外公,15008481104","舅舅,18001477692","舅妈,18802902444","姨父,13701800362","姨娘,18702550506","亲爱的,18705311131","老弟,13501386527","老妹,15605966486","小明,13490257470","小李子,14704396915","滕晟友,13203010969","Beatrice Martin,15605162214","杨颖盛,13401921249","李逸,18000857408","杨香权,13507632160","Alexander Knight,13702446830","吴梦,18806402276","张情,15304271770","安璇裕,13403655920","Jeanne Rodriguez,15008224448","詹佳齐,18008611810","陈舒甲,14705797419","杨游茜,13702121043","Frederick Webb,13804656501","金同如,15205188826","杨建兴,14701423206","王魁,13500942713","Gene Mitchell,13605363161","水菁奎,13404058524","于勋伟,18903898676","于明勋,13003087554","Jennifer Pierce,13100396315","董泰涂,15803681634","吉秋演,15900515989","杨楷,15808191389","Joe West,15900161645","黄能会,13504533608","苗龙勋,15503327026","赵仁,15600971115","Eddie Sanchez,13201044779","水岁敬,18608351416","杨曜,15102572626","路享麟,13490057055","Amy Morris,18000020209","吴举郁,18005065155"],"cpuName":"MT6582","densityDpi":240,"deviceId":"861745966078469","deviceSvn":"63","displayId":"HM2014501-user 6.0.1 MMB29T 98fde645 release-keys","extraInfo":"uninet","height":0,"hidePkgs":[],"hmNotes":"","hookPkgs":[],"lac":33306,"latitude":30.7595914,"line1Number":"18918412431","longitude":103.9183063,"macAddress":"72:b3:34:a4:a5:ad","memAvailable":51275021,"memFree":153825066,"memTotal":205100087,"mnc":"03","networkClass":2,"networkCountryIso":"cn","networkOperator":"46003","networkOperatorName":"中国电信","networkType":6,"networkTypeName":"CDMA - EvDo rev. A","phoneType":2,"rgAndroid":"23","rgAreaode":"86","rgConNames":["汪贺易"],"rgConsize":"1","rgCountry":"中国","rgDevice":"xiaomiRedmi 4X","rgIp":"119.4.255.42","rgLastLogin":1516777274951,"rgLocation":"四川省成都市 联通","rgNetType":"切换飞行模式","rgOrPhone":"18918412431","rgPhoneNo":"18918412431","rgServer":"飞行模式切换","rgTime":1515221377669,"rgVcode":"尚一品(发码)","rgVersion":"1.6.0","rgWxEmail":"未绑定","rgWxError":"该微信帐号因批量或者使用非法软件注册被限制登录，如需继续使用，请轻触“确定”申请解除限制。","rgWxName":"汪贺易","rgWxNo":"未设置","rgWxPasswd":"Rmst@7890","rgWxQQ":"未绑定","rgWxStatus":"异常","rgWxWindows":"否","serialno":"3f874d1d","simCountryIso":"cn","simOperator":"46003","simOperatorName":"中国电信","simSerialNumber":"898530219275545718169","simState":5,"subscriberId":"460033602189029","type":0,"typeName":"MOBILE","width":0,"wifiScan":["Netcore_b0fcaf,e4:d3:32:cb:14:26,[WPA-PSK-CCMP][WPA2-PSK-CCMP][ESS],-69,2432,234671714","FAST_322ee2,90:b6:86:78:01:ea,[WPA2-PSK-CCMP][WPS][ESS],-95,2432,2643928165","TP-LINK_154986,78:52:62:1d:fc:be,[WPA-PSK-CCMP][WPA2-PSK-CCMP][WPS][ESS],-85,2437,431090681","MERCURY_fd20ec,14:f6:5a:f1:6c:45,[WPA-PSK-CCMP][WPA2-PSK-CCMP][WPS][ESS],-53,2462,2242631997","MERCURY_533773,a8:80:38:22:c1:38,[WPA-PSK-CCMP][WPA2-PSK-CCMP][WPS][ESS],-77,2437,2591328889"]}