{"BSSID":"81:d8:fd:eb:4c:d1","IpAddress":"192.168.75.212","P2p0Mac":"81:2f:3e:a8:6f:1b","SSID":"Netcore_87b759","androidId":"78e9fcb759459fd8","batteryLevel":87,"btAddress":"1f:e5:48:07:30:63","btName":"MX4","buildAbi":"armeabi-v7a","buildAbi2":"armeabi","buildBoard":"MSM8994","buildBrand":"Meizu","buildCodename":"REL","buildDescription":"meizu_mx4-user 7.0.0 NRD90M 5130db38 release-keys","buildDevice":"mx4","buildFingerprint":"Meizu/MX4/mx4:7.0.0/NRD90M/5130db38:user/release-keys","buildHardware":"qcom","buildHost":"mine","buildId":"NRD90M","buildIncremental":"5130db38","buildManufacturer":"Meizu","buildModel":"MX4","buildName":"Meizu","buildProduct":"meizu_mx4","buildRadioVersion":"topqmlnxjejg","buildRelease":"7.0.0","buildSdk":"24","buildSerialno":"d619ca3a","buildTags":"release-keys","buildType":"user","buildUser":"Server","buildUtc":1494331788299,"cellScan":["39938,165231155","33061,98184322","33061,98184320","61700,17236","61713,17236"],"ci":98184320,"contacts":["奶奶,13306356099","姑妈,13404356002","外婆,18907185807","外公,15506532370","舅舅,18002387098","舅妈,13703434513","姨父,13305570521","姨娘,15202222699","亲爱的,18700398728","老弟,15308148618","老妹,15304032743","小明,18903871299","小李子,13801666815","陈锦,18000261992","Anita Ray,18906297650","陈峻业,13503557322","葛荣岁,15005924848","陈恺然,18705113324","Roberta Smith,15700612098","李游然,13503407737","危蔚诗,18006766888","杨炫,18907885970","Ellen Wagner,13490840032","费硕砚,14708772123","杨轩君,18702753678","焦朋求,18803508457","Linda Kennedy,15700368552","娄宁郡,13408324148","柏国延,13108510334","陈阳,18004703219","Samantha Richardson,18900438950","李旭航,13306324349","吴愚世,13006668289","毛凇嘉,15304510436","Cindy Gordon,13303554590","栾石瑕,13490708809","鲁仙宣,15801706087","张恺雨,18606410683","Cathy Hunt,15602814743","张朔,13301977352","卫砚微,15505624273","钟菁经,18904517164","Dana Ortiz,13490644024","王净冠,13104918138","吴诗,15104168366","王坚,18803315941","Joan Reynolds,18701960515","李浩郡,15303363282"],"cpuName":"MT6595","densityDpi":240,"deviceId":"863921381279911","deviceSvn":"56","displayId":"meizu_mx4-user 7.0.0 NRD90M 5130db38 release-keys","extraInfo":"Netcore_87b759","height":0,"hidePkgs":[],"hmNotes":"","hookPkgs":[],"lac":33061,"latitude":30.7210583,"line1Number":"18917073242","longitude":104.2604106,"macAddress":"1d:cf:c2:0a:12:b7","memAvailable":5479545905,"memFree":10959091810,"memTotal":16438637715,"mnc":"03","networkClass":2,"networkCountryIso":"cn","networkOperator":"46003","networkOperatorName":"中国电信","networkType":6,"networkTypeName":"CDMA - EvDo rev. A","phoneType":2,"rgAndroid":"23","rgAreaode":"86","rgConNames":[],"rgCountry":"中国","rgDevice":"xiaomiRedmi 4X","rgIp":"119.4.254.217","rgLastLogin":1516777612359,"rgLocation":"四川省成都市 联通","rgNetType":"切换飞行模式","rgOrPhone":"18917073242","rgPhoneNo":"18917073242","rgServer":"飞行模式切换","rgTime":1515223279129,"rgVcode":"尚一品(发码)","rgVersion":"1.6.0","rgWxError":"该微信帐号因批量或者使用非法软件注册被限制登录，如需继续使用，请轻触“确定”申请解除限制。","rgWxName":"蒋昆","rgWxPasswd":"Rmst@7890","rgWxStatus":"异常","rgWxWindows":"否","serialno":"d619ca3a","simCountryIso":"cn","simOperator":"46003","simOperatorName":"中国电信","simSerialNumber":"8986039264538104633","simState":5,"subscriberId":"460033393078339","type":1,"typeName":"WIFI","width":0,"wifiScan":["PHICOMM_a032f3,44:33:4c:e7:49:30,[WPA-PSK-CCMP][WPA2-PSK-CCMP][ESS],-86,2437,1472932220","Tenda_527316,cc:34:29:5a:1f:82,[WPA-PSK-CCMP][WPA2-PSK-CCMP][ESS],-80,2437,2732427045","MERCURY_9da76a,64:3a:b1:2a:db:ea,[WPA-PSK-CCMP][WPA2-PSK-CCMP][ESS],-91,2462,1498234278","FAST_a8dc,50:bd:5f:0e:5e:b4,[WPA-PSK-CCMP][WPA2-PSK-CCMP][ESS],-87,2462,397691924","Netcore_98cb31,ec:38:8f:c1:2d:74,[WPA-PSK-CCMP][WPA2-PSK-CCMP][ESS],-71,2412,1707237593"]}