{"BSSID":"c0:73:ac:77:4e:a9","IpAddress":"10.95.77.120","P2p0Mac":"40:c5:8c:4e:71:c2","SSID":"TP-LINK_be220d","androidId":"0de580d008304ba5","batteryLevel":89,"btAddress":"72:36:81:55:d3:05","btName":"Redmi 3S","buildAbi":"armeabi-v7a","buildAbi2":"armeabi","buildBoard":"ruby","buildBrand":"Xiaomi","buildCodename":"REL","buildDescription":"land-user 5.0 LRX21M 4f762125 release-keys","buildDevice":"land","buildFingerprint":"Xiaomi/Redmi 3S/land:5.0/LRX21M/4f762125:user/release-keys","buildHardware":"qcom","buildHost":"sp-ci-01-desktop","buildId":"LRX21M","buildIncremental":"4f762125","buildManufacturer":"Xiaomi","buildModel":"Redmi 3S","buildName":"Xiaomi","buildProduct":"land","buildRadioVersion":"vvwngukqcbp","buildRelease":"5.0","buildSdk":"21","buildSerialno":"35a673c0","buildTags":"release-keys","buildType":"user","buildUser":"buildHost","buildUtc":1473169040577,"cellScan":["32847,1031","61729,34013","32909,97169537","61712,169973361","39936,163778353"],"ci":169973361,"contacts":["奶奶,15107338162","姑妈,18606115094","外婆,13006855679","外公,18800050672","舅舅,15103458628","舅妈,13000792667","姨父,13306581140","姨娘,13503565470","亲爱的,18901384313","老弟,18902750618","老妹,18008594225","小明,15200453860","小李子,15708478946","堪梁广,13308609036","Leonard Gordon,13303178015","于木,15905195937","乌权翔,18805787349","华锐祥,15708330335","Melanie Moore,15700872833","危罗宏,18707030118","王珀,13800905772","马友嗣,13705197630","Kathryn Franklin,13603017649","杨为,13408757656","宁璇俊,13002195482","陈杭义,18007523908","Edna Hunt,13301084859","上官国乐,18706885870","牧誓念,15501531626","姜效仕,15001982039","Elaine Morales,13400266433","李虹,15106938035","甘阳鹏,14704183379","余铜野,18900410915","Linda Roberts,13490886760","柳俊硕,13308424371","缪扬翔,18906792088","仲瑞愚,13701916985","Janet Hill,13708622604","巴利律,15006317508","毕荣仪,15604108850","李炫鹄,18607204485","Ramon Brown,18601141049","杨可迅,13802423447","杨逸,13608679014","毛雄雍,14707887558","Harold Harper,18702274775","娄灵伊,18706900373","穆银秀,13105233122","粱兴岭,13503003200","Rick Gordon,13904132700","乐校元,15002723441"],"cpuName":"Qualcomm Technologies, Inc MSM8937","densityDpi":240,"deviceId":"860961725338364","deviceSvn":"38","displayId":"land-user 5.0 LRX21M 4f762125 release-keys","extraInfo":"ctlte","height":0,"hidePkgs":[],"hmNotes":"","hookPkgs":[],"lac":61712,"latitude":30.6565133,"line1Number":"18930453840","longitude":103.7596343,"macAddress":"af:8c:80:72:74:5b","memAvailable":935683832,"memFree":1871367666,"memTotal":2807051498,"mnc":"03","networkClass":2,"networkCountryIso":"cn","networkOperator":"46003","networkOperatorName":"中国电信","networkType":5,"networkTypeName":"CDMA - EvDo rev. 0","phoneType":2,"rgAndroid":"23","rgAreaode":"86","rgConNames":[],"rgCountry":"中国","rgDevice":"xiaomiRedmi 4X","rgIp":"101.206.166.58","rgLastLogin":1516777804925,"rgLocation":"四川省 联通","rgNetType":"切换飞行模式","rgOrPhone":"18930453840","rgPhoneNo":"18930453840","rgServer":"飞行模式切换","rgTime":1515230859350,"rgVcode":"尚一品(发码)","rgVersion":"1.6.0","rgWxError":"该微信帐号因批量或者使用非法软件注册被限制登录，如需继续使用，请轻触“确定”申请解除限制。","rgWxName":"陈霖","rgWxPasswd":"Rmst@7890","rgWxStatus":"异常","rgWxWindows":"否","serialno":"35a673c0","simCountryIso":"cn","simOperator":"46003","simOperatorName":"中国电信","simSerialNumber":"898530256954348669341","simState":5,"subscriberId":"460038119775143","type":0,"typeName":"MOBILE","width":0,"wifiScan":["ChainaNet_ae31,6c:59:40:0e:76:e0,[WPA2-PSK-CCMP][WPS][ESS],-80,2412,219804962","Netcore_8dbb76,ec:38:8f:c8:00:94,[WPA-PSK-CCMP][WPA2-PSK-CCMP][ESS],-50,2437,228959675","Tenda_1eec00,80:89:17:37:e2:18,[WPA2-PSK-CCMP][WPS][ESS],-92,2447,608530121","PHICOMM_386331,6c:59:40:43:9b:1a,[WPA-PSK-CCMP][WPA2-PSK-CCMP][WPS][ESS],-90,2412,401968800","MERCURY_488533,a8:57:4e:55:f6:38,[WPA-PSK-CCMP][WPA2-PSK-CCMP][ESS],-50,2437,3319330309"]}