{"BSSID":"9a:76:fe:df:2e:3b","IpAddress":"192.168.44.81","P2p0Mac":"4e:c4:ec:74:0c:34","SSID":"ChainaNet_bc00","androidId":"12ea1c2adb0f8be8","batteryLevel":88,"btAddress":"80:5a:b4:b0:50:d3","btName":"Redmi Note 3","buildAbi":"armeabi-v7a","buildAbi2":"armeabi","buildBoard":"msm8996","buildBrand":"Xiaomi","buildCodename":"REL","buildDescription":"hennessy-user 7.1.2 NMF26Q a16abe2f release-keys","buildDevice":"hennessy","buildFingerprint":"Xiaomi/Redmi Note 3/hennessy:7.1.2/NMF26Q/a16abe2f:user/release-keys","buildHardware":"qcom","buildHost":"zc-miui-ota-bd39.bj","buildId":"NMF26Q","buildIncremental":"a16abe2f","buildManufacturer":"Xiaomi","buildModel":"Redmi Note 3","buildName":"Xiaomi","buildProduct":"hennessy","buildRadioVersion":"wymjdwowei","buildRelease":"7.1.2","buildSdk":"25","buildSerialno":"f2d4be77","buildTags":"release-keys","buildType":"user","buildUser":"jenkins","buildUtc":1458949938664,"cellScan":["32899,21304","32899,22076","61726,169050466","32899,1537","61715,168654081"],"ci":21304,"contacts":["奶奶,13107786034","姑妈,14704788360","外婆,13803098753","外公,13905427135","舅舅,15000806813","舅妈,13704723602","姨父,18800946110","姨娘,13305543780","亲爱的,13706244906","老弟,15007272811","老妹,13602524081","小明,13700866267","小李子,13100407814","吴仁祥,13905366481","Andrew Cooper,13600554366","霍寿璞,13308500163","成勋桐,15700508892","王阁,15808023309","Tracy Jones,13403381104","殷卫意,13205045598","羿友寿,13490024713","包阔昆,15502475235","Marjorie Burns,15607233965","唐郁净,15807698432","山仙况,18900370186","干京力,15204711671","Denise Pierce,15906752396","王焱,13106901941","李贺由,14708310182","王思悠,15306253428","Luis Cox,13490442499","陈耕,13306017692","张茂毅,18602904373","罗国茜,15708317089","Jacqueline Hayes,18702683811","杭惠俊,13705007312","华遇厚,13307583158","李红,13007264238","Lucille Sullivan,13206707998","诸协秀,15703712838","李翰,13200580751","崔举铁,13490725603","Mildred Ramos,13308830430","吴冠,13508042086","吴芹,13508545395"],"cpuName":"MT6795","densityDpi":480,"deviceId":"861341753925078","deviceSvn":"13","displayId":"hennessy-user 7.1.2 NMF26Q a16abe2f release-keys","extraInfo":"ChainaNet_bc00","height":0,"hidePkgs":[],"hmNotes":"","hookPkgs":[],"lac":32899,"latitude":30.5679764,"line1Number":"18930910843","longitude":104.148534,"macAddress":"43:85:9e:cb:a0:a2","memAvailable":935727768,"memFree":1871455538,"memTotal":2807183306,"mnc":"03","networkClass":1,"networkCountryIso":"cn","networkOperator":"46003","networkOperatorName":"中国电信","networkType":4,"networkTypeName":"CDMA","phoneType":2,"rgAndroid":"23","rgAreaode":"86","rgConNames":[],"rgCountry":"中国","rgDevice":"xiaomiRedmi 4X","rgIp":"119.4.253.24","rgLastLogin":1516777226207,"rgLocation":"四川省成都市 联通","rgNetType":"切换飞行模式","rgOrPhone":"18930910843","rgPhoneNo":"18930910843","rgServer":"飞行模式切换","rgTime":1515221148323,"rgVcode":"尚一品(发码)","rgVersion":"1.6.0","rgWxError":"该微信帐号因批量或者使用非法软件注册被限制登录，如需继续使用，请轻触“确定”申请解除限制。","rgWxName":"刁炎全","rgWxPasswd":"Rmst@7890","rgWxStatus":"异常","rgWxWindows":"否","serialno":"f2d4be77","simCountryIso":"cn","simOperator":"46003","simOperatorName":"中国电信","simSerialNumber":"8986038422497738221","simState":5,"subscriberId":"460035504392777","type":1,"typeName":"WIFI","width":0,"wifiScan":["FAST_911ec0,ec:26:ca:87:f1:50,[WPA2-PSK-CCMP][WPS][ESS],-85,2412,462852933","iTV-c8cc,08:10:78:ed:f3:80,[WPA2-PSK-CCMP][ESS],-65,2462,424833794","MERCURY_337753,14:75:90:b8:59:f2,[WPA2-PSK-CCMP][WPS][ESS],-92,2437,466658729","Netcore_226649,a4:56:02:40:0d:0f,[WPA-PSK-CCMP][WPA2-PSK-CCMP][ESS],-65,2427,2896131802","Netcore_c0f422,f4:ee:14:39:f2:a0,[WPA-PSK-CCMP][WPA2-PSK-CCMP][WPS][ESS],-64,2462,206843493"]}