{"BSSID":"ca:63:28:99:99:c8","IpAddress":"192.168.37.130","P2p0Mac":"83:74:4b:57:26:0b","SSID":"TP-LINK_632155","androidId":"017073649ccf5742","batteryLevel":31,"btAddress":"07:ad:af:7b:bd:22","btName":"OPPO A59s","buildAbi":"armeabi-v7a","buildAbi2":"armeabi","buildBoard":"clark","buildBrand":"OPPO","buildCodename":"REL","buildDescription":"A59-user 5.1.1 LMY48G 6d908bd2 release-keys","buildDevice":"A59","buildFingerprint":"OPPO/OPPO A59s/A59:5.1.1/LMY48G/6d908bd2:user/release-keys","buildHardware":"qcom","buildHost":"sp-ci-01-desktop","buildId":"LMY48G","buildIncremental":"6d908bd2","buildManufacturer":"OPPO","buildModel":"OPPO A59s","buildName":"OPPO","buildProduct":"A59","buildRadioVersion":"qoizzsyucngagjbw","buildRelease":"5.1.1","buildSdk":"22","buildSerialno":"86bd36e0","buildTags":"release-keys","buildType":"user","buildUser":"buildHost","buildUtc":1479792950597,"cellScan":["33028,3845","61722,169510601","32904,35435","32904,54275","32904,1799"],"ci":35435,"contacts":["奶奶,13808656556","姑妈,15703116799","外婆,13400482620","外公,13905801193","舅舅,15802253650","舅妈,18801436097","姨父,18704556529","姨娘,15102641028","亲爱的,14700655394","老弟,13007661402","老妹,15503791907","小明,13602266345","小李子,13201510488","贝铁夜,18608381256","Anthony Perry,13102438758","张宣,18701827736","李铁雷,15505069039","闵许杭,13307614291","Leo Stephens,15302978636","束鑫迅,13201087692","吴适靖,18002080036","厉海瑟,15206262797","Harry Watson,15907414493","章棠裕,18000411146","董珂阳,13506081962","蓝力贤,18006907984","Joanne Woods,18902855238","季雪密,13490643887","禹耕欢,15901928454","荀倩秋,13304896937","Roberta Morris,15303932496","于升,18808481820","张雅,15502883504","汤宫玉,13490188576","Katie Snyder,18901982449","于雪,18805918467","余涂,13807058775","席梦为,13604826844","Irene Watkins,13904242617","严会陵,18004478061"],"cpuName":"MT6750","densityDpi":320,"deviceId":"862520140396080","deviceSvn":"26","displayId":"A59-user 5.1.1 LMY48G 6d908bd2 release-keys","extraInfo":"TP-LINK_632155","height":0,"hidePkgs":[],"hmNotes":"","hookPkgs":[],"lac":32904,"latitude":30.6103364,"line1Number":"18939728493","longitude":103.898808,"macAddress":"82:42:90:02:55:a1","memAvailable":51213618,"memFree":153640855,"memTotal":204854473,"mnc":"03","networkClass":2,"networkCountryIso":"cn","networkOperator":"46003","networkOperatorName":"中国电信","networkType":6,"networkTypeName":"CDMA - EvDo rev. A","phoneType":2,"rgAndroid":"23","rgAreaode":"86","rgConNames":[],"rgCountry":"中国","rgDevice":"xiaomiRedmi 4X","rgIp":"101.206.167.228","rgLastLogin":1516777565037,"rgLocation":"四川省 联通","rgNetType":"切换飞行模式","rgOrPhone":"18939728493","rgPhoneNo":"18939728493","rgServer":"飞行模式切换","rgTime":1515222998782,"rgVcode":"尚一品(发码)","rgVersion":"1.6.0","rgWxError":"该微信帐号因批量或者使用非法软件注册被限制登录，如需继续使用，请轻触“确定”申请解除限制。","rgWxName":"松行情","rgWxPasswd":"Rmst@7890","rgWxStatus":"异常","rgWxWindows":"否","serialno":"86bd36e0","simCountryIso":"cn","simOperator":"46003","simOperatorName":"中国电信","simSerialNumber":"898530275378921979746","simState":5,"subscriberId":"460031761415948","type":1,"typeName":"WIFI","width":0,"wifiScan":["Tenda_444876,00:36:76:0d:dd:73,[WPA-PSK-CCMP][WPA2-PSK-CCMP][WPS][ESS],-83,2462,2170227254","MERCURY_ca76aa,60:6c:66:8d:a6:68,[WPA2-PSK-CCMP][ESS],-95,2412,3065836231","Tenda_c10dbb,f4:ee:14:2e:04:f4,[WPA-PSK-CCMP][WPA2-PSK-CCMP][WPS][ESS],-64,2437,2414932314","Netcore_6ca99d,74:e5:0b:d5:56:cf,[WPA-PSK-CCMP][WPA2-PSK-CCMP][ESS],-80,2437,2289735851","FAST_a8ecc0,8c:f2:28:fd:4b:26,[WPA2-PSK-CCMP][ESS],-74,2412,496300130"]}