{"BSSID":"75:6c:e8:43:d8:77","IpAddress":"10.18.1.24","P2p0Mac":"b0:d8:0f:fa:f7:da","SSID":"MERCURY_d436a9","androidId":"e4c20c4433dd67cb","batteryLevel":50,"btAddress":"1c:4f:9b:d8:df:c0","btName":"Redmi Note 4X","buildAbi":"armeabi-v7a","buildAbi2":"armeabi","buildBoard":"maserati","buildBrand":"Xiaomi","buildCodename":"REL","buildDescription":"Redmi Note 4X-user 7.1.2 NMF26Q e874a3c2 release-keys","buildDevice":"Redmi Note 4X","buildFingerprint":"Xiaomi/Redmi Note 4X/Redmi Note 4X:7.1.2/NMF26Q/e874a3c2:user/release-keys","buildHardware":"qcom","buildHost":"qh-miui-ota-bd51","buildId":"NMF26Q","buildIncremental":"e874a3c2","buildManufacturer":"Xiaomi","buildModel":"Redmi Note 4X","buildName":"Xiaomi","buildProduct":"Redmi Note 4X","buildRadioVersion":"errcfulmk","buildRelease":"7.1.2","buildSdk":"25","buildSerialno":"6e782ee8","buildTags":"release-keys","buildType":"user","buildUser":"Server","buildUtc":1480921179507,"cellScan":["33175,122359072","32890,31402","32890,138414851","40449,165818162","33133,34191"],"ci":138414851,"contacts":["奶奶,18905443421","姑妈,18808308440","外婆,13208017530","外公,18008422398","舅舅,15508561521","舅妈,13507431586","姨父,13002346175","姨娘,18605342560","亲爱的,13206847403","老弟,15508508960","老妹,15507613824","小明,13406543438","小李子,15500311180","陈艺锐,15602387263","Martha Mitchell,13103881380","余午鹄,15702942057","贲谷友,13603072562","胡锦守,18602584256","Roberto Adams,13200723996","于木思,13207232497","岑能为,14706830710","王许,18907193254","Denise James,18902085710","杨红译,14706120786","吴烁璇,13490869420","夏英梧,15701007055","Cindy Chavez,18702421714","许意佩,18708315635","杨畏,15002512526","吴悠,13800061149","Douglas Alexander,13708718593","岑乐涂,15107934909","公孙骥佩,18801551309","宋筱敬,14704077483","Cynthia Elliott,18804341309","郗让迅,18800442108","石腾鑫,13308403193","邹朔华,13100096567","Hector Sullivan,13108296209","张精宽,13900758681","钟楷力,18006484627","山业竞,13404815005","Kevin Brooks,15205367276","吴昆,15603517918"],"cpuName":"Qualcomm Technologies, Inc MSM8953","densityDpi":320,"deviceId":"862299058395257","deviceSvn":"61","displayId":"Redmi Note 4X-user 7.1.2 NMF26Q e874a3c2 release-keys","extraInfo":"ctlte","height":0,"hidePkgs":[],"hmNotes":"","hookPkgs":[],"lac":32890,"latitude":30.9163993,"line1Number":"18964032453","longitude":104.2329895,"macAddress":"1b:b8:14:42:af:6c","memAvailable":611131293,"memFree":1222262588,"memTotal":1833393881,"mnc":"03","networkClass":2,"networkCountryIso":"cn","networkOperator":"46003","networkOperatorName":"中国电信","networkType":5,"networkTypeName":"CDMA - EvDo rev. 0","phoneType":2,"rgAndroid":"23","rgAreaode":"86","rgConNames":[],"rgCountry":"中国","rgDevice":"xiaomiRedmi 4X","rgIp":"119.4.255.109","rgLastLogin":1516777661857,"rgLocation":"四川省成都市 联通","rgNetType":"切换飞行模式","rgOrPhone":"18964032453","rgPhoneNo":"18964032453","rgServer":"飞行模式切换","rgTime":1515223654873,"rgVcode":"尚一品(发码)","rgVersion":"1.6.0","rgWxError":"该微信帐号因批量或者使用非法软件注册被限制登录，如需继续使用，请轻触“确定”申请解除限制。","rgWxName":"杨湘荣","rgWxPasswd":"Rmst@7890","rgWxStatus":"异常","rgWxWindows":"否","serialno":"6e782ee8","simCountryIso":"cn","simOperator":"46003","simOperatorName":"中国电信","simSerialNumber":"8986032976072316446","simState":5,"subscriberId":"460039337663533","type":0,"typeName":"MOBILE","width":0,"wifiScan":["MERCURY_7ec1fb,30:fc:68:9f:6b:eb,[WPA-PSK-CCMP][WPA2-PSK-CCMP][WPS][ESS],-82,2437,3285129319","PHICOMM_97c9ed,94:39:e5:5d:2e:cd,[WPA2-PSK-CCMP][WPS][ESS],-60,2437,1576736229","Tenda_1e2042,a8:57:4e:a5:1a:20,[WPA2-PSK-CCMP][WPS][ESS],-90,2462,3585136639","FAST_658ca7,a8:15:4d:a4:9b:ee,[WPA2-PSK-CCMP][WPS][ESS],-79,2452,3532532438","Netcore_7cbed1,fc:d7:33:6d:8b:90,[WPA-PSK-CCMP][WPA2-PSK-CCMP][WPS][ESS],-81,2462,1699532623"]}