{"BSSID":"b8:b5:da:78:7b:c2","IpAddress":"10.51.44.116","P2p0Mac":"e7:c6:99:ff:fa:ae","SSID":"Tenda_7638b9","androidId":"bcb0b95c8c973d3a","batteryLevel":70,"btAddress":"e7:38:b4:2f:19:10","btName":"A33m","buildAbi":"armeabi-v7a","buildAbi2":"armeabi","buildBoard":"MSM8960","buildBrand":"OPPO","buildCodename":"REL","buildDescription":"A33m-user 5.0 LRX21M 1fd2c407 release-keys","buildDevice":"A33m","buildFingerprint":"OPPO/A33m/A33m:5.0/LRX21M/1fd2c407:user/release-keys","buildHardware":"qcom","buildHost":"SCL_XA241_102","buildId":"LRX21M","buildIncremental":"1fd2c407","buildManufacturer":"OPPO","buildModel":"A33m","buildName":"OPPO","buildProduct":"A33m","buildRadioVersion":"pbcirluexyn","buildRelease":"5.0","buildSdk":"21","buildSerialno":"c830b614","buildTags":"release-keys","buildType":"user","buildUser":"builder","buildUtc":1502496441746,"cellScan":["61723,169914497","1821,32764","33032,117665567","61698,169570883","61723,169912256"],"ci":169570883,"contacts":["奶奶,15605314076","姑妈,13003450708","外婆,13104267998","外公,13490263038","舅舅,13201451274","舅妈,15904447406","姨父,18007347445","姨娘,15005556900","亲爱的,15002250744","老弟,15106607853","老妹,13408482891","小明,13490525779","小李子,15301864802","张儒,13207791244","Lauren Robertson,15608758020","吴瑟,15204282308","王向校,18607022007","吴易秋,18805878904","Bruce Robinson,15707974418","余胜让,18705087888","李璎,15905714980","邹阳孝,13706436039","Alma Richardson,13506426494","王峻,15904523747","长孙永孝,13404655087","常廉贺,15201754362","Anna Morales,15202815371","任精异,18904894050","苏雄翔,15701156361","隗妙熙,15905223357","Leon Hart,15005295509","王设,13908315333","赵航,15705348627","李能野,15301428054","Jonathan Morgan,15302151729","张江保,15604486347","于嘉权,13300803063","杨万,18706108104","Edna Grant,15707146379","邓翼演,13806465416","李翼,15307941958","杨竞,13490248802","Bill Henry,18008024112","陈嘉骏,18906501080"],"cpuName":"Qualcomm Technologies, Inc MSM8916","densityDpi":240,"deviceId":"862648273652563","deviceSvn":"40","displayId":"A33m-user 5.0 LRX21M 1fd2c407 release-keys","extraInfo":"uninet","height":0,"hidePkgs":[],"hmNotes":"","hookPkgs":[],"lac":61698,"latitude":30.5657233,"line1Number":"18964209540","longitude":104.0758936,"macAddress":"75:2e:00:9d:02:ac","memAvailable":458289400,"memFree":1374868201,"memTotal":1833157601,"mnc":"03","networkClass":2,"networkCountryIso":"cn","networkOperator":"46003","networkOperatorName":"中国电信","networkType":12,"networkTypeName":"CDMA - EvDo rev. B","phoneType":2,"rgAndroid":"23","rgAreaode":"86","rgConNames":["封行国","上善若水"],"rgConsize":"2","rgCountry":"中国","rgDevice":"xiaomiRedmi 4X","rgIp":"119.4.254.233","rgLastLogin":1516875167641,"rgLocation":"四川省成都市 联通","rgNetType":"切换飞行模式","rgOrPhone":"18964209540","rgPhoneNo":"18964209540","rgServer":"飞行模式切换","rgTime":1515224520160,"rgVcode":"尚一品(发码)","rgVersion":"1.6.0","rgWxEmail":"未绑定","rgWxError":"","rgWxId":"wxid_1s1enc1qzk522","rgWxName":"封行国","rgWxNo":"未设置","rgWxPasswd":"Rmst@7890","rgWxQQ":"未绑定","rgWxStatus":"存活","rgWxWindows":"否","serialno":"c830b614","simCountryIso":"cn","simOperator":"46003","simOperatorName":"中国电信","simSerialNumber":"898530720667518349360","simState":5,"subscriberId":"460039929162739","type":0,"typeName":"MOBILE","width":0,"wifiScan":["PHICOMM_d33765,2c:5b:b8:fb:7d:fd,[WPA2-PSK-CCMP][ESS],-87,2412,3023030460","Netcore_3fe226,14:e6:e4:d7:2c:d2,[WPA-PSK-CCMP][WPA2-PSK-CCMP][WPS][ESS],-72,2437,3620035880","Netcore_f31155,44:97:5a:c3:cf:16,[WPA2-PSK-CCMP][WPS][ESS],-78,2437,484019625","TP-LINK_d1ff,d8:55:a3:d9:ce:d4,[WPA-PSK-CCMP][WPA2-PSK-CCMP][WPS][ESS],-94,2427,2148035598","PHICOMM_baecc0,0c:72:2c:ae:14:40,[WPA-PSK-CCMP][WPA2-PSK-CCMP][ESS],-89,2437,2845828174"]}