{"BSSID":"87:c0:ca:c0:d6:d4","IpAddress":"192.168.8.76","P2p0Mac":"de:5a:07:6c:96:51","SSID":"PHICOMM_15a703","androidId":"1c199a274dbfcfc4","batteryLevel":75,"btAddress":"01:c9:de:47:54:18","btName":"Redmi 3S","buildAbi":"armeabi-v7a","buildAbi2":"armeabi","buildBoard":"qcom","buildBrand":"Xiaomi","buildCodename":"REL","buildDescription":"land-user 7.1.2 NMF26Q a3f984e9 release-keys","buildDevice":"land","buildFingerprint":"Xiaomi/Redmi 3S/land:7.1.2/NMF26Q/a3f984e9:user/release-keys","buildHardware":"qcom","buildHost":"zc-miui-ota-bd39.bj","buildId":"NMF26Q","buildIncremental":"a3f984e9","buildManufacturer":"Xiaomi","buildModel":"Redmi 3S","buildName":"Xiaomi","buildProduct":"land","buildRadioVersion":"yzwhlegwazi","buildRelease":"7.1.2","buildSdk":"25","buildSerialno":"7ecb2137","buildTags":"release-keys","buildType":"user","buildUser":"buildHost","buildUtc":1500785404230,"cellScan":["32822,15772","32822,139686915","39938,163607603","33034,1027","32808,15772"],"ci":139686915,"contacts":["奶奶,15902772473","姑妈,13490248137","外婆,18804391537","外公,13507860308","舅舅,13901696116","舅妈,13490105538","姨父,14701906064","姨娘,15503297606","亲爱的,15804793022","老弟,13204911914","老妹,18804525404","小明,15606216606","小李子,13102124379","乐夜声,18706566842","Henry Edwards,18706650449","钭羡耀,14706467452","盛佩颂,18607207631","李设,18003893945","Beverly Barnes,13300147624","陈耀佑,13808183449","李秋,13506783633","刘河泰,13605913322","Eleanor Cook,13500203655","李群怒,18008396435","杨曜,15607168622","吴奎,13001884521","Geraldine Peterson,13007716785","童虎密,13407918819","惠鹏景,18703261401","王鹄,13704235512","Gerald Ferguson,13803101167","郗联汉,13500282529","景铜生,15508380671","杨军耕,13803193364","Marilyn Austin,13608180975","吴经扬,14700401122","余谷,18901382300","于苡顺,13205098052","Henry Fisher,15605140795","李珂朔,13490307019","毛英校,18007405841","张冠宫,13601895318","Chad Stevens,13702992172","杨稼,18607485897","汤世筱,15602017495","李殊裕,18807210221","Vanessa Franklin,15702431370","钱皓友,18603991977","杨译,15707209073","余宇香,15007755034","Keith Brooks,15008257859"],"cpuName":"Qualcomm Technologies, Inc MSM8937","densityDpi":320,"deviceId":"863080060765847","deviceSvn":"24","displayId":"land-user 7.1.2 NMF26Q a3f984e9 release-keys","extraInfo":"PHICOMM_15a703","height":0,"hidePkgs":[],"hmNotes":"","hookPkgs":[],"lac":32822,"latitude":30.8362093,"line1Number":"13408492636","longitude":104.1351338,"macAddress":"de:6e:d7:c2:df:cc","memAvailable":611199240,"memFree":1222398482,"memTotal":1833597722,"mnc":"00","networkClass":1,"networkCountryIso":"cn","networkOperator":"46000","networkOperatorName":"中国移动","networkType":2,"networkTypeName":"EDGE","phoneType":1,"rgAndroid":"23","rgAreaode":"86","rgConNames":["上善若水","杨节实"],"rgConsize":"2","rgCountry":"中国","rgDevice":"xiaomiRedmi 4X","rgIp":"119.4.255.87","rgLastLogin":1516244550786,"rgLocation":"四川省成都市 联通","rgNetType":"切换飞行模式","rgOrPhone":"13408492636","rgPhoneNo":"13408492636","rgServer":"飞行模式切换","rgTime":1515752335947,"rgVcode":"玉米(发码)","rgVersion":"1.6.2","rgWxEmail":"未绑定","rgWxError":"该微信帐号因批量或者使用非法软件注册被限制登录，如需继续使用，请轻触“确定”申请解除限制。","rgWxId":"wxid_7y4zgx8b7kib22","rgWxName":"杨节实","rgWxNo":"未设置","rgWxPasswd":"Rmst@7890","rgWxQQ":"未绑定","rgWxStatus":"异常","rgWxWindows":"否","serialno":"7ecb2137","simCountryIso":"cn","simOperator":"46000","simOperatorName":"中国移动","simSerialNumber":"8986003858387143240","simState":5,"subscriberId":"460002191751139","type":1,"typeName":"WIFI","width":0,"wifiScan":["Netcore_cf2143,ec:26:ca:f4:33:9c,[WPA2-PSK-CCMP][WPS][ESS],-71,2437,210561976","TP-LINK_adc0f2,64:3a:b1:13:e5:d2,[WPA-PSK-CCMP][WPA2-PSK-CCMP][ESS],-85,2462,1437629036","PHICOMM_ed2148,c0:61:18:d8:71:f8,[WPA-PSK-CCMP][WPA2-PSK-CCMP][ESS],-86,2462,2847437386","MERCURY_a95496,a4:7e:39:2a:a7:ea,[WPA-PSK-CCMP][WPA2-PSK-CCMP][ESS],-86,2452,1682832188","MERCURY_7587cb,8c:21:0a:bc:3c:fe,[WPA-PSK-CCMP][WPA2-PSK-CCMP][WPS][ESS],-78,2412,2305528216"]}