{"BSSID":"61:ce:69:c3:e6:8a","IpAddress":"10.66.96.232","P2p0Mac":"57:3d:6c:b0:b0:4c","SSID":"FAST_be20e1","androidId":"947263c29e236c11","batteryLevel":62,"btAddress":"d8:01:1d:51:7f:18","btName":"HUAWEI HN3-T01","buildAbi":"armeabi-v7a","buildAbi2":"armeabi","buildBoard":"p990","buildBrand":"HUAWEI","buildCodename":"REL","buildDescription":"HUAWEI HN3-T01-user 5.1.1 LMY48G 7dd4c524 release-keys","buildDevice":"HUAWEI HN3-T01","buildFingerprint":"HUAWEI/HUAWEI HN3-T01/HUAWEI HN3-T01:5.1.1/LMY48G/7dd4c524:user/release-keys","buildHardware":"qcom","buildHost":"glsrv4","buildId":"LMY48G","buildIncremental":"7dd4c524","buildManufacturer":"HUAWEI","buildModel":"HUAWEI HN3-T01","buildName":"HUAWEI","buildProduct":"HUAWEI HN3-T01","buildRadioVersion":"tlvdrilw","buildRelease":"5.1.1","buildSdk":"22","buildSerialno":"de1a41b8","buildTags":"release-keys","buildType":"user","buildUser":"android","buildUtc":1513639872709,"cellScan":["33031,117515297","61698,168666999","33031,118094881","33031,117637407","32788,36676"],"ci":118094881,"contacts":["奶奶,13904595779","姑妈,18904092817","外婆,18805347371","外公,15907990581","舅舅,15506785064","舅妈,13207661758","姨父,13108486375","姨娘,18804896031","亲爱的,18700190578","老弟,18704101363","老妹,15300293204","小明,15907455051","小李子,13900178282","李文惠,13490357351","Helen Franklin,13490308571","杨静,15307218441","宣瑟魁,13708716136","杨蔚,15001978405","Martha Myers,15905203140","杨汉,15706414599","姚联联,13202510757","杭守水,13103717046","Rhonda Berry,13003732192","符宏筱,13503240340","余苡,13504556506","谷善杏,15702985853","Gerald Bradley,15703360384","惠坚炯,13500982602","伏实室,18003089036","赵梁贵,13490228402","Michelle Hayes,13303384419","龙嘉敬,13303254729","陈茜广,15206410770","韦净野,13490490515","Rodney Fox,18900183475","于永宽,13607017614","于峻,15302236760","于杏虎,14700746922","Lillian Lee,14703533940","路河全,13490553864","弓玉桂,15300758282","龙禄明,18702661853","Nicole Harris,18804818556","曹绍霖,13205900290","和朋情,15700521563","陶砚悠,18707286828","Theresa Baker,14702144091","张焱,13490426763","卫秀,18006266266"],"cpuName":"MT6582","densityDpi":560,"deviceId":"860942736498181","deviceSvn":"28","displayId":"HUAWEI HN3-T01-user 5.1.1 LMY48G 7dd4c524 release-keys","extraInfo":"cmwap","height":0,"hidePkgs":[],"hmNotes":"","hookPkgs":[],"lac":33031,"latitude":30.6138317,"line1Number":"15208364347","longitude":104.1413262,"macAddress":"93:e2:e9:6a:58:06","memAvailable":129065219,"memFree":387195660,"memTotal":516260879,"mnc":"00","networkClass":2,"networkCountryIso":"cn","networkOperator":"46000","networkOperatorName":"中国移动","networkType":8,"networkTypeName":"HSDPA","phoneType":1,"rgAndroid":"23","rgAreaode":"86","rgConNames":[],"rgCountry":"中国","rgDevice":"xiaomiRedmi 4X","rgIp":"119.4.254.126","rgLastLogin":1515756320350,"rgLocation":"四川省成都市 联通","rgNetType":"切换飞行模式","rgOrPhone":"15208364347","rgPhoneNo":"15208364347","rgServer":"飞行模式切换","rgTime":1515741801524,"rgVcode":"爱乐赞(接码/发码)","rgVersion":"1.6.2","rgWxError":"帐号状态异常，本次登录已失效。请尝试重新登录，并根据弹窗提示操作。","rgWxName":"杨奇任","rgWxPasswd":"Rmst@7890","rgWxStatus":"异常","rgWxWindows":"否","serialno":"de1a41b8","simCountryIso":"cn","simOperator":"46000","simOperatorName":"中国移动","simSerialNumber":"8986023547252881214","simState":5,"subscriberId":"460006244610003","type":0,"typeName":"MOBILE","width":0,"wifiScan":["FAST_931d2f,00:3a:98:63:4d:c0,[WPA-PSK-CCMP][WPA2-PSK-CCMP][ESS],-90,2462,505236728","PHICOMM_053842,5c:4c:a9:06:52:b0,[WPA2-PSK-CCMP][WPS][ESS],-77,2412,2529728352","PHICOMM_ed2dc0,00:3a:98:7b:c6:c1,[WPA2-PSK-CCMP][ESS],-85,2437,2677538435","MERCURY_752154,00:3a:98:7b:b8:01,[WPA2-PSK-CCMP][WPS][ESS],-83,2462,300050474","Netcore_416598,00:3a:98:63:45:11,[WPA-PSK-CCMP][WPA2-PSK-CCMP][WPS][ESS],-92,2412,526128362"]}