{"BSSID":"2c:42:62:09:7f:f1","IpAddress":"10.24.92.224","P2p0Mac":"1e:fb:04:08:3f:d3","SSID":"TP-LINK_0cbf30","androidId":"7c8eaa4eacbd9a14","batteryLevel":57,"btAddress":"39:56:3e:d8:f7:90","btName":"OPPO R7sm","buildAbi":"armeabi-v7a","buildAbi2":"armeabi","buildBoard":"t6wl","buildBrand":"OPPO","buildCodename":"REL","buildDescription":"R7sm-user 7.0.0 NRD90M 8beedbb2 release-keys","buildDevice":"R7sm","buildFingerprint":"OPPO/OPPO R7sm/R7sm:7.0.0/NRD90M/8beedbb2:user/release-keys","buildHardware":"qcom","buildHost":"shws40","buildId":"NRD90M","buildIncremental":"8beedbb2","buildManufacturer":"OPPO","buildModel":"OPPO R7sm","buildName":"OPPO","buildProduct":"R7sm","buildRadioVersion":"srgwrprbp","buildRelease":"7.0.0","buildSdk":"24","buildSerialno":"dbd258ea","buildTags":"release-keys","buildType":"user","buildUser":"lgmobile","buildUtc":1458125418067,"cellScan":["1821,5084","32819,39983","32819,59121","61726,5084","39937,163980594"],"ci":163980594,"contacts":["奶奶,13108411106","姑妈,18904281774","外婆,13200234971","外公,18905774933","舅舅,15807061800","舅妈,13305426678","姨父,13802980605","姨娘,18004838830","亲爱的,18906040862","老弟,15206052931","老妹,13603253600","小明,18002232173","小李子,18805847881","羊梁奎,15903442782","Sean Tucker,15804398790","杨瑛友,14706914176","李求贺,18007408462","杨菁卿,18800586180","Geraldine Washington,18803287132","余渠,18605598342","杨耀,13806617768","张鹄,18707445810","Mark Griffin,14708502797","邓硕森,15301648618","方渠宏,18901291415","吴培裕,13601867949","Edna Hicks,13807290106","王可恒,15008360307","颜朋怒,15006405608","单魄信,15004273849","Walter Barnes,15002133228","咎逸炯,15200504438","酆兴京,15906115224","裘怒能,15907118669","Billy Stevens,15904964456","王厚,18706625020","李泰权,13804380672","程联旭,13601682663","Jerry Sims,13506436906","余声恒,15806005233","彭齐联,15101124791","杨伟梦,15203722627","Rhonda Gibson,15907462872","张璇秀,18704860802","毛然麟,18707910496","金胜苡,15701063321","Justin Dunn,14708801532","李然,13207648621","王晟野,13306476460"],"cpuName":"Qualcomm Technologies, Inc MSM8939","densityDpi":320,"deviceId":"862423642334586","deviceSvn":"28","displayId":"R7sm-user 7.0.0 NRD90M 8beedbb2 release-keys","extraInfo":"cmwap","height":0,"hidePkgs":[],"hmNotes":"","hookPkgs":[],"lac":39937,"latitude":30.4970068,"line1Number":"15756544107","longitude":104.2262681,"macAddress":"8c:69:d8:62:72:c8","memAvailable":611285707,"memFree":1222571415,"memTotal":1833857122,"mnc":"00","networkClass":3,"networkCountryIso":"cn","networkOperator":"46000","networkOperatorName":"中国移动","networkType":13,"networkTypeName":"LTE","phoneType":1,"rgAndroid":"23","rgAreaode":"86","rgConNames":["凌土露","上善若水"],"rgConsize":"2","rgCountry":"中国","rgDevice":"xiaomiRedmi 4X","rgIp":"101.206.167.224","rgLastLogin":1515984920482,"rgLocation":"四川省 联通","rgNetType":"切换飞行模式","rgOrPhone":"15756544107","rgPhoneNo":"15756544107","rgServer":"飞行模式切换","rgTime":1515749246268,"rgVcode":"玉米(发码)","rgVersion":"1.6.2","rgWxEmail":"未绑定","rgWxError":"帐号状态异常，本次登录已失效。请尝试重新登录，并根据弹窗提示操作。","rgWxId":"wxid_003kpil7kqo22","rgWxName":"凌土露","rgWxNo":"未设置","rgWxPasswd":"Rmst@7890","rgWxQQ":"未绑定","rgWxStatus":"异常","rgWxWindows":"否","serialno":"dbd258ea","simCountryIso":"cn","simOperator":"46000","simOperatorName":"中国移动","simSerialNumber":"8986023083268218711","simState":5,"subscriberId":"460001325337955","type":0,"typeName":"MOBILE","width":0,"wifiScan":["TP-LINK_6388bf,78:a1:06:6d:46:80,[WPA2-PSK-CCMP][ESS],-86,2437,484483172","Netcore_153874,6c:59:40:3d:36:26,[WPA-PSK-CCMP][WPA2-PSK-CCMP][WPS][ESS],-92,2437,1639632337","MERCURY_9cbfe2,0c:72:2c:f9:00:d2,[WPA-PSK-CCMP][WPA2-PSK-CCMP][ESS],-82,2462,1217936044","TP-LINK_2ed214,9c:44:3d:21:a4:9c,[WPA2-PSK-CCMP][ESS],-85,2437,1683733256","MERCURY_2530,6c:59:40:56:65:44,[WPA-PSK-CCMP][WPA2-PSK-CCMP][WPS][ESS],-93,2437,418460956"]}