{"BSSID":"05:04:ca:59:47:8e","IpAddress":"192.168.91.130","P2p0Mac":"a5:6e:66:e0:c5:76","SSID":"MERCURY_0dafe1","androidId":"b0af9f67d60dd178","batteryLevel":50,"btAddress":"4a:21:eb:96:40:65","btName":"N5117","buildAbi":"armeabi-v7a","buildAbi2":"armeabi","buildBoard":"targa","buildBrand":"OPPO","buildCodename":"REL","buildDescription":"N5117-user 5.0 LRX21M 66f66d8d release-keys","buildDevice":"N5117","buildFingerprint":"OPPO/N5117/N5117:5.0/LRX21M/66f66d8d:user/release-keys","buildHardware":"qcom","buildHost":"zc-miui-ota-bd39.bj","buildId":"LRX21M","buildIncremental":"66f66d8d","buildManufacturer":"OPPO","buildModel":"N5117","buildName":"OPPO","buildProduct":"N5117","buildRadioVersion":"adgjkimites","buildRelease":"5.0","buildSdk":"21","buildSerialno":"77b0ca42","buildTags":"release-keys","buildType":"user","buildUser":"jenkins","buildUtc":1461545828285,"cellScan":["33312,97040002","61715,9002","32773,56441","33312,50012","33312,21691"],"ci":56441,"contacts":["奶奶,15902220400","姑妈,13707656948","外婆,18807213361","外公,15301942333","舅舅,15900351112","舅妈,13107698210","姨父,18903411269","姨娘,13002884544","亲爱的,18702275892","老弟,13302637852","老妹,15207255483","小明,13807431039","小李子,13406720703","虞夜怒,18704126988","Walter Lawrence,18703887763","杨银,15301558586","王奇伊,18806504793","李全璎,15806633089","Edith Rice,15007648927","骆力王,13507673790","吴朔,15100631914","胡绵津,13807345379","Jeffrey Butler,13902227343","吴旭权,15307736007","张况,13001106643","伊魁佩,13804844341","Carl Snyder,13700891110","张礼,13201176514","邓儒宫,18007738139","李盛贺,13208165724","Regina Willis,13104991043","应由进,13605286733","尉迟宣顺,13601282560","王翔锐,13490042401","Louise Harper,18008113971","郗逵朔,13602416730","杨图,13904912365","余玺惠,15003274923","Patricia Fisher,15802263319","沈岳权,13808418480","房能宫,18801223452","皮乐甲,15504006231","Doris Simmons,18608376305","张轩,18603208642","卢璎介,18607981415"],"cpuName":"Qualcomm MSM 8226 (Flattened Device Tree)","densityDpi":320,"deviceId":"868779497173468","deviceSvn":"64","displayId":"N5117-user 5.0 LRX21M 66f66d8d release-keys","extraInfo":"MERCURY_0dafe1","height":0,"hidePkgs":[],"hmNotes":"","hookPkgs":[],"lac":32773,"latitude":30.5037668,"line1Number":"18224449822","longitude":104.1816665,"macAddress":"a9:c5:0e:9e:81:ec","memAvailable":937609050,"memFree":2812827150,"memTotal":3750436200,"mnc":"00","networkClass":2,"networkCountryIso":"cn","networkOperator":"46000","networkOperatorName":"中国移动","networkType":17,"networkTypeName":"TD_SCDMA","phoneType":1,"rgAndroid":"23","rgAreaode":"86","rgBackupPath":"/storage/emulated/0/.money/backup/20180112/18224449822_20180112.db","rgConNames":[],"rgCountry":"中国","rgDevice":"xiaomiRedmi 4X","rgIp":"119.4.254.122","rgLastLogin":1515759425784,"rgLocation":"四川省成都市 联通","rgNetType":"切换飞行模式","rgOrPhone":"18224449822","rgPhoneNo":"18224449822","rgServer":"飞行模式切换","rgTime":1515753412398,"rgVcode":"玉米(发码)","rgVersion":"1.6.2","rgWxError":"帐号状态异常，本次登录已失效。请尝试重新登录，并根据弹窗提示操作。","rgWxName":"王岭鹏","rgWxPasswd":"Rmst@7890","rgWxStatus":"异常","rgWxWindows":"否","serialno":"77b0ca42","simCountryIso":"cn","simOperator":"46000","simOperatorName":"中国移动","simSerialNumber":"8986008671356330131","simState":5,"subscriberId":"460004307959957","type":1,"typeName":"WIFI","width":0,"wifiScan":["TP-LINK_bfc103,64:3a:b1:41:9e:3a,[WPA2-PSK-CCMP][WPS][ESS],-76,2427,491465647","FAST_487c9d,30:fc:68:75:0d:f2,[WPA-PSK-CCMP][WPA2-PSK-CCMP][WPS][ESS],-90,2462,3607331178","MERCURY_2143,78:eb:14:26:59:a2,[WPA-PSK-CCMP][WPA2-PSK-CCMP][ESS],-56,2412,1157132717","MERCURY_2fcbe3,e4:d3:32:8e:88:52,[WPA-PSK-CCMP][WPA2-PSK-CCMP][WPS][ESS],-84,2412,3670334448","MERCURY_fc10,d0:c7:c0:68:2d:be,[WPA2-PSK-CCMP][WPS][ESS],-74,2422,1421334253"]}