{"BSSID":"1b:17:67:a4:3a:43","IpAddress":"10.37.83.3","P2p0Mac":"27:71:2e:63:3e:aa","SSID":"FAST_f3054f","androidId":"fd0bfaa272f1d9ea","batteryLevel":41,"btAddress":"ef:e8:0c:1e:90:a2","btName":"m1 note","buildAbi":"armeabi-v7a","buildAbi2":"armeabi","buildBoard":"n1","buildBrand":"Meizu","buildCodename":"REL","buildDescription":"m1 note-user 5.1.1 LMY48G c451f1b2 release-keys","buildDevice":"m1 note","buildFingerprint":"Meizu/m1 note/m1 note:5.1.1/LMY48G/c451f1b2:user/release-keys","buildHardware":"qcom","buildHost":"mine","buildId":"LMY48G","buildIncremental":"c451f1b2","buildManufacturer":"Meizu","buildModel":"m1 note","buildName":"Meizu","buildProduct":"m1 note","buildRadioVersion":"ccicgwtsbwsvemhmr","buildRelease":"5.1.1","buildSdk":"22","buildSerialno":"5c541d5b","buildTags":"release-keys","buildType":"user","buildUser":"buildHost","buildUtc":1471237594316,"cellScan":["33243,44482","33321,19001","33243,44493","33256,6351","33256,33136129"],"ci":44482,"contacts":["奶奶,15905675178","姑妈,13705543665","外婆,13904014427","外公,13801152480","舅舅,13406653134","舅妈,13703928153","姨父,18800306528","姨娘,15802785560","亲爱的,13902718279","老弟,15006415429","老妹,18705538834","小明,15208070053","小李子,15705054098","凌妙力,15706248872","Anna Thompson,15707318547","葛露念,15605855734","于青魁,18602291811","张欣,15104271960","Eleanor Cooper,15903004264","严善洋,13408122982","杨廉,14707463645","张津,15702482558","Lois Cooper,14706434129","陈恺启,18007075489","王璐,18703272430","张双,13401502247","Dana Murray,15008082384","张殊,15802307542","孙设,13807351209","余桐,13105817671","William Simpson,13002654450","厉骏保,15107802095","张阔雄,15504480042","杨室,13600605739","William Arnold,13804372261","危印龙,18805043859","张恒超,13505728442","余诗岭,15201934697","Ray Riley,15008486744","陈庞,18801092385","谈伟陵,18807044857","于彦,13490731146","Walter Holmes,18908681405","厉逸文,18808255439"],"cpuName":"MT6752","densityDpi":240,"deviceId":"860368247989635","deviceSvn":"32","displayId":"m1 note-user 5.1.1 LMY48G c451f1b2 release-keys","extraInfo":"ctnet","height":0,"hidePkgs":[],"hmNotes":"","hookPkgs":[],"lac":33243,"latitude":30.4400846,"line1Number":"18280414542","longitude":104.3422015,"macAddress":"2e:d4:38:7e:33:37","memAvailable":32223237,"memFree":64446475,"memTotal":96669712,"mnc":"00","networkClass":2,"networkCountryIso":"cn","networkOperator":"46002","networkOperatorName":"中国移动","networkType":17,"networkTypeName":"TD_SCDMA","phoneType":1,"rgAndroid":"23","rgAreaode":"86","rgConNames":[],"rgCountry":"中国","rgDevice":"xiaomiRedmi 4X","rgIp":"119.4.255.49","rgLastLogin":1515756835519,"rgLocation":"四川省成都市 联通","rgNetType":"切换飞行模式","rgOrPhone":"18280414542","rgPhoneNo":"18280414542","rgServer":"飞行模式切换","rgTime":1515750865277,"rgVcode":"玉米(发码)","rgVersion":"1.6.2","rgWxError":"帐号状态异常，本次登录已失效。请尝试重新登录，并根据弹窗提示操作。","rgWxName":"杨广惠","rgWxPasswd":"Rmst@7890","rgWxStatus":"异常","rgWxWindows":"否","serialno":"5c541d5b","simCountryIso":"cn","simOperator":"46002","simOperatorName":"中国移动","simSerialNumber":"8986005797448335922","simState":5,"subscriberId":"460026079710186","type":0,"typeName":"MOBILE","width":0,"wifiScan":["PHICOMM_5769ec,8c:f2:28:97:ab:d4,[WPA2-PSK-CCMP][ESS],-81,2462,3626837843","FAST_ec1eba,bc:46:99:39:50:c4,[WPA-PSK-CCMP][WPA2-PSK-CCMP][WPS][ESS],-88,2427,278865332","PHICOMM_981037,8c:f2:28:72:ad:bc,[WPA-PSK-CCMP][WPA2-PSK-CCMP][WPS][ESS],-94,2472,3576033078","Netcore_8dc0da,f4:ee:14:46:fa:f0,[WPA2-PSK-CCMP][ESS],-93,2462,2789733242","TP-LINK_6a9d1f,d0:3e:5c:9c:2e:24,[WPA2-PSK-CCMP][ESS],-80,2462,702427465"]}