{"BSSID":"4b:e2:7c:52:f8:2b","IpAddress":"192.168.2.207","P2p0Mac":"65:2b:67:0c:59:fa","SSID":"MERCURY_ec031d","androidId":"cefa996a213a0e28","batteryLevel":56,"btAddress":"e5:1c:22:6e:07:d0","btName":"M5 Note","buildAbi":"armeabi-v7a","buildAbi2":"armeabi","buildBoard":"p990","buildBrand":"Meizu","buildCodename":"REL","buildDescription":"meizu_M5 Note-user 6.0.1 MMB29T 4e775401 release-keys","buildDevice":"M5Note","buildFingerprint":"Meizu/M5 Note/M5Note:6.0.1/MMB29T/4e775401:user/release-keys","buildHardware":"qcom","buildHost":"wcc-miui-ota-bd07.bj","buildId":"MMB29T","buildIncremental":"4e775401","buildManufacturer":"Meizu","buildModel":"M5 Note","buildName":"Meizu","buildProduct":"meizu_M5 Note","buildRadioVersion":"gbgininxjncfkoa","buildRelease":"6.0.1","buildSdk":"23","buildSerialno":"6e9d80d9","buildTags":"release-keys","buildType":"user","buildUser":"jenkins","buildUtc":1510359684094,"cellScan":["32819,29244","33045,117978143","32899,23875","32899,98432386","61717,169766412"],"ci":29244,"contacts":["奶奶,15908662208","姑妈,18601695232","外婆,13400954020","外公,13602314211","舅舅,13905072414","舅妈,15205435471","姨父,13006387655","姨娘,15002282356","亲爱的,13701192483","老弟,18703484288","老妹,13905405504","小明,15004901544","小李子,13490405843","应思经,13206862106","Lauren Campbell,18603015282","杨荣如,15308065374","王行雅,14706354799","杨权康,13301052961","Charles Ramos,18005400743","强韶韶,18002128977","粱灵旺,18605927700","王求,15800145520","Anita Willis,15203766802","闵念欣,14707143072","王炬,18908287276","廉密勇,18004743420","Jose Allen,15300710040","家昆祥,18900667678","蓬炎心,15500140699","詹君添,15800462073","Daniel Kelly,15101174048","吴相贵,15806782666","巴秀鹄,18606745560","蓬享雨,13507554937","Shannon Cooper,13706826736","雷影勇,15006866931","李儒岩,18801958677","经欢鹄,15701228436","Jose Kelley,18808442085","余旺瑜,13102536874","雷砚旭,13300115839","裘嗣胜,13900484482","Glenn Morris,13702492688","咎郡余,18704006037"],"cpuName":"MT6755M","densityDpi":480,"deviceId":"866224175911261","deviceSvn":"60","displayId":"meizu_M5 Note-user 6.0.1 MMB29T 4e775401 release-keys","extraInfo":"MERCURY_ec031d","height":0,"hidePkgs":[],"hmNotes":"","hookPkgs":[],"lac":32819,"latitude":30.5565159,"line1Number":"18328346687","longitude":104.1694985,"macAddress":"a2:d2:1a:d8:bb:c7","memAvailable":68410192,"memFree":136820386,"memTotal":205230578,"mnc":"00","networkClass":3,"networkCountryIso":"cn","networkOperator":"46000","networkOperatorName":"中国移动","networkType":13,"networkTypeName":"LTE","phoneType":1,"rgAndroid":"23","rgAreaode":"86","rgConNames":[],"rgCountry":"中国","rgDevice":"xiaomiRedmi 4X","rgIp":"119.4.252.206","rgLastLogin":1516244503953,"rgLocation":"四川省成都市 联通","rgNetType":"切换飞行模式","rgOrPhone":"18328346687","rgPhoneNo":"18328346687","rgServer":"飞行模式切换","rgTime":1515740383755,"rgVcode":"爱乐赞(接码/发码)","rgVersion":"1.6.2","rgWxError":"该微信帐号因批量或者使用非法软件注册被限制登录，如需继续使用，请轻触“确定”申请解除限制。","rgWxName":"余星","rgWxPasswd":"Rmst@7890","rgWxStatus":"异常","rgWxWindows":"否","serialno":"6e9d80d9","simCountryIso":"cn","simOperator":"46000","simOperatorName":"中国移动","simSerialNumber":"8986021950886880718","simState":5,"subscriberId":"460002296676811","type":1,"typeName":"WIFI","width":0,"wifiScan":["TP-LINK_c042f3,9c:28:ef:cd:94:2c,[WPA-PSK-CCMP][WPA2-PSK-CCMP][ESS],-81,2437,457829859","Tenda_7598bf,bc:d1:77:62:7e:f2,[WPA-PSK-CCMP][WPA2-PSK-CCMP][ESS],-83,2412,296149718","MERCURY_051f42,0c:72:2c:86:db:72,[WPA2-PSK-CCMP][WPS][ESS],-66,2437,356230182","Netcore_b85487,08:10:78:53:bd:d7,[WPA-PSK-CCMP][WPA2-PSK-CCMP][WPS][ESS],-62,2462,409436491","MERCURY_a76b8c,44:33:4c:5e:13:96,[WPA-PSK-CCMP][WPA2-PSK-CCMP][WPS][ESS],-51,2462,1831229255"]}