{"BSSID":"09:7e:8f:e8:c7:b7","IpAddress":"10.38.32.137","P2p0Mac":"82:f7:d7:66:0b:86","SSID":"MERCURY_46b75a","androidId":"4e358ded4907389e","batteryLevel":43,"btAddress":"1b:67:f4:14:59:68","btName":"LEX720","buildAbi":"armeabi-v7a","buildAbi2":"armeabi","buildBoard":"galbi","buildBrand":"LeEco","buildCodename":"REL","buildDescription":"ZL1_CN-user 5.1.1 LMY48G 14e2d115 release-keys","buildDevice":"le_zl1","buildFingerprint":"LeEco/LEX720/le_zl1:5.1.1/LMY48G/14e2d115:user/release-keys","buildHardware":"qcom","buildHost":"glsrv4","buildId":"LMY48G","buildIncremental":"14e2d115","buildManufacturer":"LeMobile","buildModel":"LEX720","buildName":"LeEco","buildProduct":"ZL1_CN","buildRadioVersion":"illpxlmi","buildRelease":"5.1.1","buildSdk":"22","buildSerialno":"f5bf58dd","buildTags":"release-keys","buildType":"user","buildUser":"lgmobile","buildUtc":1466567359380,"cellScan":["33034,30035","32897,38245","61713,168100713","32897,38242","61713,10905"],"ci":38242,"contacts":["奶奶,15108040948","姑妈,15802714673","外婆,18005820736","外公,14707126403","舅舅,13406390105","舅妈,13207244204","姨父,15205258981","姨娘,13108047204","亲爱的,13501373239","老弟,13201042940","老妹,15001323445","小明,15000963106","小李子,13007840288","靳璐坚,15608202976","Barry Harper,13008288865","石思贤,13106538614","杨惠,15708404585","刘昱保,13600781073","Jessica Austin,13902355140","陈靖,18608007354","余坚,13900960610","杨康,15003334521","Leroy King,13404908263","滕义嵬,13907773272","王升,15004751491","郑立,13007288754","Frances Cooper,13208818063","顾驹畏,15705832385","江胜瑟,15207291317","车同乐,15602761789","Patricia Wood,13203456035","张由书,15605617448","祖欣梧,18802558743","张奎,13407451357","Pauline Porter,13406495764","惠郡孝,15908307099","李虎寅,13101980615","经宇怡,18902782258","Monica King,18002102394","臧雨西,18001106989"],"cpuName":"Qualcomm Technologies, Inc MSM8996pro","densityDpi":240,"deviceId":"860524111599864","deviceSvn":"22","displayId":"ZL1_CN-user 5.1.1 LMY48G 14e2d115 release-keys","extraInfo":"uninet","height":0,"hidePkgs":[],"hmNotes":"","hookPkgs":[],"lac":32897,"latitude":30.7979104,"line1Number":"18380485993","longitude":104.1481962,"macAddress":"70:0b:3f:35:db:1a","memAvailable":23453274,"memFree":70359824,"memTotal":93813098,"mnc":"00","networkClass":3,"networkCountryIso":"cn","networkOperator":"46000","networkOperatorName":"中国移动","networkType":13,"networkTypeName":"LTE","phoneType":1,"rgAndroid":"23","rgAreaode":"86","rgConNames":[],"rgCountry":"中国","rgDevice":"xiaomiRedmi 4X","rgIp":"101.206.167.116","rgLastLogin":1515756396008,"rgLocation":"四川省 联通","rgNetType":"切换飞行模式","rgOrPhone":"18380485993","rgPhoneNo":"18380485993","rgServer":"飞行模式切换","rgTime":1515742457463,"rgVcode":"爱乐赞(接码/发码)","rgVersion":"1.6.2","rgWxError":"帐号状态异常，本次登录已失效。请尝试重新登录，并根据弹窗提示操作。","rgWxName":"项凇奇","rgWxPasswd":"Rmst@7890","rgWxStatus":"异常","rgWxWindows":"否","serialno":"f5bf58dd","simCountryIso":"cn","simOperator":"46000","simOperatorName":"中国移动","simSerialNumber":"8986001523946836712","simState":5,"subscriberId":"460001493136785","type":0,"typeName":"MOBILE","width":0,"wifiScan":["PHICOMM_b04103,c4:47:3f:79:52:0c,[WPA2-PSK-CCMP][WPS][ESS],-67,2412,239258762","PHICOMM_a9c1fb,ec:88:8f:6b:16:0a,[WPA-PSK-TKIP+CCMP][WPA2-PSK-TKIP+CCMP][WPS][ESS],-73,2412,226931135","MERCURY_98c0e3,bc:d1:77:62:65:d4,[WPA2-PSK-CCMP][WPS][ESS],-86,2437,2281026931","MERCURY_32f215,50:68:0a:8c:b3:15,[WPA-PSK-CCMP][WPA2-PSK-CCMP][ESS],-77,2437,1113428308","MERCURY_9774,c8:e7:d8:11:5e:c0,[WPA-PSK-CCMP][WPA2-PSK-CCMP][WPS][ESS],-69,2437,246848149"]}