{"BSSID":"9e:e7:a7:82:b3:a6","IpAddress":"10.70.53.238","P2p0Mac":"94:59:e3:a1:d4:4b","SSID":"FAST_75a5","androidId":"136951e44e012e29","batteryLevel":69,"btAddress":"2a:a7:ce:4b:e3:0b","btName":"MI 3W","buildAbi":"armeabi-v7a","buildAbi2":"armeabi","buildBoard":"otter2","buildBrand":"Xiaomi","buildCodename":"REL","buildDescription":"Kenzo-user 7.0.0 NRD90M 99d04773 release-keys","buildDevice":"Kenzo","buildFingerprint":"Xiaomi/MI 3W/Kenzo:7.0.0/NRD90M/99d04773:user/release-keys","buildHardware":"qcom","buildHost":"huangshan","buildId":"NRD90M","buildIncremental":"99d04773","buildManufacturer":"Xiaomi","buildModel":"MI 3W","buildName":"Xiaomi","buildProduct":"Kenzo","buildRadioVersion":"zgppsokzqdya","buildRelease":"7.0.0","buildSdk":"24","buildSerialno":"7b595e9a","buildTags":"release-keys","buildType":"user","buildUser":"MarkBuild","buildUtc":1470472691587,"cellScan":[],"ci":0,"contacts":["奶奶,13202301797","姑妈,13402837444","外婆,13105703785","外公,15207867545","舅舅,18005363165","舅妈,15305033818","姨父,15004672240","姨娘,14702482867","亲爱的,13007458388","老弟,15604103575","老妹,13901581409","小明,13108152210","小李子,15004357688","芮骥孝,15102744702","Norman Boyd,15005753443","路伟宽,15205498392","王行,13502290021","张硕诗,13706982248","Wayne Scott,13907583230","李琴锦,13704474777","杨吉效,13905922976","长孙欣颂,13403815350","Randall Berry,15203301351","杨彦,13608684750","孟野康,15605082820","娄文恒,13200288967","Bill Gordon,15607954750","甘培谦,15305538836","陈怀,15604643709","李稼蔚,13900705278","Katie Johnson,13501046785","张荃雅,13508826796","宫硕晟,15707794753","余颖齐,13007392972","Audrey Henderson,15501221546","杨孝,18701965168","吴艺,13203367799","娄泉彤,18600648140","Michele Brown,13107893022","蔡良兴,18707566123"],"cpuName":"Qualcomm MSM8974PRO-AB","densityDpi":560,"deviceId":"862436059059611","deviceSvn":"39","displayId":"Kenzo-user 7.0.0 NRD90M 99d04773 release-keys","extraInfo":"ctnet","height":0,"hidePkgs":[],"hmNotes":"","hookPkgs":[],"lac":0,"latitude":30.4524354,"line1Number":"18428351376","longitude":104.1291305,"macAddress":"af:50:35:3f:d9:f5","memAvailable":1249884534,"memFree":2499769068,"memTotal":3749653602,"mnc":"00","networkClass":3,"networkCountryIso":"cn","networkOperator":"46007","networkOperatorName":"中国移动","networkType":13,"networkTypeName":"LTE","phoneType":1,"rgAndroid":"23","rgAreaode":"86","rgConNames":["上善若水","于殊胤"],"rgConsize":"2","rgCountry":"中国","rgDevice":"xiaomiRedmi 4X","rgIp":"119.4.254.214","rgLastLogin":1515984851319,"rgLocation":"四川省成都市 联通","rgNetType":"切换飞行模式","rgOrPhone":"18428351376","rgPhoneNo":"18428351376","rgServer":"飞行模式切换","rgTime":1515748969023,"rgVcode":"玉米(发码)","rgVersion":"1.6.2","rgWxEmail":"未绑定","rgWxError":"帐号状态异常，本次登录已失效。请尝试重新登录，并根据弹窗提示操作。","rgWxId":"wxid_o181p8vl5nsu22","rgWxName":"于殊胤","rgWxNo":"未设置","rgWxPasswd":"Rmst@7890","rgWxQQ":"未绑定","rgWxStatus":"异常","rgWxWindows":"否","serialno":"7b595e9a","simCountryIso":"cn","simOperator":"46007","simOperatorName":"中国移动","simSerialNumber":"8986006166572903565","simState":5,"subscriberId":"460072389054240","type":0,"typeName":"MOBILE","width":0,"wifiScan":["MERCURY_29db03,a7:20:0d:19:96:9f,[WPA-PSK-CCMP][WPA2-PSK-CCMP][WPS][ESS],-73,2437,1179836887","Tenda_f32698,56:35:a7:0b:45:56,[WPA-PSK-CCMP][WPA2-PSK-CCMP][WPS][ESS],-78,2412,2131636900","PHICOMM_f47632,a1:3b:39:28:56:5c,[WPA2-PSK-CCMP][WPS][ESS],-95,2412,451223935","PHICOMM_fe2043,05:8a:5d:98:f1:95,[WPA-PSK-CCMP][WPA2-PSK-CCMP][ESS],-74,2412,218608115","Netcore_6597ba,03:60:2d:a4:bc:6f,[WPA-PSK-CCMP][WPA2-PSK-CCMP][WPS][ESS],-69,2437,661834343","TP-LINK_1f30e3,51:64:8a:c4:1c:6c,[WPA-PSK-CCMP][WPA2-PSK-CCMP][WPS][ESS],-77,2462,3276131076"]}