{"BSSID":"79:e0:83:d0:99:82","IpAddress":"192.168.94.173","P2p0Mac":"eb:31:42:ae:fb:10","SSID":"MERCURY_2e2638","androidId":"bf8a9427f2a9cbe6","batteryLevel":40,"btAddress":"81:dc:5b:3a:89:22","btName":"vivo X6D","buildAbi":"armeabi-v7a","buildAbi2":"armeabi","buildBoard":"MSM8974","buildBrand":"vivo","buildCodename":"REL","buildDescription":"PD1415D-user 7.0.0 NRD90M 3aae661e release-keys","buildDevice":"PD1415D","buildFingerprint":"vivo/vivo X6D/PD1415D:7.0.0/NRD90M/3aae661e:user/release-keys","buildHardware":"qcom","buildHost":"glsrv4","buildId":"NRD90M","buildIncremental":"3aae661e","buildManufacturer":"vivo","buildModel":"vivo X6D","buildName":"vivo","buildProduct":"PD1415D","buildRadioVersion":"kfzbjxxmtgznoe","buildRelease":"7.0.0","buildSdk":"24","buildSerialno":"7e992e65","buildTags":"release-keys","buildType":"user","buildUser":"buildHost","buildUtc":1476826440252,"cellScan":["39942,163957299","33043,118256928","33280,34641","33280,54532","33281,134776579"],"ci":163957299,"contacts":["奶奶,15303440376","姑妈,13708056160","外婆,15600498132","外公,13508238461","舅舅,13500591868","舅妈,15206251076","姨父,13506802186","姨娘,15103038761","亲爱的,15604734461","老弟,13107908722","老妹,13806688575","小明,15500042203","小李子,13005793010","莫木兴,13702962789","Herbert Jackson,13604741943","戎举遇,13104807826","贾欣任,13107195678","杨念,18904191756","Gene Gordon,18006016120","杨倩念,15504884334","杨可,15205267762","于虹似,15008397010","Audrey Hall,15806108423","张观,18704775753","穆鑫明,13406008647","陈宽,18805140946","Jeff Alexander,18705247271","王思任,15104960783","王香,13490440451","王幸楷,15205020315","Ellen Stone,15101585575","米向时,18607297147","支泉绍,13501131910","杨岭轩,18801603750","Derrick Jordan,14700388164","杨明,13205857157","李薇,13303111189","吴欢,13503202068","Philip Ramos,13704978413","吴皓,13700232730","祖砚贵,15908558959","陈海迅,13607760576","Alice Holmes,13801566928","杨怡,18001407848","魏俊适,15106314544","张克,18003387636","Jeffery Jordan,18000783015","陈宣广,18701706003","吴为尚,14702643483","蓬思孝,13202276143","Tony Miller,13106993993","杨洋,18704990691"],"cpuName":"MT6752","densityDpi":480,"deviceId":"863264996473847","deviceSvn":"53","displayId":"PD1415D-user 7.0.0 NRD90M 3aae661e release-keys","extraInfo":"MERCURY_2e2638","height":0,"hidePkgs":[],"hmNotes":"","hookPkgs":[],"lac":39942,"latitude":30.480583,"line1Number":"18482020538","longitude":103.8386762,"macAddress":"4c:8b:d6:42:86:01","memAvailable":935597352,"memFree":1871194706,"memTotal":2806792058,"mnc":"00","networkClass":3,"networkCountryIso":"cn","networkOperator":"46000","networkOperatorName":"中国移动","networkType":13,"networkTypeName":"LTE","phoneType":1,"rgAndroid":"23","rgAreaode":"86","rgConNames":[],"rgCountry":"中国","rgDevice":"xiaomiRedmi 4X","rgIp":"119.4.254.58","rgLastLogin":1516244456928,"rgLocation":"四川省成都市 联通","rgNetType":"切换飞行模式","rgOrPhone":"18482020538","rgPhoneNo":"18482020538","rgServer":"飞行模式切换","rgTime":1515739932694,"rgVcode":"爱乐赞(接码/发码)","rgVersion":"1.6.2","rgWxError":"该微信帐号因批量或者使用非法软件注册被限制登录，如需继续使用，请轻触“确定”申请解除限制。","rgWxName":"王声颂","rgWxPasswd":"Rmst@7890","rgWxStatus":"异常","rgWxWindows":"否","serialno":"7e992e65","simCountryIso":"cn","simOperator":"46000","simOperatorName":"中国移动","simSerialNumber":"8986005056307500925","simState":5,"subscriberId":"460007397272992","type":1,"typeName":"WIFI","width":0,"wifiScan":["Netcore_5a749d,00:23:c9:df:34:1e,[WPA2-PSK-CCMP][ESS],-93,2437,3573635159","TP-LINK_7cbfd1,cc:34:29:24:e2:48,[WPA-PSK-CCMP][WPA2-PSK-CCMP][WPS][ESS],-72,2462,983826844","TP-LINK_20537b,9c:21:6a:98:9f:7a,[WPA-PSK-CCMP][WPA2-PSK-CCMP][ESS],-63,2412,1674538084","TP-LINK_659cb8,54:22:f8:82:04:08,[WPA2-PSK-CCMP][WPS][ESS],-89,2412,340944565","Netcore_48ec98,c0:61:18:4e:03:ae,[WPA2-PSK-CCMP][WPS][ESS],-93,2462,392800437"]}