{"BSSID":"66:c9:60:33:0c:d7","IpAddress":"192.168.35.22","P2p0Mac":"6a:4f:43:32:12:a7","SSID":"MERCURY_3486ad","androidId":"36b8fa033b60967a","batteryLevel":75,"btAddress":"c6:58:05:b4:e9:6c","btName":"ZTE G718C","buildAbi":"armeabi-v7a","buildAbi2":"armeabi","buildBoard":"p880","buildBrand":"ZTE","buildCodename":"REL","buildDescription":"ZTE-G718C-user 7.1.2 NMF26Q 406ea1df release-keys","buildDevice":"ZTE-G718C","buildFingerprint":"ZTE/ZTE G718C/ZTE-G718C:7.1.2/NMF26Q/406ea1df:user/release-keys","buildHardware":"qcom","buildHost":"mz-buider-4","buildId":"NMF26Q","buildIncremental":"406ea1df","buildManufacturer":"ZTE","buildModel":"ZTE G718C","buildName":"ZTE","buildProduct":"ZTE-G718C","buildRadioVersion":"wnotfkkmxgb","buildRelease":"7.1.2","buildSdk":"25","buildSerialno":"5291578b","buildTags":"release-keys","buildType":"user","buildUser":"MarkBuild","buildUtc":1494718215013,"cellScan":["32898,9666","32898,1514","32898,135048452","39938,163633201","61731,30292"],"ci":30292,"contacts":["奶奶,15705931193","姑妈,18606820309","外婆,18903098889","外公,15805811376","舅舅,18700121209","舅妈,13708563790","姨父,15005333415","姨娘,15706060968","亲爱的,13706463759","老弟,18702096108","老妹,15308594983","小明,13900706618","小李子,15207735796","杨雨璎,18902360139","Norma Weaver,15305865884","杨绣,15700188636","吴佳梧,18805606112","张童涂,13305516087","Marion Robinson,18005671989","余琴宫,13508516349","张汉,15207890627","陈霖行,13804758571","Matthew Cruz,13607981188","王焱,13907707211","张情,18901110153","沈律雄,15702117901","Ralph Bennett,14708484073","张岁晟,13303312678","经克仪,14706807398","张似,18807751288","Gerald Boyd,18701041619","郑龙英,15903581312","杨贵,18707383514","苗年瑞,15801331552","Phyllis Wells,13403492832","陈乐绣,13200440164","于先倩,18803291324","范生岁,15005747165","Hazel Mason,15003080801","支宫航,15501581877","李虎,15204828122","杨玉瑕,15508871045","Clifford Gonzalez,18606956699","於愚友,15806875424","支硕元,13805686972"],"cpuName":"Qualcomm MSM8926","densityDpi":480,"deviceId":"862871856836581","deviceSvn":"15","displayId":"ZTE-G718C-user 7.1.2 NMF26Q 406ea1df release-keys","extraInfo":"MERCURY_3486ad","height":0,"hidePkgs":[],"hmNotes":"","hookPkgs":[],"lac":61731,"latitude":30.8924611,"line1Number":"18482267185","longitude":104.2436325,"macAddress":"91:b8:02:f2:b3:d7","memAvailable":68431254,"memFree":136862508,"memTotal":205293762,"mnc":"00","networkClass":1,"networkCountryIso":"cn","networkOperator":"46000","networkOperatorName":"中国移动","networkType":2,"networkTypeName":"EDGE","phoneType":1,"rgAndroid":"23","rgAreaode":"86","rgConNames":[],"rgCountry":"中国","rgDevice":"xiaomiRedmi 4X","rgIp":"101.206.167.142","rgLastLogin":1516244410045,"rgLocation":"四川省 联通","rgNetType":"切换飞行模式","rgOrPhone":"18482267185","rgPhoneNo":"18482267185","rgServer":"飞行模式切换","rgTime":1515738705480,"rgVcode":"爱乐赞(接码/发码)","rgVersion":"1.6.2","rgWxError":"该微信帐号因批量或者使用非法软件注册被限制登录，如需继续使用，请轻触“确定”申请解除限制。","rgWxName":"吴江","rgWxPasswd":"Rmst@7890","rgWxStatus":"异常","rgWxWindows":"否","serialno":"5291578b","simCountryIso":"cn","simOperator":"46000","simOperatorName":"中国移动","simSerialNumber":"8986004419791100503","simState":5,"subscriberId":"460007085743691","type":1,"typeName":"WIFI","width":0,"wifiScan":["MERCURY_c1541e,08:10:75:d2:d4:ee,[WPA2-PSK-CCMP][WPS][ESS],-81,2412,275928441","iTV-4874,a8:57:4e:47:be:8c,[WPA2-PSK-CCMP][WPS][ESS],-71,2437,195327494","FAST_1dc0f3,00:e0:4b:cd:68:82,[WPA-PSK-CCMP][WPA2-PSK-CCMP][WPS][ESS],-62,2412,310655633","MERCURY_cafe9e,88:25:93:2d:40:a2,[WPA2-PSK-CCMP][WPS][ESS],-87,2437,2983226896","Netcore_0e3265,24:69:68:99:d9:d9,[WPA-PSK-CCMP][WPA2-PSK-CCMP][ESS],-74,2437,191628174"]}