{"BSSID":"4d:61:54:fc:b6:07","IpAddress":"192.168.46.205","P2p0Mac":"44:58:7b:b4:6b:a0","SSID":"PHICOMM_f3fe10","androidId":"0451f1ee097ca0d0","batteryLevel":66,"btAddress":"5e:a9:cb:3f:27:1a","btName":"vivo V3","buildAbi":"armeabi-v7a","buildAbi2":"armeabi","buildBoard":"msm8952","buildBrand":"vivo","buildCodename":"REL","buildDescription":"PD1524-user 7.1.2 NMF26Q 2c5bfc5d release-keys","buildDevice":"PD1524","buildFingerprint":"vivo/vivo V3/PD1524:7.1.2/NMF26Q/2c5bfc5d:user/release-keys","buildHardware":"qcom","buildHost":"bs189","buildId":"NMF26Q","buildIncremental":"2c5bfc5d","buildManufacturer":"vivo","buildModel":"vivo V3","buildName":"vivo","buildProduct":"PD1524","buildRadioVersion":"jgtjyqphhevujbq","buildRelease":"7.1.2","buildSdk":"25","buildSerialno":"fae6edc1","buildTags":"release-keys","buildType":"user","buildUser":"builder","buildUtc":1465005670222,"cellScan":["61723,169879844","61723,54113","1821,16446","33033,63077","33033,8610"],"ci":54113,"contacts":["奶奶,15102354078","姑妈,13707861780","外婆,15506915812","外公,15905597427","舅舅,15307910433","舅妈,18901493209","姨父,13608197013","姨娘,14700844703","亲爱的,13203905646","老弟,13800355694","老妹,13903082406","小明,13105223262","小李子,15301648188","堪设欢,13490304569","Ana Stephens,18003312941","王校彤,18005194961","张嗣,13100733276","李水,15705141303","Jose Lopez,18805086836","余悠,13603582454","余仙炫,18703717722","崔竞津,14704744756","Leo Jackson,18702331880","章寅相,15300588760","吴贺,15904117403","班庞景,18700153653","Martin Hicks,15703884062","李耀广,13300517567","吴利,13904815848","杨雨效,15303811332","Victoria Baker,15302843662","余伊,18807748069","支卿谦,14706798478","崔岁昆,18703986077","Randy Freeman,18803830559","支冠万,13808847696","于寿,18901465162","隗启剑,13490636132","James Jordan,18903822653","康佳孝,13601998669"],"cpuName":"MT6750","densityDpi":480,"deviceId":"860317955442691","deviceSvn":"63","displayId":"PD1524-user 7.1.2 NMF26Q 2c5bfc5d release-keys","extraInfo":"PHICOMM_f3fe10","height":0,"hidePkgs":[],"hmNotes":"","hookPkgs":[],"lac":61723,"latitude":30.5594724,"line1Number":"18482128871","longitude":104.0513889,"macAddress":"f7:ab:55:c6:91:6a","memAvailable":68217682,"memFree":136435365,"memTotal":204653047,"mnc":"00","networkClass":2,"networkCountryIso":"cn","networkOperator":"46007","networkOperatorName":"中国移动","networkType":8,"networkTypeName":"HSDPA","phoneType":1,"rgAndroid":"23","rgAreaode":"86","rgConNames":["上善若水","王骥"],"rgConsize":"2","rgCountry":"中国","rgDevice":"xiaomiRedmi 4X","rgIp":"119.4.253.185","rgLastLogin":1515984780017,"rgLocation":"四川省成都市 联通","rgNetType":"切换飞行模式","rgOrPhone":"18482128871","rgPhoneNo":"18482128871","rgServer":"飞行模式切换","rgTime":1515741339211,"rgVcode":"爱乐赞(接码/发码)","rgVersion":"1.6.2","rgWxEmail":"未绑定","rgWxError":"帐号状态异常，本次登录已失效。请尝试重新登录，并根据弹窗提示操作。","rgWxId":"wxid_ukyq6ktbo9fq22","rgWxName":"王骥","rgWxNo":"未设置","rgWxPasswd":"Rmst@7890","rgWxQQ":"未绑定","rgWxStatus":"异常","rgWxWindows":"否","serialno":"fae6edc1","simCountryIso":"cn","simOperator":"46007","simOperatorName":"中国移动","simSerialNumber":"8986002872664442359","simState":5,"subscriberId":"460075202746143","type":1,"typeName":"WIFI","width":0,"wifiScan":["FAST_e05273,f0:b4:29:2d:1a:97,[WPA-PSK-CCMP][WPA2-PSK-CCMP][ESS],-76,2462,1978628655","Tenda_863756,80:89:17:68:ab:05,[WPA2-PSK-CCMP][WPS][ESS],-83,2462,2321426957","Netcore_7afd65,e0:4f:bd:cb:72:5a,[WPA2-PSK-CCMP][ESS],-92,2417,987438087","ChainaNet_c9ec,80:48:a5:d3:ae:9a,[WPA2-PSK-CCMP][WPS][ESS],-95,2412,3487230263","Tenda_fe2659,d4:ee:07:31:44:56,[WPA-PSK-CCMP][WPA2-PSK-CCMP][WPS][ESS],-74,2412,3517536814"]}