{"BSSID":"22:fd:06:7b:60:8f","IpAddress":"10.71.90.229","P2p0Mac":"4b:1c:22:1c:ca:58","SSID":"Netcore_798cb7","androidId":"9e088ce5cc50dd54","batteryLevel":64,"btAddress":"db:93:45:8e:6a:09","btName":"m3 note","buildAbi":"armeabi-v7a","buildAbi2":"armeabi","buildBoard":"acclaim","buildBrand":"Meizu","buildCodename":"REL","buildDescription":"m3note-user 7.1.2 NMF26Q 79a2caa7 release-keys","buildDevice":"m3note","buildFingerprint":"Meizu/m3 note/m3note:7.1.2/NMF26Q/79a2caa7:user/release-keys","buildHardware":"qcom","buildHost":"huangshan","buildId":"NMF26Q","buildIncremental":"79a2caa7","buildManufacturer":"Meizu","buildModel":"m3 note","buildName":"Meizu","buildProduct":"m3note","buildRadioVersion":"laxqsskplbkim","buildRelease":"7.1.2","buildSdk":"25","buildSerialno":"a2edd28e","buildTags":"release-keys","buildType":"user","buildUser":"MarkBuild","buildUtc":1488442133400,"cellScan":["61726,169750381","61743,169758292","33028,39051","61726,38191","33028,1799"],"ci":38191,"contacts":["奶奶,13304620364","姑妈,15206965280","外婆,14707922847","外公,18803056018","舅舅,13106161035","舅妈,13102271063","姨父,13401991480","姨娘,13300414976","亲爱的,14700731832","老弟,13503164603","老妹,15703325144","小明,18707023345","小李子,13404537261","荣净杏,13802484407","Bernard Peterson,13906636933","班洋珊,13506209014","于松茂,18808703860","席三野,13608280850","Jim Davis,13807326751","秋素禄,13606505411","于琴,14702048521","李诗嘉,13700184855","Harry Campbell,13604487471","卡业蔚,18708123936","杨景雄,18005923370","张汉,18007380474","Nathan Morales,15307877712","张念,13490610373","杨土,13407880623","陈举兴,18904693473","Lester Griffin,18904825085","李芹惠,18801715890","仰颂贤,13508288007","隗雨献,14706417174","Shawn Gardner,18804161042","云绵威,15702194403","余琦卫,18601694767","成虹旭,18808654002","Danielle Scott,15706973364","苗景介,18006034025","杨卿,13603246454","李杭,13490820390","Beth Duncan,15302884494","程可阁,18804760100"],"cpuName":"MT6750","densityDpi":560,"deviceId":"862564939216117","deviceSvn":"11","displayId":"m3note-user 7.1.2 NMF26Q 79a2caa7 release-keys","extraInfo":"ctlte","height":0,"hidePkgs":[],"hmNotes":"","hookPkgs":[],"lac":61726,"latitude":30.5794452,"line1Number":"13658034487","longitude":104.3253593,"macAddress":"87:e3:91:ef:8c:07","memAvailable":935511493,"memFree":1871022988,"memTotal":2806534481,"mnc":"00","networkClass":2,"networkCountryIso":"cn","networkOperator":"46007","networkOperatorName":"中国移动","networkType":8,"networkTypeName":"HSDPA","phoneType":1,"rgAndroid":"23","rgAreaode":"86","rgConNames":["上善若水","王隆璞"],"rgConsize":"2","rgCountry":"中国","rgDevice":"xiaomiRedmi 4X","rgIp":"101.206.166.123","rgLastLogin":1516245033491,"rgLocation":"四川省 联通","rgNetType":"切换飞行模式","rgOrPhone":"13658034487","rgPhoneNo":"13658034487","rgServer":"飞行模式切换","rgTime":1516087861646,"rgVcode":"玉米(发码)","rgVersion":"1.6.3","rgWxEmail":"未绑定","rgWxError":"帐号或密码错误，请重新填写。","rgWxId":"wxid_emx9ybcamhlw22","rgWxName":"王隆璞","rgWxNo":"未设置","rgWxPasswd":"Rmst@7890","rgWxQQ":"未绑定","rgWxStatus":"异常","rgWxWindows":"否","serialno":"a2edd28e","simCountryIso":"cn","simOperator":"46007","simOperatorName":"中国移动","simSerialNumber":"8986001686726642827","simState":5,"subscriberId":"460074957339964","type":0,"typeName":"MOBILE","width":0,"wifiScan":["Tenda_a8b0e1,14:75:90:c8:74:76,[WPA-PSK-CCMP][WPA2-PSK-CCMP][WPS][ESS],-72,2462,627737728","MERCURY_ad2153,fc:d7:33:e7:8d:56,[WPA-PSK-CCMP][WPA2-PSK-CCMP][ESS],-71,2462,724837227","TP-LINK_fc547c,f4:ee:14:4b:b0:54,[WPA2-PSK-TKIP+CCMP][WPS][ESS],-86,2412,264385153"]}