{"BSSID":"4c:c1:5f:05:41:77","IpAddress":"10.26.18.52","P2p0Mac":"52:75:d1:f6:66:d4","SSID":"TP-LINK_c0ca","androidId":"28da0d21dc91b0ab","batteryLevel":73,"btAddress":"bb:2c:66:44:37:ba","btName":"m1 note","buildAbi":"armeabi-v7a","buildAbi2":"armeabi","buildBoard":"targa","buildBrand":"Meizu","buildCodename":"REL","buildDescription":"m1note-user 5.0 LRX21M 4de45bf7 release-keys","buildDevice":"m1note","buildFingerprint":"Meizu/m1 note/m1note:5.0/LRX21M/4de45bf7:user/release-keys","buildHardware":"qcom","buildHost":"bs213","buildId":"LRX21M","buildIncremental":"4de45bf7","buildManufacturer":"Meizu","buildModel":"m1 note","buildName":"Meizu","buildProduct":"m1note","buildRadioVersion":"bgedpaytnhgntktii","buildRelease":"5.0","buildSdk":"21","buildSerialno":"7ca3fb80","buildTags":"release-keys","buildType":"user","buildUser":"builder","buildUtc":1459165088538,"cellScan":["33301,1693","33301,140074757","61729,169955730","33301,1692","61729,169984159"],"ci":169955730,"contacts":["奶奶,14706792879","姑妈,13206997430","外婆,15905221139","外公,15202291527","舅舅,13803553230","舅妈,15205140331","姨父,15203347048","姨娘,13490703017","亲爱的,13707670697","老弟,13490405226","老妹,13203537222","小明,13602016199","小李子,15608605832","王瑞,15904081631","Bryan Ellis,13407185956","陈铁,13400234687","谢夏英,15000706258","陈银,18802940289","Brenda Kelley,18804716781","陈香默,15002127081","陈佳宇,13903811237","朱夜水,18700380642","Johnny Carter,14703764250","余幸况,13490876725","宓似生,14701103749","张乾,13490329311","Diane Arnold,15302784289","李信畏,13303087718","于裕实,18604713331","葛吉耕,15800468652","Randall Diaz,15104131901","孔孝炎,13906826649","施意宁,15706035635","闵雨谦,15206483408","Deborah Morgan,15905392407","计稼余,13901117956","于如,13404521775","蔡鹄秋,13300597428","Lucille Hernandez,13302805039","任易驹,13001742617","王权微,14708016712"],"cpuName":"MT6752","densityDpi":320,"deviceId":"862468147023242","deviceSvn":"28","displayId":"m1note-user 5.0 LRX21M 4de45bf7 release-keys","extraInfo":"ctnet","height":0,"hidePkgs":[],"hmNotes":"","hookPkgs":[],"lac":61729,"latitude":30.7202318,"line1Number":"15708445054","longitude":103.77266,"macAddress":"16:94:38:91:8a:bf","memAvailable":51332110,"memFree":153996333,"memTotal":205328443,"mnc":"00","networkClass":2,"networkCountryIso":"cn","networkOperator":"46002","networkOperatorName":"中国移动","networkType":8,"networkTypeName":"HSDPA","phoneType":1,"rgAndroid":"23","rgAreaode":"86","rgConNames":["华香许","上善若水"],"rgConsize":"2","rgCountry":"中国","rgDevice":"xiaomiRedmi 4X","rgIp":"119.4.255.166","rgLastLogin":1516419700453,"rgLocation":"四川省成都市 联通","rgNetType":"切换飞行模式","rgOrPhone":"15708445054","rgPhoneNo":"15708445054","rgServer":"飞行模式切换","rgTime":1516083847108,"rgVcode":"玉米(发码)","rgVersion":"1.6.3","rgWxEmail":"未绑定","rgWxError":"该微信帐号因批量或者使用非法软件注册被限制登录，如需继续使用，请轻触“确定”申请解除限制。","rgWxId":"wxid_8r3qh1vosaqt22","rgWxName":"华香许","rgWxNo":"未设置","rgWxPasswd":"Rmst@7890","rgWxQQ":"未绑定","rgWxStatus":"异常","rgWxWindows":"否","serialno":"7ca3fb80","simCountryIso":"cn","simOperator":"46002","simOperatorName":"中国移动","simSerialNumber":"8986007734869824807","simState":5,"subscriberId":"460028775565450","type":0,"typeName":"MOBILE","width":0,"wifiScan":["Netcore_59ea9c,e4:d3:32:77:3c:4e,[WPS][ESS],-80,2437,241193620","Tenda_e2f43c,98:2f:3c:1c:6a:e0,[WPA-PSK-CCMP][WPA2-PSK-CCMP][WPS][ESS],-74,2412,1275631587","Tenda_37b965,64:3a:b1:eb:8a:ea,[WPA2-PSK-CCMP][WPS][ESS],-90,2432,238763045","TP-LINK_47ca76,78:eb:14:81:51:e6,[WPA-PSK-CCMP][WPA2-PSK-CCMP][ESS],-92,2412,1048434128","Netcore_ec1fcb,50:bd:5f:16:a3:3c,[WPA2-PSK-CCMP][WPS][ESS],-62,2412,207353660"]}