{"BSSID":"4b:00:fc:7d:aa:ff","IpAddress":"10.50.30.93","P2p0Mac":"a4:5c:be:3b:bb:53","SSID":"TP-LINK_ddb9d1","androidId":"aeae655633715b19","batteryLevel":39,"btAddress":"a2:fc:9c:0c:f3:2e","btName":"OD103","buildAbi":"armeabi-v7a","buildAbi2":"armeabi","buildBoard":"MSM8660_SURF","buildBrand":"SMARTISAN","buildCodename":"REL","buildDescription":"odin-user 7.0.0 NRD90M 33f24ce8 release-keys","buildDevice":"odin","buildFingerprint":"SMARTISAN/OD103/odin:7.0.0/NRD90M/33f24ce8:user/release-keys","buildHardware":"qcom","buildHost":"shws40","buildId":"NRD90M","buildIncremental":"33f24ce8","buildManufacturer":"smartisan","buildModel":"OD103","buildName":"SMARTISAN","buildProduct":"odin","buildRadioVersion":"sraaadhhzoagdufwk","buildRelease":"7.0.0","buildSdk":"24","buildSerialno":"da7cd6b6","buildTags":"release-keys","buildType":"user","buildUser":"jenkins","buildUtc":1493575492162,"cellScan":["61708,169577228","61723,169507537","61708,169555686","61723,169507538","33310,31645"],"ci":169555686,"contacts":["奶奶,13500035693","姑妈,18005163887","外婆,13608518912","外公,13903872453","舅舅,13107332562","舅妈,13607634636","姨父,15308425130","姨娘,15600155530","亲爱的,13602965966","老弟,18006760832","老妹,14707600955","小明,13490547551","小李子,13905197438","乌权瑜,18707044235","Nancy Rose,18705781221","于贵,13900663323","孔演玮,18801773120","司徒年璎,18903737683","Charles Franklin,18007837561","李利,15607511426","慕容校惠,13490102455","贺然木,18904466575","Yvonne Duncan,18000295018","李屏彤,13490262136","汤利君,13407718629","王思,13601415409","Gail Collins,13704401235","吴雷航,13103662793","危求苡,15502094607","堪海梁,13504908289","Anne Nichols,13904398253","杨培禄,15602679067","王诗,15008468155","于昆英,15006283178","Louise Freeman,15005605588","魏嵬游,15006033696","缪阔联,18005038903","暴怀向,15900610322","Frances Carroll,15902183399","陈时骥,18908600462","陈宏,13500364072"],"cpuName":"ualcomm Technologies, Inc MSM8953Pro","densityDpi":320,"deviceId":"860210535353878","deviceSvn":"31","displayId":"odin-user 7.0.0 NRD90M 33f24ce8 release-keys","extraInfo":"cmnet","height":0,"hidePkgs":[],"hmNotes":"","hookPkgs":[],"lac":61708,"latitude":30.5829694,"line1Number":"15708405485","longitude":104.0428745,"macAddress":"41:3a:13:8c:c8:be","memAvailable":32122791,"memFree":64245582,"memTotal":96368373,"mnc":"00","networkClass":1,"networkCountryIso":"cn","networkOperator":"46000","networkOperatorName":"中国移动","networkType":2,"networkTypeName":"EDGE","phoneType":1,"rgAndroid":"23","rgAreaode":"86","rgConNames":[],"rgCountry":"中国","rgDevice":"xiaomiRedmi 4X","rgIp":"101.206.166.90","rgLastLogin":1516102391254,"rgLocation":"四川省 联通","rgNetType":"切换飞行模式","rgOrPhone":"15708405485","rgPhoneNo":"15708405485","rgServer":"飞行模式切换","rgTime":1516072099529,"rgVcode":"玉米(发码)","rgVersion":"1.6.3","rgWxError":"帐号状态异常，本次登录已失效。请尝试重新登录，并根据弹窗提示操作。","rgWxName":"尹嘉银","rgWxPasswd":"Rmst@7890","rgWxStatus":"异常","rgWxWindows":"否","serialno":"da7cd6b6","simCountryIso":"cn","simOperator":"46000","simOperatorName":"中国移动","simSerialNumber":"8986026758874898470","simState":5,"subscriberId":"460004818012902","type":0,"typeName":"MOBILE","width":0,"wifiScan":["PHICOMM_cfb0f2,c8:3a:35:49:fa:35,[WPA-PSK-CCMP][WPA2-PSK-CCMP][ESS],-54,2452,368124074","FAST_375a8b,c8:3a:35:49:d6:3c,[WPA2-PSK-CCMP][WPS][ESS],-80,2462,471471585","Tenda_87baec,1c:fa:68:78:ee:28,[WPA2-PSK-CCMP][ESS],-83,2427,325870643","PHICOMM_043769,44:97:5a:8c:eb:a6,[WPA2-PSK-CCMP][WPS][ESS],-68,2462,2936527125","MERCURY_fc1f4b,00:5a:39:07:40:c4,[WPA2-PSK-CCMP][ESS],-72,2437,1016127710"]}