{"BSSID":"19:dc:bb:3b:7d:9e","IpAddress":"192.168.60.212","P2p0Mac":"5b:a8:00:e4:31:42","SSID":"MERCURY_427315","androidId":"3f7309a900cccd5f","batteryLevel":72,"btAddress":"95:53:3b:87:91:e0","btName":"OPPO R9sk","buildAbi":"armeabi-v7a","buildAbi2":"armeabi","buildBoard":"tuna","buildBrand":"OPPO","buildCodename":"REL","buildDescription":"R9sk-user 7.0.0 NRD90M c9e21e35 release-keys","buildDevice":"R9sk","buildFingerprint":"OPPO/OPPO R9sk/R9sk:7.0.0/NRD90M/c9e21e35:user/release-keys","buildHardware":"qcom","buildHost":"mz-buider-2","buildId":"NRD90M","buildIncremental":"c9e21e35","buildManufacturer":"OPPO","buildModel":"OPPO R9sk","buildName":"OPPO","buildProduct":"R9sk","buildRadioVersion":"zmqshcexcnuqulm","buildRelease":"7.0.0","buildSdk":"24","buildSerialno":"1496b499","buildTags":"release-keys","buildType":"user","buildUser":"buildHost","buildUtc":1470090602877,"cellScan":[],"ci":0,"contacts":["奶奶,15900364448","姑妈,13900328882","外婆,13400671963","外公,18808767655","舅舅,18008676772","舅妈,15208598459","姨父,15801585312","姨娘,13703626009","亲爱的,15503674125","老弟,13207640636","老妹,13490290119","小明,18804697801","小李子,15804303743","何享誓,13503324523","Ronnie Hicks,13506282465","陈旺,15500227995","陈仕念,15904321347","吴罗,15801864457","Joyce Greene,15006704708","杨享,13700210958","陈善,15008695883","张仪,18907734276","Lewis Simpson,18906880792","张阔航,15302286221","王可,13800997273","杨为,18608073974","Maria Shaw,15506147530","庞蔚力,15703780113","王烈,13901733447","甄璐效,13406602699","Richard Ross,15002230971","丁靖薇,15502622904","李经,13401303989","严海裕,15907107312","Eleanor Lee,15204680069","杜阔贵,15502461071","滕凇禄,15207849051","陈添,13305211308","Willie Owens,18002606197","苏佩珊,15106840505"],"cpuName":"Qualcomm Technologies, Inc MSM8953","densityDpi":480,"deviceId":"860233952312060","deviceSvn":"25","displayId":"R9sk-user 7.0.0 NRD90M c9e21e35 release-keys","extraInfo":"MERCURY_427315","height":0,"hidePkgs":[],"hmNotes":"","hookPkgs":[],"lac":0,"latitude":30.7369872,"line1Number":"18215611413","longitude":103.907467,"macAddress":"3c:67:33:03:08:19","memAvailable":4109663170,"memFree":12328989512,"memTotal":16438652682,"mnc":"00","networkClass":1,"networkCountryIso":"cn","networkOperator":"46007","networkOperatorName":"中国移动","networkType":2,"networkTypeName":"EDGE","phoneType":1,"rgAndroid":"23","rgAreaode":"86","rgConNames":["上善若水","王翔"],"rgConsize":"2","rgCountry":"中国","rgDevice":"xiaomiRedmi 4X","rgIp":"119.4.255.120","rgLastLogin":1516419658015,"rgLocation":"四川省成都市 联通","rgNetType":"切换飞行模式","rgOrPhone":"18215611413","rgPhoneNo":"18215611413","rgServer":"飞行模式切换","rgTime":1516078027537,"rgVcode":"玉米(发码)","rgVersion":"1.6.3","rgWxEmail":"未绑定","rgWxError":"该微信帐号因批量或者使用非法软件注册被限制登录，如需继续使用，请轻触“确定”申请解除限制。","rgWxId":"wxid_asn5c6n4p8e422","rgWxName":"王翔","rgWxNo":"未设置","rgWxPasswd":"Rmst@7890","rgWxQQ":"未绑定","rgWxStatus":"异常","rgWxWindows":"否","serialno":"1496b499","simCountryIso":"cn","simOperator":"46007","simOperatorName":"中国移动","simSerialNumber":"8986025408064907742","simState":5,"subscriberId":"460073679431705","type":1,"typeName":"WIFI","width":0,"wifiScan":["MERCURY_9487c9,dd:43:8c:54:60:74,[WPA2-PSK-CCMP][WPS][ESS],-52,2472,654330904","PHICOMM_8cafd2,e5:01:e7:b6:ae:07,[WPA2-PSK-CCMP][ESS],-69,2462,341530101","TP-LINK_437698,01:8a:3d:77:4f:62,[WPA2-PSK-CCMP][ESS],-86,2437,317091634","TP-LINK_032652,b3:38:03:87:72:6c,[WPA2-PSK-CCMP][WPS][ESS],-73,2437,220238203","Netcore_5387b7,d0:41:a0:78:dd:06,[WPS][ESS],-94,2462,324544401","Netcore_437a9d,6f:6f:c5:35:ed:bc,[WPA-PSK-CCMP][WPA2-PSK-CCMP][WPS][ESS],-83,2437,442531544","PHICOMM_d21ebf,c8:30:f3:dd:ec:b9,[WPA2-PSK-CCMP][WPS][ESS],-77,2437,377234214","TP-LINK_7ca598,6e:20:73:af:98:bc,[WPA-PSK-CCMP][WPA2-PSK-CCMP][WPS][ESS],-68,2462,229683663"]}