{"BSSID":"5f:d5:8c:f8:c3:42","IpAddress":"192.168.43.69","P2p0Mac":"ff:52:89:11:c6:34","SSID":"MERCURY_2541f3","androidId":"e971ec5e51672a03","batteryLevel":41,"btAddress":"e9:70:29:ec:cf:63","btName":"Redmi 3S","buildAbi":"armeabi-v7a","buildAbi2":"armeabi","buildBoard":"p700","buildBrand":"Xiaomi","buildCodename":"REL","buildDescription":"land-user 5.1.1 LMY48G 34caa3bf release-keys","buildDevice":"land","buildFingerprint":"Xiaomi/Redmi 3S/land:5.1.1/LMY48G/34caa3bf:user/release-keys","buildHardware":"qcom","buildHost":"huawei-server-05","buildId":"LMY48G","buildIncremental":"34caa3bf","buildManufacturer":"Xiaomi","buildModel":"Redmi 3S","buildName":"Xiaomi","buildProduct":"land","buildRadioVersion":"xmqlzhbijsmrxk","buildRelease":"5.1.1","buildSdk":"22","buildSerialno":"ee954337","buildTags":"release-keys","buildType":"user","buildUser":"android","buildUtc":1509073612213,"cellScan":["61712,168870827","33046,118272287","33046,118272289","39936,163931442","61712,168870830"],"ci":168870830,"contacts":["奶奶,13300138697","姑妈,18802342170","外婆,13408501617","外公,14701448323","舅舅,13103453915","舅妈,15304570099","姨父,13202628765","姨娘,14706834707","亲爱的,18907312893","老弟,15505614377","老妹,13205453509","小明,13600901598","小李子,18007731132","慕容禄行,15708738650","Jeff Clark,15708704283","顾桂岭,15707006010","章信砚,15703262363","杨露瑟,15903107752","Edna Fox,15100040293","钟隆望,15305616613","于阁,15005097495","杨瑟,15304388406","Juan Knight,13307063173","吴渠畏,13104674228","吉经佳,18004161509","魏书兴,18707748518","Tina Snyder,18700176348","余翔英,15603868412","安礼康,13304531602","粱灵求,13703868695","Albert Mitchell,13607284279","李力森,15301160441","计渠茂,13206427630","杨怡,18603517628","Geraldine Kelly,13007423802","麻稼熙,13000441357","王易愚,13301841310","吴守焱,15703415770","Dale Mills,15707148100","蓝佳和,18601990721","卡仁佑,13905447826","王况,15806606948","Joyce Matthews,15908277327","韩雪,13002121907","孟裕思,15707092446","于良秀,13000402944","Scott Ramos,15601870656","张如韶,18704937947","余全广,15207752848","张魄,15704897377","Martin Jackson,18807566773","王商,15306308195"],"cpuName":"Qualcomm Technologies, Inc MSM8937","densityDpi":320,"deviceId":"860538818391722","deviceSvn":"59","displayId":"land-user 5.1.1 LMY48G 34caa3bf release-keys","extraInfo":"MERCURY_2541f3","height":0,"hidePkgs":[],"hmNotes":"","hookPkgs":[],"lac":61712,"latitude":30.5818452,"line1Number":"18280289243","longitude":103.7211354,"macAddress":"35:8c:47:56:e6:5b","memAvailable":32066225,"memFree":64132452,"memTotal":96198677,"mnc":"00","networkClass":1,"networkCountryIso":"cn","networkOperator":"46000","networkOperatorName":"中国移动","networkType":2,"networkTypeName":"EDGE","phoneType":1,"rgAndroid":"23","rgAreaode":"86","rgConNames":["安瑜绵","上善若水"],"rgConsize":"2","rgCountry":"中国","rgDevice":"xiaomiRedmi 4X","rgIp":"119.4.254.162","rgLastLogin":1516419744413,"rgLocation":"四川省成都市 联通","rgNetType":"切换飞行模式","rgOrPhone":"18280289243","rgPhoneNo":"18280289243","rgServer":"飞行模式切换","rgTime":1516091272229,"rgVcode":"玉米(发码)","rgVersion":"1.6.3","rgWxEmail":"未绑定","rgWxError":"该微信帐号因批量或者使用非法软件注册被限制登录，如需继续使用，请轻触“确定”申请解除限制。","rgWxId":"wxid_zea1g4helpa322","rgWxName":"安瑜绵","rgWxNo":"未设置","rgWxPasswd":"Rmst@7890","rgWxQQ":"未绑定","rgWxStatus":"异常","rgWxWindows":"否","serialno":"ee954337","simCountryIso":"cn","simOperator":"46000","simOperatorName":"中国移动","simSerialNumber":"8986028111585451182","simState":5,"subscriberId":"460008815183414","type":1,"typeName":"WIFI","width":0,"wifiScan":["FAST_2f326a,ec:55:f9:c7:3c:cc,[WPA-PSK-CCMP][WPA2-PSK-CCMP][WPS][ESS],-81,2457,889735683","PHICOMM_fe3053,c4:72:95:16:ac:d0,[WPA-PSK-CCMP][WPA2-PSK-CCMP][WPS][ESS],-74,2462,430074517","PHICOMM_436a96,c4:72:95:16:21:d2,[WPA2-PSK-CCMP][WPS][ESS],-93,2452,2340527132","Tenda_00e365,c4:72:95:16:91:15,[WPA-PSK-CCMP][WPA2-PSK-CCMP][ESS],-80,2412,3385331917","iTV-386a,c4:72:95:16:11:82,[WPA-PSK-CCMP][WPA2-PSK-CCMP][ESS],-80,2412,529136996"]}