{"BSSID":"43:8c:b4:77:c4:21","IpAddress":"192.168.60.138","P2p0Mac":"72:7f:39:d8:66:03","SSID":"MERCURY_9c0e","androidId":"da3c294148382dac","batteryLevel":30,"btAddress":"af:3c:8f:2f:26:88","btName":"vivo X9","buildAbi":"armeabi-v7a","buildAbi2":"armeabi","buildBoard":"MSM8916","buildBrand":"vivo","buildCodename":"REL","buildDescription":"PD1616-user 7.1.2 NMF26Q ee1d0fd6 release-keys","buildDevice":"PD1616","buildFingerprint":"vivo/vivo X9/PD1616:7.1.2/NMF26Q/ee1d0fd6:user/release-keys","buildHardware":"qcom","buildHost":"huawei-server-05","buildId":"NMF26Q","buildIncremental":"ee1d0fd6","buildManufacturer":"vivo","buildModel":"vivo X9","buildName":"vivo","buildProduct":"PD1616","buildRadioVersion":"oxugtipjusmkxnss","buildRelease":"7.1.2","buildSdk":"25","buildSerialno":"8b630839","buildTags":"release-keys","buildType":"user","buildUser":"jenkins","buildUtc":1479446608160,"cellScan":["33048,117903137","33048,38783","33048,18752","33048,98520195","33048,27430"],"ci":18752,"contacts":["奶奶,15704398567","姑妈,13706097531","外婆,15106094149","外公,15108577039","舅舅,13490096700","舅妈,18701148545","姨父,13490690379","姨娘,15305532858","亲爱的,13608164214","老弟,13808406749","老妹,13607584607","小明,18801644054","小李子,18800332575","尤然雄,13490179683","Cathy Gonzales,18005084343","乌怡畏,15204985096","李荣,13305974200","麻童玮,13706964402","Brent Butler,13501463491","邢荃意,13907315726","邹厚梁,15003668911","于巍,13490629314","Vanessa Perkins,13490703337","蒋梦芹,13301662741","家鹏克,13603276488","潘罗坚,14703187510","Donna Henderson,15700676762","任砚似,18005211412","王衔密,13108378453","汲仁晟,15904958818","Brian Owens,15900038037","仲杏密,15208556424","余英,13306096538","伍律庞,13001275984","Raymond Simpson,13202471515","魏艺室,13501353732","傅龙王,15306844950","李稼郡,13404748620","Emma Cole,15907474843","李镜耀,18704738687","左幸灵,18902424997","巴烁烁,14700052609","Sue Snyder,18703173333","詹岭琦,13906018864","葛炯思,13904373667","张勋,15605648442","Marvin Mitchell,13000013869","顾书佳,13100112615"],"cpuName":"Qualcomm Technologies, Inc MSM8953","densityDpi":320,"deviceId":"860910627095861","deviceSvn":"88","displayId":"PD1616-user 7.1.2 NMF26Q ee1d0fd6 release-keys","extraInfo":"MERCURY_9c0e","height":0,"hidePkgs":[],"hmNotes":"","hookPkgs":[],"lac":33048,"latitude":30.8542765,"line1Number":"18280416183","longitude":104.4056521,"macAddress":"21:05:ae:1e:ad:31","memAvailable":1250089781,"memFree":2500179564,"memTotal":3750269345,"mnc":"00","networkClass":2,"networkCountryIso":"cn","networkOperator":"46000","networkOperatorName":"中国移动","networkType":8,"networkTypeName":"HSDPA","phoneType":1,"rgAndroid":"23","rgAreaode":"86","rgConNames":[],"rgCountry":"中国","rgDevice":"xiaomiRedmi 4X","rgIp":"101.206.167.72","rgLastLogin":1516245079197,"rgLocation":"四川省 联通","rgNetType":"切换飞行模式","rgOrPhone":"18280416183","rgPhoneNo":"18280416183","rgServer":"飞行模式切换","rgTime":1516090026860,"rgVcode":"玉米(发码)","rgVersion":"1.6.3","rgWxError":"该微信帐号因批量或者使用非法软件注册被限制登录，如需继续使用，请轻触“确定”申请解除限制。","rgWxName":"吴求顺","rgWxPasswd":"Rmst@7890","rgWxStatus":"异常","rgWxWindows":"否","serialno":"8b630839","simCountryIso":"cn","simOperator":"46000","simOperatorName":"中国移动","simSerialNumber":"8986005747712777732","simState":5,"subscriberId":"460001055189521","type":1,"typeName":"WIFI","width":0,"wifiScan":["PHICOMM_89dc0e,74:a7:8e:af:32:6c,[WPA2-PSK-CCMP][ESS],-80,2472,196503893","PHICOMM_21437b,ec:17:2f:47:95:6e,[WPA2-PSK-CCMP][ESS],-90,2462,3075327967","Netcore_9eb87c,ec:88:8f:b4:cf:fa,[WPA2-PSK-CCMP][ESS],-95,2412,3176327031","Netcore_a9dbfe,8c:f2:28:9c:63:1e,[WPA2-PSK-TKIP+CCMP][WPS][ESS],-54,2437,293002369","PHICOMM_c103ff,78:eb:14:71:f8:54,[WPA2-PSK-CCMP][ESS],-71,2467,523666374"]}