{"BSSID":"4f:a4:cf:62:26:45","IpAddress":"192.168.61.251","P2p0Mac":"42:33:93:e5:ba:e4","SSID":"MERCURY_8ad10c","androidId":"ae10866d103eedfd","batteryLevel":76,"btAddress":"ba:12:63:40:e4:82","btName":"OPPO A33m","buildAbi":"armeabi-v7a","buildAbi2":"armeabi","buildBoard":"t1","buildBrand":"OPPO","buildCodename":"REL","buildDescription":"OPPO A33m-user 5.1.1 LMY48G 09a88edf release-keys","buildDevice":"OPPO A33m","buildFingerprint":"OPPO/OPPO A33m/OPPO A33m:5.1.1/LMY48G/09a88edf:user/release-keys","buildHardware":"qcom","buildHost":"mine","buildId":"LMY48G","buildIncremental":"09a88edf","buildManufacturer":"OPPO","buildModel":"OPPO A33m","buildName":"OPPO","buildProduct":"OPPO A33m","buildRadioVersion":"lkrnotrggndbttqi","buildRelease":"5.1.1","buildSdk":"22","buildSerialno":"1449ba9f","buildTags":"release-keys","buildType":"user","buildUser":"builder","buildUtc":1485414344180,"cellScan":["61723,32764","61723,169579366","1821,10264","61728,169579366","61723,169911014"],"ci":32764,"contacts":["奶奶,15902102437","姑妈,13902093332","外婆,18805051017","外公,15203453123","舅舅,15005837939","舅妈,18706446129","姨父,18704741358","姨娘,18007597817","亲爱的,15802546478","老弟,13702783526","老妹,13506147108","小明,15500066714","小李子,15605156018","刁畏建,15807942396","Judith Foster,15202312793","王鑫,18900742134","余延遇,15707324648","张甲,18808101721","Emma Olson,15702202168","张译硕,13006138749","杨露,13104307392","张愚海,18608253296","Michelle Fox,18607804941","谢王心,13700180692","卡隆嗣,18000981978","王贺,15001948571","Ann Walker,15907606867","尤轩莉,18603338930","杨阔业,13408558520","茅宣微,18803762451","Oscar Weaver,15704956557","童威权,13405493423","粱郁红,15505830283","王念,13490721238","Gregory Parker,13490742446","平仪望,13702871653","谈硕彦,18908256766","路宽水,13904651264","Josephine Chavez,13805293348","杨会,18007953537","郝佑耀,15307494356"],"cpuName":"Qualcomm Technologies, Inc MSM8916","densityDpi":560,"deviceId":"862243335242874","deviceSvn":"81","displayId":"OPPO A33m-user 5.1.1 LMY48G 09a88edf release-keys","extraInfo":"MERCURY_8ad10c","height":0,"hidePkgs":[],"hmNotes":"","hookPkgs":[],"lac":61723,"latitude":30.5656767,"line1Number":"18302891284","longitude":104.0784952,"macAddress":"b8:d1:73:ef:f8:3b","memAvailable":172209643,"memFree":344419286,"memTotal":516628929,"mnc":"00","networkClass":2,"networkCountryIso":"cn","networkOperator":"46007","networkOperatorName":"中国移动","networkType":17,"networkTypeName":"TD_SCDMA","phoneType":1,"rgAndroid":"23","rgAreaode":"86","rgConNames":["郭英扬","上善若水"],"rgConsize":"2","rgCountry":"中国","rgDevice":"xiaomiRedmi 4X","rgIp":"119.4.252.86","rgLastLogin":1516876179849,"rgLocation":"四川省成都市 联通","rgNetType":"切换飞行模式","rgOrPhone":"18302891284","rgPhoneNo":"18302891284","rgServer":"飞行模式切换","rgTime":1516101373397,"rgVcode":"玉米(发码)","rgVersion":"1.6.3","rgWxEmail":"未绑定","rgWxError":"","rgWxId":"wxid_4zowxfeqvo4h22","rgWxName":"郭英扬","rgWxNo":"未设置","rgWxPasswd":"Rmst@7890","rgWxQQ":"未绑定","rgWxStatus":"存活","rgWxWindows":"否","serialno":"1449ba9f","simCountryIso":"cn","simOperator":"46007","simOperatorName":"中国移动","simSerialNumber":"8986025818632641359","simState":5,"subscriberId":"460079761783312","type":1,"typeName":"WIFI","width":0,"wifiScan":["TP-LINK_97a9c1,80:48:a5:73:bd:2a,[WPA2-PSK-CCMP][ESS],-78,2417,581831982","MERCURY_1043ed,78:a1:06:4b:d6:54,[WPA2-PSK-CCMP][WPS][ESS],-80,2462,3461133367","Netcore_8bafe2,00:23:cd:3a:bc:86,[WPA-PSK-CCMP][WPA2-PSK-CCMP][WPS][ESS],-74,2437,286152053","TP-LINK_f42e21,00:23:c9:7d:8e:27,[WPA-PSK-CCMP][WPA2-PSK-CCMP][WPS][ESS],-89,2462,748332567","Netcore_485386,40:16:9f:b1:84:fa,[WPA2-PSK-CCMP][WPS][ESS],-88,2437,339813498"]}