{"BSSID":"aa:bb:40:9a:9b:ee","IpAddress":"192.168.15.58","P2p0Mac":"d6:53:60:e7:f9:59","SSID":"Netcore_86b936","androidId":"7d0c90f25eeacbab","batteryLevel":66,"btAddress":"1f:44:d6:5b:d1:e1","btName":"M5 Note","buildAbi":"armeabi-v7a","buildAbi2":"armeabi","buildBoard":"p760","buildBrand":"Meizu","buildCodename":"REL","buildDescription":"M5 Note-user 6.0.1 MMB29T 4636ecc6 release-keys","buildDevice":"M5 Note","buildFingerprint":"Meizu/M5 Note/M5 Note:6.0.1/MMB29T/4636ecc6:user/release-keys","buildHardware":"qcom","buildHost":"huawei-desktop","buildId":"MMB29T","buildIncremental":"4636ecc6","buildManufacturer":"Meizu","buildModel":"M5 Note","buildName":"Meizu","buildProduct":"M5 Note","buildRadioVersion":"zgcxfkiaqgn","buildRelease":"6.0.1","buildSdk":"23","buildSerialno":"616cad6d","buildTags":"release-keys","buildType":"user","buildUser":"Server","buildUtc":1475022930116,"cellScan":["61731,38483","33049,118224417","61731,168894283","33034,3126","61700,170104403"],"ci":3126,"contacts":["奶奶,13003418505","姑妈,15107584667","外婆,13490153427","外公,15707093264","舅舅,14703416924","舅妈,18908193199","姨父,18702009026","姨娘,15604413229","亲爱的,18803184570","老弟,15602160006","老妹,13707456290","小明,18806772972","小李子,14702875408","谢新元,15207061011","Joanne Chavez,13401607814","杨驹,13501428280","吴生,13490785232","和耀似,13304898195","Geraldine White,13302864156","吴同,15705292941","杨延璇,18706504559","杨航良,13801625075","Wayne Stevens,13805216999","陈岭洋,13508882997","岑年炫,13408657755","杨康汉,15600256459","Kristen Stevens,18606326390","余吾,13906916291","苗情雅,15602076732","李屏,14701975588","Yvonne Wagner,15700085448","杨奎夏,15601821200","龙鹏适,13490489541","蓝礼玮,14708798230","Cathy Wagner,18701925414","戎译砚,18604019052","李瑜,15907782374","方印剑,15304672883","Holly Murphy,18001761838","杜京敬,13500042207","王利,13206090444","杨律,18906498406","Gail Stewart,13303907286","王镜阳,18805516980","昌密适,13405667187","颜雅阔,15706491872","Alan Lewis,15705103689","陶时朔,15804078912","杨怒,15706127092"],"cpuName":"MT6755M","densityDpi":240,"deviceId":"860499243565440","deviceSvn":"14","displayId":"M5 Note-user 6.0.1 MMB29T 4636ecc6 release-keys","extraInfo":"Netcore_86b936","height":0,"hidePkgs":[],"hmNotes":"","hookPkgs":[],"lac":33034,"latitude":30.8745101,"line1Number":"18328712834","longitude":104.2045463,"macAddress":"53:10:19:81:ed:58","memAvailable":68302522,"memFree":136605046,"memTotal":204907568,"mnc":"00","networkClass":1,"networkCountryIso":"cn","networkOperator":"46007","networkOperatorName":"中国移动","networkType":2,"networkTypeName":"EDGE","phoneType":1,"rgAndroid":"23","rgAreaode":"86","rgConNames":["上善若水","于泰"],"rgConsize":"2","rgCountry":"中国","rgDevice":"xiaomiRedmi 4X","rgIp":"101.206.166.246","rgLastLogin":1516419787118,"rgLocation":"四川省 联通","rgNetType":"切换飞行模式","rgOrPhone":"18328712834","rgPhoneNo":"18328712834","rgServer":"飞行模式切换","rgTime":1516097716241,"rgVcode":"玉米(发码)","rgVersion":"1.6.3","rgWxEmail":"未绑定","rgWxError":"该微信帐号因批量或者使用非法软件注册被限制登录，如需继续使用，请轻触“确定”申请解除限制。","rgWxId":"wxid_zusqnu2z158822","rgWxName":"于泰","rgWxNo":"未设置","rgWxPasswd":"Rmst@7890","rgWxQQ":"未绑定","rgWxStatus":"异常","rgWxWindows":"否","serialno":"616cad6d","simCountryIso":"cn","simOperator":"46007","simOperatorName":"中国移动","simSerialNumber":"8986021969992843562","simState":5,"subscriberId":"460074976127456","type":1,"typeName":"WIFI","width":0,"wifiScan":["MERCURY_35981e,14:75:90:b9:79:ae,[WPA-PSK-CCMP][WPA2-PSK-CCMP][WPS][ESS],-72,2462,394013732","MERCURY_598d0e,00:e0:4c:1f:ae:33,[WPA2-PSK-CCMP][WPS][ESS],-92,2437,240636243","MERCURY_ec0f36,d8:42:ac:40:54:ad,[WPA2-PSK-CCMP][WPS][ESS],-83,2437,268029948","FAST_1dadc0,00:5a:39:cd:07:a6,[WPA2-PSK-CCMP][WPS][ESS],-92,2437,202394697","MERCURY_ed1db0,6c:59:40:52:71:66,[WPA2-PSK-CCMP][WPS][ESS],-95,2462,502438360"]}