{"BSSID":"c6:c1:02:cd:c7:2d","IpAddress":"192.168.8.184","P2p0Mac":"fa:b7:56:fc:c7:cf","SSID":"MERCURY_204364","androidId":"1affc9437474aad7","batteryLevel":63,"btAddress":"59:0a:80:38:63:6a","btName":"LEX720","buildAbi":"armeabi-v7a","buildAbi2":"armeabi","buildBoard":"otter2","buildBrand":"LeEco","buildCodename":"REL","buildDescription":"ZL1_CN-user 7.0.0 NRD90M 8405e90d release-keys","buildDevice":"le_zl1","buildFingerprint":"LeEco/LEX720/le_zl1:7.0.0/NRD90M/8405e90d:user/release-keys","buildHardware":"qcom","buildHost":"ubuntu","buildId":"NRD90M","buildIncremental":"8405e90d","buildManufacturer":"LeMobile","buildModel":"LEX720","buildName":"LeEco","buildProduct":"ZL1_CN","buildRadioVersion":"ptelsycywvuhcx","buildRelease":"7.0.0","buildSdk":"24","buildSerialno":"78afbed4","buildTags":"release-keys","buildType":"user","buildUser":"builder","buildUtc":1469237147144,"cellScan":[],"ci":0,"contacts":["奶奶,15503121865","姑妈,15500567412","外婆,13400701898","外公,15506758127","舅舅,13408302249","舅妈,15602020173","姨父,13308686136","姨娘,13405150545","亲爱的,13400247900","老弟,13805321897","老妹,13402990432","小明,14704801919","小李子,13903961444","王全艺,13000096315","Alex Moore,13200194488","吴昱梦,13407702919","王世敬,15505724070","郝雷江,18701744437","Raymond Stevens,18805266700","王颖,15605566890","诸葛夜昱,18003120182","王翔延,18807174570","Sue Brooks,18707736377","王素凇,15701197780","李向相,13106068860","葛伟西,18806897584","Chad Russell,18703658925","杨骥,13508060799","张思,15903238088","林行商,13902088525","Beatrice Wood,13904274313","郑宫吉,13700370170","于誓,13806717577","张易毅,14708824038","Luis Torres,14705064325","薛江秀,15305332699","童铜勇,13504556654","王培稼,15707275116","Julia Adams,14702492320","裴声璇,13607012010","郑砚木,18000363956","吴康昆,13703696005","Bradley Wright,13901230328","钮如宇,15300604410","吴棠三,13308036254","乐仕童,14704438802","Vernon Holmes,15701005041","陈建,15906463195"],"cpuName":"Qualcomm Technologies, Inc MSM8996pro","densityDpi":320,"deviceId":"861859137398944","deviceSvn":"17","displayId":"ZL1_CN-user 7.0.0 NRD90M 8405e90d release-keys","extraInfo":"MERCURY_204364","height":0,"hidePkgs":[],"hmNotes":"","hookPkgs":[],"lac":0,"latitude":30.6932798,"line1Number":"18380362422","longitude":104.0989443,"macAddress":"4e:d2:00:b6:1f:ad","memAvailable":935471837,"memFree":1870943675,"memTotal":2806415512,"mnc":"00","networkClass":2,"networkCountryIso":"cn","networkOperator":"46007","networkOperatorName":"中国移动","networkType":17,"networkTypeName":"TD_SCDMA","phoneType":1,"rgAndroid":"23","rgAreaode":"86","rgConNames":[],"rgCountry":"中国","rgDevice":"xiaomiRedmi 4X","rgIp":"119.4.255.168","rgLastLogin":1516102458153,"rgLocation":"四川省成都市 联通","rgNetType":"切换飞行模式","rgOrPhone":"18380362422","rgPhoneNo":"18380362422","rgServer":"飞行模式切换","rgTime":1516074615100,"rgVcode":"玉米(发码)","rgVersion":"1.6.3","rgWxError":"帐号状态异常，本次登录已失效。请尝试重新登录，并根据弹窗提示操作。","rgWxName":"王珀泰","rgWxPasswd":"Rmst@7890","rgWxStatus":"异常","rgWxWindows":"否","serialno":"78afbed4","simCountryIso":"cn","simOperator":"46007","simOperatorName":"中国移动","simSerialNumber":"8986023366380477941","simState":5,"subscriberId":"460074063110612","type":1,"typeName":"WIFI","width":0,"wifiScan":["iTV-d97d,b0:d1:b2:d7:14:2f,[WPA2-PSK-CCMP][ESS],-85,2437,370429810","Netcore_b0ee20,13:cc:09:92:a6:05,[WPA-PSK-CCMP][WPA2-PSK-CCMP][WPS][ESS],-78,2442,451527802","Tenda_4488cc,40:2b:14:24:8c:f4,[WPA2-PSK-CCMP][ESS],-94,2452,1391828764","PHICOMM_955377,f7:e6:66:1e:c0:0b,[WPA-PSK-CCMP][WPA2-PSK-CCMP][WPS][ESS],-81,2412,1344135627","TP-LINK_ba9ecc,64:dc:63:43:1c:48,[WPA-PSK-CCMP][WPA2-PSK-CCMP][ESS],-90,2472,2195729281","Netcore_0fe326,3d:be:97:cf:71:e3,[WPA-PSK-CCMP][WPA2-PSK-CCMP][WPS][ESS],-90,2462,340585942"]}