{"BSSID":"79:4f:16:01:b6:38","IpAddress":"10.41.78.125","P2p0Mac":"ce:34:e3:55:d5:c0","SSID":"TP-LINK_6a943d","androidId":"3e595e7e8e6fbb0e","batteryLevel":65,"btAddress":"45:ed:dd:10:b2:a1","btName":"Redmi Note 2","buildAbi":"armeabi-v7a","buildAbi2":"armeabi","buildBoard":"qcom","buildBrand":"Xiaomi","buildCodename":"REL","buildDescription":"hermes-user 6.0.1 MMB29T 91eb67c8 release-keys","buildDevice":"hermes","buildFingerprint":"Xiaomi/Redmi Note 2/hermes:6.0.1/MMB29T/91eb67c8:user/release-keys","buildHardware":"qcom","buildHost":"zc-miui-ota-bd39.bj","buildId":"MMB29T","buildIncremental":"91eb67c8","buildManufacturer":"Xiaomi","buildModel":"Redmi Note 2","buildName":"Xiaomi","buildProduct":"hermes","buildRadioVersion":"vmaaaiahufiwzpksl","buildRelease":"6.0.1","buildSdk":"23","buildSerialno":"e472f487","buildTags":"release-keys","buildType":"user","buildUser":"lgmobile","buildUtc":1505490584863,"cellScan":["61726,169784441","61726,169791767","32801,49054","39937,163977779","39937,164133938"],"ci":169784441,"contacts":["奶奶,15007438604","姑妈,15903554946","外婆,15806386988","外公,15906291400","舅舅,18602524659","舅妈,13490452425","姨父,15705753354","姨娘,18605663165","亲爱的,13906360903","老弟,15904465895","老妹,18705940041","小明,15607358920","小李子,13304540189","王伟彤,13000510807","Stephanie Brooks,13004001908","吴罗雄,13490079590","狄妙异,18900535551","常慎古,18602433950","Ruby Lawrence,15507873721","邬余巍,15800292759","席胜为,14706932855","云梁怡,14702693150","Larry Cooper,18802370523","李享,18600168076","杨实,15103003756","王伊,13490557624","Derek Flores,18906596672","吴吾,15304036686","陈兴,15802357970","梅炎魁,18703303092","Tammy Wallace,15704876051","杨明,18705728546","范演伟,15503413580","杨翼,14700318353","Glen Hunt,14700333374","时佳古,13004326901","任秋立,13005841095","松尚兴,18705733138","Cheryl Scott,18705295946","傅逵岁,15505817309","杨梦,15106172903","井图权,18805250463","Jesse Reyes,18801050517","萧珊异,13104582627","惠逸任,13801872487"],"cpuName":"MT6795M","densityDpi":560,"deviceId":"866714891078742","deviceSvn":"16","displayId":"hermes-user 6.0.1 MMB29T 91eb67c8 release-keys","extraInfo":"ctnet","height":0,"hidePkgs":[],"hmNotes":"","hookPkgs":[],"lac":61726,"latitude":30.5820489,"line1Number":"18228099427","longitude":104.2341464,"macAddress":"91:1d:56:c8:70:95","memAvailable":4109690031,"memFree":12329070093,"memTotal":16438760124,"mnc":"00","networkClass":2,"networkCountryIso":"cn","networkOperator":"46000","networkOperatorName":"中国移动","networkType":17,"networkTypeName":"TD_SCDMA","phoneType":1,"rgAndroid":"23","rgAreaode":"86","rgConNames":[],"rgCountry":"中国","rgDevice":"xiaomiRedmi 4X","rgIp":"119.4.253.169","rgLastLogin":1516188689676,"rgLocation":"四川省成都市 联通","rgNetType":"切换飞行模式","rgOrPhone":"18228099427","rgPhoneNo":"18228099427","rgServer":"飞行模式切换","rgTime":1516185119359,"rgVcode":"玉米(发码)","rgVersion":"1.6.3","rgWxError":"帐号状态异常，本次登录已失效。请尝试重新登录，并根据弹窗提示操作。","rgWxName":"于如先","rgWxPasswd":"Rmst@7890","rgWxStatus":"异常","rgWxWindows":"否","serialno":"e472f487","simCountryIso":"cn","simOperator":"46000","simOperatorName":"中国移动","simSerialNumber":"8986001915043387190","simState":5,"subscriberId":"460008130347292","type":0,"typeName":"MOBILE","width":0,"wifiScan":["PHICOMM_314974,1c:fa:68:0f:e0:90,[WPA2-PSK-CCMP][ESS],-65,2437,536435498","TP-LINK_ea9c1f,6c:59:40:8b:43:02,[WPS][ESS],-80,2412,217201102","PHICOMM_f21ed1,00:3a:9a:7c:e7:f0,[WPA2-PSK-CCMP][ESS],-80,2412,1411632717","iTV-ca85,78:a1:06:6d:af:4e,[WPA2-PSK-CCMP][ESS],-82,2462,384629309","FAST_95387b,00:3a:9a:f1:d4:30,[WPA2-PSK-CCMP][WPS][ESS],-89,2437,230764375"]}