{"BSSID":"62:4e:98:e0:b9:14","IpAddress":"192.168.90.227","P2p0Mac":"bd:28:be:a0:7e:16","SSID":"Tenda_7375ad","androidId":"c0df609a050e1822","batteryLevel":83,"btAddress":"f9:a4:87:0c:33:92","btName":"Redmi Note 3","buildAbi":"armeabi-v7a","buildAbi2":"armeabi","buildBoard":"universal5433","buildBrand":"Xiaomi","buildCodename":"REL","buildDescription":"hennessy-user 6.0.1 MMB29T d9901c9e release-keys","buildDevice":"hennessy","buildFingerprint":"Xiaomi/Redmi Note 3/hennessy:6.0.1/MMB29T/d9901c9e:user/release-keys","buildHardware":"qcom","buildHost":"qh-miui-ota-bd54","buildId":"MMB29T","buildIncremental":"d9901c9e","buildManufacturer":"Xiaomi","buildModel":"Redmi Note 3","buildName":"Xiaomi","buildProduct":"hennessy","buildRadioVersion":"abrtgpnoygbrzwjug","buildRelease":"6.0.1","buildSdk":"23","buildSerialno":"b6a2628a","buildTags":"release-keys","buildType":"user","buildUser":"Server","buildUtc":1501084227658,"cellScan":["61705,168407428","33299,17010","33299,139856133","33299,24913","33299,217842435"],"ci":24913,"contacts":["奶奶,13490744174","姑妈,14703634066","外婆,13505922683","外公,13490720458","舅舅,15504311260","舅妈,13706948651","姨父,13506131857","姨娘,13505357158","亲爱的,18804117162","老弟,13406002278","老妹,15801180013","小明,18607562026","小李子,18900957214","安昆悠,15804003513","Harry Wilson,15007235574","王慎,15801612066","邴意勇,13506872746","束明岁,13490633468","Rita Carroll,18003056047","何魄许,14706298150","昌隆玉,13001026089","杨仁杏,13807824185","Cathy Chavez,13908284127","李韶英,15005051731","姜镜菁,15302461983","王超,13304685911","Jose Evans,13301392899","娄津江,14704212134","谷文卫,15907026079","戎立克,15101622357","Connie Simpson,15100837612","萧齐泉,13804658424","陈霖渠,18800317223","王相,13002145640","Roy Harper,13005468025","杨谷相,13006790300","蓝欣怀,15304567822","李文儒,15608713544","Andrea Black,18601198264","王寿,18601064623","邬吉萱,15205946131","和异卿,18805248043","Chad Washington,18808821737","熊平木,15906611378","咎良界,15302404672","金王楷,13502537019","Frank Burns,13500210651","颜石轩,13504275135","米绵梧,15701518800","张宇,13805868407","Bonnie Gibson,13701102965"],"cpuName":"Qualcomm Technologies, Inc MSM8956","densityDpi":480,"deviceId":"860818371440110","deviceSvn":"11","displayId":"hennessy-user 6.0.1 MMB29T d9901c9e release-keys","extraInfo":"Tenda_7375ad","height":0,"hidePkgs":[],"hmNotes":"","hookPkgs":[],"lac":33299,"latitude":30.8629955,"line1Number":"18224448563","longitude":103.913492,"macAddress":"6f:42:ec:c1:e4:99","memAvailable":129105162,"memFree":387315488,"memTotal":516420650,"mnc":"00","networkClass":1,"networkCountryIso":"cn","networkOperator":"46007","networkOperatorName":"中国移动","networkType":2,"networkTypeName":"EDGE","phoneType":1,"rgAndroid":"23","rgAreaode":"86","rgConNames":[],"rgCountry":"中国","rgDevice":"xiaomiRedmi 4X","rgIp":"101.206.167.38","rgLastLogin":1516188057974,"rgLocation":"四川省 联通","rgNetType":"切换飞行模式","rgOrPhone":"18224448563","rgPhoneNo":"18224448563","rgServer":"飞行模式切换","rgTime":1516179035102,"rgVcode":"玉米(发码)","rgVersion":"1.6.3","rgWxError":"帐号状态异常，本次登录已失效。请尝试重新登录，并根据弹窗提示操作。","rgWxName":"张古玮","rgWxPasswd":"Rmst@7890","rgWxStatus":"异常","rgWxWindows":"否","serialno":"b6a2628a","simCountryIso":"cn","simOperator":"46007","simOperatorName":"中国移动","simSerialNumber":"8986024440914372250","simState":5,"subscriberId":"460071984931035","type":1,"typeName":"WIFI","width":0,"wifiScan":["MERCURY_16ba95,78:eb:14:12:a6:27,[WPA2-PSK-CCMP][WPS][ESS],-84,2412,2510034422","MERCURY_dba77b,ec:17:2f:5c:e4:9e,[WPA2-PSK-CCMP][ESS],-65,2462,545338486","PHICOMM_fdd559,ec:26:ca:b3:1a:fe,[WPA-PSK-CCMP][WPA2-PSK-CCMP][ESS],-76,2417,2686333607","TP-LINK_bb775a,64:3a:b1:37:b9:c2,[WPA-PSK-CCMP][WPA2-PSK-CCMP][WPS][ESS],-93,2462,328436859","FAST_88cb42,64:3a:b1:7d:2c:c2,[WPA-PSK-CCMP][WPA2-PSK-CCMP][WPS][ESS],-64,2462,486903253"]}