{"BSSID":"a1:f0:d1:7f:39:79","IpAddress":"192.168.95.170","P2p0Mac":"98:1e:ae:9e:00:45","SSID":"PHICOMM_1f4363","androidId":"2c87efb6616f3b62","batteryLevel":66,"btAddress":"29:6a:3f:56:72:1e","btName":"m3","buildAbi":"armeabi-v7a","buildAbi2":"armeabi","buildBoard":"n1","buildBrand":"Meizu","buildCodename":"REL","buildDescription":"m3-user 6.0.1 MMB29T 24d63f52 release-keys","buildDevice":"m3","buildFingerprint":"Meizu/m3/m3:6.0.1/MMB29T/24d63f52:user/release-keys","buildHardware":"qcom","buildHost":"LGEACI2R5","buildId":"MMB29T","buildIncremental":"24d63f52","buildManufacturer":"Meizu","buildModel":"m3","buildName":"Meizu","buildProduct":"m3","buildRadioVersion":"avgcjlcyuir","buildRelease":"6.0.1","buildSdk":"23","buildSerialno":"efc1d741","buildTags":"release-keys","buildType":"user","buildUser":"builder","buildUtc":1497463897570,"cellScan":["32904,139947011","61716,168191779","61716,169511459","32904,34023","61716,169502468"],"ci":139947011,"contacts":["奶奶,15504792984","姑妈,13300785538","外婆,15206430328","外公,15803243890","舅舅,15308481064","舅妈,18602210833","姨父,13302466693","姨娘,18906897762","亲爱的,13708543107","老弟,15206757152","老妹,13908765666","小明,15705235880","小李子,15908660592","茅航素,15301493166","April Brooks,18004500861","祝屏冠,15902441776","杨锐卿,14704923734","王妙,15300397103","Diane Perez,18003317092","李嘉,13490140735","张峻,15603816998","吴俊,14704781260","Erica Mills,18706220600","李海,13606685190","裘吾恒,13806774106","韩珊,13607568556","Dustin Rodriguez,13806314532","陶荃洋,13701982258","唐王铁,14706207570","张谦,13101304244","Evelyn Hicks,13003613987","李仁珀,18007608068","李谷,18605224227","经建世,18704435160","Jason Ford,18801437700","张瑕,13006350738","荣媛璇,13803688995","舒殊曜,15103654496","Timothy Mills,15100464391","经律幸,13405645638","戚桂团,13700610042"],"cpuName":"MT6750","densityDpi":560,"deviceId":"863086960879190","deviceSvn":"72","displayId":"m3-user 6.0.1 MMB29T 24d63f52 release-keys","extraInfo":"PHICOMM_1f4363","height":0,"hidePkgs":[],"hmNotes":"","hookPkgs":[],"lac":32904,"latitude":30.5241077,"line1Number":"18224443651","longitude":103.8278975,"macAddress":"a5:7a:2b:29:0f:bc","memAvailable":935674803,"memFree":1871349608,"memTotal":2807024411,"mnc":"00","networkClass":2,"networkCountryIso":"cn","networkOperator":"46000","networkOperatorName":"中国移动","networkType":8,"networkTypeName":"HSDPA","phoneType":1,"rgAndroid":"23","rgAreaode":"86","rgConNames":[],"rgCountry":"中国","rgDevice":"xiaomiRedmi 4X","rgIp":"119.4.254.239","rgLastLogin":1516187914706,"rgLocation":"四川省成都市 联通","rgNetType":"切换飞行模式","rgOrPhone":"18224443651","rgPhoneNo":"18224443651","rgServer":"飞行模式切换","rgTime":1516176929827,"rgVcode":"玉米(发码)","rgVersion":"1.6.3","rgWxError":"帐号状态异常，本次登录已失效。请尝试重新登录，并根据弹窗提示操作。","rgWxName":"松焱寅","rgWxPasswd":"Rmst@7890","rgWxStatus":"异常","rgWxWindows":"否","serialno":"efc1d741","simCountryIso":"cn","simOperator":"46000","simOperatorName":"中国移动","simSerialNumber":"8986029847084754305","simState":5,"subscriberId":"460008491712295","type":1,"typeName":"WIFI","width":0,"wifiScan":["ChainaNet_5159,78:eb:14:52:fd:1a,[WPA2-PSK-CCMP][ESS],-93,2437,1355134509","Netcore_9ea7cb,bc:3a:ea:96:21:64,[WPA2-PSK-CCMP][WPS][ESS],-50,2462,3610036722","Tenda_fe2054,a4:7e:39:2e:72:b8,[WPA-PSK-CCMP][WPA2-PSK-CCMP][WPS][ESS],-95,2427,287472511","PHICOMM_eb476a,00:23:c9:c1:03:aa,[WPA2-PSK-CCMP][WPS][ESS],-84,2437,374163676","Netcore_afc98c,28:2c:b2:26:f2:8a,[WPA-PSK-CCMP][WPA2-PSK-CCMP][WPS][ESS],-90,2462,230529736"]}