{"BSSID":"2b:ea:05:ed:5e:e0","IpAddress":"192.168.73.135","P2p0Mac":"c9:09:70:11:e3:72","SSID":"Tenda_a9c1f3","androidId":"4f12bf38c7a91f81","batteryLevel":88,"btAddress":"4d:32:98:29:b0:c4","btName":"HM NOTE 1S","buildAbi":"armeabi-v7a","buildAbi2":"armeabi","buildBoard":"msm8996","buildBrand":"Xiaomi","buildCodename":"REL","buildDescription":"gucci-user 7.1.2 NMF26Q 5b0d38a8 release-keys","buildDevice":"gucci","buildFingerprint":"Xiaomi/HM NOTE 1S/gucci:7.1.2/NMF26Q/5b0d38a8:user/release-keys","buildHardware":"qcom","buildHost":"Android-server","buildId":"NMF26Q","buildIncremental":"5b0d38a8","buildManufacturer":"Xiaomi","buildModel":"HM NOTE 1S","buildName":"Xiaomi","buildProduct":"gucci","buildRadioVersion":"zaswfurk","buildRelease":"7.1.2","buildSdk":"25","buildSerialno":"8e638fdb","buildTags":"release-keys","buildType":"user","buildUser":"buildHost","buildUtc":1467795552637,"cellScan":["61723,167907868","61709,169564894","61709,30663","61709,44922","33041,12155"],"ci":169564894,"contacts":["奶奶,13490153288","姑妈,15103275598","外婆,15701220813","外公,13603114424","舅舅,15502466528","舅妈,18005942969","姨父,14701816815","姨娘,13805784052","亲爱的,13701953149","老弟,13504364210","老妹,18801611442","小明,13301628807","小李子,15804148831","诸葛禄羡,13206545496","Marion Riley,15508532808","余胤弘,13806422347","汲介瑛,14703056759","干团生,18607680323","Eva Berry,13207886868","余元,13507412314","于乾,15005582844","伍默罗,13407374484","Tammy Edwards,15908846172","吴贤,15701341068","祝芹芹,15200041646","陈锐虹,13901050743","Connie Hall,13702321437","詹谦瑜,15307201533","荣帅梧,15101745230","杨钰梦,18607275860","Herman Ellis,18604556640","李雷奇,15003303984","陈舒,18703485284","余旭元,18905340173","Angela Gordon,15303324234","杨惠幸,18603765879","干宇锦,13490044578","张魄,18007827187","Ricky Taylor,18008757981","刁彤欣,18701454331","李虹,15807084147","王立,13102466485","Norman Scott,15503035512","于英,14708501092","陈宫观,15805703887","张幸由,13702422869","Marion Flores,13608276362","胡余然,13807360255","荣良秋,13401418020"],"cpuName":"Qualcomm Technologies, Inc MSM8916","densityDpi":320,"deviceId":"862046531927739","deviceSvn":"15","displayId":"gucci-user 7.1.2 NMF26Q 5b0d38a8 release-keys","extraInfo":"Tenda_a9c1f3","height":0,"hidePkgs":[],"hmNotes":"","hookPkgs":[],"lac":61709,"latitude":30.6175486,"line1Number":"18328720482","longitude":104.0949098,"macAddress":"b6:ce:9f:9f:2c:56","memAvailable":937501430,"memFree":2812504292,"memTotal":3750005722,"mnc":"00","networkClass":3,"networkCountryIso":"cn","networkOperator":"46002","networkOperatorName":"中国移动","networkType":13,"networkTypeName":"LTE","phoneType":1,"rgAndroid":"23","rgAreaode":"86","rgConNames":[],"rgCountry":"中国","rgDevice":"xiaomiRedmi 4X","rgIp":"119.4.253.126","rgLastLogin":1516187989998,"rgLocation":"四川省成都市 联通","rgNetType":"切换飞行模式","rgOrPhone":"18328720482","rgPhoneNo":"18328720482","rgServer":"飞行模式切换","rgTime":1516178216266,"rgVcode":"玉米(发码)","rgVersion":"1.6.3","rgWxError":"帐号状态异常，本次登录已失效。请尝试重新登录，并根据弹窗提示操作。","rgWxName":"杨旭","rgWxPasswd":"Rmst@7890","rgWxStatus":"异常","rgWxWindows":"否","serialno":"8e638fdb","simCountryIso":"cn","simOperator":"46002","simOperatorName":"中国移动","simSerialNumber":"8986023648228214451","simState":5,"subscriberId":"460027675430282","type":1,"typeName":"WIFI","width":0,"wifiScan":["FAST_ded2f3,24:69:68:e7:90:42,[WPA2-PSK-CCMP][ESS],-66,2462,2868130476","TP-LINK_fd2531,cc:34:29:61:cf:2c,[WPA-PSK-CCMP][WPA2-PSK-CCMP][WPS][ESS],-52,2437,358469928","Netcore_8b9ed8,74:a7:8e:84:4f:ab,[WPA-PSK-CCMP][WPA2-PSK-CCMP][ESS],-71,2437,2934831323","TP-LINK_fa9e,8c:21:0a:1e:bc:26,[WPA-PSK-CCMP][WPA2-PSK-CCMP][ESS],-73,2457,3223832305","MERCURY_30e265,d8:15:0d:7a:4b:72,[WPA2-PSK-CCMP][WPS][ESS],-74,2437,881828622"]}