{"BSSID":"72:26:0f:a7:2e:88","IpAddress":"192.168.94.249","P2p0Mac":"76:25:4a:45:f9:2f","SSID":"ChainaNet_ec1f","androidId":"6d04d8b15360bc59","batteryLevel":35,"btAddress":"53:0a:75:fe:32:87","btName":"m1 note","buildAbi":"armeabi-v7a","buildAbi2":"armeabi","buildBoard":"acclaim","buildBrand":"Meizu","buildCodename":"REL","buildDescription":"m1note-user 6.0.1 MMB29T 048207a0 release-keys","buildDevice":"m1note","buildFingerprint":"Meizu/m1 note/m1note:6.0.1/MMB29T/048207a0:user/release-keys","buildHardware":"qcom","buildHost":"linux-user","buildId":"MMB29T","buildIncremental":"048207a0","buildManufacturer":"Meizu","buildModel":"m1 note","buildName":"Meizu","buildProduct":"m1note","buildRadioVersion":"nyqutkbecbfguzq","buildRelease":"6.0.1","buildSdk":"23","buildSerialno":"8fc8d5f7","buildTags":"release-keys","buildType":"user","buildUser":"builder","buildUtc":1488755377849,"cellScan":["61703,168100881","61699,168100884","61699,168100881","61701,168019320","61701,15854"],"ci":168100881,"contacts":["奶奶,13003431359","姑妈,15007486519","外婆,15801508360","外公,15002950890","舅舅,15001053587","舅妈,18007458562","姨父,13907192391","姨娘,15507733532","亲爱的,15005420582","老弟,15203885642","老妹,18605036670","小明,13706836469","小李子,13101180160","廉游岳,15906148673","Dana Hughes,15002922265","于胤松,13905158453","包瑕威,13908493936","吴森,15905013854","Rhonda Snyder,15203916438","刁耕青,15200036689","戴礼延,15208496707","嵇迅享,13201580182","Alex Davis,13005453279","计广巍,13704794241","杨惠驹,13605382260","万仪谷,15308556059","William Campbell,18004794437","李献进,14700427913","于河岩,15903134499","李适,13490061358","Gilbert Ferguson,15306420610","王让,13401126154","林立熙,15006675801","宫韶宏,18800564919","Samantha James,18703587599","荀棠翔,13490202765","李颖羡,15201890940","张森杏,13003135253","Alan Walker,13004048010","戴荣松,13804153333","杨夜,15504820177","张水西,18001606468","Samuel Wright,15302388833","李菁为,14702665394"],"cpuName":"MT6752","densityDpi":320,"deviceId":"865499374920922","deviceSvn":"47","displayId":"m1note-user 6.0.1 MMB29T 048207a0 release-keys","extraInfo":"ChainaNet_ec1f","height":0,"hidePkgs":[],"hmNotes":"","hookPkgs":[],"lac":61699,"latitude":30.7058605,"line1Number":"18380364507","longitude":104.1196294,"macAddress":"d1:a1:9a:43:98:21","memAvailable":1250000525,"memFree":2500001050,"memTotal":3750001575,"mnc":"00","networkClass":2,"networkCountryIso":"cn","networkOperator":"46007","networkOperatorName":"中国移动","networkType":17,"networkTypeName":"TD_SCDMA","phoneType":1,"rgAndroid":"23","rgAreaode":"86","rgConNames":["庞江松","上善若水"],"rgConsize":"2","rgCountry":"中国","rgDevice":"xiaomiRedmi 4X","rgIp":"119.4.253.217","rgLastLogin":1516421190748,"rgLocation":"四川省成都市 联通","rgNetType":"切换飞行模式","rgOrPhone":"18380364507","rgPhoneNo":"18380364507","rgServer":"飞行模式切换","rgTime":1516179625275,"rgVcode":"玉米(发码)","rgVersion":"1.6.3","rgWxEmail":"未绑定","rgWxError":"帐号状态异常，本次登录已失效。请尝试重新登录，并根据弹窗提示操作。","rgWxId":"wxid_a9b0rfh1f4ok22","rgWxName":"庞江松","rgWxNo":"未设置","rgWxPasswd":"Rmst@7890","rgWxQQ":"未绑定","rgWxStatus":"异常","rgWxWindows":"否","serialno":"8fc8d5f7","simCountryIso":"cn","simOperator":"46007","simOperatorName":"中国移动","simSerialNumber":"8986026197185191711","simState":5,"subscriberId":"460079880928419","type":1,"typeName":"WIFI","width":0,"wifiScan":["MERCURY_d2262f,24:69:68:bd:f1:82,[WPA2-PSK-CCMP][WPS][ESS],-94,2462,519309891","iTV-8104,28:2c:b2:6f:ff:f6,[WPA-PSK-CCMP][WPA2-PSK-CCMP][ESS],-88,2437,449638689","TP-LINK_b9eda8,50:bd:5f:26:7d:ce,[WPA-PSK-CCMP][WPA2-PSK-CCMP][WPS][ESS],-85,2452,237810635","MERCURY_9ec1,bc:d1:77:97:7c:78,[WPA2-PSK-CCMP][ESS],-88,2447,347576245","ChainaNet_3fd2,b0:d5:9d:43:00:88,[WPA-PSK-CCMP][WPA2-PSK-CCMP][ESS],-62,2472,300460562"]}