{"BSSID":"5e:db:b5:0f:4d:9d","IpAddress":"192.168.65.123","P2p0Mac":"2e:54:86:b4:29:dc","SSID":"Netcore_041e27","androidId":"32a07d482de5b5c2","batteryLevel":65,"btAddress":"fb:b5:ef:c8:8e:f5","btName":"MI 5X","buildAbi":"armeabi-v7a","buildAbi2":"armeabi","buildBoard":"t6wl","buildBrand":"Xiaomi","buildCodename":"REL","buildDescription":"tiffany-user 6.0.1 MMB29T be2b97d8 release-keys","buildDevice":"tiffany","buildFingerprint":"Xiaomi/MI 5X/tiffany:6.0.1/MMB29T/be2b97d8:user/release-keys","buildHardware":"qcom","buildHost":"taishan","buildId":"MMB29T","buildIncremental":"be2b97d8","buildManufacturer":"Xiaomi","buildModel":"MI 5X","buildName":"Xiaomi","buildProduct":"tiffany","buildRadioVersion":"uwzobelgaopylitvt","buildRelease":"6.0.1","buildSdk":"23","buildSerialno":"b499731a","buildTags":"release-keys","buildType":"user","buildUser":"android","buildUtc":1460618341836,"cellScan":["61712,168870825","32911,5062","32911,43021","61712,169945219","32847,4901"],"ci":4901,"contacts":["奶奶,13103867221","姑妈,13204592733","外婆,13304250442","外公,13408371082","舅舅,15505795164","舅妈,15100825829","姨父,13903882893","姨娘,15008665970","亲爱的,13903278437","老弟,18803774300","老妹,13101337616","小明,15507374277","小李子,15703256166","强吾媛,13307155290","Jessica Burns,15303740057","张威保,15008362047","于念,18607216620","张瑕同,13600433254","Dawn Morgan,13900952150","全腾观,13406374303","王杏,15306832367","杨帅,15801213819","Diana Crawford,15007432641","李新苡,15707473315","余琦乾,15707464797","郗随星,18705000976","Mildred King,15706607149","宣影誓,13208392378","徐玉郡,15105998190","仲童帅,13403182543","Ryan Thompson,15200630567","陈殊,13607538216","陈莉珊,18700856738","于凇,18605598593","Ana Rivera,15603008030","杨许禄,13203461091","谷铜荃,14702634397","粱棠校,15305848789","Todd Cox,13304227653","吴耀红,13606756572","余霖,13202522441","张设,18005648706","Nicholas Freeman,13302494914","鲁寅皓,13507525168","李宫善,14707476767","吕硕昆,15700352072","Bertha Crawford,14703591550"],"cpuName":"Qualcomm Technologies, Inc MSM8953","densityDpi":560,"deviceId":"862912945350109","deviceSvn":"42","displayId":"tiffany-user 6.0.1 MMB29T be2b97d8 release-keys","extraInfo":"Netcore_041e27","height":0,"hidePkgs":[],"hmNotes":"","hookPkgs":[],"lac":32847,"latitude":30.6023484,"line1Number":"18224020784","longitude":103.7461349,"macAddress":"7c:1c:44:84:12:29","memAvailable":31484805,"memFree":62969612,"memTotal":94454417,"mnc":"00","networkClass":2,"networkCountryIso":"cn","networkOperator":"46000","networkOperatorName":"中国移动","networkType":17,"networkTypeName":"TD_SCDMA","phoneType":1,"rgAndroid":"23","rgAreaode":"86","rgConNames":["上善若水","杨绣权"],"rgConsize":"2","rgCountry":"中国","rgDevice":"xiaomiRedmi 4X","rgIp":"119.4.255.168","rgLastLogin":1516876884768,"rgLocation":"四川省成都市 联通","rgNetType":"切换飞行模式","rgOrPhone":"18224020784","rgPhoneNo":"18224020784","rgServer":"飞行模式切换","rgTime":1516263145534,"rgVcode":"玉米(发码)","rgVersion":"1.6.3","rgWxEmail":"未绑定","rgWxError":"","rgWxId":"wxid_pa6po60dybtq22","rgWxName":"杨绣权","rgWxNo":"未设置","rgWxPasswd":"Rmst@7890","rgWxQQ":"未绑定","rgWxStatus":"存活","rgWxWindows":"否","serialno":"b499731a","simCountryIso":"cn","simOperator":"46000","simOperatorName":"中国移动","simSerialNumber":"8986003711264131270","simState":5,"subscriberId":"460001758224072","type":1,"typeName":"WIFI","width":0,"wifiScan":["TP-LINK_d1dc,24:69:68:a4:74:ee,[WPA2-PSK-CCMP][ESS],-54,2412,275977559","MERCURY_ec0f42,34:bd:f9:51:e6:68,[WPA2-PSK-CCMP][WPS][ESS],-62,2437,521302400","Netcore_d1ff33,34:bd:f9:80:6b:58,[WPA2-PSK-CCMP][WPS][ESS],-57,2412,389952492","MERCURY_0f3315,c0:61:18:3a:f7:c0,[WPA2-PSK-CCMP][ESS],-91,2412,358375741","TP-LINK_dd11dd,50:bd:5f:db:c1:ca,[WPA-PSK-CCMP][WPA2-PSK-CCMP][ESS],-91,2437,3097229752"]}