{"BSSID":"6d:40:55:f7:e3:e0","IpAddress":"10.3.65.141","P2p0Mac":"a9:85:2c:74:5b:7b","SSID":"Tenda_4bf9ce","androidId":"4a2800bde48612cd","batteryLevel":59,"btAddress":"75:18:1a:bb:74:14","btName":"Redmi Note 4X","buildAbi":"armeabi-v7a","buildAbi2":"armeabi","buildBoard":"otter2","buildBrand":"Xiaomi","buildCodename":"REL","buildDescription":"Redmi Note 4X-user 7.0.0 NRD90M b9162552 release-keys","buildDevice":"Redmi Note 4X","buildFingerprint":"Xiaomi/Redmi Note 4X/Redmi Note 4X:7.0.0/NRD90M/b9162552:user/release-keys","buildHardware":"qcom","buildHost":"glsrv4","buildId":"NRD90M","buildIncremental":"b9162552","buildManufacturer":"Xiaomi","buildModel":"Redmi Note 4X","buildName":"Xiaomi","buildProduct":"Redmi Note 4X","buildRadioVersion":"lqkvgznt","buildRelease":"7.0.0","buildSdk":"24","buildSerialno":"49369c62","buildTags":"release-keys","buildType":"user","buildUser":"Server","buildUtc":1485675113339,"cellScan":["33310,25294","61708,168566844","33030,117551136","33310,14504","33030,117551135"],"ci":117551136,"contacts":["奶奶,15202673473","姑妈,13490849098","外婆,13301346030","外公,15503411537","舅舅,14701043022","舅妈,18801771169","姨父,18000652243","姨娘,13301657162","亲爱的,13806841564","老弟,13006753016","老妹,13204911812","小明,15100203001","小李子,13490686251","汲湘康,18705190183","Jorge Arnold,18800232028","仲效胜,18601648846","王密信,15308861354","汤霖力,15105346614","Bernard Fox,15106993587","贺芹宇,13603830959","李年立,14707085537","纪倩守,13207972048","Bertha Foster,13204765598","杨璞行,13703266865","陈况,15103764353","杨界协,13004738656","Jeanne Ortiz,13107645611","项钰吾,18604397091","虞镜魁,18906215875","王佑恺,15003642470","Shirley Jones,15006906858","缪水炎,15206984470","张贤贺,15104408750","葛可津,15602025941","Raymond Nichols,15608400828","宓颖校,18700224193","李意恺,15702744967","罗雍雅,13406252991","Rosa Bennett,15208790516","吕鑫皓,15601512986","杨焱,18903893803","符超朔,13407630465","Steve Hayes,15201311914","黄津校,18805455091","王梧,13708820099"],"cpuName":"Qualcomm Technologies, Inc MSM8953","densityDpi":240,"deviceId":"860017123026505","deviceSvn":"69","displayId":"Redmi Note 4X-user 7.0.0 NRD90M b9162552 release-keys","extraInfo":"ctnet","height":0,"hidePkgs":[],"hmNotes":"","hookPkgs":[],"lac":33030,"latitude":30.5834442,"line1Number":"18237310946","longitude":104.0428971,"macAddress":"96:ee:44:35:19:61","memAvailable":24097668,"memFree":72293005,"memTotal":96390673,"mnc":"00","networkClass":3,"networkCountryIso":"cn","networkOperator":"46007","networkOperatorName":"中国移动","networkType":13,"networkTypeName":"LTE","phoneType":1,"rgAndroid":"23","rgAreaode":"86","rgConNames":["成鹏萱","上善若水"],"rgConsize":"2","rgCountry":"中国","rgDevice":"xiaomiRedmi 4X","rgIp":"119.4.253.52","rgLastLogin":1516707110161,"rgLocation":"四川省成都市 联通","rgNetType":"切换飞行模式","rgOrPhone":"18237310946","rgPhoneNo":"18237310946","rgServer":"飞行模式切换","rgTime":1516254875717,"rgVcode":"爱乐赞(接码/发码)","rgVersion":"1.6.3","rgWxEmail":"未绑定","rgWxError":"","rgWxId":"wxid_vdbri8bqmjsy22","rgWxName":"成鹏萱","rgWxNo":"未设置","rgWxPasswd":"Rmst@7890","rgWxQQ":"未绑定","rgWxStatus":"异常","rgWxWindows":"否","serialno":"49369c62","simCountryIso":"cn","simOperator":"46007","simOperatorName":"中国移动","simSerialNumber":"8986029528733321296","simState":5,"subscriberId":"460071239788906","type":0,"typeName":"MOBILE","width":0,"wifiScan":["MERCURY_6376,80:89:17:99:39:6e,[WPA-PSK-CCMP][WPA2-PSK-CCMP][ESS],-61,2467,2635338250","MERCURY_d1530f,6c:e8:73:a4:43:28,[WPA2-PSK-CCMP][ESS],-90,2462,496752671","Netcore_52f427,00:1f:64:c1:71:aa,[WPA-PSK-CCMP][WPA2-PSK-CCMP][WPS][ESS],-84,2437,217469116","MERCURY_76376a,9c:21:6a:f6:29:4a,[WPA2-PSK-CCMP][ESS],-84,2462,2296927223","Netcore_98ca75,64:3a:b1:3f:18:e2,[WPA2-PSK-CCMP][WPS][ESS],-50,2437,218086397"]}