{"BSSID":"1b:76:5f:0a:e8:ae","IpAddress":"192.168.20.14","P2p0Mac":"13:1a:cc:35:1e:6b","SSID":"PHICOMM_e21637","androidId":"324c0cf56fde24de","batteryLevel":50,"btAddress":"f0:3a:a3:67:9a:ab","btName":"ZTE G718C","buildAbi":"armeabi-v7a","buildAbi2":"armeabi","buildBoard":"roth","buildBrand":"ZTE","buildCodename":"REL","buildDescription":"ZTE-G718C-user 6.0.1 MMB29T 9c3e7d79 release-keys","buildDevice":"ZTE-G718C","buildFingerprint":"ZTE/ZTE G718C/ZTE-G718C:6.0.1/MMB29T/9c3e7d79:user/release-keys","buildHardware":"qcom","buildHost":"bs213","buildId":"MMB29T","buildIncremental":"9c3e7d79","buildManufacturer":"ZTE","buildModel":"ZTE G718C","buildName":"ZTE","buildProduct":"ZTE-G718C","buildRadioVersion":"twopqlsorbb","buildRelease":"6.0.1","buildSdk":"23","buildSerialno":"93d97e20","buildTags":"release-keys","buildType":"user","buildUser":"lgmobile","buildUtc":1476696406988,"cellScan":["33037,118500639","61705,168405195","61705,26613","61705,41072","33299,1284"],"ci":168405195,"contacts":["奶奶,18001493125","姑妈,15001497950","外婆,13704492358","外公,13490010642","舅舅,15307884776","舅妈,18802472630","姨父,18008444328","姨娘,15001617997","亲爱的,15003943782","老弟,15000641485","老妹,13800838402","小明,15307652953","小李子,14704843006","贾古良,13406046296","Glen Ray,15207769090","汪岳闻,15702448140","张木,13804710065","李卫朋,13207658822","Clarence Anderson,18600502362","于室,13604010537","杨畏,13490466106","杨向书,15301894168","Alan Rivera,13490635176","李演绵,18800928226","王伊,15501551878","张萱,18601312385","Brent Stevens,15507442063","汲旭盈,13906997168","王生,18902964902","陶尚鹄,13104683204","Shannon Foster,18602617095","李行,15801104308","杨介许,15601637850","秦奇勋,13302565931","Floyd Cox,13306396346","李璞,18800270612","杨吾,15801703965","奚利盛,15800323515","Megan Butler,15107247041","酆威佳,15506352991","邹易升,15908761278","胡培殊,13100962599","Annette Ray,13202114809","应皓河,18000163829","杨铁阔,13302254122","危珊文,13902661631","Floyd Berry,13601991310"],"cpuName":"Qualcomm MSM8926","densityDpi":480,"deviceId":"863551688748548","deviceSvn":"50","displayId":"ZTE-G718C-user 6.0.1 MMB29T 9c3e7d79 release-keys","extraInfo":"PHICOMM_e21637","height":0,"hidePkgs":[],"hmNotes":"","hookPkgs":[],"lac":61705,"latitude":30.8520088,"line1Number":"18280420092","longitude":103.9269105,"macAddress":"f7:78:2d:f4:23:93","memAvailable":1249962320,"memFree":2499924641,"memTotal":3749886961,"mnc":"00","networkClass":2,"networkCountryIso":"cn","networkOperator":"46000","networkOperatorName":"中国移动","networkType":17,"networkTypeName":"TD_SCDMA","phoneType":1,"rgAndroid":"23","rgAreaode":"86","rgConNames":[],"rgCountry":"中国","rgDevice":"xiaomiRedmi 4X","rgIp":"119.4.254.42","rgLastLogin":1516275252234,"rgLocation":"四川省成都市 联通","rgNetType":"切换飞行模式","rgOrPhone":"18280420092","rgPhoneNo":"18280420092","rgServer":"飞行模式切换","rgTime":1516270710789,"rgVcode":"玉米(发码)","rgVersion":"1.6.3","rgWxError":"帐号状态异常，本次登录已失效。请尝试重新登录，并根据弹窗提示操作。","rgWxName":"陈净君","rgWxPasswd":"Rmst@7890","rgWxStatus":"异常","rgWxWindows":"否","serialno":"93d97e20","simCountryIso":"cn","simOperator":"46000","simOperatorName":"中国移动","simSerialNumber":"8986029221704983950","simState":5,"subscriberId":"460004125952446","type":1,"typeName":"WIFI","width":0,"wifiScan":["TP-LINK_bd10c0,80:48:a5:f2:86:62,[WPA-PSK-CCMP][WPA2-PSK-CCMP][ESS],-73,2462,422739832","FAST_540e,34:37:59:9a:7e:d0,[WPA2-PSK-CCMP][WPS][ESS],-87,2462,1515036135","TP-LINK_e21d10,bc:46:99:4b:7b:d8,[WPA-PSK-CCMP][WPA2-PSK-CCMP][ESS],-80,2462,507317621","Netcore_430f30,80:48:a5:0e:3c:32,[WPA2-PSK-CCMP][WPS][ESS],-86,2462,2110527395","FAST_498487,c0:61:18:53:f1:1e,[WPA2-PSK-CCMP][WPS][ESS],-93,2437,405533661"]}