{"BSSID":"30:dd:22:6b:b2:08","IpAddress":"192.168.51.34","P2p0Mac":"29:09:3b:08:d8:47","SSID":"TP-LINK_253872","androidId":"98ef3735c82683b1","batteryLevel":44,"btAddress":"b8:66:2f:45:bd:25","btName":"C5503","buildAbi":"armeabi-v7a","buildAbi2":"armeabi","buildBoard":"piranha","buildBrand":"Sony","buildCodename":"REL","buildDescription":"C5503-user 5.1.1 LMY48G 882e8e8b release-keys","buildDevice":"C5503","buildFingerprint":"Sony/C5503/C5503:5.1.1/LMY48G/882e8e8b:user/release-keys","buildHardware":"qcom","buildHost":"qh-miui-ota-bd54","buildId":"LMY48G","buildIncremental":"882e8e8b","buildManufacturer":"Sony","buildModel":"C5503","buildName":"Sony","buildProduct":"C5503","buildRadioVersion":"brjuwuvajkldcnf","buildRelease":"5.1.1","buildSdk":"22","buildSerialno":"38929cbc","buildTags":"release-keys","buildType":"user","buildUser":"builder","buildUtc":1460790771232,"cellScan":["65535,6429","32819,3443","42329,173504307","32813,140169731","32819,3442"],"ci":3442,"contacts":["奶奶,13803774460","姑妈,13004104387","外婆,13305240228","外公,15804587471","舅舅,15703474232","舅妈,13801249041","姨父,15701038860","姨娘,18806388494","亲爱的,13405807504","老弟,13106993400","老妹,13100556316","小明,15906156491","小李子,15001914866","甄阔国,15906080983","Maurice Martinez,15100656634","杨苡,15701135587","王图,18806844696","元校国,13490691155","Diana Rivera,13305007006","郝默媛,18806746690","李扬,15908868662","范焱硕,13402090753","Sean Pierce,15808196255","张凇荃,15708293728","黄礼敬,13003380339","洪骥能,13906312632","Connie Wells,13607196626","张琴幸,13490399361","郎望帅,18907636377","杨双,13490837261","Judith Wallace,13490227210","冯鹏洋,18906803878","李夜超,14707068937","李湘,15306310110","Melanie Reed,13301681652","霍仙余,14708288007","孙国绣,13305161445","房冠胜,15803782142","Josephine Rogers,15103444150","张文,15600978464","王如腾,15104053899"],"cpuName":"Sony Mobile fusion3","densityDpi":560,"deviceId":"861889553972344","deviceSvn":"14","displayId":"C5503-user 5.1.1 LMY48G 882e8e8b release-keys","extraInfo":"TP-LINK_253872","height":0,"hidePkgs":[],"hmNotes":"","hookPkgs":[],"lac":32819,"latitude":30.4923984,"line1Number":"18302854184","longitude":104.2826836,"macAddress":"9e:91:ac:97:57:28","memAvailable":5479635003,"memFree":10959270006,"memTotal":16438905009,"mnc":"00","networkClass":2,"networkCountryIso":"cn","networkOperator":"46007","networkOperatorName":"中国移动","networkType":8,"networkTypeName":"HSDPA","phoneType":1,"rgAndroid":"23","rgAreaode":"86","rgConNames":["上善若水","王生瑞"],"rgConsize":"2","rgCountry":"中国","rgDevice":"xiaomiRedmi 4X","rgIp":"101.206.166.185","rgLastLogin":1516706979756,"rgLocation":"四川省 联通","rgNetType":"切换飞行模式","rgOrPhone":"18302854184","rgPhoneNo":"18302854184","rgServer":"飞行模式切换","rgTime":1516248013669,"rgVcode":"玉米(发码)","rgVersion":"1.6.3","rgWxEmail":"未绑定","rgWxError":"","rgWxId":"wxid_p2s6os4w99qc22","rgWxName":"王生瑞","rgWxNo":"未设置","rgWxPasswd":"Rmst@7890","rgWxQQ":"未绑定","rgWxStatus":"异常","rgWxWindows":"否","serialno":"38929cbc","simCountryIso":"cn","simOperator":"46007","simOperatorName":"中国移动","simSerialNumber":"8986023954183674238","simState":5,"subscriberId":"460072301458295","type":1,"typeName":"WIFI","width":0,"wifiScan":["Tenda_b1f769,8c:f2:28:9b:c2:c6,[WPA-PSK-CCMP][WPA2-PSK-CCMP][WPS][ESS],-80,2412,309613715","Netcore_badc0f,ec:26:ca:13:c1:b8,[WPA2-PSK-CCMP][ESS],-71,2437,246812487","iTV-a964,8c:f2:28:be:f9:60,[WPA2-PSK-CCMP][WPS][ESS],-86,2437,712632644"]}