{"BSSID":"01:0b:3c:74:07:2a","IpAddress":"192.168.17.235","P2p0Mac":"c3:1e:38:6f:89:da","SSID":"TP-LINK_297537","androidId":"d9a9564e6675f4e3","batteryLevel":79,"btAddress":"63:4a:33:00:06:94","btName":"m1 note","buildAbi":"armeabi-v7a","buildAbi2":"armeabi","buildBoard":"odroidu2","buildBrand":"Meizu","buildCodename":"REL","buildDescription":"m1note-user 6.0.1 MMB29T 61a015f4 release-keys","buildDevice":"m1note","buildFingerprint":"Meizu/m1 note/m1note:6.0.1/MMB29T/61a015f4:user/release-keys","buildHardware":"qcom","buildHost":"huawei-desktop","buildId":"MMB29T","buildIncremental":"61a015f4","buildManufacturer":"Meizu","buildModel":"m1 note","buildName":"Meizu","buildProduct":"m1note","buildRadioVersion":"gxrhwnfkooqjyyy","buildRelease":"6.0.1","buildSdk":"23","buildSerialno":"f48729ee","buildTags":"release-keys","buildType":"user","buildUser":"MarkBuild","buildUtc":1494127232911,"cellScan":["33051,1032","61701,168132431","33033,117521439","61701,26253","32790,1043"],"ci":26253,"contacts":["奶奶,15503842536","姑妈,14703241498","外婆,15703711930","外公,15001150414","舅舅,13006503960","舅妈,13303506424","姨父,18707380649","姨娘,13007387445","亲爱的,13905120830","老弟,13106111302","老妹,15906448984","小明,15602781816","小李子,13803443091","汲印奎,13807805866","Carmen Murphy,13603198810","吴玉楷,18907082283","王伊秋,13607037020","吕可恒,13701855001","Sara Evans,13908765338","於雪秋,13490707237","李利,15105654977","陶雨君,15301620583","Gloria Daniels,18000551092","王况兴,15908132767","杨誓,13500708240","余嗣,15503785252","Howard Collins,15601254165","焦可宫,13008638212","余雅,13900755239","冯羡,13008088512","Karen Myers,13105347880","房瑜琴,18708187376","郑嵬勋,18901351119","俞玮茂,13303520188","Louis Webb,15301940355","臧梁新,18008634109","杨颂,13203913828","于行,14703325255","Annie Lewis,18804014848","娄浩翼,13507568844","王龙,15807990710","於宽伟,15206921162","Debbie Jenkins,15106420091","于佳汉,15800794818","危余寅,13106331359","于立青,15603358495","Glenn Cruz,13006506570","班启红,15704884517","陶乾精,18803860132"],"cpuName":"MT6752","densityDpi":320,"deviceId":"865767164556381","deviceSvn":"77","displayId":"m1note-user 6.0.1 MMB29T 61a015f4 release-keys","extraInfo":"TP-LINK_297537","height":0,"hidePkgs":[],"hmNotes":"","hookPkgs":[],"lac":61701,"latitude":30.6853454,"line1Number":"18482162016","longitude":104.12001,"macAddress":"bf:12:97:2d:40:8f","memAvailable":701754655,"memFree":2105263966,"memTotal":2807018621,"mnc":"00","networkClass":2,"networkCountryIso":"cn","networkOperator":"46002","networkOperatorName":"中国移动","networkType":8,"networkTypeName":"HSDPA","phoneType":1,"rgAndroid":"23","rgAreaode":"86","rgConNames":["上善若水","杨烁"],"rgConsize":"2","rgCountry":"中国","rgDevice":"xiaomiRedmi 4X","rgIp":"101.206.166.237","rgLastLogin":1516707044290,"rgLocation":"四川省 联通","rgNetType":"切换飞行模式","rgOrPhone":"18482162016","rgPhoneNo":"18482162016","rgServer":"飞行模式切换","rgTime":1516254144508,"rgVcode":"爱乐赞(接码/发码)","rgVersion":"1.6.3","rgWxEmail":"未绑定","rgWxError":"","rgWxId":"wxid_vd2lcjar0anb22","rgWxName":"杨烁","rgWxNo":"未设置","rgWxPasswd":"Rmst@7890","rgWxQQ":"未绑定","rgWxStatus":"异常","rgWxWindows":"否","serialno":"f48729ee","simCountryIso":"cn","simOperator":"46002","simOperatorName":"中国移动","simSerialNumber":"8986007617195437201","simState":5,"subscriberId":"460025780121074","type":1,"typeName":"WIFI","width":0,"wifiScan":["MERCURY_b8ccaf,00:23:cd:79:38:84,[WPA2-PSK-CCMP][ESS],-82,2437,212672260","MERCURY_c004,e0:4f:bd:c1:be:81,[WPA2-PSK-CCMP][WPS][ESS],-71,2472,3698530991","Netcore_744277,40:a5:ef:00:b7:34,[WPA2-PSK-CCMP][ESS],-90,2412,3225236453","MERCURY_da0e32,c0:61:18:bb:46:5a,[WPA-PSK-CCMP][WPA2-PSK-CCMP][ESS],-55,2452,1831035807","TP-LINK_3ffd,50:bd:5f:bf:81:64,[WPA-PSK-CCMP][WPA2-PSK-CCMP][ESS],-67,2437,2067027496"]}