{"BSSID":"3d:a4:98:20:3c:a0","IpAddress":"192.168.22.78","P2p0Mac":"25:8d:51:41:da:e4","SSID":"ChainaNet_57c8","androidId":"4e9feb67002fdf2b","batteryLevel":44,"btAddress":"d6:f7:45:66:98:c5","btName":"Redmi 4","buildAbi":"armeabi-v7a","buildAbi2":"armeabi","buildBoard":"p970","buildBrand":"Xiaomi","buildCodename":"REL","buildDescription":"Redmi 4-user 5.1.1 LMY48G c804d217 release-keys","buildDevice":"Redmi 4","buildFingerprint":"Xiaomi/Redmi 4/Redmi 4:5.1.1/LMY48G/c804d217:user/release-keys","buildHardware":"qcom","buildHost":"shws40","buildId":"LMY48G","buildIncremental":"c804d217","buildManufacturer":"Xiaomi","buildModel":"Redmi 4","buildName":"Xiaomi","buildProduct":"Redmi 4","buildRadioVersion":"tqzbmbwhpjezbgua","buildRelease":"5.1.1","buildSdk":"22","buildSerialno":"7971acc4","buildTags":"release-keys","buildType":"user","buildUser":"MarkBuild","buildUtc":1504063499697,"cellScan":[],"ci":0,"contacts":["奶奶,18004640430","姑妈,15102663833","外婆,18603501626","外公,15800302332","舅舅,15901231352","舅妈,18908021866","姨父,13203710553","姨娘,13006465395","亲爱的,13302717506","老弟,13002058442","老妹,15900916332","小明,13704957686","小李子,13490779132","窦旺芹,13490350861","Nicole Grant,13490550050","张渠贵,13601868917","邵律许,14701681907","江耀瑕,13306705670","Benjamin Coleman,18006027561","王铭利,13000034806","李康玮,18904498412","杨熙稼,15102208130","Tim Crawford,13402884560","公孙璞遇,13801678244","闵书镜,13101760747","吴昆,13902402997","Marvin Ford,13701544268","郝松贵,15507825518","陈薇,15201137528","江永炯,15705094999","Kathryn Barnes,18803041420","司徒由信,14706184768","李校和,13400367054","鲍雅嵬,13808805948","Charlie Collins,13505130795","计华颖,13406171606","储颖杏,13306467828","杨帅,13600323670","Cathy Lawson,13705257144","于进梧,15204036942","李进,15504910637","狄生彤,18806776206","Katie Alexander,18802100109","王杏京,18707917680","李苡良,13605031527","李宏仕,13305333271","Alvin Warren,18005235622","余由,13403100355","吴年剑,13500771518","张玮顺,13407226880","Jessica Lawrence,15904974800"],"cpuName":"Qualcomm Technologies, Inc MSM8953","densityDpi":480,"deviceId":"860751495428747","deviceSvn":"58","displayId":"Redmi 4-user 5.1.1 LMY48G c804d217 release-keys","extraInfo":"ChainaNet_57c8","height":0,"hidePkgs":[],"hmNotes":"","hookPkgs":[],"lac":0,"latitude":30.4305636,"line1Number":"13408511241","longitude":104.2228001,"macAddress":"2d:21:df:9f:4a:f4","memAvailable":23431172,"memFree":70293518,"memTotal":93724690,"mnc":"00","networkClass":1,"networkCountryIso":"cn","networkOperator":"46000","networkOperatorName":"中国移动","networkType":2,"networkTypeName":"EDGE","phoneType":1,"rgAndroid":"23","rgAreaode":"86","rgConNames":[],"rgCountry":"中国","rgDevice":"xiaomiRedmi 4X","rgIp":"119.4.254.240","rgLastLogin":1515756793291,"rgLocation":"四川省成都市 联通","rgNetType":"切换飞行模式","rgOrPhone":"13408511241","rgPhoneNo":"13408511241","rgServer":"飞行模式切换","rgTime":1515749449090,"rgVcode":"玉米(发码)","rgVersion":"1.6.2","rgWxError":"帐号状态异常，本次登录已失效。请尝试重新登录，并根据弹窗提示操作。","rgWxName":"石学冠","rgWxPasswd":"Rmst@7890","rgWxStatus":"异常","rgWxWindows":"否","serialno":"7971acc4","simCountryIso":"cn","simOperator":"46000","simOperatorName":"中国移动","simSerialNumber":"8986022561188548006","simState":5,"subscriberId":"460006197736873","type":1,"typeName":"WIFI","width":0,"wifiScan":["MERCURY_a8cfe1,f8:69:55:9d:2e:c5,[WPA2-PSK-CCMP][WPS][ESS],-81,2437,1190334572","TP-LINK_1dae31,1e:e4:6c:49:69:6a,[WPA2-PSK-CCMP][ESS],-88,2462,278502247","TP-LINK_6598,00:93:d8:e3:b8:0b,[WPA2-PSK-CCMP][WPS][ESS],-51,2462,276854648","ChainaNet_afd2,58:95:c1:8a:cd:24,[WPA-PSK-CCMP][WPA2-PSK-CCMP][ESS],-63,2437,1657829527","TP-LINK_7598ba,54:57:f0:8c:21:a5,[WPA-PSK-CCMP][WPA2-PSK-CCMP][WPS][ESS],-61,2462,2322938231","TP-LINK_d0f4,c2:e1:ed:56:4f:bf,[WPA2-PSK-CCMP][ESS],-84,2457,2400231629","MERCURY_fe2043,3a:20:a3:fc:e3:ca,[WPA2-PSK-CCMP][ESS],-91,2412,309570788","FAST_48bafd,c0:c3:ff:71:3a:10,[WPA-PSK-CCMP][WPA2-PSK-CCMP][WPS][ESS],-86,2427,348071746"]}