{"BSSID":"86:a6:74:45:bc:8f","IpAddress":"192.168.55.20","P2p0Mac":"d1:32:13:af:dd:2c","SSID":"Netcore_36bada","androidId":"80b4d8c2b8b5f7b4","batteryLevel":44,"btAddress":"d4:a6:06:59:ec:1d","btName":"MI 3","buildAbi":"armeabi-v7a","buildAbi2":"armeabi","buildBoard":"otter","buildBrand":"Xiaomi","buildCodename":"REL","buildDescription":"Kenzo-user 7.1.2 NMF26Q 723f9779 release-keys","buildDevice":"Kenzo","buildFingerprint":"Xiaomi/MI 3/Kenzo:7.1.2/NMF26Q/723f9779:user/release-keys","buildHardware":"qcom","buildHost":"mz-buider-4","buildId":"NMF26Q","buildIncremental":"723f9779","buildManufacturer":"Xiaomi","buildModel":"MI 3","buildName":"Xiaomi","buildProduct":"Kenzo","buildRadioVersion":"mblwdkvzwgfcfwnsf","buildRelease":"7.1.2","buildSdk":"25","buildSerialno":"3bba1141","buildTags":"release-keys","buildType":"user","buildUser":"jenkins","buildUtc":1454583524002,"cellScan":[],"ci":0,"contacts":["奶奶,15101262761","姑妈,15906375628","外婆,14702163880","外公,13102433382","舅舅,13604614471","舅妈,15902743563","姨父,18607386224","姨娘,18903382525","亲爱的,18901193971","老弟,18902470481","老妹,13490139196","小明,15803814226","小李子,15100655539","王芹土,18603134926","Philip Knight,18603444743","杨惠,13805123998","张迅旭,15100192475","李雍豪,15803881277","Victoria Bryant,15006361307","杨瑞齐,13802976907","高妙诗,18902110612","臧妙颖,18603603617","Edward Jordan,13104477735","丁力梁,18008455402","于默砚,13506425264","谢雅菁,15803081409","Frank Snyder,15805922921","李印璞,15301377744","李望节,13600302172","冯骥彤,13100095313","Elsie Lawson,13103241666","顾彤岁,18800211640","伊让书,13603356753","杨意,15703551436","Josephine Mills,14702738540","喻权航,13403442326","李书心,15206368691","熊水宇,15703434648","Veronica Dunn,14704927793","单宽向,15705605047","邴遇静,18005165083","吴铁,15708306732","Yolanda Diaz,15707765988","暴虎寿,15806000221","奚钰情,13606856277","魏相羡,15208153419","Audrey Rogers,15006577934","李节洋,15702805689","靳会晟,18607875887"],"cpuName":"Qualcomm MSM8974PRO-AB","densityDpi":560,"deviceId":"862985444957350","deviceSvn":"74","displayId":"Kenzo-user 7.1.2 NMF26Q 723f9779 release-keys","extraInfo":"Netcore_36bada","height":0,"hidePkgs":[],"hmNotes":"","hookPkgs":[],"lac":0,"latitude":30.8251396,"line1Number":"13408545483","longitude":104.099921,"macAddress":"3c:59:c6:1f:ac:a7","memAvailable":32259355,"memFree":64518710,"memTotal":96778065,"mnc":"00","networkClass":2,"networkCountryIso":"cn","networkOperator":"46002","networkOperatorName":"中国移动","networkType":8,"networkTypeName":"HSDPA","phoneType":1,"rgAndroid":"23","rgAreaode":"86","rgConNames":["齐琴适","上善若水"],"rgConsize":"2","rgCountry":"中国","rgDevice":"xiaomiRedmi 4X","rgIp":"119.4.255.147","rgLastLogin":1516018948792,"rgLocation":"四川省成都市 联通","rgNetType":"切换飞行模式","rgOrPhone":"13408545483","rgPhoneNo":"13408545483","rgServer":"飞行模式切换","rgTime":1515749228013,"rgVcode":"玉米(发码)","rgVersion":"1.6.2","rgWxEmail":"未绑定","rgWxError":"帐号状态异常，本次登录已失效。请尝试重新登录，并根据弹窗提示操作。","rgWxId":"wxid_cclg1zghnk8b22","rgWxName":"齐琴适","rgWxNo":"未设置","rgWxPasswd":"Rmst@7890","rgWxQQ":"未绑定","rgWxStatus":"异常","rgWxWindows":"否","serialno":"3bba1141","simCountryIso":"cn","simOperator":"46002","simOperatorName":"中国移动","simSerialNumber":"8986028602091640577","simState":5,"subscriberId":"460021530941551","type":1,"typeName":"WIFI","width":0,"wifiScan":["MERCURY_9cb76a,05:6a:54:46:b2:a2,[WPA2-PSK-CCMP][WPS][ESS],-88,2437,271777544","MERCURY_58da86,46:4d:80:93:21:da,[WPA2-PSK-CCMP][ESS],-83,2427,333972610","Netcore_521527,00:57:8c:2e:ff:31,[WPA-PSK-CCMP][WPA2-PSK-CCMP][ESS],-50,2462,210190915","FAST_f315,7d:69:4a:50:d2:29,[WPA2-PSK-CCMP][ESS],-88,2437,1075329915","MERCURY_9db0e3,e3:d7:c9:a8:e9:61,[WPA2-PSK-CCMP][ESS],-75,2412,230573548"]}