{"BSSID":"bd:c5:10:a5:5c:6c","IpAddress":"192.168.18.49","P2p0Mac":"ed:34:0b:b0:f7:ae","SSID":"MERCURY_7bbfe2","androidId":"17327fd450a0b863","batteryLevel":58,"btAddress":"7d:48:1b:5b:0c:48","btName":"HUAWEI GRA-CL10","buildAbi":"armeabi-v7a","buildAbi2":"armeabi","buildBoard":"s5pc110","buildBrand":"HUAWEI","buildCodename":"REL","buildDescription":"GRA-CL10-user 5.1.1 LMY48G 4d005a6c release-keys","buildDevice":"HWGRA","buildFingerprint":"HUAWEI/HUAWEI GRA-CL10/HWGRA:5.1.1/LMY48G/4d005a6c:user/release-keys","buildHardware":"qcom","buildHost":"mz-buider-4","buildId":"LMY48G","buildIncremental":"4d005a6c","buildManufacturer":"HUAWEI","buildModel":"HUAWEI GRA-CL10","buildName":"HUAWEI","buildProduct":"GRA-CL10","buildRadioVersion":"bmdlwyltckjf","buildRelease":"5.1.1","buildSdk":"22","buildSerialno":"1ba5016b","buildTags":"release-keys","buildType":"user","buildUser":"builder","buildUtc":1468765426798,"cellScan":["32847,134630145","39936,163929907","61712,23155","61729,168868009","39936,163778355"],"ci":134630145,"contacts":["奶奶,13490024228","姑妈,14707248339","外婆,13906204873","外公,15200695483","舅舅,15502932559","舅妈,15707327470","姨父,13905947461","姨娘,13490765445","亲爱的,18802160430","老弟,15707081363","老妹,13306302165","小明,13008306703","小李子,13602210112","王薇扬,18001831812","Evelyn Morales,13490271464","李琴,13801532428","李红,18601965580","水默界,13102598734","Alexander Grant,13003998990","余闻,13801936216","余露学,13708312331","王昱梧,18807857109","Christopher Rodriguez,18707311687","危阳耀,15708242401","仰行谷,15008293902","王嘉升,15302808408","Jeff Wallace,13303587548","凤奎逸,18801920718","虞同雪,13305628304","常恒西,13305284379","Edith Arnold,13490074546","王逸廉,15808108635","张威,15507617336","杨华,15706682717","Dale Evans,14703440837","鲍献向,13907098519","石异夏,13905418786","吴翼,13908128994","Harold Price,13604384045","钮红培,13607796769","杨权恒,15901416115","缪守青,15908380834","Jeff Torres,15207731671","李瑕,13490389060","刘可念,15101620832","王旭悠,15200290036","Tony Mcdonald,15208860424","于勇,13008724351","齐慎会,13006661898"],"cpuName":"Kirin935","densityDpi":240,"deviceId":"860559422244743","deviceSvn":"53","displayId":"GRA-CL10-user 5.1.1 LMY48G 4d005a6c release-keys","extraInfo":"MERCURY_7bbfe2","height":0,"hidePkgs":[],"hmNotes":"","hookPkgs":[],"lac":32847,"latitude":30.6468235,"line1Number":"15198178284","longitude":103.7720377,"macAddress":"66:48:82:19:b0:5f","memAvailable":23405544,"memFree":70216634,"memTotal":93622178,"mnc":"00","networkClass":3,"networkCountryIso":"cn","networkOperator":"46002","networkOperatorName":"中国移动","networkType":13,"networkTypeName":"LTE","phoneType":1,"rgAndroid":"23","rgAreaode":"86","rgConNames":[],"rgCountry":"中国","rgDevice":"xiaomiRedmi 4X","rgIp":"119.4.255.234","rgLastLogin":1515756861270,"rgLocation":"四川省成都市 联通","rgNetType":"切换飞行模式","rgOrPhone":"15198178284","rgPhoneNo":"15198178284","rgServer":"飞行模式切换","rgTime":1515751729297,"rgVcode":"玉米(发码)","rgVersion":"1.6.2","rgWxError":"帐号状态异常，本次登录已失效。请尝试重新登录，并根据弹窗提示操作。","rgWxName":"李会翼","rgWxPasswd":"Rmst@7890","rgWxStatus":"异常","rgWxWindows":"否","serialno":"1ba5016b","simCountryIso":"cn","simOperator":"46002","simOperatorName":"中国移动","simSerialNumber":"8986007337261996542","simState":5,"subscriberId":"460026921217386","type":1,"typeName":"WIFI","width":0,"wifiScan":["Netcore_3638ba,9c:21:6a:7a:82:02,[WPA-PSK-CCMP][WPA2-PSK-CCMP][WPS][ESS],-92,2462,588528712","Tenda_0e3141,0c:72:2c:87:76:64,[WPA2-PSK-CCMP][ESS],-65,2437,271078469","TP-LINK_d2f42f,6c:59:40:5c:65:aa,[WPA-PSK-CCMP][WPA2-PSK-CCMP][WPS][ESS],-74,2427,2706234932","FAST_af21ec,1c:60:de:bc:31:b6,[WPA-PSK-CCMP][WPA2-PSK-CCMP][WPS][ESS],-78,2442,188566124","MERCURY_a9cb0e,a8:15:4d:a4:26:f2,[WPA2-PSK-CCMP][WPS][ESS],-93,2412,2614133746"]}