{"BSSID":"0d:3c:5d:54:e3:62","IpAddress":"10.49.86.200","P2p0Mac":"b2:ca:ec:1b:f3:fa","SSID":"Tenda_343850","androidId":"4ad0fec1127966d0","batteryLevel":59,"btAddress":"5a:1a:76:35:ad:61","btName":"2014811","buildAbi":"armeabi-v7a","buildAbi2":"armeabi","buildBoard":"ruby","buildBrand":"Xiaomi","buildCodename":"REL","buildDescription":"2014811-user 6.0.1 MMB29T 6ed2c6e3 release-keys","buildDevice":"HM2014811","buildFingerprint":"Xiaomi/2014811/HM2014811:6.0.1/MMB29T/6ed2c6e3:user/release-keys","buildHardware":"qcom","buildHost":"wcc-miui-ota-bd25","buildId":"MMB29T","buildIncremental":"6ed2c6e3","buildManufacturer":"Xiaomi","buildModel":"2014811","buildName":"Xiaomi","buildProduct":"2014811","buildRadioVersion":"peehcbwlqmn","buildRelease":"6.0.1","buildSdk":"23","buildSerialno":"270dbd65","buildTags":"release-keys","buildType":"user","buildUser":"lgmobile","buildUtc":1509623913345,"cellScan":["33036,117629471","33066,1028","61707,168547272","33066,1799","61710,168758044"],"ci":1028,"contacts":["奶奶,13702501875","姑妈,13706023779","外婆,15208575547","外公,15102291986","舅舅,18806133287","舅妈,13303190706","姨父,15605943436","姨娘,13908707767","亲爱的,14706217528","老弟,18607005289","老妹,13704638361","小明,18904564074","小李子,13108035848","李雅航,13906166006","Zachary Snyder,13700628690","吴土,15701348786","张鑫权,18708232924","李若彤,15208546561","Beverly Cunningham,15108398661","吴珂译,13490356008","柯靖佩,15500332911","王贤媛,18804874508","Crystal Mitchell,18705588174","巴伊雪,13808196400","和时郁,13204447269","夏侯贤逸,13601097257","Sandra Ruiz,13908248671","王午仕,13903776159","于由,15705117583","诸声,15505728518","Don Weaver,15605043827","长孙律梧,18007314110","吴驹若,15605198472","颜弘轩,13000727523","Harry Woods,13207456317","杨苡如,18703538365","钟泉屏,13207578450","杨木,15308136049","Dean Gray,13490345447","武恺瑞,18608050115","江杭儒,13301797495","杨魁宽,13603056821","Sarah Diaz,13900590428","吴培,14708180105","余书炬,18802300766","路升逸,13490276092","Erin Nichols,18901552075","张珊毅,15608426417","余魁皓,15102652726"],"cpuName":"Qualcomm Technologies, Inc MSM8916","densityDpi":480,"deviceId":"860222370627027","deviceSvn":"51","displayId":"2014811-user 6.0.1 MMB29T 6ed2c6e3 release-keys","extraInfo":"ctlte","height":0,"hidePkgs":[],"hmNotes":"","hookPkgs":[],"lac":33066,"latitude":30.6811998,"line1Number":"15198145371","longitude":104.0415141,"macAddress":"35:1e:b8:9e:31:b7","memAvailable":31205894,"memFree":62411790,"memTotal":93617684,"mnc":"00","networkClass":3,"networkCountryIso":"cn","networkOperator":"46007","networkOperatorName":"中国移动","networkType":13,"networkTypeName":"LTE","phoneType":1,"rgAndroid":"23","rgAreaode":"86","rgConNames":[],"rgCountry":"中国","rgDevice":"xiaomiRedmi 4X","rgIp":"119.4.252.216","rgLastLogin":1516244724301,"rgLocation":"四川省成都市 联通","rgNetType":"切换飞行模式","rgOrPhone":"15198145371","rgPhoneNo":"15198145371","rgServer":"飞行模式切换","rgTime":1515739009519,"rgVcode":"玉米(发码)","rgVersion":"1.6.2","rgWxError":"该微信帐号因批量或者使用非法软件注册被限制登录，如需继续使用，请轻触“确定”申请解除限制。","rgWxName":"冯夏海","rgWxPasswd":"Rmst@7890","rgWxStatus":"异常","rgWxWindows":"否","serialno":"270dbd65","simCountryIso":"cn","simOperator":"46007","simOperatorName":"中国移动","simSerialNumber":"8986009213447392479","simState":5,"subscriberId":"460075131429009","type":0,"typeName":"MOBILE","width":0,"wifiScan":["Netcore_6487ba,e4:d3:32:79:ed:be,[WPA-PSK-CCMP][WPA2-PSK-CCMP][WPS][ESS],-91,2462,1467529459","FAST_9844,fc:d7:33:0d:91:a6,[WPA2-PSK-CCMP][WPS][ESS],-55,2442,497423237","Tenda_aaeca8,bc:46:99:6f:9a:cc,[WPA2-PSK-CCMP][ESS],-50,2437,326300590","PHICOMM_fed669,6c:e8:73:3c:27:12,[WPA2-PSK-CCMP][ESS],-71,2462,329424185","iTV-b876,54:e6:fc:35:1b:f4,[WPA-PSK-CCMP][WPA2-PSK-CCMP][ESS],-92,2412,1153730667"]}