{"BSSID":"34:0e:9d:1c:bd:1f","IpAddress":"10.48.80.4","P2p0Mac":"b7:f6:23:4d:f3:10","SSID":"Netcore_26497b","androidId":"b5e4d9c269203693","batteryLevel":66,"btAddress":"ac:8f:02:57:c1:ca","btName":"M5 Note","buildAbi":"armeabi-v7a","buildAbi2":"armeabi","buildBoard":"p970","buildBrand":"Meizu","buildCodename":"REL","buildDescription":"M5 Note-user 5.1.1 LMY48G 307b5ce5 release-keys","buildDevice":"M5 Note","buildFingerprint":"Meizu/M5 Note/M5 Note:5.1.1/LMY48G/307b5ce5:user/release-keys","buildHardware":"qcom","buildHost":"bs189","buildId":"LMY48G","buildIncremental":"307b5ce5","buildManufacturer":"Meizu","buildModel":"M5 Note","buildName":"Meizu","buildProduct":"M5 Note","buildRadioVersion":"kdltellxupifmrnjq","buildRelease":"5.1.1","buildSdk":"22","buildSerialno":"69dcb7c1","buildTags":"release-keys","buildType":"user","buildUser":"Server","buildUtc":1497977545272,"cellScan":["61723,23533","61708,168485564","33310,60141","61708,169562435","61708,169562438"],"ci":60141,"contacts":["奶奶,18805553728","姑妈,18003385191","外婆,13102498739","外公,18907507420","舅舅,13903472904","舅妈,13407471107","姨父,18001646226","姨娘,15705870208","亲爱的,18800085437","老弟,13402985903","老妹,13406584633","小明,18003942453","小李子,18806024472","于佩,15307335301","Albert Rivera,18004515305","童耕闻,18001204239","张倩求,15602967211","杨密,13907058022","Catherine Jackson,13806441244","杨艺,15101654824","余举立,13104734602","仰卿衔,15606715016","Sheila Russell,13206293735","孙荃,13707394804","谢卿璎,13608532542","陆屏双,15307681859","Amber Riley,15302854662","陶生璐,13901611279","王陵权,15208015955","杨俊,15304006960","Samantha Stephens,13490070381","李瑜为,14700326365","隗昆青,15907541409","于盈,13203199047","Charles Anderson,15601316452","惠介绣,15004787887","颜午守,15206818308","杨佑君,13907320533","Lewis Allen,13901531296","滕慎阔,13600783165","吴适,13106243411","张异珊,13006108796","Tony Austin,13001821162","杨翼信,14704866154","仰乾卫,15101897013"],"cpuName":"MT6755M","densityDpi":240,"deviceId":"861414340411967","deviceSvn":"46","displayId":"M5 Note-user 5.1.1 LMY48G 307b5ce5 release-keys","extraInfo":"3gwap","height":0,"hidePkgs":[],"hmNotes":"","hookPkgs":[],"lac":33310,"latitude":30.6022117,"line1Number":"18224004216","longitude":104.041967,"macAddress":"94:c4:d1:8a:0f:ae","memAvailable":129031283,"memFree":387093849,"memTotal":516125132,"mnc":"00","networkClass":1,"networkCountryIso":"cn","networkOperator":"46007","networkOperatorName":"中国移动","networkType":2,"networkTypeName":"EDGE","phoneType":1,"rgAndroid":"23","rgAreaode":"86","rgConNames":["景相平","上善若水"],"rgConsize":"2","rgCountry":"中国","rgDevice":"xiaomiRedmi 4X","rgIp":"119.4.255.30","rgLastLogin":1516018607001,"rgLocation":"四川省成都市 联通","rgNetType":"切换飞行模式","rgOrPhone":"18224004216","rgPhoneNo":"18224004216","rgServer":"飞行模式切换","rgTime":1515739928446,"rgVcode":"玉米(发码)","rgVersion":"1.6.2","rgWxEmail":"未绑定","rgWxError":"帐号状态异常，本次登录已失效。请尝试重新登录，并根据弹窗提示操作。","rgWxId":"wxid_95fjjebja06622","rgWxName":"景相平","rgWxNo":"未设置","rgWxPasswd":"Rmst@7890","rgWxQQ":"未绑定","rgWxStatus":"异常","rgWxWindows":"否","serialno":"69dcb7c1","simCountryIso":"cn","simOperator":"46007","simOperatorName":"中国移动","simSerialNumber":"8986027074619823312","simState":5,"subscriberId":"460071213568123","type":0,"typeName":"MOBILE","width":0,"wifiScan":["TP-LINK_ff3162,b0:d5:9d:2c:32:12,[WPA-PSK-CCMP][WPA2-PSK-CCMP][ESS],-51,2412,2553129861","FAST_f27620,b0:d5:9d:01:9c:65,[WPA2-PSK-CCMP][WPS][ESS],-68,2462,2505835076","PHICOMM_6becae,e4:d3:32:9c:8e:98,[WPA-PSK-CCMP][WPA2-PSK-CCMP][ESS],-74,2462,2055737263","FAST_265215,c0:61:18:d9:fc:4a,[WPA-PSK-CCMP][WPA2-PSK-CCMP][ESS],-94,2437,2337432691","FAST_85265a,f0:eb:d0:39:90:b0,[WPA2-PSK-CCMP][WPS][ESS],-89,2412,3702827014"]}