{"BSSID":"a4:38:f1:c0:2e:42","IpAddress":"192.168.91.73","P2p0Mac":"3b:67:a5:f7:28:2c","SSID":"MERCURY_18548a","androidId":"123876755f2ec25a","batteryLevel":80,"btAddress":"18:cd:a1:53:f5:aa","btName":"MI 2SC","buildAbi":"armeabi-v7a","buildAbi2":"armeabi","buildBoard":"m4","buildBrand":"Xiaomi","buildCodename":"REL","buildDescription":"aries-user 6.0.1 MMB29T 12586246 release-keys","buildDevice":"aries","buildFingerprint":"Xiaomi/MI 2SC/aries:6.0.1/MMB29T/12586246:user/release-keys","buildHardware":"qcom","buildHost":"SEP-68","buildId":"MMB29T","buildIncremental":"12586246","buildManufacturer":"Xiaomi","buildModel":"MI 2SC","buildName":"Xiaomi","buildProduct":"aries","buildRadioVersion":"zwusnlqeyxdl","buildRelease":"6.0.1","buildSdk":"23","buildSerialno":"27d49118","buildTags":"release-keys","buildType":"user","buildUser":"jenkins","buildUtc":1480395664208,"cellScan":["39938,164200754","32797,1539","32797,16411","33034,31316","32896,97126528"],"ci":97126528,"contacts":["奶奶,15208402381","姑妈,18000898156","外婆,15307631693","外公,13505212272","舅舅,18000855682","舅妈,13900343530","姨父,18807717791","姨娘,15301331698","亲爱的,15606857812","老弟,18707000277","老妹,15005175026","小明,13103442911","小李子,18804264185","万旭渠,18706274722","Megan Matthews,18702674708","李豪永,13701705277","云桐媛,13307906956","裴瑕景,13490280342","April Boyd,13490812897","吴璐钰,13208820842","汪瑟冠,15800254703","雷水书,18602338766","Billy Jackson,18600724613","宁陵敬,14707357803","李杏,15806787583","平华雅,13608513086","Warren Powell,13605231701","单阔国,15000131236","李秀琴,15204226030","杨雄,13602186692","Tyler Holmes,13705144382","俞世星,18700935972","吴良雷,15808455282","卜校秀,14705296076","Ann Price,15705043703","侯界秋,18707387277","王印,18602057111","王若,15700028726","Douglas Ellis,14701907196","王启,13490758666","崔望义,15300793630","陶英校,18002003356","Earl Bell,15302333747","狄盛敬,18808122211","杨延芹,13001965842","陈实诗,15907640443","Norma White,15106228033","包雅炬,13604165410","祁铁逸,13404672586","余楷,13008346233","Dolores Thompson,13004273204","齐誓力,18801254232"],"cpuName":"MI 2","densityDpi":320,"deviceId":"860784718046541","deviceSvn":"71","displayId":"aries-user 6.0.1 MMB29T 12586246 release-keys","extraInfo":"MERCURY_18548a","height":0,"hidePkgs":[],"hmNotes":"","hookPkgs":[],"lac":32896,"latitude":30.8781106,"line1Number":"18328732467","longitude":103.977984,"macAddress":"da:cb:32:59:60:c4","memAvailable":4109727759,"memFree":12329183277,"memTotal":16438911036,"mnc":"00","networkClass":2,"networkCountryIso":"cn","networkOperator":"46000","networkOperatorName":"中国移动","networkType":8,"networkTypeName":"HSDPA","phoneType":1,"rgAndroid":"23","rgAreaode":"86","rgConNames":["上善若水","祖宁璐"],"rgConsize":"2","rgCountry":"中国","rgDevice":"xiaomiRedmi 4X","rgIp":"119.4.254.207","rgLastLogin":1516018743000,"rgLocation":"四川省成都市 联通","rgNetType":"切换飞行模式","rgOrPhone":"18328732467","rgPhoneNo":"18328732467","rgServer":"飞行模式切换","rgTime":1515741934696,"rgVcode":"玉米(发码)","rgVersion":"1.6.2","rgWxEmail":"未绑定","rgWxError":"帐号状态异常，本次登录已失效。请尝试重新登录，并根据弹窗提示操作。","rgWxId":"wxid_0572gmir6uam22","rgWxName":"祖宁璐","rgWxNo":"未设置","rgWxPasswd":"Rmst@7890","rgWxQQ":"未绑定","rgWxStatus":"异常","rgWxWindows":"否","serialno":"27d49118","simCountryIso":"cn","simOperator":"46000","simOperatorName":"中国移动","simSerialNumber":"8986007433626315944","simState":5,"subscriberId":"460004285074354","type":1,"typeName":"WIFI","width":0,"wifiScan":["TP-LINK_5fda8c,2c:95:7f:28:4a:cb,[WPA-PSK-CCMP][WPA2-PSK-CCMP][WPS][ESS],-87,2412,3541729033","iTV-487b,e4:d3:32:85:81:0a,[WPA2-PSK-CCMP][ESS],-92,2462,505447613","Netcore_31f326,f4:b8:a7:54:0a:65,[WPA-PSK-CCMP][WPA2-PSK-CCMP][WPS][ESS],-77,2437,226561865","PHICOMM_5adc97,6c:59:40:dd:fb:08,[WPA2-PSK-CCMP][WPS][ESS],-80,2437,901135019","Netcore_ed1eb8,5c:63:bf:e4:0b:ca,[WPA2-PSK-CCMP][ESS],-72,2422,189977468"]}