{"BSSID":"d6:97:48:4d:0d:db","IpAddress":"10.7.3.97","P2p0Mac":"f5:b4:62:0c:bf:c7","SSID":"Tenda_848c8d","androidId":"d4eff07dd1759746","batteryLevel":53,"btAddress":"36:85:e3:87:e9:d1","btName":"OPPO A59s","buildAbi":"armeabi-v7a","buildAbi2":"armeabi","buildBoard":"MAKO","buildBrand":"OPPO","buildCodename":"REL","buildDescription":"A59-user 6.0.1 MMB29T 02a8ff8c release-keys","buildDevice":"A59","buildFingerprint":"OPPO/OPPO A59s/A59:6.0.1/MMB29T/02a8ff8c:user/release-keys","buildHardware":"qcom","buildHost":"huawei-server-05","buildId":"MMB29T","buildIncremental":"02a8ff8c","buildManufacturer":"OPPO","buildModel":"OPPO A59s","buildName":"OPPO","buildProduct":"A59","buildRadioVersion":"ycrogewbzqkzq","buildRelease":"6.0.1","buildSdk":"23","buildSerialno":"8819520b","buildTags":"release-keys","buildType":"user","buildUser":"buildHost","buildUtc":1469341312228,"cellScan":["33049,118448161","61774,170074051","61774,170011336","33034,43026","61774,170105913"],"ci":170105913,"contacts":["奶奶,13002966939","姑妈,13607558449","外婆,13202313602","外公,15701892499","舅舅,15101253280","舅妈,15300292097","姨父,18700737031","姨娘,13807800858","亲爱的,15007102404","老弟,13004407638","老妹,18705183765","小明,14701431396","小李子,15207291613","宓兴郁,13201886603","Eddie Gomez,18607240098","邱律实,13000315064","齐妙求,14704301552","李弘,18007084880","James Barnes,13490673663","王苡,13702608637","余梦,18701448691","杨余京,15002337225","Elaine Lane,15907451678","苗时效,18004536955","宋靖宣,13604015641","杨航,18608747933","David Simmons,15601130651","吴恺双,18900830401","杨寿,18603607181","熊珀顺,15606273922","Janice Simpson,13108213207","房毅裕,18801430551","高骏文,13000914772","张烁,15203635471","Sara Sanchez,15205512623","尉迟雅厚,13490658060","王王恒,13308270955","厉苡设,14700862386","Karen Payne,15705055117","杨裕媛,13600162450","李皓诗,13706875977","沈誓,13302607137","George Baker,15302125064","邵遇棠,15004737908","张殊,15906246193","李誓璐,13503682779","Kathryn Franklin,13707508715","奚玺薇,15900427798","柳杏彦,14701133699"],"cpuName":"MT6750","densityDpi":240,"deviceId":"860857555587130","deviceSvn":"18","displayId":"A59-user 6.0.1 MMB29T 02a8ff8c release-keys","extraInfo":"ctlte","height":0,"hidePkgs":[],"hmNotes":"","hookPkgs":[],"lac":61774,"latitude":30.8968684,"line1Number":"18349374185","longitude":104.3209832,"macAddress":"4f:33:57:b9:b9:77","memAvailable":701688273,"memFree":2105064821,"memTotal":2806753094,"mnc":"00","networkClass":2,"networkCountryIso":"cn","networkOperator":"46007","networkOperatorName":"中国移动","networkType":8,"networkTypeName":"HSDPA","phoneType":1,"rgAndroid":"23","rgAreaode":"86","rgConNames":["雷利许","上善若水"],"rgConsize":"2","rgCountry":"中国","rgDevice":"xiaomiRedmi 4X","rgIp":"119.4.255.226","rgLastLogin":1516019021286,"rgLocation":"四川省成都市 联通","rgNetType":"切换飞行模式","rgOrPhone":"18349374185","rgPhoneNo":"18349374185","rgServer":"飞行模式切换","rgTime":1515752116792,"rgVcode":"玉米(发码)","rgVersion":"1.6.2","rgWxEmail":"未绑定","rgWxError":"帐号状态异常，本次登录已失效。请尝试重新登录，并根据弹窗提示操作。","rgWxId":"wxid_6d6ydcxic1oh22","rgWxName":"雷利许","rgWxNo":"未设置","rgWxPasswd":"Rmst@7890","rgWxQQ":"未绑定","rgWxStatus":"异常","rgWxWindows":"否","serialno":"8819520b","simCountryIso":"cn","simOperator":"46007","simOperatorName":"中国移动","simSerialNumber":"8986007879762715775","simState":5,"subscriberId":"460078329153932","type":0,"typeName":"MOBILE","width":0,"wifiScan":["PHICOMM_2ba7a9,b8:55:10:88:db:eb,[WPA-PSK-CCMP][WPA2-PSK-CCMP][WPS][ESS],-95,2412,509337587","PHICOMM_587cad,24:69:68:7b:18:d0,[WPA-PSK-CCMP][WPA2-PSK-CCMP][WPS][ESS],-90,2412,3406932755","TP-LINK_2042,f4:ee:14:1e:50:5c,[WPA-PSK-CCMP][WPA2-PSK-CCMP][WPS][ESS],-80,2437,3521635303","FAST_76a9dc,9c:21:6a:cb:6d:22,[WPA2-PSK-CCMP][ESS],-88,2412,2527831684","TP-LINK_cfe2,70:a8:e3:cf:36:b8,[WPA-PSK-CCMP][WPA2-PSK-CCMP][WPS][ESS],-74,2437,484278784"]}