{"BSSID":"b8:10:63:81:bd:d2","IpAddress":"10.37.74.156","P2p0Mac":"39:35:65:e0:c2:53","SSID":"FAST_ca7caf","androidId":"b4e48a228f54c904","batteryLevel":68,"btAddress":"c3:18:99:3f:c2:8a","btName":"MI 2SC","buildAbi":"armeabi-v7a","buildAbi2":"armeabi","buildBoard":"ventana","buildBrand":"Xiaomi","buildCodename":"REL","buildDescription":"aries-user 5.0 LRX21M f08c4b43 release-keys","buildDevice":"aries","buildFingerprint":"Xiaomi/MI 2SC/aries:5.0/LRX21M/f08c4b43:user/release-keys","buildHardware":"qcom","buildHost":"mz-buider-4","buildId":"LRX21M","buildIncremental":"f08c4b43","buildManufacturer":"Xiaomi","buildModel":"MI 2SC","buildName":"Xiaomi","buildProduct":"aries","buildRadioVersion":"qgalwguih","buildRelease":"5.0","buildSdk":"21","buildSerialno":"3876c6fd","buildTags":"release-keys","buildType":"user","buildUser":"builder","buildUtc":1460670189494,"cellScan":["61703,47532","61703,22081","61703,168265503","33034,4235","33295,15886"],"ci":22081,"contacts":["奶奶,13601163052","姑妈,18904537904","外婆,15302264567","外公,13301706254","舅舅,18802753410","舅妈,18000714628","姨父,13100445366","姨娘,18801402811","亲爱的,15707738502","老弟,15507717438","老妹,13804104434","小明,18704303106","小李子,18600886768","郭良岁,13305817357","Dana Perez,18901236347","于香,15800058035","康设伟,13303290327","谷羡然,13303825004","Darrell Anderson,13490686457","盛荣译,18707571464","柯雄信,13906328364","吴坚,13200856232","Lori Holmes,15500917749","纪虎英,18708595671","杨声,18702686148","李义,18900656651","Francisco Wells,15308351981","昌魁雷,13490840045","全亚如,15703670188","余意,13407152312","Juan Edwards,15803130604","张胜,18808241766","康红业,13803914020","凤建勇,13604256240","Mary Ray,13704183848","王香,13300465785","王儒,13507956102","陈净校,13705086592","Jill Sims,13501943102","焦怀年,15707723971","宋同彤,18603680123","苏万梧,15801522647","Debra Smith,15203106533","张佳敬,15000135359","李行孝,13707866354"],"cpuName":"MI 2","densityDpi":320,"deviceId":"861696345779923","deviceSvn":"68","displayId":"aries-user 5.0 LRX21M f08c4b43 release-keys","extraInfo":"uninet","height":0,"hidePkgs":[],"hmNotes":"","hookPkgs":[],"lac":61703,"latitude":30.7699273,"line1Number":"18402872397","longitude":104.0614652,"macAddress":"0b:ac:b0:11:8f:b4","memAvailable":68339530,"memFree":136679061,"memTotal":205018591,"mnc":"00","networkClass":2,"networkCountryIso":"cn","networkOperator":"46002","networkOperatorName":"中国移动","networkType":8,"networkTypeName":"HSDPA","phoneType":1,"rgAndroid":"23","rgAreaode":"86","rgConNames":["上善若水","王闻"],"rgConsize":"2","rgCountry":"中国","rgDevice":"xiaomiRedmi 4X","rgIp":"119.4.253.32","rgLastLogin":1516018814231,"rgLocation":"四川省成都市 联通","rgNetType":"切换飞行模式","rgOrPhone":"18402872397","rgPhoneNo":"18402872397","rgServer":"飞行模式切换","rgTime":1515748737992,"rgVcode":"玉米(发码)","rgVersion":"1.6.2","rgWxEmail":"未绑定","rgWxError":"帐号状态异常，本次登录已失效。请尝试重新登录，并根据弹窗提示操作。","rgWxId":"wxid_n9d4scog11pg22","rgWxName":"王闻","rgWxNo":"未设置","rgWxPasswd":"Rmst@7890","rgWxQQ":"未绑定","rgWxStatus":"异常","rgWxWindows":"否","serialno":"3876c6fd","simCountryIso":"cn","simOperator":"46002","simOperatorName":"中国移动","simSerialNumber":"8986001469371364267","simState":5,"subscriberId":"460027841914792","type":0,"typeName":"MOBILE","width":0,"wifiScan":["PHICOMM_7d0daf,50:bd:5f:75:fa:42,[WPA2-PSK-CCMP][WPS][ESS],-73,2412,215369305","MERCURY_c1fbae,9c:21:6a:52:a4:b8,[WPA2-PSK-CCMP][WPS][ESS],-78,2412,474300445","PHICOMM_d31651,14:75:90:d6:c8:36,[WPA-PSK-CCMP][WPA2-PSK-CCMP][WPS][ESS],-55,2412,223490328","PHICOMM_763649,ec:26:ca:93:bc:88,[WPA2-PSK-CCMP][WPS][ESS],-85,2437,2453938547","PHICOMM_86c9dc,bc:d1:77:9b:67:02,[WPA-PSK-TKIP+CCMP][WPA2-PSK-TKIP+CCMP][ESS],-74,2462,3609432033"]}