{"BSSID":"11:28:c0:3f:0e:13","IpAddress":"192.168.56.158","P2p0Mac":"60:3c:f1:29:18:b2","SSID":"MERCURY_7385ad","androidId":"466e1d468b96819b","batteryLevel":87,"btAddress":"bf:31:13:c1:f0:b4","btName":"Xperia Z Ultra","buildAbi":"armeabi-v7a","buildAbi2":"armeabi","buildBoard":"p930","buildBrand":"Sony","buildCodename":"REL","buildDescription":"Xperia Z Ultra-user 5.1.1 LMY48G b2f92b3a release-keys","buildDevice":"Xperia Z Ultra","buildFingerprint":"Sony/Xperia Z Ultra/Xperia Z Ultra:5.1.1/LMY48G/b2f92b3a:user/release-keys","buildHardware":"qcom","buildHost":"huawei-desktop","buildId":"LMY48G","buildIncremental":"b2f92b3a","buildManufacturer":"Sony","buildModel":"Xperia Z Ultra","buildName":"Sony","buildProduct":"Xperia Z Ultra","buildRadioVersion":"bkvldspmvvzisur","buildRelease":"5.1.1","buildSdk":"22","buildSerialno":"8c36f463","buildTags":"release-keys","buildType":"user","buildUser":"android","buildUtc":1453211932202,"cellScan":[],"ci":0,"contacts":["奶奶,13905868436","姑妈,15600618534","外婆,13202006876","外公,13203530528","舅舅,18807034162","舅妈,15601950913","姨父,13490208390","姨娘,13490644320","亲爱的,15902597273","老弟,13208235495","老妹,13304262442","小明,13605834303","小李子,14702992004","杨瑟郡,13702194527","Ronald Murray,13605675488","李昱,13490680696","穆皓航,13208715349","和保雄,13008517248","Edwin Nichols,13204492824","祁毅景,13700814478","韩阳遇,13307793845","张进,13501413308","Sarah Brown,13801635104","李烈,18602466912","张向,13804708400","诸葛雷晟,13908112273","Amanda Ross,13603387686","张铁利,18600856008","张礼,15607104681","王骏,15303011519","Diane Weaver,18004301839","陈岳,13801022003","杨嗣夏,13407155364","羊卫璞,13708524700","Lloyd Carroll,13600080394","张灵,13501726943","戚室玉,18705677733","孔韶仕,13702113288","Travis Griffin,13708115039","王齐,13490640847","李吾,13705642627","张雄浩,13302810032","Alex Rivera,13490470033","支菁鹏,18906131671","仰义图,18707924010","粱耀焱,18802590889","Irene Mcdonald,18706160246"],"cpuName":"Qualcomm MSM8974","densityDpi":480,"deviceId":"861825625319965","deviceSvn":"13","displayId":"Xperia Z Ultra-user 5.1.1 LMY48G b2f92b3a release-keys","extraInfo":"MERCURY_7385ad","height":0,"hidePkgs":[],"hmNotes":"","hookPkgs":[],"lac":0,"latitude":30.6676454,"line1Number":"13408543795","longitude":104.12696,"macAddress":"c2:a0:a6:cd:34:98","memAvailable":4109598386,"memFree":12328795160,"memTotal":16438393546,"mnc":"00","networkClass":1,"networkCountryIso":"cn","networkOperator":"46007","networkOperatorName":"中国移动","networkType":2,"networkTypeName":"EDGE","phoneType":1,"rgAndroid":"23","rgAreaode":"86","rgConNames":[],"rgCountry":"中国","rgDevice":"xiaomiRedmi 4X","rgIp":"119.4.253.20","rgLastLogin":1516015277170,"rgLocation":"四川省成都市 联通","rgNetType":"切换飞行模式","rgOrPhone":"13408543795","rgPhoneNo":"13408543795","rgServer":"飞行模式切换","rgTime":1516007518949,"rgVcode":"玉米(发码)","rgVersion":"1.6.3","rgWxError":"帐号状态异常，本次登录已失效。请尝试重新登录，并根据弹窗提示操作。","rgWxName":"张琦","rgWxPasswd":"Rmst@7890","rgWxStatus":"异常","rgWxWindows":"否","serialno":"8c36f463","simCountryIso":"cn","simOperator":"46007","simOperatorName":"中国移动","simSerialNumber":"8986001225316891806","simState":5,"subscriberId":"460071038560177","type":1,"typeName":"WIFI","width":0,"wifiScan":["FAST_6916,69:5e:7d:3c:99:ea,[WPA-PSK-CCMP][WPA2-PSK-CCMP][ESS],-79,2462,538671336","ChainaNet_1436,f7:b9:ab:5e:a1:d4,[WPA2-PSK-CCMP][WPS][ESS],-80,2417,509190852","MERCURY_042751,1d:73:cd:58:ea:09,[WPA2-PSK-CCMP][WPS][ESS],-82,2437,224670862","MERCURY_afd0,9f:38:56:c2:17:1b,[WPA2-PSK-CCMP][WPS][ESS],-77,2462,1038638564","Netcore_86a964,4e:fb:74:71:88:a5,[WPA2-PSK-CCMP][WPS][ESS],-57,2447,621438558"]}