{"BSSID":"cd:c5:eb:38:f0:1c","IpAddress":"192.168.51.43","P2p0Mac":"ba:77:09:5d:62:8b","SSID":"ChainaNet_8636","androidId":"602dd4dd360f600a","batteryLevel":59,"btAddress":"63:f2:70:70:aa:31","btName":"samsung SM-N9300","buildAbi":"armeabi-v7a","buildAbi2":"armeabi","buildBoard":"APQ8084","buildBrand":"samsung","buildCodename":"REL","buildDescription":"samsung SM-N9300-user 5.0 LRX21M 00354d81 release-keys","buildDevice":"samsung SM-N9300","buildFingerprint":"samsung/samsung SM-N9300/samsung SM-N9300:5.0/LRX21M/00354d81:user/release-keys","buildHardware":"qcom","buildHost":"LGEACI2R5","buildId":"LRX21M","buildIncremental":"00354d81","buildManufacturer":"samsung","buildModel":"samsung SM-N9300","buildName":"samsung","buildProduct":"samsung SM-N9300","buildRadioVersion":"clulzkclr","buildRelease":"5.0","buildSdk":"21","buildSerialno":"b8b957aa","buildTags":"release-keys","buildType":"user","buildUser":"Server","buildUtc":1475509910127,"cellScan":[],"ci":0,"contacts":["奶奶,18806832104","姑妈,13901754412","外婆,18805513732","外公,13303997016","舅舅,18707125974","舅妈,15705210930","姨父,13000187445","姨娘,15703977259","亲爱的,13303671516","老弟,13604012902","老妹,13603591325","小明,15803877364","小李子,15902370442","钱轩,15608008737","Chris Franklin,13007502594","魏魄群,15604856421","陈辉,18806084403","余伟全,15500987136","Edith Green,13106343828","汲炎由,13106300860","余瑕兴,15203502209","计宽能,18604063529","Earl Payne,13104616744","王吉,14700891001","余王,14707002001","伍琦昱,13000165436","Katie Bryant,13003456479","张璇,14702645938","于诗,13490518371","贾岁况,13002578914","Angela Anderson,13004658377","段举韶,13703623839","李意,18001982956","荣楷渠,14702724956","Vernon Knight,18804744713","吴世石,18602653852","余杏,18803436477","昌坚王,13600017055","Travis Phillips,13807428700","李会况,18808440496"],"cpuName":"Qualcomm Technologies, Inc MSM8996","densityDpi":560,"deviceId":"862767696847137","deviceSvn":"17","displayId":"samsung SM-N9300-user 5.0 LRX21M 00354d81 release-keys","extraInfo":"ChainaNet_8636","height":0,"hidePkgs":[],"hmNotes":"","hookPkgs":[],"lac":0,"latitude":30.7765043,"line1Number":"13541085086","longitude":104.185851,"macAddress":"9f:2c:a8:6f:b0:71","memAvailable":51138461,"memFree":153415383,"memTotal":204553844,"mnc":"00","networkClass":2,"networkCountryIso":"cn","networkOperator":"46002","networkOperatorName":"中国移动","networkType":8,"networkTypeName":"HSDPA","phoneType":1,"rgAndroid":"23","rgAreaode":"86","rgConNames":["上善若水","王颖"],"rgConsize":"2","rgCountry":"中国","rgDevice":"xiaomiRedmi 4X","rgIp":"119.4.254.232","rgLastLogin":1516277732025,"rgLocation":"四川省成都市 联通","rgNetType":"切换飞行模式","rgOrPhone":"13541085086","rgPhoneNo":"13541085086","rgServer":"飞行模式切换","rgTime":1516001452552,"rgVcode":"玉米(发码)","rgVersion":"1.6.3","rgWxEmail":"未绑定","rgWxError":"帐号状态异常，本次登录已失效。请尝试重新登录，并根据弹窗提示操作。","rgWxId":"wxid_oiuobxk7uqrb22","rgWxName":"王颖","rgWxNo":"未设置","rgWxPasswd":"Rmst@7890","rgWxQQ":"未绑定","rgWxStatus":"异常","rgWxWindows":"否","serialno":"b8b957aa","simCountryIso":"cn","simOperator":"46002","simOperatorName":"中国移动","simSerialNumber":"8986002088096586952","simState":5,"subscriberId":"460026313179979","type":1,"typeName":"WIFI","width":0,"wifiScan":["PHICOMM_98d0e7,00:23:c9:8e:d9:93,[WPA2-PSK-CCMP][WPS][ESS],-83,2437,863527213","TP-LINK_6bb9,64:3a:b1:53:0e:da,[WPA2-PSK-CCMP][WPS][ESS],-83,2427,2025436313","Netcore_8cc0f3,2c:95:7f:2c:52:2c,[WPA-PSK-CCMP][WPA2-PSK-CCMP][WPS][ESS],-61,2462,206408426","FAST_fd1004,6c:e8:73:a4:df:42,[WPA2-PSK-CCMP][WPS][ESS],-86,2412,2518536516","TP-LINK_104266,64:3a:b1:7c:39:a2,[WPA2-PSK-CCMP][WPS][ESS],-71,2412,3413226414"]}