{"BSSID":"f4:86:5d:73:57:be","IpAddress":"192.168.71.242","P2p0Mac":"ac:51:d5:20:cd:eb","SSID":"TP-LINK_60386a","androidId":"f8514a811127788a","batteryLevel":45,"btAddress":"1c:6f:c0:57:56:8e","btName":"HUAWEI GRA-CL10","buildAbi":"armeabi-v7a","buildAbi2":"armeabi","buildBoard":"t1","buildBrand":"HUAWEI","buildCodename":"REL","buildDescription":"GRA-CL10-user 7.0.0 NRD90M 9bcb1d56 release-keys","buildDevice":"HWGRA","buildFingerprint":"HUAWEI/HUAWEI GRA-CL10/HWGRA:7.0.0/NRD90M/9bcb1d56:user/release-keys","buildHardware":"qcom","buildHost":"mine","buildId":"NRD90M","buildIncremental":"9bcb1d56","buildManufacturer":"HUAWEI","buildModel":"HUAWEI GRA-CL10","buildName":"HUAWEI","buildProduct":"GRA-CL10","buildRadioVersion":"gukfkenipwsa","buildRelease":"7.0.0","buildSdk":"24","buildSerialno":"4c03f810","buildTags":"release-keys","buildType":"user","buildUser":"MarkBuild","buildUtc":1502530163527,"cellScan":[],"ci":0,"contacts":["奶奶,13102833941","姑妈,18700655622","外婆,13506895111","外公,15203101603","舅舅,13300093212","舅妈,14707602328","姨父,18603028986","姨娘,13706610399","亲爱的,13802368807","老弟,15301776757","老妹,18806080272","小明,15305326098","小李子,18704195751","于昱如,18908728329","Carmen Kelley,13301056145","庞西伊,18907614514","邱尚遇,15502433296","杨魄,18004922335","Helen Price,13302163568","臧瑕镜,15300563380","吴精,13405871757","戴求炬,15306360858","Rick Hunt,18002278076","王佩森,13303980896","上官图商,18802797140","缪韶水,13501977390","Carrie White,13701837015","杨时迅,18802554045","杨渠翰,13703620165","臧宇勋,13505627316","Karen Gardner,13602731295","李敬欣,14701966786","杨随锦,18807411329","陈恺,18807788824","Kathleen Smith,14707097484","王棠寿,15208873994","吴演野,15605420270","堪生同,15804834221","Ana Howard,15004882763","杨和珂,13001657403","杨求吾,15301307250","封航军,13704981908","Hector Chavez,13707272018"],"cpuName":"Kirin935","densityDpi":320,"deviceId":"861833159190489","deviceSvn":"78","displayId":"GRA-CL10-user 7.0.0 NRD90M 9bcb1d56 release-keys","extraInfo":"TP-LINK_60386a","height":0,"hidePkgs":[],"hmNotes":"","hookPkgs":[],"lac":0,"latitude":30.6522272,"line1Number":"15198142835","longitude":104.0836157,"macAddress":"42:be:dd:47:fc:d2","memAvailable":935509786,"memFree":1871019572,"memTotal":2806529358,"mnc":"00","networkClass":2,"networkCountryIso":"cn","networkOperator":"46007","networkOperatorName":"中国移动","networkType":8,"networkTypeName":"HSDPA","phoneType":1,"rgAndroid":"23","rgAreaode":"86","rgConNames":[],"rgCountry":"中国","rgDevice":"xiaomiRedmi 4X","rgIp":"119.4.255.203","rgLastLogin":1516015916463,"rgLocation":"四川省成都市 联通","rgNetType":"切换飞行模式","rgOrPhone":"15198142835","rgPhoneNo":"15198142835","rgServer":"飞行模式切换","rgTime":1516012170810,"rgVcode":"玉米(发码)","rgVersion":"1.6.3","rgWxError":"帐号状态异常，本次登录已失效。请尝试重新登录，并根据弹窗提示操作。","rgWxName":"项先界","rgWxPasswd":"Rmst@7890","rgWxStatus":"异常","rgWxWindows":"否","serialno":"4c03f810","simCountryIso":"cn","simOperator":"46007","simOperatorName":"中国移动","simSerialNumber":"8986009660499956078","simState":5,"subscriberId":"460076707634869","type":1,"typeName":"WIFI","width":0,"wifiScan":["ChainaNet_a7ca,f6:d4:56:6f:bf:fe,[WPA2-PSK-CCMP][ESS],-73,2462,190229336","ChainaNet_bed3,56:02:58:0c:d2:db,[WPA2-PSK-CCMP][ESS],-87,2462,370865683","iTV-fed1,da:04:f1:57:57:d5,[WPA2-PSK-CCMP][WPS][ESS],-71,2437,214517804","Netcore_0f3376,76:7c:a7:4c:bf:c2,[WPA-PSK-CCMP][WPA2-PSK-CCMP][WPS][ESS],-93,2437,1396228877","FAST_65987b,b7:3d:8b:c2:77:c7,[WPA2-PSK-CCMP][ESS],-90,2462,331644595"]}