{"BSSID":"02:e3:c7:9f:17:99","IpAddress":"10.74.57.22","P2p0Mac":"e9:c2:35:fe:eb:cf","SSID":"TP-LINK_3fd204","androidId":"d8f11fae57fc387e","batteryLevel":45,"btAddress":"50:96:90:c8:60:52","btName":"HUAWEI GRA-CL10","buildAbi":"armeabi-v7a","buildAbi2":"armeabi","buildBoard":"MSM8226","buildBrand":"HUAWEI","buildCodename":"REL","buildDescription":"GRA-CL10-user 7.1.2 NMF26Q a9be6a54 release-keys","buildDevice":"HWGRA","buildFingerprint":"HUAWEI/HUAWEI GRA-CL10/HWGRA:7.1.2/NMF26Q/a9be6a54:user/release-keys","buildHardware":"qcom","buildHost":"zc-miui-ota-bd39.bj","buildId":"NMF26Q","buildIncremental":"a9be6a54","buildManufacturer":"HUAWEI","buildModel":"HUAWEI GRA-CL10","buildName":"HUAWEI","buildProduct":"GRA-CL10","buildRadioVersion":"amdkwrnc","buildRelease":"7.1.2","buildSdk":"25","buildSerialno":"9c8feb0b","buildTags":"release-keys","buildType":"user","buildUser":"builder","buildUtc":1485072121577,"cellScan":["61703,168499037","61697,168493269","61701,168497091","61701,168499040","33029,117590049"],"ci":168493269,"contacts":["奶奶,14700547434","姑妈,18800306700","外婆,15108465759","外公,13805521086","舅舅,15200893322","舅妈,13507283441","姨父,15700523855","姨娘,13103642045","亲爱的,15801092644","老弟,15305485199","老妹,13205316163","小明,13202807144","小李子,18904937060","李印仙,13308785809","Marvin Alexander,13490214825","龚余屏,15505233755","杨畏,13303652024","张古,13100964450","Gladys Hunt,13102595109","李行,18905232568","杨凇麟,13802982940","李胤,18001892378","Kathy Phillips,13490639562","齐情旺,18602706722","李轩,18703483902","吴青,15000607509","Patricia Greene,13403313759","干君朋,13500110672","麻帅峻,15104494747","司徒图泉,18701897581","Erica Watson,18700063788","杜求献,18902866561","姚隆雍,13702626936","明亚力,13407700678","Adam Kennedy,15108422791","杨义,13506237207","李荃,15707416076","解誓经,13702672006","Crystal Hernandez,13506042444","杨添默,18903621200","王王,13907256807","孔殊卫,15007788755","Patrick Hughes,15105252414"],"cpuName":":0","densityDpi":480,"deviceId":"862099259593290","deviceSvn":"37","displayId":"GRA-CL10-user 7.1.2 NMF26Q a9be6a54 release-keys","extraInfo":"uninet","height":0,"hidePkgs":[],"hmNotes":"","hookPkgs":[],"lac":61697,"latitude":30.6721058,"line1Number":"15708423964","longitude":104.0888668,"macAddress":"05:f9:40:6e:9f:b1","memAvailable":1250179813,"memFree":2500359626,"memTotal":3750539439,"mnc":"00","networkClass":2,"networkCountryIso":"cn","networkOperator":"46000","networkOperatorName":"中国移动","networkType":17,"networkTypeName":"TD_SCDMA","phoneType":1,"rgAndroid":"23","rgAreaode":"86","rgConNames":["陈岁慎","上善若水"],"rgConsize":"2","rgCountry":"中国","rgDevice":"xiaomiRedmi 4X","rgIp":"119.4.252.3","rgLastLogin":1516277868423,"rgLocation":"四川省成都市 联通","rgNetType":"切换飞行模式","rgOrPhone":"15708423964","rgPhoneNo":"15708423964","rgServer":"飞行模式切换","rgTime":1516005409470,"rgVcode":"玉米(发码)","rgVersion":"1.6.3","rgWxEmail":"未绑定","rgWxError":"帐号状态异常，本次登录已失效。请尝试重新登录，并根据弹窗提示操作。","rgWxId":"wxid_lhcw8hrirsvs22","rgWxName":"陈岁慎","rgWxNo":"未设置","rgWxPasswd":"Rmst@7890","rgWxQQ":"未绑定","rgWxStatus":"异常","rgWxWindows":"否","serialno":"9c8feb0b","simCountryIso":"cn","simOperator":"46000","simOperatorName":"中国移动","simSerialNumber":"8986007759523913816","simState":5,"subscriberId":"460001578635792","type":0,"typeName":"MOBILE","width":0,"wifiScan":["MERCURY_b15597,d8:15:0d:41:96:62,[WPA-PSK-CCMP][WPA2-PSK-CCMP][ESS],-92,2442,3018233111","Tenda_0ed00e,b0:48:7a:32:52:6e,[WPA-PSK-CCMP][WPA2-PSK-CCMP][WPS][ESS],-95,2462,1741834095","Netcore_edc105,b0:d5:9d:13:19:ff,[WPA-PSK-CCMP][WPA2-PSK-CCMP][WPS][ESS],-76,2437,296954497","PHICOMM_e21553,80:f6:2e:23:b6:00,[WPA-PSK-CCMP][WPA2-PSK-CCMP][WPS][ESS],-84,2412,3120729019","FAST_f33165,00:36:76:6e:73:0f,[WPA-PSK-CCMP][WPA2-PSK-CCMP][ESS],-68,2437,495701525"]}