{"BSSID":"07:f5:a5:9d:6a:ba","IpAddress":"10.22.44.60","P2p0Mac":"88:d2:55:b5:8b:78","SSID":"Netcore_263254","androidId":"17efcc514499aeb6","batteryLevel":60,"btAddress":"4c:8f:2b:9a:71:87","btName":"HUAWEI H30-L01","buildAbi":"armeabi-v7a","buildAbi2":"armeabi","buildBoard":"msm8916","buildBrand":"HUAWEI","buildCodename":"REL","buildDescription":"HUAWEI H30-L01-user 7.1.2 NMF26Q 0fb0bb78 release-keys","buildDevice":"HUAWEI H30-L01","buildFingerprint":"HUAWEI/HUAWEI H30-L01/HUAWEI H30-L01:7.1.2/NMF26Q/0fb0bb78:user/release-keys","buildHardware":"qcom","buildHost":"mine","buildId":"NMF26Q","buildIncremental":"0fb0bb78","buildManufacturer":"HUAWEI","buildModel":"HUAWEI H30-L01","buildName":"HUAWEI","buildProduct":"HUAWEI H30-L01","buildRadioVersion":"lybbgeutvbzu","buildRelease":"7.1.2","buildSdk":"25","buildSerialno":"544e133a","buildTags":"release-keys","buildType":"user","buildUser":"Server","buildUtc":1488387096055,"cellScan":[],"ci":0,"contacts":["奶奶,13490855023","姑妈,15303372757","外婆,18806401609","外公,13505798247","舅舅,15605157887","舅妈,13706061474","姨父,18907436163","姨娘,14702241951","亲爱的,13005551854","老弟,14706262086","老妹,15501414770","小明,18603880173","小李子,13801431359","邢玮野,13105208238","Jesse Rice,13205922372","张莉,18805807783","符谦享,18602742269","张默,18707543745","Brian Evans,14706837544","陈双守,13301993980","夏能江,15204211142","于伊津,18908043028","Diana Jackson,13490818847","符龙礼,15903862070","王贤,13801094125","景翰桂,15106972330","Danny Grant,13403720131","韦郁耀,13207805423","杨霖,13906907586","李古,13301207420","Rachel Rice,13306730636","储璇佩,15600435495","杨翰团,18904350750","李鹏乐,18006934840","Cynthia Elliott,13303620821","余若,13004413216","娄涂宣,15304095922","汤顺魁,15500305603","Edwin Kennedy,13005556958","杨业,15206054497","杨商贺,18802131797","吴威,18704471982","Patrick Weaver,15705363555","谢香泰,13490344727","方异仪,13401696420","束西罗,15905846304","Roberto Murphy,15002920536","吴隆绣,15600716103","慕容坚骏,13504304980","李逸,13207413222","Regina Henderson,18602561115","李联,15704560017"],"cpuName":"Kirin910","densityDpi":480,"deviceId":"867217681920213","deviceSvn":"41","displayId":"HUAWEI H30-L01-user 7.1.2 NMF26Q 0fb0bb78 release-keys","extraInfo":"cmwap","height":0,"hidePkgs":[],"hmNotes":"","hookPkgs":[],"lac":0,"latitude":30.7930642,"line1Number":"18224436823","longitude":104.2712906,"macAddress":"08:a0:8a:5e:42:f8","memAvailable":458461964,"memFree":1375385895,"memTotal":1833847859,"mnc":"00","networkClass":1,"networkCountryIso":"cn","networkOperator":"46007","networkOperatorName":"中国移动","networkType":2,"networkTypeName":"EDGE","phoneType":1,"rgAndroid":"23","rgAreaode":"86","rgConNames":[],"rgCountry":"中国","rgDevice":"xiaomiRedmi 4X","rgIp":"119.4.254.148","rgLastLogin":1516015850102,"rgLocation":"四川省成都市 联通","rgNetType":"切换飞行模式","rgOrPhone":"18224436823","rgPhoneNo":"18224436823","rgServer":"飞行模式切换","rgTime":1516009802862,"rgVcode":"玉米(发码)","rgVersion":"1.6.3","rgWxError":"帐号状态异常，本次登录已失效。请尝试重新登录，并根据弹窗提示操作。","rgWxName":"虞俊奇","rgWxPasswd":"Rmst@7890","rgWxStatus":"异常","rgWxWindows":"否","serialno":"544e133a","simCountryIso":"cn","simOperator":"46007","simOperatorName":"中国移动","simSerialNumber":"8986027902860524787","simState":5,"subscriberId":"460079967463502","type":0,"typeName":"MOBILE","width":0,"wifiScan":["FAST_405275,47:51:64:37:a6:1e,[WPA-PSK-CCMP][WPA2-PSK-CCMP][ESS],-64,2412,1264127798","iTV-7476,8f:40:eb:cb:c0:db,[WPA-PSK-CCMP][WPA2-PSK-CCMP][WPS][ESS],-69,2462,426157765","FAST_ba7a9d,ee:c6:a9:be:40:51,[WPA2-PSK-CCMP][WPS][ESS],-83,2462,377734863","FAST_0427,ae:63:e4:8b:6c:76,[WPA-PSK-CCMP][WPA2-PSK-CCMP][WPS][ESS],-69,2437,3054829462","ChainaNet_a7ba,f1:90:80:42:26:90,[WPA-PSK-CCMP][WPA2-PSK-CCMP][WPS][ESS],-65,2462,2505236795"]}