{"BSSID":"01:f6:34:32:41:01","IpAddress":"192.168.42.186","P2p0Mac":"5b:2f:4b:a1:2c:a5","SSID":"Netcore_48b821","androidId":"fd3f13b44597fc92","batteryLevel":55,"btAddress":"7b:f8:6a:de:d7:61","btName":"GT-I9158P","buildAbi":"armeabi-v7a","buildAbi2":"armeabi","buildBoard":"aries","buildBrand":"samsung","buildCodename":"REL","buildDescription":"GT-I9158P-user 7.0.0 NRD90M ddd18229 release-keys","buildDevice":"GT-I9158P","buildFingerprint":"samsung/GT-I9158P/GT-I9158P:7.0.0/NRD90M/ddd18229:user/release-keys","buildHardware":"qcom","buildHost":"mine","buildId":"NRD90M","buildIncremental":"ddd18229","buildManufacturer":"samsung","buildModel":"GT-I9158P","buildName":"samsung","buildProduct":"GT-I9158P","buildRadioVersion":"ufirrqqfdqbewk","buildRelease":"7.0.0","buildSdk":"24","buildSerialno":"b93e29b8","buildTags":"release-keys","buildType":"user","buildUser":"Server","buildUtc":1497012819526,"cellScan":["32775,16244","32775,16245","39700,162955058","32904,20446","32904,54274"],"ci":16244,"contacts":["奶奶,14700907527","姑妈,14707177870","外婆,15000902262","外公,13490138224","舅舅,13406720457","舅妈,13104916614","姨父,14701887863","姨娘,15506397445","亲爱的,13490410572","老弟,13501613802","老妹,13601805825","小明,15201073953","小李子,15307804150","余兴,13607241146","Sharon Palmer,13802954668","魏绵适,13807097358","麻翔建,18604786850","蒋瑜谷,13207008054","Danielle Brooks,15507603083","杨朔欣,18003553057","余怒,15505391363","陈羡畏,13303544058","Derrick Hart,18902925302","焦瑟良,18708426058","张坚儒,14701748680","狄硕雅,18001396111","Alan Sanchez,18002024736","龚津素,13804238303","余权伟,15703368744","吴逸彤,13000291510","Ronald Ward,15504923239","魏贺琦,13706625146","暴卿嘉,15500878111","雷岳培,13307854936","Gail Patterson,18007735365","张梧殊,18900020032","王野木,18705358305","张卿,18001968848","Debra Hicks,18001817871","杜群万,15300043693","熊菁亚,13407685103","吴禄意,18700495573","Rhonda Jackson,18800232851","薛耀迅,18003316407","杨媛,13304970297","左校西,13407341258","Jill Bell,13400921370"],"cpuName":"Qualcomm MSM 8226 (Flattened Device Tree)","densityDpi":240,"deviceId":"860404616973056","deviceSvn":"11","displayId":"GT-I9158P-user 7.0.0 NRD90M ddd18229 release-keys","extraInfo":"Netcore_48b821","height":0,"hidePkgs":[],"hmNotes":"","hookPkgs":[],"lac":32775,"latitude":30.6116194,"line1Number":"18280404798","longitude":103.9021453,"macAddress":"54:bb:e7:f6:9a:9d","memAvailable":610996971,"memFree":1221993942,"memTotal":1832990913,"mnc":"00","networkClass":1,"networkCountryIso":"cn","networkOperator":"46002","networkOperatorName":"中国移动","networkType":2,"networkTypeName":"EDGE","phoneType":1,"rgAndroid":"23","rgAreaode":"86","rgConNames":[],"rgCountry":"中国","rgDevice":"xiaomiRedmi 4X","rgIp":"119.4.252.247","rgLastLogin":1516014373640,"rgLocation":"四川省成都市 联通","rgNetType":"切换飞行模式","rgOrPhone":"18280404798","rgPhoneNo":"18280404798","rgServer":"飞行模式切换","rgTime":1516002672375,"rgVcode":"玉米(发码)","rgVersion":"1.6.3","rgWxError":"帐号状态异常，本次登录已失效。请尝试重新登录，并根据弹窗提示操作。","rgWxName":"王律","rgWxPasswd":"Rmst@7890","rgWxStatus":"异常","rgWxWindows":"否","serialno":"b93e29b8","simCountryIso":"cn","simOperator":"46002","simOperatorName":"中国移动","simSerialNumber":"8986026061450348213","simState":5,"subscriberId":"460022394291119","type":1,"typeName":"WIFI","width":0,"wifiScan":["PHICOMM_79cb86,84:4b:f5:97:f0:ff,[WPA-PSK-CCMP][WPA2-PSK-CCMP][WPS][ESS],-72,2412,500673834","Tenda_c1e21e,64:3a:b1:41:b5:22,[WPA2-PSK-CCMP][WPS][ESS],-78,2437,485305746","FAST_b9e10d,70:62:b8:8b:e9:95,[WPA-PSK-CCMP][WPA2-PSK-CCMP][ESS],-77,2437,299514880","PHICOMM_86275a,ac:4e:91:66:f2:50,[WPA2-PSK-CCMP][WPS][ESS],-80,2462,1046738387","PHICOMM_7afda9,50:bd:5f:1c:01:19,[WPA2-PSK-CCMP][ESS],-74,2437,3019738366"]}