{"BSSID":"7f:e1:14:15:05:ae","IpAddress":"192.168.81.235","P2p0Mac":"21:c1:af:a8:1c:44","SSID":"FAST_f217","androidId":"283cd5ec26f2c21d","batteryLevel":38,"btAddress":"de:ed:4b:62:ec:67","btName":"vivo X6D","buildAbi":"armeabi-v7a","buildAbi2":"armeabi","buildBoard":"w5","buildBrand":"vivo","buildCodename":"REL","buildDescription":"PD1415D-user 6.0.1 MMB29T 45b5e650 release-keys","buildDevice":"PD1415D","buildFingerprint":"vivo/vivo X6D/PD1415D:6.0.1/MMB29T/45b5e650:user/release-keys","buildHardware":"qcom","buildHost":"Android-server","buildId":"MMB29T","buildIncremental":"45b5e650","buildManufacturer":"vivo","buildModel":"vivo X6D","buildName":"vivo","buildProduct":"PD1415D","buildRadioVersion":"jppsdbndhusnxokc","buildRelease":"6.0.1","buildSdk":"23","buildSerialno":"37b70c49","buildTags":"release-keys","buildType":"user","buildUser":"MarkBuild","buildUtc":1510769099164,"cellScan":[],"ci":0,"contacts":["奶奶,13903731030","姑妈,13807568547","外婆,15307665477","外公,18000323348","舅舅,13100177696","舅妈,15004850214","姨父,15302620503","姨娘,13302511367","亲爱的,15906882470","老弟,15102142536","老妹,15507526009","小明,18908284592","小李子,15200480167","王杏汉,15907386495","Erica Williams,13401534593","凌相贤,18702204027","齐启古,13901706176","杨同,18701327036","David Miller,18808718325","章宽诗,13708767397","盛欢璇,13702838565","昌念罗,15908867797","Don Green,15204735879","杨书,18705474480","张瑞延,18704746424","长孙麟如,15001915847","Floyd Palmer,15900816916","吴图彤,13702840745","李午烈,13902035532","吴彤,15000791997","Greg Morris,15201658595","余影,13500030730","单坚献,18702518698","荀红瑟,15301690383","Mary Simpson,18008513657","阮衔鹏,15304757787","詹儒森,13603058594","倪荣香,13008183464","Steven Brown,13106414383","陈净,18805834038"],"cpuName":"MT6752","densityDpi":480,"deviceId":"860732512504512","deviceSvn":"24","displayId":"PD1415D-user 6.0.1 MMB29T 45b5e650 release-keys","extraInfo":"FAST_f217","height":0,"hidePkgs":[],"hmNotes":"","hookPkgs":[],"lac":0,"latitude":30.6342756,"line1Number":"18280409403","longitude":104.2671954,"macAddress":"8f:8f:4a:4c:df:e9","memAvailable":172259559,"memFree":344519120,"memTotal":516778679,"mnc":"00","networkClass":2,"networkCountryIso":"cn","networkOperator":"46000","networkOperatorName":"中国移动","networkType":8,"networkTypeName":"HSDPA","phoneType":1,"rgAndroid":"23","rgAreaode":"86","rgConNames":[],"rgCountry":"中国","rgDevice":"xiaomiRedmi 4X","rgIp":"119.4.254.167","rgLastLogin":1516015343885,"rgLocation":"四川省成都市 联通","rgNetType":"切换飞行模式","rgOrPhone":"18280409403","rgPhoneNo":"18280409403","rgServer":"飞行模式切换","rgTime":1516007897269,"rgVcode":"玉米(发码)","rgVersion":"1.6.3","rgWxError":"帐号状态异常，本次登录已失效。请尝试重新登录，并根据弹窗提示操作。","rgWxName":"贺砚文","rgWxPasswd":"Rmst@7890","rgWxStatus":"异常","rgWxWindows":"否","serialno":"37b70c49","simCountryIso":"cn","simOperator":"46000","simOperatorName":"中国移动","simSerialNumber":"8986028598601798995","simState":5,"subscriberId":"460009491736162","type":1,"typeName":"WIFI","width":0,"wifiScan":["Tenda_f10dc0,15:61:4e:bc:d9:3d,[WPA2-PSK-CCMP][ESS],-84,2412,3144429590","Netcore_0db0e3,19:d0:b3:a9:bd:0b,[WPA2-PSK-CCMP][WPS][ESS],-93,2447,2098233586","Tenda_2fd205,fb:19:f6:4f:4c:e0,[WPA-PSK-TKIP+CCMP][WPA2-PSK-TKIP+CCMP][ESS],-89,2412,1020636561","Netcore_5a8543,82:e0:75:f8:bf:97,[WPA-PSK-CCMP][WPA2-PSK-CCMP][WPS][ESS],-72,2462,377303732","FAST_6598,2c:f0:31:02:40:62,[WPA2-PSK-CCMP][ESS],-74,2462,478726582","TP-LINK_cc1fca,f6:11:56:83:aa:35,[WPA2-PSK-CCMP][WPS][ESS],-91,2437,222090487","PHICOMM_ed10cb,3d:28:fb:b3:c4:a0,[WPA-PSK-CCMP][WPA2-PSK-CCMP][WPS][ESS],-89,2462,215186590"]}