{"BSSID":"50:10:77:fa:1f:9c","IpAddress":"192.168.41.27","P2p0Mac":"c4:b9:6a:1f:df:95","SSID":"PHICOMM_210436","androidId":"8c069407c46bc5c7","batteryLevel":49,"btAddress":"47:ca:ff:f9:d5:a3","btName":"OPPO R7sm","buildAbi":"armeabi-v7a","buildAbi2":"armeabi","buildBoard":"flounder","buildBrand":"OPPO","buildCodename":"REL","buildDescription":"R7sm-user 5.0 LRX21M 01e2ed75 release-keys","buildDevice":"R7sm","buildFingerprint":"OPPO/OPPO R7sm/R7sm:5.0/LRX21M/01e2ed75:user/release-keys","buildHardware":"qcom","buildHost":"mz-buider-4","buildId":"LRX21M","buildIncremental":"01e2ed75","buildManufacturer":"OPPO","buildModel":"OPPO R7sm","buildName":"OPPO","buildProduct":"R7sm","buildRadioVersion":"ufmjjsmseqoddxvsw","buildRelease":"5.0","buildSdk":"21","buildSerialno":"673d1ac9","buildTags":"release-keys","buildType":"user","buildUser":"lgmobile","buildUtc":1456228961358,"cellScan":[],"ci":0,"contacts":["奶奶,13007891959","姑妈,13503024443","外婆,13207337466","外公,14706810378","舅舅,18800666614","舅妈,13306914255","姨父,14705793593","姨娘,15800244130","亲爱的,18606541609","老弟,13705011340","老妹,14707352647","小明,15705288060","小李子,15606284119","徐西秀,13406236705","Todd Peterson,15207812687","戴演西,15108878447","支衔骏,15206657103","包佑康,15902548448","Clifford Cruz,13403012907","张伊,15308163975","于伊,15307830308","张熙,15803229024","Jacob Patterson,15200663802","廉勋实,13208518287","郎伟任,15304704296","王校,15603164341","Rodney Woods,15504236945","张静,13303878448","时书锐,15302552573","章骥弘,13103630086","Renee Wallace,13105487450","王素岭,15904345882","余耀,18004205417","严薇三,18802311553","Melissa Kennedy,15704430887","詹逵森,13907574164","黄欣彤,18005104854","李仪,15708313775","Catherine Walker,14700151012","袁超璇,15002922796","吴孝延,13607224486","上官吉虹,15803743886","Rita Simpson,15901127043","李岩庞,13703520731"],"cpuName":"Qualcomm Technologies, Inc MSM8939","densityDpi":560,"deviceId":"863725270405689","deviceSvn":"68","displayId":"R7sm-user 5.0 LRX21M 01e2ed75 release-keys","extraInfo":"PHICOMM_210436","height":0,"hidePkgs":[],"hmNotes":"","hookPkgs":[],"lac":0,"latitude":30.9024276,"line1Number":"18280422762","longitude":103.9361267,"macAddress":"09:e6:33:5a:e3:c0","memAvailable":32263196,"memFree":64526392,"memTotal":96789588,"mnc":"00","networkClass":2,"networkCountryIso":"cn","networkOperator":"46002","networkOperatorName":"中国移动","networkType":17,"networkTypeName":"TD_SCDMA","phoneType":1,"rgAndroid":"23","rgAreaode":"86","rgConNames":["龙瑜河","上善若水"],"rgConsize":"2","rgCountry":"中国","rgDevice":"xiaomiRedmi 4X","rgIp":"119.4.255.190","rgLastLogin":1516277804240,"rgLocation":"四川省成都市 联通","rgNetType":"切换飞行模式","rgOrPhone":"18280422762","rgPhoneNo":"18280422762","rgServer":"飞行模式切换","rgTime":1516003889770,"rgVcode":"玉米(发码)","rgVersion":"1.6.3","rgWxEmail":"未绑定","rgWxError":"帐号状态异常，本次登录已失效。请尝试重新登录，并根据弹窗提示操作。","rgWxId":"wxid_l1sxc890xwp622","rgWxName":"龙瑜河","rgWxNo":"未设置","rgWxPasswd":"Rmst@7890","rgWxQQ":"未绑定","rgWxStatus":"异常","rgWxWindows":"否","serialno":"673d1ac9","simCountryIso":"cn","simOperator":"46002","simOperatorName":"中国移动","simSerialNumber":"8986022393302511888","simState":5,"subscriberId":"460021994740041","type":1,"typeName":"WIFI","width":0,"wifiScan":["TP-LINK_e0df32,e6:b9:e1:83:f5:c5,[WPA-PSK-CCMP][WPA2-PSK-CCMP][ESS],-74,2412,3012338444","Netcore_164876,b7:0c:70:94:ee:f9,[WPA2-PSK-CCMP][ESS],-77,2437,2153630925","FAST_1fec0f,2e:6d:64:1a:47:8b,[WPA-PSK-CCMP][WPA2-PSK-CCMP][ESS],-82,2462,3318529307","FAST_315448,1c:86:5f:cc:02:bb,[WPA2-PSK-CCMP][ESS],-81,2437,485219776","MERCURY_6a9e,35:38:4b:6a:1b:ee,[WPA2-PSK-CCMP][WPS][ESS],-95,2462,191587549","MERCURY_04377b,88:f7:7f:60:f6:dd,[WPA-PSK-CCMP][WPA2-PSK-CCMP][WPS][ESS],-73,2437,215367232"]}