{"BSSID":"93:ec:0f:ec:7e:f4","IpAddress":"192.168.62.140","P2p0Mac":"55:51:ae:a5:f6:ec","SSID":"MERCURY_f265","androidId":"e88a80f1a6123eea","batteryLevel":40,"btAddress":"9f:70:62:34:29:91","btName":"Redmi Note 3","buildAbi":"armeabi-v7a","buildAbi2":"armeabi","buildBoard":"t6wl","buildBrand":"Xiaomi","buildCodename":"REL","buildDescription":"Redmi Note 3-user 7.1.2 NMF26Q c5c3f672 release-keys","buildDevice":"Redmi Note 3","buildFingerprint":"Xiaomi/Redmi Note 3/Redmi Note 3:7.1.2/NMF26Q/c5c3f672:user/release-keys","buildHardware":"qcom","buildHost":"glsrv4","buildId":"NMF26Q","buildIncremental":"c5c3f672","buildManufacturer":"Xiaomi","buildModel":"Redmi Note 3","buildName":"Xiaomi","buildProduct":"Redmi Note 3","buildRadioVersion":"vtmzsoifibm","buildRelease":"7.1.2","buildSdk":"25","buildSerialno":"a01e0b99","buildTags":"release-keys","buildType":"user","buildUser":"builder","buildUtc":1508667459889,"cellScan":["33071,45004","61710,168772802","61711,168738915","33071,22596","61711,168757926"],"ci":168738915,"contacts":["奶奶,18808310383","姑妈,13401287809","外婆,18908438493","外公,13303561677","舅舅,14703863048","舅妈,18004933166","姨父,13108590154","姨娘,14700702490","亲爱的,13505713549","老弟,13490362483","老妹,13504631393","小明,15703150172","小李子,15001062671","杨举,15703584944","Ida Jenkins,18800144017","徐翼勇,13900494415","孙任,13401822902","陈石为,15701930993","Edward Howard,14707908088","杨扬,18805651237","杨驹灵,13305935468","祝颖杏,18806598219","Vanessa Cook,18803486572","蓝腾昆,13703369025","常岳萱,13603423729","张诗夏,18805333058","Susan Robinson,15704472624","杨吾,18708687952","张义,13603557253","董宁献,18908295228","Doris Dixon,18003334809","齐享让,18002073375","陶室新,13307678629","张先,13803262679","Floyd Dunn,13903589034","李瑟精,13801334508","窦汉媛,15908063881","王为似,13002410867","Leo Ruiz,13204643763","王享,15803116863","王书许,18005714015","左瑜元,13000785896","Danny Moore,15606563463","伏宁嘉,13006486636"],"cpuName":"MT6795","densityDpi":320,"deviceId":"861925056361369","deviceSvn":"31","displayId":"Redmi Note 3-user 7.1.2 NMF26Q c5c3f672 release-keys","extraInfo":"MERCURY_f265","height":0,"hidePkgs":[],"hmNotes":"","hookPkgs":[],"lac":61711,"latitude":30.7323169,"line1Number":"18328701354","longitude":104.0011766,"macAddress":"ec:d2:3d:c5:e0:e2","memAvailable":701765552,"memFree":2105296659,"memTotal":2807062211,"mnc":"00","networkClass":2,"networkCountryIso":"cn","networkOperator":"46000","networkOperatorName":"中国移动","networkType":17,"networkTypeName":"TD_SCDMA","phoneType":1,"rgAndroid":"23","rgAreaode":"86","rgConNames":["上善若水","王望利"],"rgConsize":"2","rgCountry":"中国","rgDevice":"xiaomiRedmi 4X","rgIp":"101.206.166.17","rgLastLogin":1516420659865,"rgLocation":"四川省 联通","rgNetType":"切换飞行模式","rgOrPhone":"18328701354","rgPhoneNo":"18328701354","rgServer":"飞行模式切换","rgTime":1515996388293,"rgVcode":"玉米(发码)","rgVersion":"1.6.3","rgWxEmail":"未绑定","rgWxError":"该微信帐号因批量或者使用非法软件注册被限制登录，如需继续使用，请轻触“确定”申请解除限制。","rgWxId":"wxid_nv76aphhrrz322","rgWxName":"王望利","rgWxNo":"未设置","rgWxPasswd":"Rmst@7890","rgWxQQ":"未绑定","rgWxStatus":"异常","rgWxWindows":"否","serialno":"a01e0b99","simCountryIso":"cn","simOperator":"46000","simOperatorName":"中国移动","simSerialNumber":"8986009476900545876","simState":5,"subscriberId":"460009898812807","type":1,"typeName":"WIFI","width":0,"wifiScan":["Tenda_50e86b,ec:26:ca:7f:94:22,[WPA2-PSK-CCMP][WPS][ESS],-82,2437,1123332317","Tenda_275b99,14:e6:e4:3d:60:ee,[WPA2-PSK-CCMP][ESS],-72,2412,314508045","Netcore_6599db,08:10:79:c4:15:c6,[WPA2-PSK-CCMP][WPS][ESS],-92,2462,400025721","PHICOMM_97bb9d,d0:c7:c0:b7:7f:30,[WPA-PSK-CCMP][WPA2-PSK-CCMP][WPS][ESS],-73,2437,201132894","Netcore_4ec204,1c:60:de:18:34:e8,[WPA2-PSK-CCMP-preauth][ESS],-73,2412,308210676"]}