{"BSSID":"5b:5b:63:6b:4b:e8","IpAddress":"192.168.38.34","P2p0Mac":"f0:8b:61:f3:76:b0","SSID":"Netcore_df2f25","androidId":"90c37c2ada23393b","batteryLevel":78,"btAddress":"7f:8f:b4:a4:06:79","btName":"Redmi 4","buildAbi":"armeabi-v7a","buildAbi2":"armeabi","buildBoard":"flo","buildBrand":"Xiaomi","buildCodename":"REL","buildDescription":"Redmi 4-user 7.0.0 NRD90M 703fcd0a release-keys","buildDevice":"Redmi 4","buildFingerprint":"Xiaomi/Redmi 4/Redmi 4:7.0.0/NRD90M/703fcd0a:user/release-keys","buildHardware":"qcom","buildHost":"wcc-miui-ota-bd25","buildId":"NRD90M","buildIncremental":"703fcd0a","buildManufacturer":"Xiaomi","buildModel":"Redmi 4","buildName":"Xiaomi","buildProduct":"Redmi 4","buildRadioVersion":"jdrebvelljqxa","buildRelease":"7.0.0","buildSdk":"24","buildSerialno":"c6f6ca85","buildTags":"release-keys","buildType":"user","buildUser":"lgmobile","buildUtc":1493274081866,"cellScan":[],"ci":0,"contacts":["奶奶,18907601262","姑妈,18804145076","外婆,15607696189","外公,13400935026","舅舅,13300093625","舅妈,18703601486","姨父,15308301452","姨娘,15805878340","亲爱的,18008660808","老弟,18700547797","老妹,13906864732","小明,15208108614","小李子,13400834344","李薇,15607808490","Ernest Jackson,13104248452","屈苡珂,15606814910","杨遇,13702143663","陈菁经,15805212961","Ricky Fisher,13400368831","杨梦,14707331720","包余由,15707998855","陈岁,13602244401","Mary Moore,13502573612","李萱,14702294887","段曜烁,18901043280","杨升升,15206811484","Erica Fox,13404644742","王兴镜,15308622706","范相三,13403684294","张迅,15504033446","Henry Ferguson,15606934066","李胤,13602168298","王坚瑞,15102247717","舒效雄,15605676733","Michelle Riley,13008571148","臧坚苡,13300450102","张设,13002737447","卜佩耕,15200777925","George Palmer,15805778196","杨会瑟,13490302566","杨玉,13705158976","杜力冠,18708173688","Grace Parker,15707371305","粱卿盛,18707941654","牧瑟冠,18906077529","计效华,13805385112","Carolyn Gray,13801011409"],"cpuName":"Qualcomm Technologies, Inc MSM8953","densityDpi":560,"deviceId":"861993722489311","deviceSvn":"39","displayId":"Redmi 4-user 7.0.0 NRD90M 703fcd0a release-keys","extraInfo":"Netcore_df2f25","height":0,"hidePkgs":[],"hmNotes":"","hookPkgs":[],"lac":0,"latitude":30.4756157,"line1Number":"18328715842","longitude":104.0666209,"macAddress":"a4:78:73:78:ac:36","memAvailable":51110545,"memFree":153331637,"memTotal":204442182,"mnc":"00","networkClass":1,"networkCountryIso":"cn","networkOperator":"46000","networkOperatorName":"中国移动","networkType":2,"networkTypeName":"EDGE","phoneType":1,"rgAndroid":"23","rgAreaode":"86","rgConNames":["上善若水","余扬新"],"rgConsize":"2","rgCountry":"中国","rgDevice":"xiaomiRedmi 4X","rgIp":"119.4.255.187","rgLastLogin":1516277938222,"rgLocation":"四川省成都市 联通","rgNetType":"切换飞行模式","rgOrPhone":"18328715842","rgPhoneNo":"18328715842","rgServer":"飞行模式切换","rgTime":1516008933711,"rgVcode":"玉米(发码)","rgVersion":"1.6.3","rgWxEmail":"未绑定","rgWxError":"帐号状态异常，本次登录已失效。请尝试重新登录，并根据弹窗提示操作。","rgWxId":"wxid_pg6gsu4qw0fa22","rgWxName":"余扬新","rgWxNo":"未设置","rgWxPasswd":"Rmst@7890","rgWxQQ":"未绑定","rgWxStatus":"异常","rgWxWindows":"否","serialno":"c6f6ca85","simCountryIso":"cn","simOperator":"46000","simOperatorName":"中国移动","simSerialNumber":"8986008632657621733","simState":5,"subscriberId":"460007615397740","type":1,"typeName":"WIFI","width":0,"wifiScan":["MERCURY_b7cae1,8e:12:86:80:b2:7c,[WPA-PSK-CCMP][WPA2-PSK-CCMP][WPS][ESS],-78,2462,460745480","Netcore_fae215,65:41:dc:51:f3:7f,[WPA-PSK-CCMP][WPA2-PSK-CCMP][ESS],-95,2437,226995609","PHICOMM_fda8db,e8:19:0a:e8:5f:1e,[WPA-PSK-CCMP][WPA2-PSK-CCMP][ESS],-84,2437,2699828565","ChainaNet_8437,39:a4:bf:15:79:2c,[WPA2-PSK-CCMP][ESS],-81,2412,1444834642","TP-LINK_0f47,41:3d:4c:64:d3:7f,[WPA-PSK-CCMP][WPA2-PSK-CCMP][WPS][ESS],-86,2412,412253047","PHICOMM_7a9ec0,03:58:70:80:6d:98,[WPA-PSK-CCMP][WPA2-PSK-CCMP][ESS],-78,2437,268385953"]}