{"BSSID":"29:6b:6c:f1:ce:17","IpAddress":"10.79.27.154","P2p0Mac":"17:38:99:b7:9a:f1","SSID":"PHICOMM_dbf216","androidId":"35d827dc9ade8c05","batteryLevel":89,"btAddress":"b5:18:d9:c8:b9:c0","btName":"HM NOTE 1S","buildAbi":"armeabi-v7a","buildAbi2":"armeabi","buildBoard":"MSM8226","buildBrand":"Xiaomi","buildCodename":"REL","buildDescription":"gucci-user 5.1.1 LMY48G bb58a38f release-keys","buildDevice":"gucci","buildFingerprint":"Xiaomi/HM NOTE 1S/gucci:5.1.1/LMY48G/bb58a38f:user/release-keys","buildHardware":"qcom","buildHost":"mz-buider-4","buildId":"LMY48G","buildIncremental":"bb58a38f","buildManufacturer":"Xiaomi","buildModel":"HM NOTE 1S","buildName":"Xiaomi","buildProduct":"gucci","buildRadioVersion":"afjiurmul","buildRelease":"5.1.1","buildSdk":"22","buildSerialno":"4a3b8b84","buildTags":"release-keys","buildType":"user","buildUser":"builder","buildUtc":1483747754496,"cellScan":["61709,168628462","61723,168634491","32788,40691","32817,134935300","33031,117538591"],"ci":168634491,"contacts":["奶奶,15001090366","姑妈,13701076835","外婆,13708837258","外公,13807667162","舅舅,18905298194","舅妈,15508856640","姨父,13800268362","姨娘,13501148565","亲爱的,13806831796","老弟,18600946234","老妹,18900515071","小明,15308232480","小李子,13508547504","上官兴吾,13002292504","Chris Perkins,15507765286","包莉敬,13303565096","杨帅生,15903327031","孙玺,13802401220","Heather Armstrong,13604732424","李望,18007022725","柏精会,13501024872","张烈广,14708116381","Eva Gray,14708114177","邢仁贺,13701224640","景精向,18008010693","汲明铭,13108018704","Jeanne Gonzales,13203857881","陆彤午,13408034493","方珊永,15600665984","诸葛瑞珊,15002713688","Lester Riley,15807383156","伊随时,13305201392","林仪禄,15802941613","于嗣,15106784218","Benjamin Gardner,15102831867","柯帅烈,15608106901","李玉齐,15108142694","杨培恺,15308302538","Anita Scott,13306797711","束卿孝,13601183305","董茂佳,15806941691","井旺经,18603468819","Rachel Bradley,15500872426","杨木思,15905020607","水望心,15906611730","钱儒思,13604330437","Herbert Powell,13907923586"],"cpuName":"Qualcomm Technologies, Inc MSM8916","densityDpi":480,"deviceId":"861313149902129","deviceSvn":"87","displayId":"gucci-user 5.1.1 LMY48G bb58a38f release-keys","extraInfo":"ctnet","height":0,"hidePkgs":[],"hmNotes":"","hookPkgs":[],"lac":61723,"latitude":30.6010371,"line1Number":"18380371348","longitude":104.0913786,"macAddress":"f7:e7:c9:06:bd:23","memAvailable":51319938,"memFree":153959815,"memTotal":205279753,"mnc":"00","networkClass":2,"networkCountryIso":"cn","networkOperator":"46000","networkOperatorName":"中国移动","networkType":17,"networkTypeName":"TD_SCDMA","phoneType":1,"rgAndroid":"23","rgAreaode":"86","rgConNames":["上善若水","喻筱筱"],"rgConsize":"2","rgCountry":"中国","rgDevice":"xiaomiRedmi 4X","rgIp":"119.4.255.137","rgLastLogin":1516277659614,"rgLocation":"四川省成都市 联通","rgNetType":"切换飞行模式","rgOrPhone":"18380371348","rgPhoneNo":"18380371348","rgServer":"飞行模式切换","rgTime":1515997631290,"rgVcode":"玉米(发码)","rgVersion":"1.6.3","rgWxEmail":"未绑定","rgWxError":"帐号状态异常，本次登录已失效。请尝试重新登录，并根据弹窗提示操作。","rgWxId":"wxid_7wke23nles2l22","rgWxName":"喻筱筱","rgWxNo":"未设置","rgWxPasswd":"Rmst@7890","rgWxQQ":"未绑定","rgWxStatus":"异常","rgWxWindows":"否","serialno":"4a3b8b84","simCountryIso":"cn","simOperator":"46000","simOperatorName":"中国移动","simSerialNumber":"8986027667069962487","simState":5,"subscriberId":"460006568254314","type":0,"typeName":"MOBILE","width":0,"wifiScan":["MERCURY_4a7a9c,1c:60:de:08:4d:f2,[WPA2-PSK-CCMP][WPS][ESS],-77,2462,2842332440","PHICOMM_e21ec0,1c:60:de:0a:8b:ba,[WPA2-PSK-CCMP][ESS],-72,2427,610930086","TP-LINK_415497,3c:33:00:91:14:48,[WPA-PSK-CCMP][WPA2-PSK-CCMP][ESS],-88,2412,3687131590","FAST_bfe2,8c:f2:28:1c:c0:1e,[WPA2-PSK-CCMP][ESS],-84,2437,246572421","PHICOMM_32b0e1,00:23:c9:a7:53:0f,[WPA-PSK-CCMP][WPA2-PSK-CCMP][ESS],-93,2442,301711112"]}