{"BSSID":"2a:e1:3e:0d:00:0d","IpAddress":"192.168.30.189","P2p0Mac":"14:7f:0f:d7:99:4b","SSID":"TP-LINK_541698","androidId":"8c1db62dd888d5bb","batteryLevel":38,"btAddress":"84:67:04:d5:55:71","btName":"C5503","buildAbi":"armeabi-v7a","buildAbi2":"armeabi","buildBoard":"ether","buildBrand":"Sony","buildCodename":"REL","buildDescription":"C5503-user 5.0 LRX21M 8e4cae80 release-keys","buildDevice":"C5503","buildFingerprint":"Sony/C5503/C5503:5.0/LRX21M/8e4cae80:user/release-keys","buildHardware":"qcom","buildHost":"huangshan","buildId":"LRX21M","buildIncremental":"8e4cae80","buildManufacturer":"Sony","buildModel":"C5503","buildName":"Sony","buildProduct":"C5503","buildRadioVersion":"ecznxdmnrrj","buildRelease":"5.0","buildSdk":"21","buildSerialno":"dd37fe3f","buildTags":"release-keys","buildType":"user","buildUser":"Server","buildUtc":1452348524897,"cellScan":["61717,174002881","61717,169191107","33042,118243359","65535,6941","61715,169060035"],"ci":169060035,"contacts":["奶奶,18901165489","姑妈,18004628257","外婆,13701351730","外公,18800586979","舅舅,18804053375","舅妈,13106958561","姨父,13401480892","姨娘,13300451237","亲爱的,18005468621","老弟,13704487191","老妹,13807060121","小明,13105386188","小李子,18700534403","毕业效,13106698651","Luis Turner,15506182678","喻瑛余,13301122264","钟恒康,15506123935","王俊琦,15808442033","Eddie Russell,15101912019","杨兴进,13906738216","娄卿礼,13404450465","酆培泉,15306806725","Melvin Garcia,15301363251","于菁,15902789068","平文盛,18904772767","杨念实,13901783462","Samantha Brooks,13804204947","傅砚河,14701094180","莫景让,18908697157","童权逵,13903313418","Martha Wilson,13704880616","魏国夏,18607140445","王同节,13004643383","盛镜平,15204056033","Joshua Nelson,15101677668","周随俊,13802576866","余祥奎,15505822075","彭静盛,15501492049","Norman Ortiz,13207400050","吴如秋,18603124071","李诗举,18806224707","李译孝,15107488011","Herbert Nelson,15802768957","杨宇乾,18803720800","孟茜设,13803532669","王璇郡,15303598265","Brian Spencer,13490174424","方鹏友,15904966867"],"cpuName":"Sony Mobile fusion3","densityDpi":240,"deviceId":"861392994505492","deviceSvn":"51","displayId":"C5503-user 5.0 LRX21M 8e4cae80 release-keys","extraInfo":"TP-LINK_541698","height":0,"hidePkgs":[],"hmNotes":"","hookPkgs":[],"lac":61715,"latitude":30.4380036,"line1Number":"18380365477","longitude":104.1199167,"macAddress":"41:03:92:0a:94:57","memAvailable":458282558,"memFree":1374847676,"memTotal":1833130234,"mnc":"00","networkClass":3,"networkCountryIso":"cn","networkOperator":"46007","networkOperatorName":"中国移动","networkType":13,"networkTypeName":"LTE","phoneType":1,"rgAndroid":"23","rgAreaode":"86","rgConNames":[],"rgCountry":"中国","rgDevice":"xiaomiRedmi 4X","rgIp":"101.206.166.208","rgLastLogin":1516015209336,"rgLocation":"四川省 联通","rgNetType":"切换飞行模式","rgOrPhone":"18380365477","rgPhoneNo":"18380365477","rgServer":"飞行模式切换","rgTime":1516006935417,"rgVcode":"玉米(发码)","rgVersion":"1.6.3","rgWxError":"帐号状态异常，本次登录已失效。请尝试重新登录，并根据弹窗提示操作。","rgWxName":"王韶","rgWxPasswd":"Rmst@7890","rgWxStatus":"异常","rgWxWindows":"否","serialno":"dd37fe3f","simCountryIso":"cn","simOperator":"46007","simOperatorName":"中国移动","simSerialNumber":"8986008498518220445","simState":5,"subscriberId":"460076289736818","type":1,"typeName":"WIFI","width":0,"wifiScan":["MERCURY_edd104,f8:d1:11:fa:1b:6a,[WPA-PSK-CCMP][WPA2-PSK-CCMP][WPS][ESS],-92,2412,439238359","Tenda_a7dbae,6c:59:40:cf:13:d0,[WPA2-PSK-CCMP][ESS],-86,2462,200943271","Netcore_ecaaee,fc:d7:33:49:c9:3c,[WPA2-PSK-CCMP][ESS],-85,2427,3650527661","TP-LINK_e32164,fc:c8:97:9a:f5:cc,[WPA-PSK-CCMP][WPA2-PSK-CCMP][ESS],-83,2462,1531636094","MERCURY_a9d00e,34:23:87:f0:7d:19,[WPA2-PSK-CCMP][ESS],-80,2437,539059410"]}