{"BSSID":"17:fb:c3:a8:46:1e","IpAddress":"192.168.98.96","P2p0Mac":"05:bd:56:c6:52:39","SSID":"Netcore_2e3154","androidId":"f7e056078d086c55","batteryLevel":83,"btAddress":"ef:fc:05:b8:1e:91","btName":"OD103","buildAbi":"armeabi-v7a","buildAbi2":"armeabi","buildBoard":"smdk4x12","buildBrand":"SMARTISAN","buildCodename":"REL","buildDescription":"odin-user 5.0 LRX21M 18e6e25b release-keys","buildDevice":"odin","buildFingerprint":"SMARTISAN/OD103/odin:5.0/LRX21M/18e6e25b:user/release-keys","buildHardware":"qcom","buildHost":"mz-buider-2","buildId":"LRX21M","buildIncremental":"18e6e25b","buildManufacturer":"smartisan","buildModel":"OD103","buildName":"SMARTISAN","buildProduct":"odin","buildRadioVersion":"kyihrdfeibfb","buildRelease":"5.0","buildSdk":"21","buildSerialno":"622ff31b","buildTags":"release-keys","buildType":"user","buildUser":"MarkBuild","buildUtc":1508134668237,"cellScan":[],"ci":0,"contacts":["奶奶,13705854870","姑妈,18705993369","外婆,15201657688","外公,15605943992","舅舅,13305468632","舅妈,15705522556","姨父,14708513203","姨娘,13205126872","亲爱的,13490762269","老弟,15205934381","老妹,13901842792","小明,13903615882","小李子,13200616253","陶万礼,18807401407","Theresa Sullivan,18706273863","杨耀骥,13806861921","季立薇,15708396839","杨诗,15205908532","Zachary Ross,15004163511","吴添声,13490618736","王辉,15301733877","吴烈谷,15905698591","Corey Hill,15103471489","尤剑室,15708275967","金元胤,15301036146","张峻佳,13490472641","Nicole Adams,13305026876","吴利祥,15906381026","车密江,18803426856","糜万演,18705210511","Tim Sanders,18802186652","胡银年,15503058894","于奇,18002580694","李盛毅,18802201117","Louis Stephens,14708058964","李巍巍,15302568790","禹锦锦,15105333306","王阔,13103831915","Martha Harrison,15600303741","郎苡双,15300286093","王效梦,18607714671","李禄,15006454627","Timothy Rice,15806781024","卫禄,18907912530","龙亚游,15608785056","于棠,15104541556","Hazel Anderson,15906944504","吴巍,13200033478"],"cpuName":"ualcomm Technologies, Inc MSM8953Pro","densityDpi":560,"deviceId":"863173454029803","deviceSvn":"35","displayId":"odin-user 5.0 LRX21M 18e6e25b release-keys","extraInfo":"Netcore_2e3154","height":0,"hidePkgs":[],"hmNotes":"","hookPkgs":[],"lac":0,"latitude":30.8064194,"line1Number":"15208255934","longitude":104.3314268,"macAddress":"77:8e:86:52:82:06","memAvailable":68417904,"memFree":136835809,"memTotal":205253713,"mnc":"00","networkClass":1,"networkCountryIso":"cn","networkOperator":"46002","networkOperatorName":"中国移动","networkType":2,"networkTypeName":"EDGE","phoneType":1,"rgAndroid":"23","rgAreaode":"86","rgBackupPath":"/storage/emulated/0/.money/backup/20180109/15208255934_20180109.db","rgConNames":[],"rgCountry":"中国","rgDevice":"xiaomiRedmi 4X","rgIp":"119.4.254.155","rgLastLogin":1515551235461,"rgLocation":"四川省成都市 联通","rgNetType":"切换飞行模式","rgOrPhone":"15208255934","rgPhoneNo":"15208255934","rgServer":"飞行模式切换","rgTime":1515495600107,"rgVcode":"爱乐赞(接码/发码)","rgVersion":"1.6.0","rgWxError":"帐号状态异常，本次登录已失效。请尝试重新登录，并根据弹窗提示操作。","rgWxName":"陈铭熙","rgWxPasswd":"Rmst@7890","rgWxStatus":"异常","rgWxWindows":"否","serialno":"622ff31b","simCountryIso":"cn","simOperator":"46002","simOperatorName":"中国移动","simSerialNumber":"8986004864892571222","simState":5,"subscriberId":"460027225227013","type":1,"typeName":"WIFI","width":0,"wifiScan":["TP-LINK_0e1547,89:f2:38:8b:98:2b,[WPA2-PSK-CCMP][ESS],-68,2412,2823233938","Netcore_bed054,44:1a:ab:34:4e:51,[WPA2-PSK-CCMP][WPS][ESS],-74,2412,506204772","Tenda_6beda9,66:8c:0f:66:71:42,[WPA-PSK-CCMP][WPA2-PSK-CCMP][WPS][ESS],-51,2437,539968544","FAST_0fbaed,55:be:12:c5:6e:c3,[WPA2-PSK-CCMP][WPS][ESS],-90,2437,448977768","Netcore_7bafc9,e8:7d:16:2d:16:da,[WPS][ESS],-79,2462,1047132199","Netcore_636598,63:3f:1a:47:82:fa,[WPS][ESS],-54,2447,253181196","PHICOMM_97bfe1,4a:19:a9:ed:ff:c5,[WPA2-PSK-CCMP][WPS][ESS],-79,2437,417641018","Tenda_576b8c,0e:e3:94:4c:e3:44,[WPA2-PSK-CCMP][WPS][ESS],-64,2437,2327136443"]}