{"BSSID":"55:67:03:17:4b:82","IpAddress":"10.63.64.251","P2p0Mac":"8f:20:bf:0f:5d:ce","SSID":"Tenda_21dcf3","androidId":"0d477d44e65aba61","batteryLevel":81,"btAddress":"56:b9:eb:9f:8d:8f","btName":"Redmi Note 3","buildAbi":"armeabi-v7a","buildAbi2":"armeabi","buildBoard":"p760","buildBrand":"Xiaomi","buildCodename":"REL","buildDescription":"hennessy-user 6.0.1 MMB29T 40392225 release-keys","buildDevice":"hennessy","buildFingerprint":"Xiaomi/Redmi Note 3/hennessy:6.0.1/MMB29T/40392225:user/release-keys","buildHardware":"qcom","buildHost":"shws40","buildId":"MMB29T","buildIncremental":"40392225","buildManufacturer":"Xiaomi","buildModel":"Redmi Note 3","buildName":"Xiaomi","buildProduct":"hennessy","buildRadioVersion":"avwlryhzyaj","buildRelease":"6.0.1","buildSdk":"23","buildSerialno":"ca71666f","buildTags":"release-keys","buildType":"user","buildUser":"android","buildUtc":1464507667622,"cellScan":[],"ci":0,"contacts":["奶奶,18008738169","姑妈,13202238697","外婆,18904470677","外公,13406093299","舅舅,13490611708","舅妈,15900375455","姨父,15205710263","姨娘,18000311094","亲爱的,15103413334","老弟,18605364079","老妹,13206124072","小明,15104291850","小李子,18705165309","林嘉佳,15202250379","Arthur Payne,15206437598","吉鹏国,15106715093","莫愚炎,13803290888","范菁盛,13900985444","Sam Morales,13901848721","毛时烁,18606250721","杨庞露,15308126599","李求良,18604153743","Jeremy Stephens,18600140744","常诗梦,15601118245","司马况午,15304030571","吴森迅,13301596471","Bernice Woods,13308051233","时双梧,15208191266","严兴吉,15106061889","张棠,15104797808","Danny Mcdonald,15104276064","欧阳乾曜,13705113370","袁璇乐,13108624335","全莉铭,15203477508","Johnny Armstrong,13407308304","张世,13607464845","薛竞耕,15004898803","邱辉似,18804567252","Charlie Russell,18805535196","卢宽游,13605848615","余森,13000113312","秦京任,14704750433","Marcus Powell,18702082332","王界,18805681963","李渠献,13404647292","吴腾,13300692193","Tom Peterson,15300503586","杨童,13001612525","全曜郡,13407323161"],"cpuName":"MT6795","densityDpi":320,"deviceId":"862295657630508","deviceSvn":"58","displayId":"hennessy-user 6.0.1 MMB29T 40392225 release-keys","extraInfo":"ctlte","height":0,"hidePkgs":[],"hmNotes":"","hookPkgs":[],"lac":0,"latitude":30.6830259,"line1Number":"15281044362","longitude":104.03838,"macAddress":"87:e6:3b:56:1e:06","memAvailable":68258698,"memFree":136517398,"memTotal":204776096,"mnc":"00","networkClass":1,"networkCountryIso":"cn","networkOperator":"46007","networkOperatorName":"中国移动","networkType":2,"networkTypeName":"EDGE","phoneType":1,"rgAndroid":"23","rgAreaode":"86","rgBackupPath":"/storage/emulated/0/.money/backup/20180109/15281044362_20180109.db","rgConNames":[],"rgCountry":"中国","rgDevice":"xiaomiRedmi 4X","rgIp":"119.4.252.13","rgLastLogin":1515550836937,"rgLocation":"四川省成都市 联通","rgNetType":"切换飞行模式","rgOrPhone":"15281044362","rgPhoneNo":"15281044362","rgServer":"飞行模式切换","rgTime":1515494373489,"rgVcode":"爱乐赞(接码/发码)","rgVersion":"1.6.0","rgWxError":"帐号状态异常，本次登录已失效。请尝试重新登录，并根据弹窗提示操作。","rgWxName":"王能","rgWxPasswd":"Rmst@7890","rgWxStatus":"异常","rgWxWindows":"否","serialno":"ca71666f","simCountryIso":"cn","simOperator":"46007","simOperatorName":"中国移动","simSerialNumber":"8986004567896109322","simState":5,"subscriberId":"460076817085592","type":0,"typeName":"MOBILE","width":0,"wifiScan":["Netcore_647cbe,43:ba:1b:89:2a:96,[WPA2-PSK-CCMP][WPS][ESS],-83,2437,1555436105","Tenda_265c10,1a:48:64:fa:3a:21,[WPA-PSK-CCMP][WPA2-PSK-CCMP][WPS][ESS],-83,2437,264803270","Tenda_ebae10,57:c5:59:aa:00:6a,[WPA-PSK-CCMP][WPA2-PSK-CCMP][ESS],-83,2412,2027338280","Tenda_426a96,24:17:cb:ff:dd:56,[WPA-PSK-CCMP][WPA2-PSK-CCMP][WPS][ESS],-83,2457,502301928","iTV-8daf,5f:91:1f:76:72:a7,[WPA2-PSK-CCMP][WPS][ESS],-88,2432,376190065","Netcore_d1fdbf,9a:80:0d:7c:08:d1,[WPA2-PSK-CCMP][ESS],-94,2412,243202095"]}