{"BSSID":"29:8f:67:a6:43:c4","IpAddress":"10.95.92.53","P2p0Mac":"db:a5:6d:63:25:c7","SSID":"PHICOMM_474169","androidId":"60b28bd874b21a92","batteryLevel":84,"btAddress":"c5:0e:4e:36:36:68","btName":"R9sk","buildAbi":"armeabi-v7a","buildAbi2":"armeabi","buildBoard":"universal5433","buildBrand":"OPPO","buildCodename":"REL","buildDescription":"R9sk-user 7.1.2 NMF26Q ce42b4e0 release-keys","buildDevice":"R9sk","buildFingerprint":"OPPO/R9sk/R9sk:7.1.2/NMF26Q/ce42b4e0:user/release-keys","buildHardware":"qcom","buildHost":"mine","buildId":"NMF26Q","buildIncremental":"ce42b4e0","buildManufacturer":"OPPO","buildModel":"R9sk","buildName":"OPPO","buildProduct":"R9sk","buildRadioVersion":"xqfitxckg","buildRelease":"7.1.2","buildSdk":"25","buildSerialno":"49ba06c6","buildTags":"release-keys","buildType":"user","buildUser":"jenkins","buildUtc":1457413744751,"cellScan":["61729,28726","33313,98315909","33313,63163","61729,4146","33313,27235"],"ci":27235,"contacts":["奶奶,13006376099","姑妈,13404611940","外婆,13907174335","外公,13902418752","舅舅,13307015370","舅妈,18708055813","姨父,15808712949","姨娘,15005908222","亲爱的,18900685950","老弟,15500836145","老妹,15800525431","小明,14707596483","小李子,13208652882","李禄陵,18908048267","Thomas Cox,15307201023","杨玺水,15007403085","杨惠,13801098601","吴锦谦,13107420722","Lisa Allen,15600448753","杨渠靖,13490632566","柳瑟龙,13304600402","宓威素,13907355273","Derek Griffin,13905936630","王念,15100305482","杨朋团,13501732802","徐康望,15803645030","Jerry Porter,15106805187","芮建译,15202460840","杨图奇,13904051860","李蔚,13704132495","Julia Ruiz,13906397215","王行阳,15703062863","麻情欢,15700013365","张松,18802203355","Tom Thomas,18806270748","彭望求,13490839705","王夜,13300413293","甘庞翼,18801197034","Bernice Ellis,15701498492","祖克界,15302200743","家怡顺,15900713807","罗英荃,18703463332","Marjorie Wilson,18800623255","巫硕麟,13305496632"],"cpuName":"Qualcomm Technologies, Inc MSM8953","densityDpi":480,"deviceId":"860629582032889","deviceSvn":"32","displayId":"R9sk-user 7.1.2 NMF26Q ce42b4e0 release-keys","extraInfo":"cmnet","height":0,"hidePkgs":[],"hmNotes":"","hookPkgs":[],"lac":33313,"latitude":30.6405808,"line1Number":"18101761341","longitude":103.8340714,"macAddress":"a6:f6:36:22:03:65","memAvailable":937421975,"memFree":2812265927,"memTotal":3749687902,"mnc":"03","networkClass":2,"networkCountryIso":"cn","networkOperator":"46003","networkOperatorName":"中国电信","networkType":5,"networkTypeName":"CDMA - EvDo rev. 0","phoneType":2,"rgAndroid":"23","rgAreaode":"86","rgBackupPath":"/storage/emulated/0/.money/backup/20180109/18101761341_20180109.db","rgConNames":[],"rgCountry":"中国","rgDevice":"xiaomiRedmi 4X","rgIp":"119.4.254.12","rgLastLogin":1515549301100,"rgLocation":"四川省成都市 联通","rgNetType":"切换飞行模式","rgOrPhone":"18101761341","rgPhoneNo":"18101761341","rgServer":"飞行模式切换","rgTime":1515479011550,"rgVcode":"尚一品(发码)","rgVersion":"1.6.0","rgWxError":"帐号状态异常，本次登录已失效。请尝试重新登录，并根据弹窗提示操作。","rgWxName":"于保","rgWxPasswd":"Rmst@7890","rgWxStatus":"异常","rgWxWindows":"否","serialno":"49ba06c6","simCountryIso":"cn","simOperator":"46003","simOperatorName":"中国电信","simSerialNumber":"8986031419859721537","simState":5,"subscriberId":"460033739471004","type":0,"typeName":"MOBILE","width":0,"wifiScan":["ChainaNet_61fb,64:3a:b1:7f:b2:d2,[WPA-PSK-CCMP][WPA2-PSK-CCMP][WPS][ESS],-95,2437,501232139","MERCURY_f0f0,ec:88:8f:20:30:42,[WPA2-PSK-CCMP][ESS],-86,2447,194870651","MERCURY_2dc0f3,c4:09:38:38:db:91,[WPA-PSK-CCMP][WPA2-PSK-CCMP][WPS][ESS],-76,2462,411291390","PHICOMM_648ba7,30:fc:68:25:14:80,[WPA2-PSK-CCMP][ESS],-76,2447,455695191","PHICOMM_26a9da,9c:21:6a:2a:d4:e4,[WPA2-PSK-CCMP][ESS],-55,2412,193327349"]}