{"BSSID":"e7:a0:e3:92:3d:11","IpAddress":"10.12.51.240","P2p0Mac":"5e:1a:69:b1:6a:b5","SSID":"Netcore_58b7a9","androidId":"4405fc1afde7747c","batteryLevel":65,"btAddress":"9b:2b:4c:33:4a:fb","btName":"OPPO A59s","buildAbi":"armeabi-v7a","buildAbi2":"armeabi","buildBoard":"deb","buildBrand":"OPPO","buildCodename":"REL","buildDescription":"A59-user 6.0.1 MMB29T de3eb3ad release-keys","buildDevice":"A59","buildFingerprint":"OPPO/OPPO A59s/A59:6.0.1/MMB29T/de3eb3ad:user/release-keys","buildHardware":"qcom","buildHost":"wcc-miui-ota-bd25","buildId":"MMB29T","buildIncremental":"de3eb3ad","buildManufacturer":"OPPO","buildModel":"OPPO A59s","buildName":"OPPO","buildProduct":"A59","buildRadioVersion":"xpzlmvyyvvnhojp","buildRelease":"6.0.1","buildSdk":"23","buildSerialno":"77bb364b","buildTags":"release-keys","buildType":"user","buildUser":"buildHost","buildUtc":1480617079527,"cellScan":[],"ci":0,"contacts":["奶奶,18900725823","姑妈,13507446359","外婆,15903373240","外公,13506507283","舅舅,18707722092","舅妈,13308028656","姨父,18002594221","姨娘,18807575271","亲爱的,13706022333","老弟,18708520856","老妹,13101660807","小明,18008583606","小李子,13701218946","田诗翰,13502846180","Joseph Olson,13906587712","杨毅享,18702287135","安弘棠,13601750247","夏侯香影,15203327728","Nicole Wells,15004438421","舒奇校,13490481272","袁利虎,18808368460","杨瑜,13305025848","Richard Johnson,18903922311","于生岭,15701744137","陈衔室,13204031697","王剑寿,13508497466","Joann Carter,13508358505","尉迟绵时,18608188690","韩华炬,13904843199","余义,14705422653","Florence Stevens,18707944437","王惠,15907696028","季璎世,15505540203","李元,13001657642","Mike Allen,13005060046","张利经,13903051001","李勋旺,15004475716","魏立若,13007016859","Harold Jones,13206235836","余敬,15901797509","邬宇向,15701816648","郁升嵬,13200382420","Victor Sanchez,13001812813","杨贵,13903814655","戎嘉文,15307397503","李行,18706930355","Zachary Sanchez,18808263543","陈友京,13904017839"],"cpuName":"MT6750","densityDpi":320,"deviceId":"867414991388708","deviceSvn":"44","displayId":"A59-user 6.0.1 MMB29T de3eb3ad release-keys","extraInfo":"ctnet","height":0,"hidePkgs":[],"hmNotes":"","hookPkgs":[],"lac":0,"latitude":30.6468239,"line1Number":"18116298442","longitude":104.2615018,"macAddress":"6f:34:38:fc:14:ae","memAvailable":4109789557,"memFree":12329368671,"memTotal":16439158228,"mnc":"03","networkClass":2,"networkCountryIso":"cn","networkOperator":"46003","networkOperatorName":"中国电信","networkType":5,"networkTypeName":"CDMA - EvDo rev. 0","phoneType":2,"rgAndroid":"23","rgAreaode":"86","rgConNames":["司徒瑛文"],"rgConsize":"1","rgCountry":"中国","rgDevice":"xiaomiRedmi 4X","rgIp":"119.4.254.99","rgLastLogin":1516243577225,"rgLocation":"四川省成都市 联通","rgNetType":"切换飞行模式","rgOrPhone":"18116298442","rgPhoneNo":"18116298442","rgServer":"飞行模式切换","rgTime":1515480749410,"rgVcode":"尚一品(发码)","rgVersion":"1.6.0","rgWxEmail":"未绑定","rgWxError":"该微信帐号因批量或者使用非法软件注册被限制登录，如需继续使用，请轻触“确定”申请解除限制。","rgWxName":"司徒瑛文","rgWxNo":"未设置","rgWxPasswd":"Rmst@7890","rgWxQQ":"未绑定","rgWxStatus":"异常","rgWxWindows":"否","serialno":"77bb364b","simCountryIso":"cn","simOperator":"46003","simOperatorName":"中国电信","simSerialNumber":"8986033503979609232","simState":5,"subscriberId":"460033977737979","type":0,"typeName":"MOBILE","width":0,"wifiScan":["PHICOMM_eadcfe,1c:cb:25:78:0c:3f,[WPA-PSK-CCMP][WPA2-PSK-CCMP][WPS][ESS],-75,2412,2730731140","MERCURY_537636,73:71:b6:07:af:ac,[WPA2-PSK-CCMP][WPS][ESS],-50,2412,2963838469","FAST_cafea8,6e:7b:52:70:dd:f8,[WPA2-PSK-CCMP][WPS][ESS],-89,2462,3179438284","Netcore_7698b8,32:ce:9f:f1:ee:e7,[WPA-PSK-CCMP][WPA2-PSK-CCMP][WPS][ESS],-81,2412,1373834732","Netcore_21eb0e,81:66:76:98:97:41,[WPA2-PSK-CCMP][WPS][ESS],-80,2462,2687331096","Netcore_5a8c0e,8a:6e:3b:00:32:48,[WPA-PSK-CCMP][WPA2-PSK-CCMP][WPS][ESS],-63,2452,2402536016","Netcore_154104,15:af:83:ae:e6:0d,[WPA2-PSK-CCMP][WPS][ESS],-94,2472,418027677"]}