{"BSSID":"c9:08:aa:a8:88:30","IpAddress":"10.81.64.148","P2p0Mac":"47:da:e5:a7:91:03","SSID":"MERCURY_bfd1dc","androidId":"671407d772ad91a5","batteryLevel":44,"btAddress":"7a:b5:65:68:a2:81","btName":"HM NOTE 1S","buildAbi":"armeabi-v7a","buildAbi2":"armeabi","buildBoard":"w5","buildBrand":"Xiaomi","buildCodename":"REL","buildDescription":"gucci-user 7.1.2 NMF26Q aa39c878 release-keys","buildDevice":"gucci","buildFingerprint":"Xiaomi/HM NOTE 1S/gucci:7.1.2/NMF26Q/aa39c878:user/release-keys","buildHardware":"qcom","buildHost":"wcc-miui-ota-bd07.bj","buildId":"NMF26Q","buildIncremental":"aa39c878","buildManufacturer":"Xiaomi","buildModel":"HM NOTE 1S","buildName":"Xiaomi","buildProduct":"gucci","buildRadioVersion":"cgbhbcbyzshuuxq","buildRelease":"7.1.2","buildSdk":"25","buildSerialno":"cff9c540","buildTags":"release-keys","buildType":"user","buildUser":"MarkBuild","buildUtc":1488309197014,"cellScan":["65535,3492","65535,50479","39937,163971378","65535,8734","1822,43936"],"ci":8734,"contacts":["奶奶,13003914196","姑妈,13700968399","外婆,13702057368","外公,18907226992","舅舅,15308782186","舅妈,15304661241","姨父,13490196806","姨娘,13806856314","亲爱的,13490629874","老弟,14700697076","老妹,13706935454","小明,13506348229","小李子,15306589000","干舒吾,13907532907","Roy Bailey,13803232895","王贺献,13501986030","王心如,13701180473","穆密幸,13602917482","Terry Hunt,13503321579","卜和会,15805390719","许英苡,13102591834","邴经康,13490572514","Sandra Flores,13490558532","东方渠梁,15603404119","支菁烈,13490523304","吴康萱,13003975776","Tyler Reyes,15500262484","张红景,14703107049","窦兴薇,13204813239","李渠璎,13604406528","Kelly Davis,13807382833","全惠顺,13301546023","于雄帅,13303541658","林微效,15304656824","Ellen Palmer,13490476431","吴素,18801750414","李菁,15905015931","吴和,13490522275","Kenneth Price,18003512218","裴朔卫,14703742432"],"cpuName":"Qualcomm Technologies, Inc MSM8916","densityDpi":240,"deviceId":"865297594252872","deviceSvn":"76","displayId":"gucci-user 7.1.2 NMF26Q aa39c878 release-keys","extraInfo":"uninet","height":0,"hidePkgs":[],"hmNotes":"","hookPkgs":[],"lac":65535,"latitude":30.6325205,"line1Number":"18121311342","longitude":104.3992095,"macAddress":"45:e9:d6:a6:91:52","memAvailable":935634840,"memFree":1871269680,"memTotal":2806904520,"mnc":"03","networkClass":1,"networkCountryIso":"cn","networkOperator":"46003","networkOperatorName":"中国电信","networkType":4,"networkTypeName":"CDMA","phoneType":2,"rgAndroid":"23","rgAreaode":"86","rgBackupPath":"/storage/emulated/0/.money/backup/20180109/18121311342_20180109.db","rgConNames":[],"rgCountry":"中国","rgDevice":"xiaomiRedmi 4X","rgIp":"101.206.166.19","rgLastLogin":1515549839398,"rgLocation":"四川省 联通","rgNetType":"切换飞行模式","rgOrPhone":"18121311342","rgPhoneNo":"18121311342","rgServer":"飞行模式切换","rgTime":1515485029102,"rgVcode":"尚一品(发码)","rgVersion":"1.6.0","rgWxError":"帐号状态异常，本次登录已失效。请尝试重新登录，并根据弹窗提示操作。","rgWxName":"宋凇峻","rgWxPasswd":"Rmst@7890","rgWxStatus":"异常","rgWxWindows":"否","serialno":"cff9c540","simCountryIso":"cn","simOperator":"46003","simOperatorName":"中国电信","simSerialNumber":"8986119187716525497","simState":5,"subscriberId":"460038655322132","type":0,"typeName":"MOBILE","width":0,"wifiScan":["MERCURY_c536fe,80:48:a5:e5:ce:0a,[WPA-PSK-CCMP][WPA2-PSK-CCMP][WPS][ESS],-90,2462,1460032034","Netcore_8cfd21,6c:59:40:f6:00:7c,[WPA2-PSK-CCMP][ESS],-79,2412,3683429244","TP-LINK_487ba5,0c:82:68:ea:bb:a8,[WPA-PSK-CCMP][WPA2-PSK-CCMP][ESS],-79,2462,3455327858"]}