{"BSSID":"5a:04:85:d8:74:58","IpAddress":"10.95.92.63","P2p0Mac":"b0:ad:2d:82:4b:12","SSID":"Netcore_7647ce","androidId":"4b944304e104b8f6","batteryLevel":87,"btAddress":"59:a1:db:82:40:0a","btName":"X9","buildAbi":"armeabi-v7a","buildAbi2":"armeabi","buildBoard":"herring","buildBrand":"vivo","buildCodename":"REL","buildDescription":"X9-user 6.0.1 MMB29T af44b1c9 release-keys","buildDevice":"X9","buildFingerprint":"vivo/X9/X9:6.0.1/MMB29T/af44b1c9:user/release-keys","buildHardware":"qcom","buildHost":"SCL_XA241_102","buildId":"MMB29T","buildIncremental":"af44b1c9","buildManufacturer":"vivo","buildModel":"X9","buildName":"vivo","buildProduct":"X9","buildRadioVersion":"yebivmvj","buildRelease":"6.0.1","buildSdk":"23","buildSerialno":"66f58193","buildTags":"release-keys","buildType":"user","buildUser":"buildHost","buildUtc":1489290963815,"cellScan":[],"ci":0,"contacts":["奶奶,13906748918","姑妈,15006251309","外婆,15200955705","外公,13105102616","舅舅,13704202693","舅妈,15105321330","姨父,13607582548","姨娘,15302336354","亲爱的,13801980389","老弟,18701790554","老妹,18602308098","小明,18002892434","小李子,15305441408","米王秋,13400694392","Phillip Carpenter,15101858465","侯慎羡,15902200829","钮图寿,13606760213","王薇誓,15900336738","Margaret Butler,15902321573","王野,15908616179","牧胜梦,18905768540","舒秀河,18807314426","Jon Marshall,14706095332","萧吾秀,15206081679","王岳,13207373750","杨实,13704850940","Philip Harrison,13805202835","狄校盛,15501991166","杨宁,13500330757","王砚仕,18701500155","Edith Morris,15707530941","李岁,13307547037","钮雷心,18803134070","于香,13802322309","Eric Freeman,13500193630","杨海珂,13605257393","余英静,13300183162","秋夏彤,13906027371","Samuel Simmons,13506906638","仲永元,13704791514","石良莉,15301080826","王让,15304453171","Dean Armstrong,18902555480","张默,13407863633","陈旺迅,13401786609","王联,15506545275","Peter Foster,13106666439"],"cpuName":"Qualcomm Technologies, Inc MSM8953","densityDpi":480,"deviceId":"860258614265273","deviceSvn":"86","displayId":"X9-user 6.0.1 MMB29T af44b1c9 release-keys","extraInfo":"cmwap","height":0,"hidePkgs":[],"hmNotes":"","hookPkgs":[],"lac":0,"latitude":30.764314,"line1Number":"18121243942","longitude":104.2207451,"macAddress":"c9:33:8f:5b:df:ae","memAvailable":5479526835,"memFree":10959053670,"memTotal":16438580505,"mnc":"03","networkClass":2,"networkCountryIso":"cn","networkOperator":"46003","networkOperatorName":"中国电信","networkType":12,"networkTypeName":"CDMA - EvDo rev. B","phoneType":2,"rgAndroid":"23","rgAreaode":"86","rgConNames":["柳江芹"],"rgConsize":"1","rgCountry":"中国","rgDevice":"xiaomiRedmi 4X","rgIp":"119.4.254.57","rgLastLogin":1516243622001,"rgLocation":"四川省成都市 联通","rgNetType":"切换飞行模式","rgOrPhone":"18121243942","rgPhoneNo":"18121243942","rgServer":"飞行模式切换","rgTime":1515481146738,"rgVcode":"尚一品(发码)","rgVersion":"1.6.0","rgWxEmail":"未绑定","rgWxError":"该微信帐号因批量或者使用非法软件注册被限制登录，如需继续使用，请轻触“确定”申请解除限制。","rgWxName":"柳江芹","rgWxNo":"未设置","rgWxPasswd":"Rmst@7890","rgWxQQ":"未绑定","rgWxStatus":"异常","rgWxWindows":"否","serialno":"66f58193","simCountryIso":"cn","simOperator":"46003","simOperatorName":"中国电信","simSerialNumber":"898530215133427284749","simState":5,"subscriberId":"460034164943796","type":0,"typeName":"MOBILE","width":0,"wifiScan":["PHICOMM_043631,eb:2a:88:ad:20:83,[WPA2-PSK-CCMP][WPS][ESS],-85,2462,2854429074","MERCURY_364143,a6:6f:35:b6:e8:23,[WPA2-PSK-CCMP][WPS][ESS],-67,2462,227135719","FAST_9e1f43,25:21:2a:4e:ea:f4,[WPA2-PSK-TKIP+CCMP][WPS][ESS],-81,2462,1639828121","FAST_032742,57:c3:d5:f0:70:72,[WPA-PSK-CCMP][WPA2-PSK-CCMP][WPS][ESS],-71,2412,3526738298","MERCURY_1032ca,1a:98:56:24:e7:82,[WPA-PSK-CCMP][WPA2-PSK-CCMP][ESS],-73,2437,1306134278","Netcore_afe1fc,1a:c5:6a:ca:06:6e,[WPA-PSK-CCMP][WPA2-PSK-CCMP][ESS],-83,2437,496592956","PHICOMM_9c1fba,be:4b:b0:fc:f8:bd,[WPA2-PSK-CCMP][ESS],-62,2437,2516338355"]}