{"BSSID":"42:cb:fd:bd:a2:dc","IpAddress":"10.78.52.131","P2p0Mac":"26:e2:52:30:fa:fb","SSID":"Tenda_8db0ca","androidId":"2476a8c7d8398d05","batteryLevel":89,"btAddress":"92:c6:96:71:a8:72","btName":"MI 3W","buildAbi":"armeabi-v7a","buildAbi2":"armeabi","buildBoard":"moorefield","buildBrand":"Xiaomi","buildCodename":"REL","buildDescription":"Kenzo-user 5.0 LRX21M ab9a08af release-keys","buildDevice":"Kenzo","buildFingerprint":"Xiaomi/MI 3W/Kenzo:5.0/LRX21M/ab9a08af:user/release-keys","buildHardware":"qcom","buildHost":"wcc-miui-ota-bd07.bj","buildId":"LRX21M","buildIncremental":"ab9a08af","buildManufacturer":"Xiaomi","buildModel":"MI 3W","buildName":"Xiaomi","buildProduct":"Kenzo","buildRadioVersion":"dreqckoarzgiy","buildRelease":"5.0","buildSdk":"21","buildSerialno":"9eb0feb3","buildTags":"release-keys","buildType":"user","buildUser":"Server","buildUtc":1478817209273,"cellScan":[],"ci":0,"contacts":["奶奶,18803696876","姑妈,18903313876","外婆,13607877684","外公,13603653808","舅舅,15604857568","舅妈,18002553203","姨父,15808436214","姨娘,13805102391","亲爱的,15908423373","老弟,13806904873","老妹,13405734097","小明,13103467153","小李子,18800411288","余盛,15703571462","Susan Kennedy,14702055923","武筱奇,15803453418","邬逸永,15305637971","李和介,18702890463","Allen Reyes,14704887843","山冠吉,13490404191","干峻仁,14704810494","余克,15303169025","Julie Peterson,13490228505","李誓为,15003722731","杨秀,13905838791","李霖璞,13301354531","Rick Lopez,18905388442","祁耀皓,13401763400","吴时楷,15703224012","诸阔,13308063090","Helen Cruz,13490403004","张向威,13906922591","班进克,15105756222","滑湘闻,15308005178","Darlene Mason,18005324002","王向,15108056632","李易如,13504096801","陈克君,13905128798","William Ellis,13808573815","张驹凇,13008765022","殷进薇,18005198611","羿伊午,15806083874","Jon Matthews,15802966329","杨辉幸,14703787321","牧可夜,18702563988","马炯似,18703422030","Danny Alexander,18703547991","臧然思,13404871798","余年,13806802802","杭菁誓,13302171469","Gregory Jenkins,18908400860","余译鑫,18605170194"],"cpuName":"Qualcomm MSM8974PRO-AB","densityDpi":320,"deviceId":"860669826703945","deviceSvn":"44","displayId":"Kenzo-user 5.0 LRX21M ab9a08af release-keys","extraInfo":"ctlte","height":0,"hidePkgs":[],"hmNotes":"","hookPkgs":[],"lac":0,"latitude":30.8735231,"line1Number":"18121132446","longitude":103.7300027,"macAddress":"99:7c:d3:0c:be:d7","memAvailable":935464968,"memFree":1870929936,"memTotal":2806394904,"mnc":"03","networkClass":3,"networkCountryIso":"cn","networkOperator":"46003","networkOperatorName":"中国电信","networkType":13,"networkTypeName":"LTE","phoneType":2,"rgAndroid":"23","rgAreaode":"86","rgBackupPath":"/storage/emulated/0/.money/backup/20180109/18121132446_20180109.db","rgConNames":[],"rgCountry":"中国","rgDevice":"xiaomiRedmi 4X","rgIp":"119.4.254.48","rgLastLogin":1515549971456,"rgLocation":"四川省成都市 联通","rgNetType":"切换飞行模式","rgOrPhone":"18121132446","rgPhoneNo":"18121132446","rgServer":"飞行模式切换","rgTime":1515486739191,"rgVcode":"尚一品(发码)","rgVersion":"1.6.0","rgWxError":"帐号状态异常，本次登录已失效。请尝试重新登录，并根据弹窗提示操作。","rgWxName":"暴延善","rgWxPasswd":"Rmst@7890","rgWxStatus":"异常","rgWxWindows":"否","serialno":"9eb0feb3","simCountryIso":"cn","simOperator":"46003","simOperatorName":"中国电信","simSerialNumber":"898530781833163251382","simState":5,"subscriberId":"460036812795724","type":0,"typeName":"MOBILE","width":0,"wifiScan":["PHICOMM_205375,3f:40:36:c3:29:cb,[WPA-PSK-CCMP][WPA2-PSK-CCMP][WPS][ESS],-66,2422,504103776","Tenda_265854,05:a1:8b:7f:25:e4,[WPA2-PSK-CCMP][WPS][ESS],-80,2412,262592286","TP-LINK_373275,8b:99:7a:40:2e:6b,[WPA2-PSK-CCMP][ESS],-67,2437,3008026564","Tenda_87bad2,a8:7e:75:95:20:09,[WPA2-PSK-CCMP][ESS],-80,2462,2378537672","Netcore_21e104,4f:ae:82:e6:68:2f,[WPA2-PSK-CCMP][ESS],-95,2437,1704631827","PHICOMM_6bed10,ea:88:fa:6f:c9:b4,[WPA-PSK-CCMP][WPA2-PSK-CCMP][WPS][ESS],-71,2472,960426694"]}