{"BSSID":"d5:95:2b:cb:4b:f6","IpAddress":"10.44.82.29","P2p0Mac":"17:77:8a:4e:7e:94","SSID":"Netcore_8bfe20","androidId":"1a0ffb4c3d25cb5a","batteryLevel":53,"btAddress":"57:a2:8b:1b:02:ab","btName":"MI 3","buildAbi":"armeabi-v7a","buildAbi2":"armeabi","buildBoard":"umts_spyder","buildBrand":"Xiaomi","buildCodename":"REL","buildDescription":"Kenzo-user 5.0 LRX21M f0786bf1 release-keys","buildDevice":"Kenzo","buildFingerprint":"Xiaomi/MI 3/Kenzo:5.0/LRX21M/f0786bf1:user/release-keys","buildHardware":"qcom","buildHost":"glsrv4","buildId":"LRX21M","buildIncremental":"f0786bf1","buildManufacturer":"Xiaomi","buildModel":"MI 3","buildName":"Xiaomi","buildProduct":"Kenzo","buildRadioVersion":"eeezevkgavibhpz","buildRelease":"5.0","buildSdk":"21","buildSerialno":"19b910a5","buildTags":"release-keys","buildType":"user","buildUser":"android","buildUtc":1496509168139,"cellScan":["33034,28836","39938,164196913","32822,16143","32822,246055682","32822,48182"],"ci":164196913,"contacts":["奶奶,15002710307","姑妈,15707622090","外婆,15304156081","外公,15306231814","舅舅,13402475279","舅妈,15606306354","姨父,15606740419","姨娘,13507467222","亲爱的,15601147600","老弟,14701491288","老妹,13203024187","小明,13702656560","小李子,15604684842","邬瑟诗,13802694351","Maurice Morales,13702864508","于舒梦,15208223362","华生兴,13004330076","杨建虹,14704630137","Laura Reynolds,15707138051","方易君,18700807943","井腾鑫,13202097548","羊殊仙,18604798871","Billy Nelson,18605785008","谷鹏翼,15301178641","李茜骥,13704387092","云秋银,15702546329","Andrew Garcia,15702886187","仲杭梧,13101592452","狄泉贤,15103893460","熊雅培,15808845863","Ashley Cruz,15805067047","季廉密,13490315406","解恒佩,15204164920","惠剑楷,13207683061","Matthew Webb,13002001898","仰吾雄,15008432950","李嗣佩,18806905229","王世,13707652532","Alvin Robertson,13703580903","吴银,15004807906","钭巍会,13303228360","舒炬京,14707455751","Alan Washington,14702040763","沈森炫,14706210315","滑雍立,14706358647","余玉,14705096614","Ernest Reyes,18700186566","杨室涂,15105554688","云思虎,18904505992"],"cpuName":"Qualcomm MSM8974PRO-AB","densityDpi":240,"deviceId":"866191173554957","deviceSvn":"14","displayId":"Kenzo-user 5.0 LRX21M f0786bf1 release-keys","extraInfo":"cmnet","height":0,"hidePkgs":[],"hmNotes":"","hookPkgs":[],"lac":39938,"latitude":30.8587304,"line1Number":"18121073493","longitude":104.1457734,"macAddress":"6e:f4:1a:5d:50:8b","memAvailable":4109628885,"memFree":12328886658,"memTotal":16438515543,"mnc":"03","networkClass":2,"networkCountryIso":"cn","networkOperator":"46003","networkOperatorName":"中国电信","networkType":6,"networkTypeName":"CDMA - EvDo rev. A","phoneType":2,"rgAndroid":"23","rgAreaode":"86","rgBackupPath":"/storage/emulated/0/.money/backup/20180109/18121073493_20180109.db","rgConNames":[],"rgCountry":"中国","rgDevice":"xiaomiRedmi 4X","rgIp":"101.206.166.7","rgLastLogin":1515549770359,"rgLocation":"四川省 联通","rgNetType":"切换飞行模式","rgOrPhone":"18121073493","rgPhoneNo":"18121073493","rgServer":"飞行模式切换","rgTime":1515484202361,"rgVcode":"尚一品(发码)","rgVersion":"1.6.0","rgWxError":"帐号状态异常，本次登录已失效。请尝试重新登录，并根据弹窗提示操作。","rgWxName":"井银仕","rgWxPasswd":"Rmst@7890","rgWxStatus":"异常","rgWxWindows":"否","serialno":"19b910a5","simCountryIso":"cn","simOperator":"46003","simOperatorName":"中国电信","simSerialNumber":"898530269445693976100","simState":5,"subscriberId":"460038855545987","type":0,"typeName":"MOBILE","width":0,"wifiScan":["PHICOMM_e37520,9c:21:6a:af:54:c4,[WPA-PSK-CCMP][WPA2-PSK-CCMP][ESS],-87,2437,419653705","Tenda_9dc427,24:69:68:81:fb:9a,[WPA-PSK-CCMP][WPA2-PSK-CCMP][WPS][ESS],-74,2422,399704041","Netcore_e10dc0,64:3a:b1:6f:04:c2,[WPA2-PSK-CCMP][WPS][ESS],-78,2462,465895055","Netcore_0e3fd2,50:bd:5f:17:fe:36,[WPA2-PSK-CCMP][WPS][ESS],-79,2462,2244429449","TP-LINK_471f42,6c:59:40:e9:0a:74,[WPA2-PSK-CCMP][ESS],-77,2462,420063021"]}