{"BSSID":"20:29:35:5d:fa:91","IpAddress":"192.168.88.217","P2p0Mac":"f0:fb:ac:b2:cc:f0","SSID":"PHICOMM_be21eb","androidId":"08b25dbcba56dee3","batteryLevel":64,"btAddress":"96:ce:7b:01:03:2c","btName":"MI 3","buildAbi":"armeabi-v7a","buildAbi2":"armeabi","buildBoard":"MSM8952","buildBrand":"Xiaomi","buildCodename":"REL","buildDescription":"Kenzo-user 6.0.1 MMB29T 3a7e2cdb release-keys","buildDevice":"Kenzo","buildFingerprint":"Xiaomi/MI 3/Kenzo:6.0.1/MMB29T/3a7e2cdb:user/release-keys","buildHardware":"qcom","buildHost":"wcc-miui-ota-bd25","buildId":"MMB29T","buildIncremental":"3a7e2cdb","buildManufacturer":"Xiaomi","buildModel":"MI 3","buildName":"Xiaomi","buildProduct":"Kenzo","buildRadioVersion":"bdawxlaebozlljmiy","buildRelease":"6.0.1","buildSdk":"23","buildSerialno":"6656aff2","buildTags":"release-keys","buildType":"user","buildUser":"MarkBuild","buildUtc":1501473565329,"cellScan":["33024,15915","33034,11255","33061,15915","61713,17892","61713,11255"],"ci":15915,"contacts":["奶奶,18607922120","姑妈,13703822623","外婆,13002658487","外公,15302810723","舅舅,15808395009","舅妈,18006530129","姨父,15101480043","姨娘,15307085048","亲爱的,15803925280","老弟,15807794793","老妹,13908380061","小明,13490359694","小李子,13490210573","冯世,18903791860","Victor Flores,13490513136","隗盛星,18908228380","余利海,15102487237","麻峻英,14701777800","Shawn Bradley,18704768777","杨木,13805001274","王随世,15208071527","杨然宏,13306674386","Annette Nelson,18900103564","李古,15800814618","余君,13300932224","吴江,18707167055","Kelly Austin,18804817383","萧薇瑜,18605172739","徐景思,15707664551","黄琴盈,15104607455","Loretta Hall,15205508713","张洋,15806635718","杨进嵬,13807884315","王麟玺,18704532513","Gary Snyder,14700484268","焦启菁,15707661485","李泉,15608844551","张野,18703165670","Phillip Diaz,14700690979","李珊骥,15704325728","吴硕璎,13203527989"],"cpuName":"Qualcomm MSM8974PRO-AB","densityDpi":320,"deviceId":"862340334900369","deviceSvn":"89","displayId":"Kenzo-user 6.0.1 MMB29T 3a7e2cdb release-keys","extraInfo":"PHICOMM_be21eb","height":0,"hidePkgs":[],"hmNotes":"","hookPkgs":[],"lac":33024,"latitude":30.7657527,"line1Number":"18121140749","longitude":104.2334239,"macAddress":"b8:6c:61:df:c4:73","memAvailable":23467312,"memFree":70401937,"memTotal":93869249,"mnc":"03","networkClass":2,"networkCountryIso":"cn","networkOperator":"46003","networkOperatorName":"中国电信","networkType":6,"networkTypeName":"CDMA - EvDo rev. A","phoneType":2,"rgAndroid":"23","rgAreaode":"86","rgBackupPath":"/storage/emulated/0/.money/backup/20180109/18121140749_20180109.db","rgConNames":[],"rgCountry":"中国","rgDevice":"xiaomiRedmi 4X","rgIp":"119.4.253.217","rgLastLogin":1515549637803,"rgLocation":"四川省成都市 联通","rgNetType":"切换飞行模式","rgOrPhone":"18121140749","rgPhoneNo":"18121140749","rgServer":"飞行模式切换","rgTime":1515482404216,"rgVcode":"尚一品(发码)","rgVersion":"1.6.0","rgWxError":"帐号状态异常，本次登录已失效。请尝试重新登录，并根据弹窗提示操作。","rgWxName":"郭设厚","rgWxPasswd":"Rmst@7890","rgWxStatus":"异常","rgWxWindows":"否","serialno":"6656aff2","simCountryIso":"cn","simOperator":"46003","simOperatorName":"中国电信","simSerialNumber":"898530249401006032208","simState":5,"subscriberId":"460035444487658","type":1,"typeName":"WIFI","width":0,"wifiScan":["TP-LINK_0d1264,24:05:0f:22:9b:30,[WPS][ESS],-79,2462,487549739","PHICOMM_afe164,b0:d5:9d:30:fc:d6,[WPA-PSK-CCMP][WPA2-PSK-CCMP][WPS][ESS],-75,2462,3224136899","PHICOMM_a7497b,14:e6:e4:d5:f7:24,[WPA2-PSK-CCMP][WPS][ESS],-87,2462,353874060","Tenda_769eb0,bc:46:99:fe:80:68,[WPA2-PSK-CCMP][ESS],-79,2462,1495437244","PHICOMM_4e3153,bc:d1:77:94:42:34,[WPA2-PSK-CCMP][ESS],-71,2452,251912215"]}