{"BSSID":"6e:f1:cb:0d:1f:ab","IpAddress":"192.168.19.241","P2p0Mac":"bd:19:19:19:f9:b1","SSID":"MERCURY_e1cbfe","androidId":"dddf805c23db6cdb","batteryLevel":86,"btAddress":"6a:a0:db:b4:21:f1","btName":"GN5001S","buildAbi":"armeabi-v7a","buildAbi2":"armeabi","buildBoard":"spyder","buildBrand":"GiONEE","buildCodename":"REL","buildDescription":"GN5001S-user 7.1.2 NMF26Q 4aa01f42 release-keys","buildDevice":"GN5001S","buildFingerprint":"GiONEE/GN5001S/GN5001S:7.1.2/NMF26Q/4aa01f42:user/release-keys","buildHardware":"qcom","buildHost":"bs213","buildId":"NMF26Q","buildIncremental":"4aa01f42","buildManufacturer":"GiONEE","buildModel":"GN5001S","buildName":"GiONEE","buildProduct":"GN5001S","buildRadioVersion":"qqwsznofxrrbx","buildRelease":"7.1.2","buildSdk":"25","buildSerialno":"29fa1cd8","buildTags":"release-keys","buildType":"user","buildUser":"MarkBuild","buildUtc":1479911032134,"cellScan":[],"ci":0,"contacts":["奶奶,15100048236","姑妈,18801134657","外婆,14706617491","外公,15907082188","舅舅,13304863247","舅妈,13805846387","姨父,13490087623","姨娘,13205066770","亲爱的,15100463574","老弟,13808014620","老妹,15502822032","小明,18001813899","小李子,15706502705","尤雨银,18808092691","Bruce Rivera,18702323158","李愚信,13490570786","窦瑞艺,13700684244","余保顺,13706480589","Frederick Turner,13607715496","李银,13601715878","盛利望,18707121342","杨年图,15002138259","Pauline Perkins,15907322417","杨宏嗣,13490671567","于巍,13490184455","董进朋,15800277950","George Harrison,15900560099","缪嘉实,15308238947","王商炯,13905127471","苗午恒,15808778468","Audrey Price,15808088439","王江吾,15906221217","杨静情,18802313248","于郁玺,18606184318","Christina Austin,13204943035","甘幸骥,18704827045","司徒洋骥,18708862618","李彦,18603828125","Julie Watson,15508488771","常念宇,14707436488","凌玮古,13490061536","李影,15107664836","Dorothy Gray,13403030065","余迅,18801918425","虞皓昆,15602672695","张瑜全,15806697799","Beth Gardner,15800212540"],"cpuName":"MT6735","densityDpi":320,"deviceId":"866163272883587","deviceSvn":"86","displayId":"GN5001S-user 7.1.2 NMF26Q 4aa01f42 release-keys","extraInfo":"MERCURY_e1cbfe","height":0,"hidePkgs":[],"hmNotes":"","hookPkgs":[],"lac":0,"latitude":30.4568755,"line1Number":"18121317412","longitude":104.2639346,"macAddress":"5e:11:e9:eb:19:cd","memAvailable":1250185925,"memFree":2500371851,"memTotal":3750557776,"mnc":"03","networkClass":2,"networkCountryIso":"cn","networkOperator":"46003","networkOperatorName":"中国电信","networkType":6,"networkTypeName":"CDMA - EvDo rev. A","phoneType":2,"rgAndroid":"23","rgAreaode":"86","rgBackupPath":"/storage/emulated/0/.money/backup/20180109/18121317412_20180109.db","rgConNames":[],"rgCountry":"中国","rgDevice":"xiaomiRedmi 4X","rgIp":"119.4.254.8","rgLastLogin":1515549904627,"rgLocation":"四川省成都市 联通","rgNetType":"切换飞行模式","rgOrPhone":"18121317412","rgPhoneNo":"18121317412","rgServer":"飞行模式切换","rgTime":1515485368957,"rgVcode":"尚一品(发码)","rgVersion":"1.6.0","rgWxError":"帐号状态异常，本次登录已失效。请尝试重新登录，并根据弹窗提示操作。","rgWxName":"隗殊恒","rgWxPasswd":"Rmst@7890","rgWxStatus":"异常","rgWxWindows":"否","serialno":"29fa1cd8","simCountryIso":"cn","simOperator":"46003","simOperatorName":"中国电信","simSerialNumber":"898530282713793560664","simState":5,"subscriberId":"460031916424908","type":1,"typeName":"WIFI","width":0,"wifiScan":["TP-LINK_695486,88:7e:2c:3c:dc:58,[WPA-PSK-CCMP][WPA2-PSK-CCMP][WPS][ESS],-74,2462,391935261","TP-LINK_85376b,3b:e2:64:b6:7c:36,[WPA2-PSK-CCMP][ESS],-77,2412,2199233343","Tenda_d20437,8f:cd:8b:ae:3b:81,[WPA2-PSK-CCMP][WPS][ESS],-88,2442,294740746","PHICOMM_c9dc1c,09:62:7c:7a:4c:1a,[WPA-PSK-CCMP][WPA2-PSK-CCMP][WPS][ESS],-84,2412,2452036591","TP-LINK_252142,cc:fe:3a:f9:b4:61,[WPA2-PSK-CCMP][ESS],-76,2462,370455630","iTV-8486,f3:13:82:27:c6:7c,[WPA2-PSK-CCMP][ESS],-68,2462,257731526"]}