{"BSSID":"2e:af:ce:fe:ac:4f","IpAddress":"10.86.75.176","P2p0Mac":"c2:6a:f8:e5:ce:53","SSID":"Netcore_b2fb03","androidId":"9b194d817f3ad4ea","batteryLevel":68,"btAddress":"c7:8a:53:a4:30:a3","btName":"HM NOTE 1TD","buildAbi":"armeabi-v7a","buildAbi2":"armeabi","buildBoard":"pyramid","buildBrand":"Xiaomi","buildCodename":"REL","buildDescription":"lcsh92_wet_tdd-user 5.0 LRX21M 62bd719c release-keys","buildDevice":"lcsh92_wet_tdd","buildFingerprint":"Xiaomi/HM NOTE 1TD/lcsh92_wet_tdd:5.0/LRX21M/62bd719c:user/release-keys","buildHardware":"qcom","buildHost":"taishan","buildId":"LRX21M","buildIncremental":"62bd719c","buildManufacturer":"Xiaomi","buildModel":"HM NOTE 1TD","buildName":"Xiaomi","buildProduct":"lcsh92_wet_tdd","buildRadioVersion":"lnuhjqekgb","buildRelease":"5.0","buildSdk":"21","buildSerialno":"a6c93fcc","buildTags":"release-keys","buildType":"user","buildUser":"lgmobile","buildUtc":1497382609756,"cellScan":["61700,168132163","33296,42595","33296,48151","61700,168122401","33296,15804"],"ci":15804,"contacts":["奶奶,15500785288","姑妈,15303923153","外婆,18608506796","外公,13502131498","舅舅,13101625487","舅妈,15703353039","姨父,13506014458","姨娘,15800687184","亲爱的,14703637320","老弟,15705971918","老妹,18901772128","小明,18701891545","小李子,13490026114","王齐晟,13607860498","Peggy Flores,13603087882","奚观克,15506595327","余行,15508847679","吴土帅,13700014478","Antonio Jordan,13502393836","刘新图,13407821369","吴儒露,13602521406","孟镜昆,15501712968","Yolanda Gonzales,18605485067","钭琴午,15608461543","俞鹄界,18008104364","王亚铜,15502844011","Rachel Fisher,13108821980","武介郁,14707697819","栾慎朔,13201335366","于耕棠,18702964928","Andrea Porter,18802813115","李俊,13608445523","储岭康,15103325489","邹妙雷,15605995727","Stephen Garcia,13005264233","王敬仁,15005367462","王璞,15204142934","李琦,13708843853","Tony Morris,13700174069","李郁全,13503825724","曹欣向,13400761981","苗鑫欣,18604225181","James Ellis,13006325674","余舒轩,13808483481","李岩商,15101644555","李麟,18808508388","Tom Black,14707086080","李桂,15700966241","王童,13200800231"],"cpuName":"MT6592","densityDpi":560,"deviceId":"861748173613250","deviceSvn":"29","displayId":"lcsh92_wet_tdd-user 5.0 LRX21M 62bd719c release-keys","extraInfo":"3gwap","height":0,"hidePkgs":[],"hmNotes":"","hookPkgs":[],"lac":33296,"latitude":30.770761,"line1Number":"18149772495","longitude":104.1675817,"macAddress":"0e:0d:51:df:9e:05","memAvailable":51143256,"memFree":153429769,"memTotal":204573025,"mnc":"03","networkClass":3,"networkCountryIso":"cn","networkOperator":"46003","networkOperatorName":"中国电信","networkType":13,"networkTypeName":"LTE","phoneType":2,"rgAndroid":"23","rgAreaode":"86","rgBackupPath":"/storage/emulated/0/.money/backup/20180109/18149772495_20180109.db","rgConNames":[],"rgCountry":"中国","rgDevice":"xiaomiRedmi 4X","rgIp":"119.4.253.82","rgLastLogin":1515549703705,"rgLocation":"四川省成都市 联通","rgNetType":"切换飞行模式","rgOrPhone":"18149772495","rgPhoneNo":"18149772495","rgServer":"飞行模式切换","rgTime":1515483534451,"rgVcode":"尚一品(发码)","rgVersion":"1.6.0","rgWxError":"帐号状态异常，本次登录已失效。请尝试重新登录，并根据弹窗提示操作。","rgWxName":"陈孝珀","rgWxPasswd":"Rmst@7890","rgWxStatus":"异常","rgWxWindows":"否","serialno":"a6c93fcc","simCountryIso":"cn","simOperator":"46003","simOperatorName":"中国电信","simSerialNumber":"898530744363481599646","simState":5,"subscriberId":"460034826129525","type":0,"typeName":"MOBILE","width":0,"wifiScan":["Tenda_3a69ec,08:57:00:92:6e:f6,[WPA-PSK-TKIP+CCMP][WPA2-PSK-TKIP+CCMP][ESS],-78,2412,1591028622","FAST_cfe165,1c:60:de:92:b0:fa,[WPA-PSK-CCMP][WPA2-PSK-CCMP][WPS][ESS],-95,2437,453574031","Netcore_48ba75,30:fc:68:bb:69:77,[WPA-PSK-CCMP][WPA2-PSK-CCMP][WPS][ESS],-53,2427,1047333319","MERCURY_ae21,b8:55:10:af:c9:54,[WPA-PSK-CCMP][WPA2-PSK-CCMP][ESS],-71,2437,257631020","MERCURY_405487,50:bd:5f:78:fa:8e,[WPA-PSK-CCMP][WPA2-PSK-CCMP][ESS],-95,2412,395499692"]}