{"BSSID":"4d:d6:8d:d9:61:f3","IpAddress":"192.168.89.226","P2p0Mac":"af:16:71:79:8b:59","SSID":"FAST_041032","androidId":"fb8e8eb93336f406","batteryLevel":71,"btAddress":"92:39:94:59:33:22","btName":"Redmi Note 3","buildAbi":"armeabi-v7a","buildAbi2":"armeabi","buildBoard":"piranha","buildBrand":"Xiaomi","buildCodename":"REL","buildDescription":"hennessy-user 7.0.0 NRD90M f7535228 release-keys","buildDevice":"hennessy","buildFingerprint":"Xiaomi/Redmi Note 3/hennessy:7.0.0/NRD90M/f7535228:user/release-keys","buildHardware":"qcom","buildHost":"zc-miui-ota-bd39.bj","buildId":"NRD90M","buildIncremental":"f7535228","buildManufacturer":"Xiaomi","buildModel":"Redmi Note 3","buildName":"Xiaomi","buildProduct":"hennessy","buildRadioVersion":"uvmdolok","buildRelease":"7.0.0","buildSdk":"24","buildSerialno":"eb86d28c","buildTags":"release-keys","buildType":"user","buildUser":"buildHost","buildUtc":1510537672086,"cellScan":[],"ci":0,"contacts":["奶奶,18808808180","姑妈,13605508115","外婆,13902924773","外公,13401316096","舅舅,15302278940","舅妈,13804393932","姨父,13490840026","姨娘,13301703030","亲爱的,15102318774","老弟,18608198180","老妹,13506712547","小明,13404413403","小李子,13500714577","粱况享,15705936674","Ernest Berry,18807603620","吴观,13506830674","李幸,13106847941","杨译梧,18007678227","Walter Armstrong,13303888841","王时,15800520897","李松,15206456383","宫津谦,15902681927","Corey Ford,15104343394","陈先舒,13801146463","经向克,13904867070","杨仕和,15200821479","Darrell White,15005722951","祁阳剑,13808810557","杨豪,13702709063","和涂胤,13490572391","Steve Brooks,13490727720","李瑛,15007075123","穆图烁,18907038476","杨贤耀,15302704880","Edith Ellis,13490079499","时筱献,18708860972","余和,15100976825","李校全,13903738071","Sam Gordon,13600805206","李献,15301456801","吴稼,15800805074","张思,15708049077","Francis Gibson,14702101559","费阳荣,15905200870","刁培岩,18904405984"],"cpuName":"MT6795","densityDpi":480,"deviceId":"860113668826035","deviceSvn":"80","displayId":"hennessy-user 7.0.0 NRD90M f7535228 release-keys","extraInfo":"FAST_041032","height":0,"hidePkgs":[],"hmNotes":"","hookPkgs":[],"lac":0,"latitude":30.5402211,"line1Number":"18200427793","longitude":103.7943203,"macAddress":"91:2f:1d:94:73:e5","memAvailable":610980962,"memFree":1221961926,"memTotal":1832942888,"mnc":"00","networkClass":2,"networkCountryIso":"cn","networkOperator":"46002","networkOperatorName":"中国移动","networkType":17,"networkTypeName":"TD_SCDMA","phoneType":1,"rgAndroid":"23","rgAreaode":"86","rgConNames":["戚王古","上善若水"],"rgConsize":"2","rgCountry":"中国","rgDevice":"xiaomiRedmi 4X","rgIp":"119.4.254.141","rgLastLogin":1516875907860,"rgLocation":"四川省成都市 联通","rgNetType":"切换飞行模式","rgOrPhone":"18200427793","rgPhoneNo":"18200427793","rgServer":"飞行模式切换","rgTime":1515494909482,"rgVcode":"爱乐赞(接码/发码)","rgVersion":"1.6.0","rgWxEmail":"未绑定","rgWxError":"","rgWxId":"wxid_o2ls3g66fkz622","rgWxName":"戚王古","rgWxNo":"未设置","rgWxPasswd":"Rmst@7890","rgWxQQ":"未绑定","rgWxStatus":"存活","rgWxWindows":"否","serialno":"eb86d28c","simCountryIso":"cn","simOperator":"46002","simOperatorName":"中国移动","simSerialNumber":"8986007719694114499","simState":5,"subscriberId":"460023270554471","type":1,"typeName":"WIFI","width":0,"wifiScan":["TP-LINK_dfe3fc,c1:3a:b5:66:eb:2c,[WPA2-PSK-CCMP][ESS],-86,2462,2870533924","TP-LINK_cbe21e,3d:6e:ea:1f:38:e1,[WPA-PSK-CCMP][WPA2-PSK-CCMP][WPS][ESS],-71,2412,813838571","Netcore_32698c,02:79:95:2e:e5:c0,[WPA-PSK-CCMP][WPA2-PSK-CCMP][WPS][ESS],-67,2442,232558905","Netcore_325414,51:f3:82:29:7f:46,[WPA2-PSK-CCMP][ESS],-77,2437,496072860","Netcore_97a965,0a:c8:99:4a:24:4e,[WPA2-PSK-CCMP][WPS][ESS],-66,2427,3249032639","Tenda_97baea,0e:27:60:9d:d1:80,[WPA2-PSK-CCMP][WPS][ESS],-81,2462,641733095","FAST_0dcfe2,12:40:5b:6e:c6:28,[WPA-PSK-CCMP][WPA2-PSK-CCMP][WPS][ESS],-91,2452,3320033387"]}