{"BSSID":"33:3d:18:2c:ee:37","IpAddress":"192.168.56.74","P2p0Mac":"1a:a2:bd:42:28:9d","SSID":"TP-LINK_869e","androidId":"a87957a9c7e2c0a1","batteryLevel":55,"btAddress":"df:28:76:be:af:31","btName":"H30-T00","buildAbi":"armeabi-v7a","buildAbi2":"armeabi","buildBoard":"otter2","buildBrand":"HUAWEI","buildCodename":"REL","buildDescription":"H30-T00-user 5.0 LRX21M ec49d457 release-keys","buildDevice":"H30-T00","buildFingerprint":"HUAWEI/H30-T00/H30-T00:5.0/LRX21M/ec49d457:user/release-keys","buildHardware":"qcom","buildHost":"bs213","buildId":"LRX21M","buildIncremental":"ec49d457","buildManufacturer":"HUAWEI","buildModel":"H30-T00","buildName":"HUAWEI","buildProduct":"H30-T00","buildRadioVersion":"izbvvfoi","buildRelease":"5.0","buildSdk":"21","buildSerialno":"f9bd375b","buildTags":"release-keys","buildType":"user","buildUser":"Server","buildUtc":1465043013205,"cellScan":[],"ci":0,"contacts":["奶奶,14701712878","姑妈,15905815720","外婆,13502995098","外公,13802145287","舅舅,14704640856","舅妈,14705955409","姨父,13208786698","姨娘,15207527233","亲爱的,18602824681","老弟,18601896507","老妹,18001390007","小明,18808816242","小李子,15004376795","张禄,13901811087","Arthur Hughes,13500690661","邴朋密,13005448840","李恺罗,13806516387","余雨,15900595544","Stephanie Burns,15200575024","娄国国,18804150739","长孙超乾,13504948209","李况逵,13905962617","Annette Franklin,13604718693","邢航雅,13608091276","杨微情,18002283517","袁星吉,13406415762","Sheila Hernandez,13406675645","景银镜,18704220298","胡璐森,18802915979","李伊求,13303585688","Katherine Foster,13490856826","朱渠,18607152766","柏嵬团,18808644218","巴楷易,15207484992","Teresa Ramirez,15201744677","杨瑞朔,15703804727","华珊元,15601863956","杨俊,15101215028","Warren Bell,15906722291","戎盛随,13705107043","王昆海,15206350958","焦奇宣,13900415831","Christina Palmer,13504611417","杨求善,15004473399","杨稼,15902406283"],"cpuName":"MT6582","densityDpi":560,"deviceId":"861647864681214","deviceSvn":"25","displayId":"H30-T00-user 5.0 LRX21M ec49d457 release-keys","extraInfo":"TP-LINK_869e","height":0,"hidePkgs":[],"hmNotes":"","hookPkgs":[],"lac":0,"latitude":30.5387446,"line1Number":"18228040480","longitude":103.9634319,"macAddress":"7f:72:94:28:26:39","memAvailable":701592722,"memFree":2104778166,"memTotal":2806370888,"mnc":"00","networkClass":3,"networkCountryIso":"cn","networkOperator":"46000","networkOperatorName":"中国移动","networkType":13,"networkTypeName":"LTE","phoneType":1,"rgAndroid":"23","rgAreaode":"86","rgConNames":[],"rgCountry":"中国","rgDevice":"xiaomiRedmi 4X","rgIp":"119.4.252.84","rgLastLogin":1516244142691,"rgLocation":"四川省成都市 联通","rgNetType":"切换飞行模式","rgOrPhone":"18228040480","rgPhoneNo":"18228040480","rgServer":"飞行模式切换","rgTime":1515494678203,"rgVcode":"爱乐赞(接码/发码)","rgVersion":"1.6.0","rgWxError":"该微信帐号因批量或者使用非法软件注册被限制登录，如需继续使用，请轻触“确定”申请解除限制。","rgWxName":"上官力校","rgWxPasswd":"Rmst@7890","rgWxStatus":"异常","rgWxWindows":"否","serialno":"f9bd375b","simCountryIso":"cn","simOperator":"46000","simOperatorName":"中国移动","simSerialNumber":"8986024993732632925","simState":5,"subscriberId":"460008299669819","type":1,"typeName":"WIFI","width":0,"wifiScan":["MERCURY_eae759,07:58:64:68:0a:d1,[WPA-PSK-CCMP][WPA2-PSK-CCMP][WPS][ESS],-84,2442,344750499","MERCURY_69dc9c,b0:22:63:02:8e:d4,[WPA-PSK-CCMP][WPA2-PSK-CCMP][WPS][ESS],-89,2412,355942601","MERCURY_496b9e,9b:8e:fc:3a:1f:af,[WPA2-PSK-CCMP][ESS],-58,2447,211329853","MERCURY_325497,7a:f9:78:73:6b:19,[WPA-PSK-CCMP][WPA2-PSK-CCMP][WPS][ESS],-94,2412,1253638528","MERCURY_7bad65,88:c9:64:9d:11:17,[WPA-PSK-CCMP][WPA2-PSK-CCMP][WPS][ESS],-92,2422,360824724","FAST_1430d2,e2:c8:a6:cf:5d:96,[WPA2-PSK-CCMP][ESS],-84,2462,218479935","Netcore_76beda,ab:48:12:e1:5b:07,[WPA-PSK-CCMP][WPA2-PSK-CCMP][WPS][ESS],-93,2412,454431367","MERCURY_0cafd1,d8:be:86:43:0e:17,[WPA-PSK-CCMP][WPA2-PSK-CCMP][ESS],-88,2437,2130536298"]}