{"BSSID":"43:ea:9c:ae:2c:ba","IpAddress":"10.78.15.7","P2p0Mac":"fa:93:20:55:04:46","SSID":"Tenda_f15276","androidId":"1b9be478b101c5bf","batteryLevel":32,"btAddress":"a2:72:91:57:86:8f","btName":"vivo X5V","buildAbi":"armeabi-v7a","buildAbi2":"armeabi","buildBoard":"msm8996","buildBrand":"vivo","buildCodename":"REL","buildDescription":"PD1401V-user 5.1.1 LMY48G d6bb975a release-keys","buildDevice":"PD1401V","buildFingerprint":"vivo/vivo X5V/PD1401V:5.1.1/LMY48G/d6bb975a:user/release-keys","buildHardware":"qcom","buildHost":"qh-miui-ota-bd51","buildId":"LMY48G","buildIncremental":"d6bb975a","buildManufacturer":"vivo","buildModel":"vivo X5V","buildName":"vivo","buildProduct":"PD1401V","buildRadioVersion":"oookpagxhbt","buildRelease":"5.1.1","buildSdk":"22","buildSerialno":"6ac3bb12","buildTags":"release-keys","buildType":"user","buildUser":"Server","buildUtc":1471302190911,"cellScan":[],"ci":0,"contacts":["奶奶,15001982861","姑妈,15601847293","外婆,13603901450","外公,18800924970","舅舅,15708375742","舅妈,14703351082","姨父,18704945229","姨娘,13302394570","亲爱的,13006852150","老弟,13107586920","老妹,15107397080","小明,15307185436","小李子,15507740123","吴义,15905798234","Charles Wagner,15206594455","余卫,13805570328","姚惠龙,15300137676","李贺陵,13208226229","Harry Ward,13001365452","宋仕盈,18600230329","秋贺辉,15705672803","杨瑛禄,18706458249","Emily Wagner,14708276239","宣星信,15006864476","祖明旺,18800983535","杨献,13602360698","Matthew Ferguson,13608124904","孙添,15704552115","李明香,15204005696","张璇,18707994786","Greg Russell,14707915790","单嘉经,13490187250","邴郡宫,15708680319","李演,13603637515","Gary Andrews,13908768362","杨钰立,18808754228","陈权镜,15207871054","邢松锐,13101308001","Ruby Patterson,13201123516","杨虹雅,14705405921","贺羡杏,13605528188","景廉衔,15504774451","Ronald Lawrence,13105496191","于学,18004887445","杨秀,13700611872","杨超君,15604746981","Brian Reyes,15504102953","司徒甲佳,15605606942"],"cpuName":"Qualcomm Technologies, Inc MSM8939","densityDpi":560,"deviceId":"860678316159765","deviceSvn":"85","displayId":"PD1401V-user 5.1.1 LMY48G d6bb975a release-keys","extraInfo":"ctnet","height":0,"hidePkgs":[],"hmNotes":"","hookPkgs":[],"lac":0,"latitude":30.8020872,"line1Number":"18228039884","longitude":103.8402758,"macAddress":"77:71:40:37:43:ec","memAvailable":68405672,"memFree":136811346,"memTotal":205217018,"mnc":"00","networkClass":3,"networkCountryIso":"cn","networkOperator":"46002","networkOperatorName":"中国移动","networkType":13,"networkTypeName":"LTE","phoneType":1,"rgAndroid":"23","rgAreaode":"86","rgBackupPath":"/storage/emulated/0/.money/backup/20180109/18228039884_20180109.db","rgConNames":["甘会朋"],"rgConsize":"1","rgCountry":"中国","rgDevice":"xiaomiRedmi 4X","rgIp":"119.4.255.228","rgLastLogin":1515728240830,"rgLocation":"四川省成都市 联通","rgNetType":"切换飞行模式","rgOrPhone":"18228039884","rgPhoneNo":"18228039884","rgServer":"飞行模式切换","rgTime":1515495329397,"rgVcode":"爱乐赞(接码/发码)","rgVersion":"1.6.0","rgWxEmail":"未绑定","rgWxError":"帐号状态异常，本次登录已失效。请尝试重新登录，并根据弹窗提示操作。","rgWxName":"甘会朋","rgWxNo":"未设置","rgWxPasswd":"Rmst@7890","rgWxQQ":"未绑定","rgWxStatus":"异常","rgWxWindows":"否","serialno":"6ac3bb12","simCountryIso":"cn","simOperator":"46002","simOperatorName":"中国移动","simSerialNumber":"8986026587627430325","simState":5,"subscriberId":"460024061032049","type":0,"typeName":"MOBILE","width":0,"wifiScan":["iTV-46a9,b8:e0:05:af:d3:4d,[WPA2-PSK-CCMP][WPS][ESS],-85,2452,2349434126","MERCURY_d98cfe,b7:1c:a9:00:02:0c,[WPA2-PSK-CCMP][WPS][ESS],-74,2412,1735733216","TP-LINK_c1fcae,5b:7f:b6:a1:ac:b5,[WPA2-PSK-CCMP][WPS][ESS],-95,2437,209039218","Tenda_c37ca6,90:ad:e4:ce:ce:d5,[WPA2-PSK-CCMP][WPS][ESS],-87,2447,397139048","TP-LINK_86a9c5,23:4b:d2:b5:3d:04,[WPA-PSK-CCMP][WPA2-PSK-CCMP][ESS],-72,2442,214379534"]}