{"BSSID":"51:fb:3b:c3:bf:94","IpAddress":"10.41.35.208","P2p0Mac":"c9:ff:22:af:e5:02","SSID":"MERCURY_e34a48","androidId":"728cacd3f9e9e211","batteryLevel":65,"btAddress":"bb:1a:9b:63:e7:aa","btName":"HUAWEI HN3-T00","buildAbi":"armeabi-v7a","buildAbi2":"armeabi","buildBoard":"n1","buildBrand":"HUAWEI","buildCodename":"REL","buildDescription":"HUAWEI HN3-T00-user 5.0 LRX21M e10fd76f release-keys","buildDevice":"HUAWEI HN3-T00","buildFingerprint":"HUAWEI/HUAWEI HN3-T00/HUAWEI HN3-T00:5.0/LRX21M/e10fd76f:user/release-keys","buildHardware":"qcom","buildHost":"mz-buider-4","buildId":"LRX21M","buildIncremental":"e10fd76f","buildManufacturer":"HUAWEI","buildModel":"HUAWEI HN3-T00","buildName":"HUAWEI","buildProduct":"HUAWEI HN3-T00","buildRadioVersion":"wcggxxgchpcwunn","buildRelease":"5.0","buildSdk":"21","buildSerialno":"4cd3023c","buildTags":"release-keys","buildType":"user","buildUser":"buildHost","buildUtc":1512002537585,"cellScan":[],"ci":0,"contacts":["奶奶,18801928956","姑妈,13704538627","外婆,13903997953","外公,13201643475","舅舅,13601673869","舅妈,18807561821","姨父,18806603465","姨娘,14700963863","亲爱的,15506977759","老弟,18902100364","老妹,15305640078","小明,15905074837","小李子,13490659832","廉彤罗,13506681083","Darlene Green,13702388718","王炎,13302142761","卡炬贵,13207347119","裘盈明,18706254964","Darlene Matthews,18801987459","王怡,15206586581","宣翔璎,13903903038","元阁齐,13704827060","Darlene Cruz,13907722700","束峻玮,13405793288","李洋,14706463057","夏佳森,13801452092","Dale Ray,13801905308","陈升竞,13805407352","樊昆午,18900286824","蓝守群,13000673140","Regina Cooper,15602475411","曹泰琴,15304042467","吴慎屏,15302237248","长孙森浩,13402070502","Ida Graham,15905341334","黄涂敬,18001688714","杨楷,13505465538","王昱,18700110903","Mario Olson,18807618399","龚若瑟,18004357034","余力,13901164692","伏莉随,13003122145","Carl Crawford,18601288102","尹雪然,15906715225"],"cpuName":"MT6582","densityDpi":240,"deviceId":"863370075336670","deviceSvn":"39","displayId":"HUAWEI HN3-T00-user 5.0 LRX21M e10fd76f release-keys","extraInfo":"ctlte","height":0,"hidePkgs":[],"hmNotes":"","hookPkgs":[],"lac":0,"latitude":30.8395787,"line1Number":"18224436599","longitude":103.8346203,"macAddress":"66:92:c1:ea:a7:84","memAvailable":937534162,"memFree":2812602488,"memTotal":3750136650,"mnc":"00","networkClass":1,"networkCountryIso":"cn","networkOperator":"46007","networkOperatorName":"中国移动","networkType":2,"networkTypeName":"EDGE","phoneType":1,"rgAndroid":"23","rgAreaode":"86","rgBackupPath":"/storage/emulated/0/.money/backup/20180109/18224436599_20180109.db","rgConNames":[],"rgCountry":"中国","rgDevice":"xiaomiRedmi 4X","rgIp":"119.4.254.42","rgLastLogin":1515550038782,"rgLocation":"四川省成都市 联通","rgNetType":"切换飞行模式","rgOrPhone":"18224436599","rgPhoneNo":"18224436599","rgServer":"飞行模式切换","rgTime":1515490948829,"rgVcode":"玉米(发码)","rgVersion":"1.6.0","rgWxError":"帐号状态异常，本次登录已失效。请尝试重新登录，并根据弹窗提示操作。","rgWxName":"郁若商","rgWxPasswd":"Rmst@7890","rgWxStatus":"异常","rgWxWindows":"否","serialno":"4cd3023c","simCountryIso":"cn","simOperator":"46007","simOperatorName":"中国移动","simSerialNumber":"8986022885734957337","simState":5,"subscriberId":"460073635486506","type":0,"typeName":"MOBILE","width":0,"wifiScan":["TP-LINK_c76a8d,9b:60:3c:53:96:37,[WPA-PSK-CCMP][WPA2-PSK-CCMP][ESS],-92,2412,854330317","iTV-e649,7f:fc:54:82:a8:87,[WPA-PSK-CCMP][WPA2-PSK-CCMP][WPS][ESS],-80,2457,510960017","TP-LINK_698548,7a:a2:8b:5e:79:89,[WPA2-PSK-CCMP][WPS][ESS],-72,2437,438096164","Netcore_a7598c,c8:28:a8:8c:d0:04,[WPA2-PSK-CCMP][WPS][ESS],-79,2467,336734760","ChainaNet_2f32,8b:f9:58:fd:ef:54,[WPA2-PSK-CCMP][ESS],-94,2462,466953954","Tenda_dc1eba,2d:4f:c0:af:66:f6,[WPA-PSK-CCMP][WPA2-PSK-CCMP][ESS],-72,2437,506123807"]}