{"BSSID":"2b:a8:7a:e7:6b:8d","IpAddress":"10.88.19.5","P2p0Mac":"e1:86:f3:93:34:23","SSID":"Netcore_be31ec","androidId":"43e1fb3e9cceb273","batteryLevel":40,"btAddress":"be:9e:d7:12:1c:8a","btName":"OPPO A33m","buildAbi":"armeabi-v7a","buildAbi2":"armeabi","buildBoard":"p700","buildBrand":"OPPO","buildCodename":"REL","buildDescription":"A33-user 6.0.1 MMB29T b1584dda release-keys","buildDevice":"A33","buildFingerprint":"OPPO/OPPO A33m/A33:6.0.1/MMB29T/b1584dda:user/release-keys","buildHardware":"qcom","buildHost":"wcc-miui-ota-bd25","buildId":"MMB29T","buildIncremental":"b1584dda","buildManufacturer":"OPPO","buildModel":"OPPO A33m","buildName":"OPPO","buildProduct":"A33","buildRadioVersion":"hyszkjswgg","buildRelease":"6.0.1","buildSdk":"23","buildSerialno":"7c34187d","buildTags":"release-keys","buildType":"user","buildUser":"jenkins","buildUtc":1510313136809,"cellScan":[],"ci":0,"contacts":["奶奶,13005163303","姑妈,13501497445","外婆,14707673425","外公,18006155889","舅舅,15607434249","舅妈,18908622953","姨父,15804757770","姨娘,13500432530","亲爱的,18705567026","老弟,13490736270","老妹,15901905723","小明,13490231133","小李子,13301727835","暴易寿,13902655377","Norma Hunt,13706438471","李谷,13100896011","李绵,13503845367","张校豪,13905086805","Sean King,13808067936","崔雍世,15903550972","严河嘉,15907315280","杨虎腾,13703341519","Alicia Bailey,13804651755","吴逵,15601558452","吴昱,13490412565","元岩俊,18805843231","Joan Ray,15708511591","杨艺寅,15208517219","杨茂意,15100791885","杨耀,15300100502","Samuel Crawford,13490075613","诸葛扬阔,13807528360","杨英,18705215443","咎恺乾,15507238678","Michelle Carroll,13207580831","管陵屏,14701210388","臧廉鹏,18706693339","吴帅朔,15706735009","Lester Porter,14706650670","封能佳,15307665625"],"cpuName":"Qualcomm Technologies, Inc MSM8916","densityDpi":560,"deviceId":"863830780682601","deviceSvn":"41","displayId":"A33-user 6.0.1 MMB29T b1584dda release-keys","extraInfo":"3gnet","height":0,"hidePkgs":[],"hmNotes":"","hookPkgs":[],"lac":0,"latitude":30.861015,"line1Number":"18280002143","longitude":103.9513969,"macAddress":"85:29:39:bc:bb:10","memAvailable":5479727874,"memFree":10959455749,"memTotal":16439183623,"mnc":"00","networkClass":2,"networkCountryIso":"cn","networkOperator":"46002","networkOperatorName":"中国移动","networkType":17,"networkTypeName":"TD_SCDMA","phoneType":1,"rgAndroid":"23","rgAreaode":"86","rgConNames":["杨建泉"],"rgConsize":"1","rgCountry":"中国","rgDevice":"xiaomiRedmi 4X","rgIp":"119.4.255.79","rgLastLogin":1516243714940,"rgLocation":"四川省成都市 联通","rgNetType":"切换飞行模式","rgOrPhone":"18280002143","rgPhoneNo":"18280002143","rgServer":"飞行模式切换","rgTime":1515493558644,"rgVcode":"爱乐赞(接码/发码)","rgVersion":"1.6.0","rgWxEmail":"未绑定","rgWxError":"该微信帐号因批量或者使用非法软件注册被限制登录，如需继续使用，请轻触“确定”申请解除限制。","rgWxName":"杨建泉","rgWxNo":"未设置","rgWxPasswd":"Rmst@7890","rgWxQQ":"未绑定","rgWxStatus":"异常","rgWxWindows":"否","serialno":"7c34187d","simCountryIso":"cn","simOperator":"46002","simOperatorName":"中国移动","simSerialNumber":"8986005236489922452","simState":5,"subscriberId":"460029524214356","type":0,"typeName":"MOBILE","width":0,"wifiScan":["Tenda_585a94,e1:cd:cc:b5:a7:38,[WPA2-PSK-CCMP][WPS][ESS],-89,2412,2998933212","Tenda_c9ecad,c8:86:f9:5c:cf:96,[WPA2-PSK-CCMP][WPS][ESS],-74,2412,1353438288","TP-LINK_741698,17:20:ed:7b:50:4c,[WPA2-PSK-CCMP][WPS][ESS],-91,2437,2890233820","PHICOMM_254103,49:8d:ee:e5:1a:63,[WPA-PSK-CCMP][WPA2-PSK-CCMP][ESS],-68,2472,2030933647","MERCURY_0ebadc,45:54:21:be:e4:0f,[WPA-PSK-CCMP][WPA2-PSK-CCMP][WPS][ESS],-92,2462,444073964","PHICOMM_0e10dc,4e:68:80:dc:6f:9b,[WPA-PSK-CCMP][WPA2-PSK-CCMP][ESS],-72,2437,302238962","PHICOMM_6aeda8,15:bf:08:ca:6a:7a,[WPA-PSK-CCMP][WPA2-PSK-CCMP][ESS],-84,2437,1887136076","MERCURY_476316,b1:28:ce:87:18:2e,[WPA2-PSK-CCMP][WPS][ESS],-90,2452,2257328479"]}