{"BSSID":"fc:36:e2:c0:50:cb","IpAddress":"10.51.70.120","P2p0Mac":"76:9b:f2:82:7e:91","SSID":"TP-LINK_c96a","androidId":"a9781331aa6363fa","batteryLevel":37,"btAddress":"c6:03:3d:30:b8:59","btName":"m3 note","buildAbi":"armeabi-v7a","buildAbi2":"armeabi","buildBoard":"msm8952","buildBrand":"Meizu","buildCodename":"REL","buildDescription":"m3note-user 6.0.1 MMB29T f15d11ad release-keys","buildDevice":"m3note","buildFingerprint":"Meizu/m3 note/m3note:6.0.1/MMB29T/f15d11ad:user/release-keys","buildHardware":"qcom","buildHost":"ubuntu","buildId":"MMB29T","buildIncremental":"f15d11ad","buildManufacturer":"Meizu","buildModel":"m3 note","buildName":"Meizu","buildProduct":"m3note","buildRadioVersion":"zinmiitrvuxxnjy","buildRelease":"6.0.1","buildSdk":"23","buildSerialno":"6d695b36","buildTags":"release-keys","buildType":"user","buildUser":"MarkBuild","buildUtc":1486400416380,"cellScan":[],"ci":0,"contacts":["奶奶,13204343268","姑妈,15000785647","外婆,18703792071","外公,15106013176","舅舅,13490140767","舅妈,13403639052","姨父,18607681308","姨娘,13802170287","亲爱的,13204948789","老弟,13601482360","老妹,13805405844","小明,18806027835","小李子,15100826052","伊恒宇,18603643275","Valerie Robinson,13105773265","杨甲,13405344116","何若怀,13490577257","吴香,15002054687","Carmen Snyder,15207813893","杨竞胜,18004655259","李宇峻,15205044744","郎朔阳,18005078765","Wesley Dixon,15308060182","解奇芹,18608213664","于皓,15904105231","贾佳璞,15806084275","Betty Stevens,13402934517","钱虎,13302994557","李良,13307890015","滕渠声,15000065287","Betty Cruz,13401765993","宓易如,15708118924","张力,13103118738","云诗颂,13504188635","Ray Butler,13700459072","荣耕相,15200935049","邬齐由,13500143264","殷泰帅,18002321950","Renee Gibson,15301674843","季奇翔,13006915980","成先水,15806471986","汪京恒,18908502948","Sean Ray,18904128297","杨勋,18005932180","狄心佩,15907818901","戎声微,18900807628","Alma Allen,13308177690","李棠勋,13403278087","奚仁异,13503376941"],"cpuName":"MT6750","densityDpi":320,"deviceId":"860679580265676","deviceSvn":"15","displayId":"m3note-user 6.0.1 MMB29T f15d11ad release-keys","extraInfo":"3gwap","height":0,"hidePkgs":[],"hmNotes":"","hookPkgs":[],"lac":0,"latitude":30.6629303,"line1Number":"18380283342","longitude":103.9496522,"macAddress":"11:51:0f:0d:21:34","memAvailable":32083040,"memFree":64166082,"memTotal":96249122,"mnc":"00","networkClass":2,"networkCountryIso":"cn","networkOperator":"46000","networkOperatorName":"中国移动","networkType":17,"networkTypeName":"TD_SCDMA","phoneType":1,"rgAndroid":"23","rgAreaode":"86","rgConNames":[],"rgCountry":"中国","rgDevice":"xiaomiRedmi 4X","rgIp":"119.4.255.147","rgLastLogin":1516244218159,"rgLocation":"四川省成都市 联通","rgNetType":"切换飞行模式","rgOrPhone":"18380283342","rgPhoneNo":"18380283342","rgServer":"飞行模式切换","rgTime":1515495903314,"rgVcode":"爱乐赞(接码/发码)","rgVersion":"1.6.0","rgWxError":"帐号或密码错误，请重新填写。","rgWxName":"杨梦如","rgWxPasswd":"Rmst@7890","rgWxStatus":"异常","rgWxWindows":"否","serialno":"6d695b36","simCountryIso":"cn","simOperator":"46000","simOperatorName":"中国移动","simSerialNumber":"8986022452192612817","simState":5,"subscriberId":"460009454238229","type":0,"typeName":"MOBILE","width":0,"wifiScan":["MERCURY_e105,cc:d2:8b:45:fa:ee,[WPA2-PSK-CCMP][ESS],-62,2412,1379227266","FAST_fc1043,ee:fc:fe:d4:a4:73,[WPA2-PSK-CCMP][WPS][ESS],-93,2422,317814281","TP-LINK_115337,a7:44:9b:6d:84:5d,[WPA-PSK-CCMP][WPA2-PSK-CCMP][WPS][ESS],-75,2447,1565437583","MERCURY_75b9,2c:fb:02:43:58:c7,[WPA2-PSK-CCMP][ESS],-54,2412,252100616","TP-LINK_65487c,01:62:23:a4:ad:ee,[WPA2-PSK-CCMP][ESS],-81,2437,414617867"]}