{"BSSID":"3c:ba:a1:5d:13:50","IpAddress":"10.34.93.243","P2p0Mac":"a2:f1:c1:98:f2:cd","SSID":"ChainaNet_cffc","androidId":"dad3bc35b2e31068","batteryLevel":85,"btAddress":"6e:bf:a4:a7:12:50","btName":"vivo V3","buildAbi":"armeabi-v7a","buildAbi2":"armeabi","buildBoard":"angler","buildBrand":"vivo","buildCodename":"REL","buildDescription":"PD1524-user 5.0 LRX21M f4b2bfd2 release-keys","buildDevice":"PD1524","buildFingerprint":"vivo/vivo V3/PD1524:5.0/LRX21M/f4b2bfd2:user/release-keys","buildHardware":"qcom","buildHost":"SEP-68","buildId":"LRX21M","buildIncremental":"f4b2bfd2","buildManufacturer":"vivo","buildModel":"vivo V3","buildName":"vivo","buildProduct":"PD1524","buildRadioVersion":"ieyyawsh","buildRelease":"5.0","buildSdk":"21","buildSerialno":"3580b917","buildTags":"release-keys","buildType":"user","buildUser":"jenkins","buildUtc":1473469713921,"cellScan":[],"ci":0,"contacts":["奶奶,13904462056","姑妈,13005042353","外婆,13304095180","外公,13301798414","舅舅,14701448323","舅妈,18801153055","姨父,18700162358","姨娘,18800224109","亲爱的,13005116533","老弟,13701155030","老妹,18807474634","小明,13901515562","小李子,13807902312","史帅献,18605936494","Emily Cunningham,13205212469","王律屏,13500730791","夏侯衔素,13603266671","李盈庞,15504702809","Jonathan Morgan,18600674199","郗铁恒,15308251782","张绍,13106045628","陈素,13490535120","Lloyd Greene,13305882712","祁景阁,13301857882","李彦设,13905100059","张静萱,15105792958","Deborah Hughes,15808875499","喻佩泉,13203968862","东方声盛,13507497836","王雨,13490249350","Shannon Ellis,13307784171","陈可,15807826062","洪瑛兴,18908452829","班节绵,15208440296","Tommy Hernandez,15902387251","孔军建,13208483306","仲泰虎,13808168644","王廉璞,13490322155","Amy Reynolds,18900534430","李孝,13490173548","周胤,15202712206","王京,13705260158","Luis Hayes,13604328542","项恺琦,13204430674","余卫颂,15206054963","于许,18903926441","Roberta Nelson,18906488455","禹渠炫,13204377920"],"cpuName":"MT6750","densityDpi":240,"deviceId":"864486994317895","deviceSvn":"43","displayId":"PD1524-user 5.0 LRX21M f4b2bfd2 release-keys","extraInfo":"uninet","height":0,"hidePkgs":[],"hmNotes":"","hookPkgs":[],"lac":0,"latitude":30.7597606,"line1Number":"18382492900","longitude":103.9953375,"macAddress":"ec:2a:ab:a8:03:18","memAvailable":23639020,"memFree":70917061,"memTotal":94556081,"mnc":"00","networkClass":3,"networkCountryIso":"cn","networkOperator":"46002","networkOperatorName":"中国移动","networkType":13,"networkTypeName":"LTE","phoneType":1,"rgAndroid":"23","rgAreaode":"86","rgBackupPath":"/storage/emulated/0/.money/backup/20180109/18382492900_20180109.db","rgConNames":[],"rgCountry":"中国","rgDevice":"xiaomiRedmi 4X","rgIp":"119.4.254.207","rgLastLogin":1515550116230,"rgLocation":"四川省成都市 联通","rgNetType":"切换飞行模式","rgOrPhone":"18382492900","rgPhoneNo":"18382492900","rgServer":"飞行模式切换","rgTime":1515491505614,"rgVcode":"爱乐赞(接码/发码)","rgVersion":"1.6.0","rgWxError":"帐号状态异常，本次登录已失效。请尝试重新登录，并根据弹窗提示操作。","rgWxName":"贾业渠","rgWxPasswd":"Rmst@7890","rgWxStatus":"异常","rgWxWindows":"否","serialno":"3580b917","simCountryIso":"cn","simOperator":"46002","simOperatorName":"中国移动","simSerialNumber":"8986004285666876281","simState":5,"subscriberId":"460029683377789","type":0,"typeName":"MOBILE","width":0,"wifiScan":["TP-LINK_cfd9ec,45:07:f3:2f:8c:39,[WPA-PSK-CCMP][WPA2-PSK-CCMP][WPS][ESS],-77,2462,3398336047","Netcore_154892,bd:4f:ba:f0:ba:65,[WPA2-PSK-CCMP][WPS][ESS],-74,2412,296128432","Tenda_52fe36,06:e4:3c:63:48:89,[WPA2-PSK-CCMP-preauth][ESS],-74,2472,253661665","MERCURY_36587b,aa:da:c9:36:67:65,[WPA-PSK-CCMP][WPA2-PSK-CCMP][WPS][ESS],-95,2412,477751404","FAST_43cb,f3:1b:ae:3d:80:2c,[WPA-PSK-CCMP][WPA2-PSK-CCMP][WPS][ESS],-83,2437,2003132492","Tenda_a9eb0f,71:39:85:0c:0f:e5,[WPA-PSK-CCMP][WPA2-PSK-CCMP][WPS][ESS],-81,2427,924833148"]}