{"BSSID":"ca:60:01:d3:c7:df","IpAddress":"10.37.78.140","P2p0Mac":"07:3c:2e:a3:c2:d3","SSID":"Netcore_215486","androidId":"c5729f321e708cd2","batteryLevel":57,"btAddress":"92:01:5f:bb:8a:1e","btName":"m3 note","buildAbi":"armeabi-v7a","buildAbi2":"armeabi","buildBoard":"AWIFI","buildBrand":"Meizu","buildCodename":"REL","buildDescription":"m3note-user 7.0.0 NRD90M 866a6ded release-keys","buildDevice":"m3note","buildFingerprint":"Meizu/m3 note/m3note:7.0.0/NRD90M/866a6ded:user/release-keys","buildHardware":"qcom","buildHost":"SEP-68","buildId":"NRD90M","buildIncremental":"866a6ded","buildManufacturer":"Meizu","buildModel":"m3 note","buildName":"Meizu","buildProduct":"m3note","buildRadioVersion":"zuwcshtiipobplf","buildRelease":"7.0.0","buildSdk":"24","buildSerialno":"d71564bc","buildTags":"release-keys","buildType":"user","buildUser":"buildHost","buildUtc":1511124874205,"cellScan":[],"ci":0,"contacts":["奶奶,18702212911","姑妈,13801265971","外婆,13100854897","外公,15005205707","舅舅,15703048556","舅妈,13803812509","姨父,13905332741","姨娘,13507920919","亲爱的,13905675790","老弟,13205150078","老妹,15003964209","小明,15008350588","小李子,13602448416","杨伟,15602778183","Josephine Cooper,18602781476","章相行,18700442311","张雅,13207234711","袁桂世,18600407805","Alicia Ford,13201255330","黄奎谦,13708398223","杨璐,18605495281","荣佑梦,15902021811","Victoria Cox,15901435163","余向君,13207341673","殷炬嘉,13490454006","戎怒玮,13802451895","Wendy Taylor,13604548782","杨棠伟,18700627407","孙辉,18701518839","张稼卫,15306276381","Wendy Kelly,13490415406","杨芹静,13205820349","牧易仪,13303492664","柏浩康,13903281511","Eric Bell,13602335837","茅秀海,13490318127","吴鑫,18700335740","段仪蔚,18905520932","Jerry Nichols,13302702700","于介权,14706057682"],"cpuName":"MT6750","densityDpi":320,"deviceId":"865603666734145","deviceSvn":"61","displayId":"m3note-user 7.0.0 NRD90M 866a6ded release-keys","extraInfo":"ctlte","height":0,"hidePkgs":[],"hmNotes":"","hookPkgs":[],"lac":0,"latitude":30.6970411,"line1Number":"18408283003","longitude":104.1343913,"macAddress":"11:b4:9b:c9:dd:00","memAvailable":611041965,"memFree":1222083932,"memTotal":1833125897,"mnc":"00","networkClass":3,"networkCountryIso":"cn","networkOperator":"46007","networkOperatorName":"中国移动","networkType":13,"networkTypeName":"LTE","phoneType":1,"rgAndroid":"23","rgAreaode":"86","rgConNames":["上善若水","杨梦和"],"rgConsize":"2","rgCountry":"中国","rgDevice":"xiaomiRedmi 4X","rgIp":"119.4.252.209","rgLastLogin":1516875669897,"rgLocation":"四川省成都市 联通","rgNetType":"切换飞行模式","rgOrPhone":"18408283003","rgPhoneNo":"18408283003","rgServer":"飞行模式切换","rgTime":1515493931316,"rgVcode":"爱乐赞(接码/发码)","rgVersion":"1.6.0","rgWxEmail":"未绑定","rgWxError":"","rgWxId":"wxid_w9pkoqu8txk622","rgWxName":"杨梦和","rgWxNo":"未设置","rgWxPasswd":"Rmst@7890","rgWxQQ":"未绑定","rgWxStatus":"存活","rgWxWindows":"否","serialno":"d71564bc","simCountryIso":"cn","simOperator":"46007","simOperatorName":"中国移动","simSerialNumber":"8986021259756955833","simState":5,"subscriberId":"460076812635990","type":0,"typeName":"MOBILE","width":0,"wifiScan":["PHICOMM_adb0d2,5f:a2:f9:c5:88:e1,[WPA-PSK-CCMP][WPA2-PSK-CCMP][ESS],-65,2437,1293733314","MERCURY_bdc1fb,6f:cb:34:ae:16:61,[WPA-PSK-CCMP][WPA2-PSK-CCMP][WPS][ESS],-59,2452,500037410","MERCURY_043842,94:ad:a8:56:12:28,[WPA-PSK-CCMP][WPA2-PSK-CCMP][ESS],-88,2462,243032094","TP-LINK_d9648c,c7:5c:73:b2:37:0b,[WPA2-PSK-CCMP][ESS],-95,2472,1605733604","MERCURY_6a8d,1a:7e:a4:64:b7:bc,[WPA2-PSK-CCMP][WPS][ESS],-93,2412,439770550","FAST_4974,a8:42:4e:70:6a:33,[WPA-PSK-CCMP][WPA2-PSK-CCMP][ESS],-92,2412,3024637185","MERCURY_6a8daf,e2:3d:5e:b9:8a:29,[WPA2-PSK-CCMP][ESS],-84,2412,427887575"]}