{"BSSID":"05:b2:a9:9a:56:11","IpAddress":"192.168.6.145","P2p0Mac":"d0:ad:0b:00:71:c5","SSID":"Netcore_1d0f42","androidId":"0b502a09b6f64703","batteryLevel":69,"btAddress":"c5:a9:2f:03:6a:8f","btName":"m2 note","buildAbi":"armeabi-v7a","buildAbi2":"armeabi","buildBoard":"MSM8610","buildBrand":"Meizu","buildCodename":"REL","buildDescription":"m2note-user 7.1.2 NMF26Q d1434bde release-keys","buildDevice":"m2note","buildFingerprint":"Meizu/m2 note/m2note:7.1.2/NMF26Q/d1434bde:user/release-keys","buildHardware":"qcom","buildHost":"linux-user","buildId":"NMF26Q","buildIncremental":"d1434bde","buildManufacturer":"Meizu","buildModel":"m2 note","buildName":"Meizu","buildProduct":"m2note","buildRadioVersion":"tgfgrwqkmjo","buildRelease":"7.1.2","buildSdk":"25","buildSerialno":"4fed224c","buildTags":"release-keys","buildType":"user","buildUser":"buildHost","buildUtc":1483127583391,"cellScan":[],"ci":0,"contacts":["奶奶,15908864846","姑妈,15707914298","外婆,15207293610","外公,14706004655","舅舅,18605350835","舅妈,13008860221","姨父,18608153874","姨娘,18606073002","亲爱的,13203446443","老弟,18808632826","老妹,15502431326","小明,13900871224","小李子,15708082593","杨银焱,13208746923","Ernest Grant,15505468458","巫佳嘉,15603391049","纪介帅,18000920524","卢协联,15308237066","Hazel Parker,13303151753","朱厚,15301868362","余献楷,15905635159","陈茜亚,13503832547","Dennis Elliott,13701756784","杨魄,15701156105","惠勇孝,13605151514","林奎红,13207437318","Jimmy Elliott,13108633683","杨骥,15806577389","张魄,14700457936","雷薇虎,13204083322","Roy Stone,15601442862","杨香立,15908272956","李坚,13401986276","余享,13603181131","Monica Peters,13606194664","杨思,13000024186","杨明,13306442383","殷瑟玮,18008722928","Henry Green,15303435741","东方珀祥,13305021618"],"cpuName":"MT6753","densityDpi":320,"deviceId":"865682868413567","deviceSvn":"39","displayId":"m2note-user 7.1.2 NMF26Q d1434bde release-keys","extraInfo":"Netcore_1d0f42","height":0,"hidePkgs":[],"hmNotes":"","hookPkgs":[],"lac":0,"latitude":30.5443536,"line1Number":"18482059864","longitude":104.1894306,"macAddress":"58:d2:0b:b9:1d:14","memAvailable":23460840,"memFree":70382520,"memTotal":93843360,"mnc":"00","networkClass":2,"networkCountryIso":"cn","networkOperator":"46000","networkOperatorName":"中国移动","networkType":8,"networkTypeName":"HSDPA","phoneType":1,"rgAndroid":"23","rgAreaode":"86","rgBackupPath":"/storage/emulated/0/.money/backup/20180109/18482059864_20180109.db","rgConNames":[],"rgCountry":"中国","rgDevice":"xiaomiRedmi 4X","rgIp":"119.4.254.213","rgLastLogin":1515550182330,"rgLocation":"四川省成都市 联通","rgNetType":"切换飞行模式","rgOrPhone":"18482059864","rgPhoneNo":"18482059864","rgServer":"飞行模式切换","rgTime":1515491896423,"rgVcode":"爱乐赞(接码/发码)","rgVersion":"1.6.0","rgWxError":"帐号状态异常，本次登录已失效。请尝试重新登录，并根据弹窗提示操作。","rgWxName":"路怡全","rgWxPasswd":"Rmst@7890","rgWxStatus":"异常","rgWxWindows":"否","serialno":"4fed224c","simCountryIso":"cn","simOperator":"46000","simOperatorName":"中国移动","simSerialNumber":"8986005627962334790","simState":5,"subscriberId":"460006474972458","type":1,"typeName":"WIFI","width":0,"wifiScan":["Netcore_537ba6,16:1a:ef:79:21:e5,[WPA-PSK-CCMP][WPA2-PSK-CCMP][ESS],-86,2452,302947936","TP-LINK_bada8d,e0:16:85:1f:14:d8,[WPA2-PSK-CCMP][WPS][ESS],-80,2437,520478019","TP-LINK_e31647,bd:e9:45:3e:92:84,[WPA-PSK-CCMP][WPA2-PSK-CCMP][WPS][ESS],-64,2412,3542334340","Tenda_326510,17:69:3b:25:25:95,[WPA-PSK-CCMP][WPA2-PSK-CCMP][WPS][ESS],-61,2412,322252672","MERCURY_ebad21,ac:54:8f:ed:6d:cd,[WPA-PSK-CCMP][WPA2-PSK-CCMP][WPS][ESS],-82,2412,2319032672"]}