{"BSSID":"7b:86:e4:7d:93:52","IpAddress":"192.168.21.135","P2p0Mac":"e3:2e:ed:6e:5c:f1","SSID":"Netcore_8c9ed1","androidId":"cf1a7fcfc3e42a4e","batteryLevel":57,"btAddress":"de:d0:c6:53:12:85","btName":"OPPO R11 Plus","buildAbi":"armeabi-v7a","buildAbi2":"armeabi","buildBoard":"bullhead","buildBrand":"OPPO","buildCodename":"REL","buildDescription":"gucci-user 5.1.1 LMY48G cea4cafc release-keys","buildDevice":"gucci","buildFingerprint":"OPPO/OPPO R11 Plus/gucci:5.1.1/LMY48G/cea4cafc:user/release-keys","buildHardware":"qcom","buildHost":"shws40","buildId":"LMY48G","buildIncremental":"cea4cafc","buildManufacturer":"OPPO","buildModel":"OPPO R11 Plus","buildName":"OPPO","buildProduct":"gucci","buildRadioVersion":"negztsbcgratii","buildRelease":"5.1.1","buildSdk":"22","buildSerialno":"bda8a31f","buildTags":"release-keys","buildType":"user","buildUser":"MarkBuild","buildUtc":1456755596827,"cellScan":[],"ci":0,"contacts":["奶奶,14706017641","姑妈,13306922620","外婆,13804741653","外公,15702654465","舅舅,13606130035","舅妈,13901720081","姨父,18901107122","姨娘,15203124138","亲爱的,13490227223","老弟,15804722791","老妹,13607378044","小明,18805820339","小李子,18701087983","詹麟瑜,15605591190","Valerie Crawford,15600751819","吴逵奇,15703206093","吴禄豪,13604318676","仰颖举,15701938160","Mark Bailey,14706042396","张彦,13400731434","李校延,13907755815","杨剑校,15105330656","Douglas Powell,13405224484","杨瑜,15802882384","汪津厚,13208437580","支麟怒,13506767329","Glenn Morales,13701144619","贺麟帅,15902506760","宓勇怒,15903735628","诸盛如,18806194846","Anne Stephens,18803702256","杨宫,13901307973","郁凇皓,18808214850","戚毅全,18804455447","Ronald Bell,18702528457","王杭,15707148702","穆律延,13308633030","邵盛夏,15902561574","Rose Martin,13402201943","曹界羡,13708207888","汪迅精,15301455044","郎平巍,18907537192","Pamela Bryant,13308496489","芮敬阁,13802484413","陈瑛杭,15604241397"],"cpuName":"Qualcomm Technologies, Inc MSM8916","densityDpi":560,"deviceId":"863952742090952","deviceSvn":"87","displayId":"gucci-user 5.1.1 LMY48G cea4cafc release-keys","extraInfo":"Netcore_8c9ed1","height":0,"hidePkgs":[],"hmNotes":"","hookPkgs":[],"lac":0,"latitude":30.601992,"line1Number":"18483611231","longitude":104.2160366,"macAddress":"c1:70:3b:80:12:3e","memAvailable":935630581,"memFree":1871261163,"memTotal":2806891744,"mnc":"00","networkClass":1,"networkCountryIso":"cn","networkOperator":"46002","networkOperatorName":"中国移动","networkType":2,"networkTypeName":"EDGE","phoneType":1,"rgAndroid":"23","rgAreaode":"86","rgBackupPath":"/storage/emulated/0/.money/backup/20180109/18483611231_20180109.db","rgConNames":[],"rgCountry":"中国","rgDevice":"xiaomiRedmi 4X","rgIp":"119.4.252.254","rgLastLogin":1515550248806,"rgLocation":"四川省成都市 联通","rgNetType":"切换飞行模式","rgOrPhone":"18483611231","rgPhoneNo":"18483611231","rgServer":"飞行模式切换","rgTime":1515492343707,"rgVcode":"爱乐赞(接码/发码)","rgVersion":"1.6.0","rgWxError":"帐号状态异常，本次登录已失效。请尝试重新登录，并根据弹窗提示操作。","rgWxName":"王稼星","rgWxPasswd":"Rmst@7890","rgWxStatus":"异常","rgWxWindows":"否","serialno":"bda8a31f","simCountryIso":"cn","simOperator":"46002","simOperatorName":"中国移动","simSerialNumber":"8986027302104398830","simState":5,"subscriberId":"460022925844437","type":1,"typeName":"WIFI","width":0,"wifiScan":["ChainaNet_0e1e,be:1a:9f:ee:90:75,[WPA2-PSK-CCMP][WPS][ESS],-92,2467,520487414","TP-LINK_dcf4,d6:37:72:6b:e8:d6,[WPA-PSK-CCMP][WPA2-PSK-CCMP][ESS],-85,2412,627338142","MERCURY_0326,2c:d7:66:97:db:44,[WPA2-PSK-CCMP][WPS][ESS],-87,2412,242135155","MERCURY_0f4753,81:78:b2:4b:57:8f,[WPA2-PSK-CCMP][WPS][ESS],-81,2412,3593428719","PHICOMM_0ecad2,9d:da:4c:8c:9d:a2,[WPA-PSK-CCMP][WPA2-PSK-CCMP][WPS][ESS],-90,2412,3179232140","Netcore_21630f,49:39:33:35:b8:21,[WPA2-PSK-CCMP][ESS],-85,2412,272882555"]}