{"BSSID":"1e:e0:ed:7c:de:d7","IpAddress":"192.168.74.175","P2p0Mac":"d9:c3:c1:75:75:e6","SSID":"MERCURY_a6adb0","androidId":"40b56037238773bf","batteryLevel":38,"btAddress":"2a:6f:bc:27:46:c6","btName":"R9sk","buildAbi":"armeabi-v7a","buildAbi2":"armeabi","buildBoard":"msm8994","buildBrand":"OPPO","buildCodename":"REL","buildDescription":"R9sk-user 7.0.0 NRD90M 80a64d0d release-keys","buildDevice":"R9sk","buildFingerprint":"OPPO/R9sk/R9sk:7.0.0/NRD90M/80a64d0d:user/release-keys","buildHardware":"qcom","buildHost":"mz-buider-4","buildId":"NRD90M","buildIncremental":"80a64d0d","buildManufacturer":"OPPO","buildModel":"R9sk","buildName":"OPPO","buildProduct":"R9sk","buildRadioVersion":"oehohekavygj","buildRelease":"7.0.0","buildSdk":"24","buildSerialno":"b0fac4c5","buildTags":"release-keys","buildType":"user","buildUser":"builder","buildUtc":1460497763904,"cellScan":[],"ci":0,"contacts":["奶奶,13308465200","姑妈,15700577375","外婆,15605307205","外公,18808885888","舅舅,14706833563","舅妈,13405433701","姨父,13300725139","姨娘,18003100837","亲爱的,15705916532","老弟,13007844948","老妹,15208469086","小明,18704021852","小李子,15705906388","雷良峻,15105592976","Derrick Simmons,15208665759","余霖胤,15207234394","杭享元,13800114833","余向,15004750588","Brittany Diaz,15901217684","吴蔚,13105717130","王超,14704248162","花信岳,18908565030","Leo Flores,13490606777","卡恒广,18807348121","霍业峻,13507932164","姚孝王,15907513766","Gene Butler,15907251202","张奇颂,15500910739","余祥奎,18702638387","李琴,14701726894","Virginia Taylor,18802565271","嵇奎艺,18701546480","于逵阁,15204378335","杨宽,18807678708","Phyllis Perkins,15704373019","高行茂,15100254129","柳曜绵,15902004852","靳镜祥,13504840559","Jennifer Murray,13904951096","王莉森,13490313037","皮谷弘,15703856134","李胜岩,15605994707","Jeanne Perez,13100076188"],"cpuName":"Qualcomm Technologies, Inc MSM8953","densityDpi":560,"deviceId":"865024578492641","deviceSvn":"81","displayId":"R9sk-user 7.0.0 NRD90M 80a64d0d release-keys","extraInfo":"MERCURY_a6adb0","height":0,"hidePkgs":[],"hmNotes":"","hookPkgs":[],"lac":0,"latitude":30.7140839,"line1Number":"18483611473","longitude":103.98782,"macAddress":"b5:b4:5b:8b:9f:36","memAvailable":458375590,"memFree":1375126772,"memTotal":1833502362,"mnc":"00","networkClass":2,"networkCountryIso":"cn","networkOperator":"46007","networkOperatorName":"中国移动","networkType":8,"networkTypeName":"HSDPA","phoneType":1,"rgAndroid":"23","rgAreaode":"86","rgConNames":[],"rgCountry":"中国","rgDevice":"xiaomiRedmi 4X","rgIp":"119.4.253.106","rgLastLogin":1516243670215,"rgLocation":"四川省成都市 联通","rgNetType":"切换飞行模式","rgOrPhone":"18483611473","rgPhoneNo":"18483611473","rgServer":"飞行模式切换","rgTime":1515493139950,"rgVcode":"爱乐赞(接码/发码)","rgVersion":"1.6.0","rgWxError":"该微信帐号因批量或者使用非法软件注册被限制登录，如需继续使用，请轻触“确定”申请解除限制。","rgWxName":"吴实","rgWxPasswd":"Rmst@7890","rgWxStatus":"异常","rgWxWindows":"否","serialno":"b0fac4c5","simCountryIso":"cn","simOperator":"46007","simOperatorName":"中国移动","simSerialNumber":"8986028256597827612","simState":5,"subscriberId":"460071409566003","type":1,"typeName":"WIFI","width":0,"wifiScan":["FAST_596375,23:8f:52:9e:d4:ca,[WPA-PSK-CCMP][WPA2-PSK-CCMP][WPS][ESS],-85,2437,201327660","Netcore_698c0f,c6:d2:e9:48:d3:ae,[WPA2-PSK-CCMP][ESS],-74,2412,216949818","TP-LINK_326585,3e:28:ee:47:02:c6,[WPA-PSK-CCMP][WPA2-PSK-CCMP][WPS][ESS],-89,2447,1373333608","MERCURY_e21537,de:e8:5c:58:45:e2,[WPA2-PSK-CCMP][WPS][ESS],-87,2412,242875789","MERCURY_ed098c,40:70:a3:99:52:6e,[WPA-PSK-CCMP][WPA2-PSK-CCMP][ESS],-73,2462,3042727917","MERCURY_1548ba,b0:e3:f1:c5:d5:4e,[WPA-PSK-CCMP][WPA2-PSK-CCMP][ESS],-56,2462,363927724","TP-LINK_e215,09:6b:2b:3d:9e:6f,[WPA2-PSK-CCMP][ESS],-60,2472,392804977"]}