{"BSSID":"2b:98:44:87:c7:3b","IpAddress":"192.168.8.213","P2p0Mac":"f4:7c:d2:87:c3:e1","SSID":"Netcore_738598","androidId":"4083989d80a6acf9","batteryLevel":51,"btAddress":"f9:36:0d:67:0e:e2","btName":"HM NOTE 1TD","buildAbi":"armeabi-v7a","buildAbi2":"armeabi","buildBoard":"qcom","buildBrand":"Xiaomi","buildCodename":"REL","buildDescription":"lcsh92_wet_tdd-user 5.0 LRX21M 44317da0 release-keys","buildDevice":"lcsh92_wet_tdd","buildFingerprint":"Xiaomi/HM NOTE 1TD/lcsh92_wet_tdd:5.0/LRX21M/44317da0:user/release-keys","buildHardware":"qcom","buildHost":"huangshan","buildId":"LRX21M","buildIncremental":"44317da0","buildManufacturer":"Xiaomi","buildModel":"HM NOTE 1TD","buildName":"Xiaomi","buildProduct":"lcsh92_wet_tdd","buildRadioVersion":"istodammsutq","buildRelease":"5.0","buildSdk":"21","buildSerialno":"9b468232","buildTags":"release-keys","buildType":"user","buildUser":"jenkins","buildUtc":1472759755339,"cellScan":["33056,30392","33056,57021","33300,30392","61705,169973539","33300,139694849"],"ci":57021,"contacts":["奶奶,15802664475","姑妈,15707214228","外婆,13105194293","外公,14702980238","舅舅,15602655134","舅妈,13408681582","姨父,15903604829","姨娘,15303945956","亲爱的,13505550173","老弟,13301360476","老妹,18005930395","小明,18606413716","小李子,13006945358","吴耕薇,13807501838","Lloyd Jackson,13705974921","顾阁西,15201884923","张万瑕,13908791943","王为慎,18808418274","Juan Peters,18806531269","吴甲校,18005248697","张校珀,15804818969","李皓露,13106726316","Tina Brown,13204814613","徐迅双,15706090341","余翼巍,13600274632","王魁峻,18006536131","Stanley Powell,18906525598","吴介,13003545553","骆寅焱,15607966999","杨珂灵,15303545576","Renee Rivera,13300521093","于学由,18707873041","陈译祥,13703157039","乐古同,13601504173","Lynn Gordon,13807698523","赵利,13302708935","诸葛腾印,13601065267","张豪鹏,13900415867","Robert Mason,13903129068","杨念镜,14707035475","于念弘,15105880326","杨奇,13400868136","Eddie Rose,13401132959","杨陵,18005386207","于旺,14702010937"],"cpuName":"MT6592","densityDpi":240,"deviceId":"860934913214523","deviceSvn":"20","displayId":"lcsh92_wet_tdd-user 5.0 LRX21M 44317da0 release-keys","extraInfo":"Netcore_738598","height":0,"hidePkgs":[],"hmNotes":"","hookPkgs":[],"lac":33056,"latitude":30.8363777,"line1Number":"13408518127","longitude":103.7612422,"macAddress":"7e:33:36:c8:45:b2","memAvailable":24101452,"memFree":72304359,"memTotal":96405811,"mnc":"00","networkClass":2,"networkCountryIso":"cn","networkOperator":"46007","networkOperatorName":"中国移动","networkType":8,"networkTypeName":"HSDPA","phoneType":1,"rgAndroid":"23","rgAreaode":"86","rgBackupPath":"/storage/emulated/0/.money/backup/20180113/13408518127_20180113.db","rgConNames":[],"rgCountry":"中国","rgDevice":"xiaomiRedmi 4X","rgIp":"119.4.255.170","rgLastLogin":1515838556613,"rgLocation":"四川省成都市 联通","rgNetType":"切换飞行模式","rgOrPhone":"13408518127","rgPhoneNo":"13408518127","rgServer":"飞行模式切换","rgTime":1515826108335,"rgVcode":"玉米(发码)","rgVersion":"1.6.0","rgWxError":"帐号状态异常，本次登录已失效。请尝试重新登录，并根据弹窗提示操作。","rgWxName":"卫相晟","rgWxPasswd":"Rmst@7890","rgWxStatus":"异常","rgWxWindows":"否","serialno":"9b468232","simCountryIso":"cn","simOperator":"46007","simOperatorName":"中国移动","simSerialNumber":"8986002479068466860","simState":5,"subscriberId":"460074179392822","type":1,"typeName":"WIFI","width":0,"wifiScan":["PHICOMM_d26214,d0:c7:c0:e6:b8:12,[WPS][ESS],-74,2412,363838179","PHICOMM_37baec,fc:d7:33:71:01:64,[WPA2-PSK-CCMP][WPS][ESS],-91,2437,295411831","PHICOMM_a9e1f4,78:a1:06:7a:df:1a,[WPA2-PSK-CCMP][WPS][ESS],-52,2462,204504590","MERCURY_bbf215,80:48:a5:d2:9c:72,[WPA2-PSK-CCMP][WPS][ESS],-73,2417,2240734531","MERCURY_04275a,98:2f:3c:1c:02:08,[WPA-PSK-CCMP][WPA2-PSK-CCMP][WPS][ESS],-78,2472,2914934308"]}