{"BSSID":"c9:59:6e:dc:a6:14","IpAddress":"10.46.65.51","P2p0Mac":"49:d6:dc:66:8b:5b","SSID":"Tenda_1d0f37","androidId":"d33dfaa72aa2b729","batteryLevel":76,"btAddress":"c2:f1:11:d4:f9:b9","btName":"YQ601","buildAbi":"armeabi-v7a","buildAbi2":"armeabi","buildBoard":"shamu","buildBrand":"smartisan","buildCodename":"REL","buildDescription":"msm8916_32-user 7.1.2 NMF26Q 477670f1 release-keys","buildDevice":"msm8916_32","buildFingerprint":"smartisan/YQ601/msm8916_32:7.1.2/NMF26Q/477670f1:user/release-keys","buildHardware":"qcom","buildHost":"bs213","buildId":"NMF26Q","buildIncremental":"477670f1","buildManufacturer":"smartisan","buildModel":"YQ601","buildName":"smartisan","buildProduct":"msm8916_32","buildRadioVersion":"zxzlkderxoqpmsf","buildRelease":"7.1.2","buildSdk":"25","buildSerialno":"c829334a","buildTags":"release-keys","buildType":"user","buildUser":"jenkins","buildUtc":1504984082164,"cellScan":["61699,167970870","33055,2992","61701,168250067","33055,11245","61703,29043"],"ci":2992,"contacts":["奶奶,15900491566","姑妈,18000760473","外婆,15505562347","外公,18800167814","舅舅,15900333334","舅妈,15305606084","姨父,13506288362","姨娘,15002160008","亲爱的,13501434603","老弟,15903371392","老妹,15104084766","小明,15201295217","小李子,15308768379","杨腾,13702741479","Bernard Rogers,13907087995","王任,15800641071","丁荃宁,13901992482","范逵毅,13504885212","Mike Matthews,13901402463","伍童河,13106330016","明似岩,14704000551","方恺如,15202357150","Miguel Jackson,15001310254","贝阔文,18900435666","李介,18007416591","和韶玺,15307121225","Rick Carpenter,13306867332","于郡,18807496016","方诗魄,18003962291","卜遇精,15308160816","Joanne Holmes,13305667062","莫权欣,18008350365","于嘉,15203685322","奚悠立,13703933698","Lois Alexander,13906254098","余惠,13608159046","杨惠烈,15002623974","张雪仕,18707004889","Lewis Reyes,15706540857","李会瑛,15203314229","杨双,13707636222","卢苡皓,13504622633","Sandra Ramos,13503716530"],"cpuName":"Qualcomm Technologies, Inc MSM8939","densityDpi":480,"deviceId":"864967091340773","deviceSvn":"58","displayId":"msm8916_32-user 7.1.2 NMF26Q 477670f1 release-keys","extraInfo":"3gnet","height":0,"hidePkgs":[],"hmNotes":"","hookPkgs":[],"lac":33055,"latitude":30.7351926,"line1Number":"13541084282","longitude":104.091657,"macAddress":"8d:7b:3e:78:66:cb","memAvailable":68242748,"memFree":136485497,"memTotal":204728245,"mnc":"00","networkClass":3,"networkCountryIso":"cn","networkOperator":"46000","networkOperatorName":"中国移动","networkType":13,"networkTypeName":"LTE","phoneType":1,"rgAndroid":"23","rgAreaode":"86","rgConNames":["上善若水","吴敬竞"],"rgConsize":"2","rgCountry":"中国","rgDevice":"xiaomiRedmi 4X","rgIp":"101.206.167.104","rgLastLogin":1516876504877,"rgLocation":"四川省 联通","rgNetType":"切换飞行模式","rgOrPhone":"13541084282","rgPhoneNo":"13541084282","rgServer":"飞行模式切换","rgTime":1515817970173,"rgVcode":"玉米(发码)","rgVersion":"1.6.0","rgWxEmail":"未绑定","rgWxError":"","rgWxId":"wxid_8pnrsdbygm3r22","rgWxName":"吴敬竞","rgWxNo":"未设置","rgWxPasswd":"Rmst@7890","rgWxQQ":"未绑定","rgWxStatus":"存活","rgWxWindows":"否","serialno":"c829334a","simCountryIso":"cn","simOperator":"46000","simOperatorName":"中国移动","simSerialNumber":"8986024631655372120","simState":5,"subscriberId":"460001520710118","type":0,"typeName":"MOBILE","width":0,"wifiScan":["MERCURY_0d1437,3c:46:d8:82:f3:49,[WPA-PSK-CCMP][WPA2-PSK-CCMP][WPS][ESS],-54,2462,435514825","Tenda_caed2d,14:e6:e4:61:94:e4,[WPA-PSK-CCMP][WPA2-PSK-CCMP][WPS][ESS],-74,2462,357502458","Netcore_21547b,08:10:78:75:f2:52,[WPA-PSK-CCMP][WPA2-PSK-CCMP][WPS][ESS],-77,2432,514248442","MERCURY_5a8db8,d8:15:0d:cd:c7:ea,[WPA2-PSK-CCMP][WPS][ESS],-88,2437,433433159","TP-LINK_487b,08:10:79:7a:2b:ac,[WPA-PSK-CCMP][WPA2-PSK-CCMP][ESS],-78,2462,363745040"]}