{"BSSID":"58:b4:82:f9:54:6a","IpAddress":"10.46.68.82","P2p0Mac":"0b:b9:78:54:a4:de","SSID":"PHICOMM_6a8538","androidId":"e4802f334e811b18","batteryLevel":87,"btAddress":"06:99:e1:e1:32:ff","btName":"Redmi Note 4X","buildAbi":"armeabi-v7a","buildAbi2":"armeabi","buildBoard":"flo","buildBrand":"Xiaomi","buildCodename":"REL","buildDescription":"Redmi Note 4X-user 7.1.2 NMF26Q ea0bce92 release-keys","buildDevice":"Redmi Note 4X","buildFingerprint":"Xiaomi/Redmi Note 4X/Redmi Note 4X:7.1.2/NMF26Q/ea0bce92:user/release-keys","buildHardware":"qcom","buildHost":"mz-buider-4","buildId":"NMF26Q","buildIncremental":"ea0bce92","buildManufacturer":"Xiaomi","buildModel":"Redmi Note 4X","buildName":"Xiaomi","buildProduct":"Redmi Note 4X","buildRadioVersion":"sqlrtkmit","buildRelease":"7.1.2","buildSdk":"25","buildSerialno":"2bf4d3dc","buildTags":"release-keys","buildType":"user","buildUser":"android","buildUtc":1465125607189,"cellScan":["61713,17953","61700,169788381","33296,65302","39938,164190259","33296,8252"],"ci":8252,"contacts":["奶奶,13105077765","姑妈,18707997984","外婆,18703176262","外公,15302076110","舅舅,18004843954","舅妈,13400753142","姨父,18803028990","姨娘,18707354815","亲爱的,15604168430","老弟,13901051748","老妹,18904263998","小明,15008427493","小李子,15202013632","余克,13303471181","Earl Stewart,18002925525","杜航密,13505142294","杨文,13503428816","季效军,14700175568","Ruby Lewis,18705061938","霍嵬欢,15703033233","吉鹄广,18700401160","高灵勇,18802771833","Jeanette Ward,18701372949","李裕轩,13604295632","杨铭,15106250098","王逸团,13506330783","Eugene Stone,13901305927","张能逵,15906332098","虞胜焱,13703453878","李仪京,15505120956","Melanie Butler,13101741542","于毅齐,13701410872","包琦适,14703694330","巫许盈,15000281616","Tina Cooper,15906987383","毛砚盛,13905654627","李克,13607538873","杨伊隆,15301642824","Dolores Johnson,13302020464","杨威文,13807468649","陶望适,13700023511"],"cpuName":"Qualcomm Technologies, Inc MSM8953","densityDpi":560,"deviceId":"862833251993334","deviceSvn":"14","displayId":"Redmi Note 4X-user 7.1.2 NMF26Q ea0bce92 release-keys","extraInfo":"3gwap","height":0,"hidePkgs":[],"hmNotes":"","hookPkgs":[],"lac":33296,"latitude":30.7762333,"line1Number":"15198231991","longitude":104.156535,"macAddress":"84:e3:ac:3d:09:91","memAvailable":23568050,"memFree":70704152,"memTotal":94272202,"mnc":"00","networkClass":2,"networkCountryIso":"cn","networkOperator":"46000","networkOperatorName":"中国移动","networkType":17,"networkTypeName":"TD_SCDMA","phoneType":1,"rgAndroid":"23","rgAreaode":"86","rgConNames":["上善若水","杨情水"],"rgConsize":"2","rgCountry":"中国","rgDevice":"xiaomiRedmi 4X","rgIp":"119.4.252.242","rgLastLogin":1516107947379,"rgLocation":"四川省成都市 联通","rgNetType":"切换飞行模式","rgOrPhone":"15198231991","rgPhoneNo":"15198231991","rgServer":"飞行模式切换","rgTime":1515824979038,"rgVcode":"玉米(发码)","rgVersion":"1.6.0","rgWxEmail":"未绑定","rgWxError":"帐号状态异常，本次登录已失效。请尝试重新登录，并根据弹窗提示操作。","rgWxId":"wxid_u4j79h6nrw4722","rgWxName":"杨情水","rgWxNo":"未设置","rgWxPasswd":"Rmst@7890","rgWxQQ":"未绑定","rgWxStatus":"异常","rgWxWindows":"否","serialno":"2bf4d3dc","simCountryIso":"cn","simOperator":"46000","simOperatorName":"中国移动","simSerialNumber":"8986005388330427926","simState":5,"subscriberId":"460009889262588","type":0,"typeName":"MOBILE","width":0,"wifiScan":["MERCURY_148f,a8:15:4d:48:50:16,[WPA-PSK-CCMP][WPA2-PSK-CCMP][WPS][ESS],-78,2437,473325810","MERCURY_2e3163,08:10:79:86:c8:4a,[WPA2-PSK-CCMP][WPS][ESS],-71,2437,1914533837","MERCURY_659848,b0:d5:9d:15:98:a8,[WPA2-PSK-CCMP][ESS],-71,2437,531558066","TP-LINK_4043,78:a1:06:51:ae:f2,[WPA-PSK-CCMP][WPA2-PSK-CCMP][ESS],-88,2462,265908648","TP-LINK_eb9ec0,80:89:17:9f:05:2c,[WPA-PSK-CCMP][WPA2-PSK-CCMP][WPS][ESS],-92,2462,213486826"]}