{"BSSID":"af:ee:76:c2:ef:0b","IpAddress":"192.168.90.96","P2p0Mac":"5e:59:b9:75:55:36","SSID":"MERCURY_d34105","androidId":"19c299ccd4edad4b","batteryLevel":39,"btAddress":"1f:0f:d9:77:b7:5a","btName":"Xperia Z Ultra","buildAbi":"armeabi-v7a","buildAbi2":"armeabi","buildBoard":"n1","buildBrand":"Sony","buildCodename":"REL","buildDescription":"Xperia Z Ultra-user 5.0 LRX21M 0b01bbb4 release-keys","buildDevice":"Xperia Z Ultra","buildFingerprint":"Sony/Xperia Z Ultra/Xperia Z Ultra:5.0/LRX21M/0b01bbb4:user/release-keys","buildHardware":"qcom","buildHost":"bs189","buildId":"LRX21M","buildIncremental":"0b01bbb4","buildManufacturer":"Sony","buildModel":"Xperia Z Ultra","buildName":"Sony","buildProduct":"Xperia Z Ultra","buildRadioVersion":"dshisxdkcoe","buildRelease":"5.0","buildSdk":"21","buildSerialno":"4c7ac378","buildTags":"release-keys","buildType":"user","buildUser":"MarkBuild","buildUtc":1476050487505,"cellScan":["61721,168889373","39700,162659123","33038,1025","33038,61041","33038,45452"],"ci":61041,"contacts":["奶奶,18003261772","姑妈,13907476332","外婆,13403448894","外公,13605457023","舅舅,13506436727","舅妈,15105524849","姨父,18904686635","姨娘,13004437443","亲爱的,18703086129","老弟,13701838374","老妹,13490243517","小明,13205804034","小李子,15705196753","武守殊,13601891197","William James,13900713694","毛群君,18006890550","邓佩联,13202727825","杨思,13308176600","Julia Warren,13302453371","李华,15308346730","仇群江,13002136363","刘经文,18908725458","Troy Kelley,13308294841","刁钰梁,18807775366","李祥,18002777979","杨颂梁,13507644862","Ramon Anderson,13800405388","胡曜贵,13200642507","余孝,15102711119","张璎情,13203458069","Leo Fisher,15608450290","张彦,13708482371","司马永会,18900953969","封耀乐,18908496311","Regina Sanders,18901322009","李琦,13490182324","陈翼保,15307716202","吴翰,15700146738","Troy Cook,14701644832","张新,15701114753","齐信荃,15706997865","闵萱寿,13802218913","Charles Jenkins,13706248084","茅海琴,13608523016","王昆心,13102201700","杨净守,13508858087","Kathy Nichols,13608311941","余毅,13800511297","张红,15001685931","娄嘉珀,13906347589","Jerry Weaver,13505668418"],"cpuName":"Qualcomm MSM8974","densityDpi":240,"deviceId":"862907867148622","deviceSvn":"20","displayId":"Xperia Z Ultra-user 5.0 LRX21M 0b01bbb4 release-keys","extraInfo":"MERCURY_d34105","height":0,"hidePkgs":[],"hmNotes":"","hookPkgs":[],"lac":33038,"latitude":30.7793306,"line1Number":"15198160734","longitude":104.0137517,"macAddress":"0c:31:17:69:45:f4","memAvailable":32262665,"memFree":64525332,"memTotal":96787997,"mnc":"00","networkClass":2,"networkCountryIso":"cn","networkOperator":"46000","networkOperatorName":"中国移动","networkType":8,"networkTypeName":"HSDPA","phoneType":1,"rgAndroid":"23","rgAreaode":"86","rgBackupPath":"/storage/emulated/0/.money/backup/20180113/15198160734_20180113.db","rgConNames":[],"rgCountry":"中国","rgDevice":"xiaomiRedmi 4X","rgIp":"119.4.255.19","rgLastLogin":1515838780681,"rgLocation":"四川省成都市 联通","rgNetType":"切换飞行模式","rgOrPhone":"15198160734","rgPhoneNo":"15198160734","rgServer":"飞行模式切换","rgTime":1515828185844,"rgVcode":"玉米(发码)","rgVersion":"1.6.0","rgWxError":"帐号状态异常，本次登录已失效。请尝试重新登录，并根据弹窗提示操作。","rgWxName":"谢幸楷","rgWxPasswd":"Rmst@7890","rgWxStatus":"异常","rgWxWindows":"否","serialno":"4c7ac378","simCountryIso":"cn","simOperator":"46000","simOperatorName":"中国移动","simSerialNumber":"8986026412985971826","simState":5,"subscriberId":"460001661532073","type":1,"typeName":"WIFI","width":0,"wifiScan":["Netcore_4547cb,28:2c:b2:cb:b9:e2,[WPA-PSK-CCMP][WPA2-PSK-CCMP][WPS][ESS],-81,2442,214845902","MERCURY_1ed0f4,ec:17:2f:62:36:d8,[WPA-PSK-CCMP][WPA2-PSK-CCMP][ESS],-94,2412,222893758","MERCURY_104363,e4:d3:32:c6:40:1c,[WPA2-PSK-CCMP][WPS][ESS],-76,2457,250950978","PHICOMM_a8cb87,64:3a:b1:37:58:5a,[WPA2-PSK-CCMP][WPS][ESS],-89,2472,408102875","FAST_edadd0,e4:d3:32:f4:1b:59,[WPA-PSK-CCMP][WPA2-PSK-CCMP][ESS],-94,2462,309602926"]}