{"BSSID":"cf:c7:dc:05:da:c4","IpAddress":"10.29.21.147","P2p0Mac":"75:27:74:c4:24:24","SSID":"Netcore_48426a","androidId":"90ce535099bf1675","batteryLevel":62,"btAddress":"ff:e3:91:72:79:d0","btName":"MIX 2","buildAbi":"armeabi-v7a","buildAbi2":"armeabi","buildBoard":"s5pc110","buildBrand":"Xiaomi","buildCodename":"REL","buildDescription":"chiron-user 5.0 LRX21M 61afd5b0 release-keys","buildDevice":"chiron","buildFingerprint":"Xiaomi/MIX 2/chiron:5.0/LRX21M/61afd5b0:user/release-keys","buildHardware":"qcom","buildHost":"wcc-miui-ota-bd25","buildId":"LRX21M","buildIncremental":"61afd5b0","buildManufacturer":"Xiaomi","buildModel":"MIX 2","buildName":"Xiaomi","buildProduct":"chiron","buildRadioVersion":"ljykhjwezbzcuxxlz","buildRelease":"5.0","buildSdk":"21","buildSerialno":"032b8c64","buildTags":"release-keys","buildType":"user","buildUser":"MarkBuild","buildUtc":1485258015773,"cellScan":["61710,169423941","61718,169227333","61718,169227336","61705,169227333","61721,169423947"],"ci":169227333,"contacts":["奶奶,15002983564","姑妈,15808431486","外婆,13900923562","外公,15703116597","舅舅,13006804411","舅妈,13500126836","姨父,15805181200","姨娘,13490327773","亲爱的,15104357398","老弟,18008208264","老妹,13300404695","小明,15704201305","小李子,15103157058","张石巍,14708181794","Lewis Cooper,18802488821","蔡韶行,15901363410","于然,15103934831","洪铁麟,14704072884","Earl Daniels,18807783039","酆团晟,18603876165","臧颖古,18704250456","贝国实,14705105107","Brandon Coleman,18804231013","李驹演,13802891305","廉军畏,18007986058","杨权,13300960172","Carol Hawkins,13305804626","孔仁河,13301542179","杨恒,15500281450","于力,14704816181","Raymond Rivera,14705100950","费商曜,15903055775","王雷夏,13301025283","盛霖译,18808501319","Eva Sanchez,14704151621","朱仪,13603061042","强逵书,13606098327","吴秀华,18801341005","Irene Phillips,18706953559","李团,14702131557","李津,18708693040","余弘蔚,18906391362","Lucille Foster,13490738480","王惠,18808623398","冯红萱,13403473314","常逵逸,13405951437","Irene Woods,15902998651","张谦,14700330704","吴银,15603760045","李求,18700426197","Amber Davis,18700998273","王密,13402710206"],"cpuName":"Qualcomm Technologies, Inc MSM8998","densityDpi":560,"deviceId":"863725173711423","deviceSvn":"78","displayId":"chiron-user 5.0 LRX21M 61afd5b0 release-keys","extraInfo":"cmnet","height":0,"hidePkgs":[],"hmNotes":"","hookPkgs":[],"lac":61718,"latitude":30.7697419,"line1Number":"15198164648","longitude":103.9821633,"macAddress":"ec:3f:bc:ba:62:58","memAvailable":5479542243,"memFree":10959084487,"memTotal":16438626730,"mnc":"00","networkClass":2,"networkCountryIso":"cn","networkOperator":"46000","networkOperatorName":"中国移动","networkType":8,"networkTypeName":"HSDPA","phoneType":1,"rgAndroid":"23","rgAreaode":"86","rgBackupPath":"/storage/emulated/0/.money/backup/20180113/15198164648_20180113.db","rgConNames":[],"rgCountry":"中国","rgDevice":"xiaomiRedmi 4X","rgIp":"119.4.253.110","rgLastLogin":1515838317249,"rgLocation":"四川省成都市 联通","rgNetType":"切换飞行模式","rgOrPhone":"15198164648","rgPhoneNo":"15198164648","rgServer":"飞行模式切换","rgTime":1515825330843,"rgVcode":"玉米(发码)","rgVersion":"1.6.0","rgWxError":"帐号状态异常，本次登录已失效。请尝试重新登录，并根据弹窗提示操作。","rgWxName":"李蔚","rgWxPasswd":"Rmst@7890","rgWxStatus":"异常","rgWxWindows":"否","serialno":"032b8c64","simCountryIso":"cn","simOperator":"46000","simOperatorName":"中国移动","simSerialNumber":"8986026171432818469","simState":5,"subscriberId":"460001447427817","type":0,"typeName":"MOBILE","width":0,"wifiScan":["PHICOMM_cfd0f2,08:ed:b9:89:32:21,[WPA2-PSK-CCMP][ESS],-90,2462,244059121","FAST_2549,88:25:93:27:25:c0,[WPA-PSK-CCMP][WPA2-PSK-CCMP][WPS][ESS],-92,2412,221927547","Tenda_9cafd2,8c:21:0a:2d:4f:e0,[WPA-PSK-CCMP][WPA2-PSK-CCMP][ESS],-95,2462,406600526","TP-LINK_8dc0,c8:e7:d8:0c:1a:42,[WPA-PSK-CCMP][WPA2-PSK-CCMP][WPS][ESS],-80,2462,405930528","Netcore_52fe21,b0:48:7a:5f:2f:02,[WPA-PSK-CCMP][WPA2-PSK-CCMP][ESS],-81,2412,478844804"]}