{"BSSID":"0b:99:05:be:29:f0","IpAddress":"10.24.23.56","P2p0Mac":"29:8a:bc:47:3e:4e","SSID":"FAST_cad1fc","androidId":"ada96804962199c3","batteryLevel":56,"btAddress":"14:73:b0:64:d6:fc","btName":"MI 3W","buildAbi":"armeabi-v7a","buildAbi2":"armeabi","buildBoard":"otter2","buildBrand":"Xiaomi","buildCodename":"REL","buildDescription":"Kenzo-user 5.0 LRX21M ece4775b release-keys","buildDevice":"Kenzo","buildFingerprint":"Xiaomi/MI 3W/Kenzo:5.0/LRX21M/ece4775b:user/release-keys","buildHardware":"qcom","buildHost":"bs189","buildId":"LRX21M","buildIncremental":"ece4775b","buildManufacturer":"Xiaomi","buildModel":"MI 3W","buildName":"Xiaomi","buildProduct":"Kenzo","buildRadioVersion":"yltedhtmklci","buildRelease":"5.0","buildSdk":"21","buildSerialno":"b1ee84d4","buildTags":"release-keys","buildType":"user","buildUser":"lgmobile","buildUtc":1485927089926,"cellScan":["33033,117645343","32835,31064","61701,20383","61698,168144956","32835,60211"],"ci":31064,"contacts":["奶奶,18803951395","姑妈,13004313624","外婆,15606885519","外公,15808628248","舅舅,13302046081","舅妈,18700808006","姨父,14706952811","姨娘,15603537708","亲爱的,18007004342","老弟,18605977306","老妹,18803466534","小明,18803935316","小李子,15200456493","季宽逸,18703863639","Christina Bryant,15702017555","乌仙轩,15002076468","酆竞岭,15301296971","钭汉效,15804975298","Derek Freeman,15004991777","水隆毅,15508035779","于京适,18703526472","钭厚祥,13304308376","Rhonda Wallace,13308853594","吕午协,15804102503","时况诗,18807175716","阮涂嘉,18903575354","Roy Baker,13300490502","杨秋禄,13205866965","戎锐廉,15705670423","于杏,15305777851","Barbara Riley,18004530025","邓麟静,15506600966","杨义,15507607073","李心默,15804361542","Megan Roberts,15207135548","羊望嘉,15901198830","王游,15303164961","左望锐,15105620603","June Stewart,13402054483","吴苡瑞,15706797265","羊铁保,14701855698","姜礼森,14706938963","Leslie Miller,18800652051","鲁英雨,15205522810","杨适图,13405765662"],"cpuName":"Qualcomm MSM8974PRO-AB","densityDpi":320,"deviceId":"861602452238117","deviceSvn":"53","displayId":"Kenzo-user 5.0 LRX21M ece4775b release-keys","extraInfo":"ctnet","height":0,"hidePkgs":[],"hmNotes":"","hookPkgs":[],"lac":32835,"latitude":30.6773289,"line1Number":"15198165428","longitude":104.1433973,"macAddress":"00:13:6a:1f:07:32","memAvailable":51331592,"memFree":153994779,"memTotal":205326371,"mnc":"00","networkClass":2,"networkCountryIso":"cn","networkOperator":"46002","networkOperatorName":"中国移动","networkType":17,"networkTypeName":"TD_SCDMA","phoneType":1,"rgAndroid":"23","rgAreaode":"86","rgBackupPath":"/storage/emulated/0/.money/backup/20180113/15198165428_20180113.db","rgConNames":[],"rgCountry":"中国","rgDevice":"xiaomiRedmi 4X","rgIp":"119.4.253.4","rgLastLogin":1515837629803,"rgLocation":"四川省成都市 联通","rgNetType":"切换飞行模式","rgOrPhone":"15198165428","rgPhoneNo":"15198165428","rgServer":"飞行模式切换","rgTime":1515817213136,"rgVcode":"玉米(发码)","rgVersion":"1.6.0","rgWxError":"帐号状态异常，本次登录已失效。请尝试重新登录，并根据弹窗提示操作。","rgWxName":"于义","rgWxPasswd":"Rmst@7890","rgWxStatus":"异常","rgWxWindows":"否","serialno":"b1ee84d4","simCountryIso":"cn","simOperator":"46002","simOperatorName":"中国移动","simSerialNumber":"8986004982966972679","simState":5,"subscriberId":"460026055467045","type":0,"typeName":"MOBILE","width":0,"wifiScan":["TP-LINK_72ec0e,00:25:12:6b:f2:21,[WPA-PSK-CCMP][WPA2-PSK-CCMP][WPS][ESS],-85,2437,334880804","Netcore_fdb9e1,14:60:80:66:85:74,[WPA2-PSK-CCMP][ESS],-86,2462,397466060","MERCURY_b97cfd,9c:d2:1e:7f:42:a9,[WPA2-PSK-CCMP][WPS][ESS],-75,2412,338150354","PHICOMM_497c76,f4:ee:14:09:10:01,[WPA-PSK-CCMP][WPA2-PSK-CCMP][ESS],-56,2437,389663796","Tenda_2fcbe2,14:60:80:66:74:e0,[WPA2-PSK-CCMP][WPS][ESS],-68,2412,708637804"]}