{"BSSID":"83:d1:14:03:91:e6","IpAddress":"192.168.65.165","P2p0Mac":"1c:25:1f:a5:69:b9","SSID":"Tenda_6487bf","androidId":"5099e63d960aba7e","batteryLevel":41,"btAddress":"a9:3d:77:84:62:f1","btName":"HUAWEI HN3-T01","buildAbi":"armeabi-v7a","buildAbi2":"armeabi","buildBoard":"n1","buildBrand":"HUAWEI","buildCodename":"REL","buildDescription":"HUAWEI HN3-T01-user 5.0 LRX21M 117f69c4 release-keys","buildDevice":"HUAWEI HN3-T01","buildFingerprint":"HUAWEI/HUAWEI HN3-T01/HUAWEI HN3-T01:5.0/LRX21M/117f69c4:user/release-keys","buildHardware":"qcom","buildHost":"wcc-miui-ota-bd07.bj","buildId":"LRX21M","buildIncremental":"117f69c4","buildManufacturer":"HUAWEI","buildModel":"HUAWEI HN3-T01","buildName":"HUAWEI","buildProduct":"HUAWEI HN3-T01","buildRadioVersion":"nuolokpnjfutsi","buildRelease":"5.0","buildSdk":"21","buildSerialno":"d04002d4","buildTags":"release-keys","buildType":"user","buildUser":"MarkBuild","buildUtc":1498741262207,"cellScan":[],"ci":0,"contacts":["奶奶,13502444923","姑妈,18702418384","外婆,15301813221","外公,15903765837","舅舅,13800627548","舅妈,15704056681","姨父,15505540056","姨娘,18906606287","亲爱的,18602502203","老弟,13304140880","老妹,13490146255","小明,18703285906","小李子,13490679548","王杏虹,15501417197","Harry Payne,13204797946","诸珂,15303171283","粱松万,13003964389","吴涂,15802817872","Zachary Gordon,15007231794","崔鹏鹏,15203442022","杨颂国,13204964561","林影洋,15103186044","Roger Fisher,15200640343","汤裕颖,13707054750","缪恺砚,15900607624","余郁,15506670800","Wesley Howard,13001641112","陈璞宽,13000501531","王晟瑕,18801307733","杨宣,13002846752","Tina Rice,13105418173","束享余,13490026756","章情扬,18606670331","虞余旺,15000754095","Darrell Crawford,13403656989","柏巍腾,15707514050","邱砚立,14702230014","尹甲锦,15107146064","Alice Berry,15806193590","厉竞骏,18606327992","杨砚冠,13504417749","陈顺,13600075959","Joe Harper,13606158815","李隆,15106637351","于熙,15702271563","杨善,15304993180","Gloria Price,18906457090","张屏,13005942080"],"cpuName":"MT6582","densityDpi":480,"deviceId":"860220511725957","deviceSvn":"53","displayId":"HUAWEI HN3-T01-user 5.0 LRX21M 117f69c4 release-keys","extraInfo":"Tenda_6487bf","height":0,"hidePkgs":[],"hmNotes":"","hookPkgs":[],"lac":0,"latitude":30.8438901,"line1Number":"15198192108","longitude":104.2575295,"macAddress":"77:ad:bd:59:c4:44","memAvailable":129166238,"memFree":387498717,"memTotal":516664955,"mnc":"00","networkClass":2,"networkCountryIso":"cn","networkOperator":"46000","networkOperatorName":"中国移动","networkType":8,"networkTypeName":"HSDPA","phoneType":1,"rgAndroid":"23","rgAreaode":"86","rgBackupPath":"/storage/emulated/0/.money/backup/20180113/15198192108_20180113.db","rgConNames":[],"rgCountry":"中国","rgDevice":"xiaomiRedmi 4X","rgIp":"119.4.254.106","rgLastLogin":1515838982600,"rgLocation":"四川省成都市 联通","rgNetType":"切换飞行模式","rgOrPhone":"15198192108","rgPhoneNo":"15198192108","rgServer":"飞行模式切换","rgTime":1515829901206,"rgVcode":"玉米(发码)","rgVersion":"1.6.0","rgWxError":"帐号状态异常，本次登录已失效。请尝试重新登录，并根据弹窗提示操作。","rgWxName":"王全","rgWxPasswd":"Rmst@7890","rgWxStatus":"异常","rgWxWindows":"否","serialno":"d04002d4","simCountryIso":"cn","simOperator":"46000","simOperatorName":"中国移动","simSerialNumber":"8986004578297792576","simState":5,"subscriberId":"460003597642466","type":1,"typeName":"WIFI","width":0,"wifiScan":["Netcore_bed637,5a:32:a1:37:36:3d,[WPA2-PSK-CCMP][WPS][ESS],-93,2437,3052837724","Netcore_a8b41f,df:04:8f:b6:c6:0f,[WPA2-PSK-CCMP][WPS][ESS],-76,2412,246417426","MERCURY_fe98cb,bf:07:d1:ed:3a:84,[WPA2-PSK-CCMP][ESS],-66,2437,1297834038","PHICOMM_549632,d8:bc:c5:95:c3:13,[WPA-PSK-CCMP][WPA2-PSK-CCMP][WPS][ESS],-91,2437,741330153","MERCURY_f21dc1,21:be:33:25:6b:e4,[WPA-PSK-CCMP][WPA2-PSK-CCMP][WPS][ESS],-65,2437,373519569"]}