{"BSSID":"47:4f:e1:4f:5f:d9","IpAddress":"10.46.2.194","P2p0Mac":"06:08:f7:2a:c7:29","SSID":"FAST_4837","androidId":"b6a4a15a7bf24e1c","batteryLevel":42,"btAddress":"c9:7c:f4:5f:d9:aa","btName":"MI 4C","buildAbi":"armeabi-v7a","buildAbi2":"armeabi","buildBoard":"galbi","buildBrand":"Xiaomi","buildCodename":"REL","buildDescription":"cancro-user 7.1.2 NMF26Q 63f74f66 release-keys","buildDevice":"cancro","buildFingerprint":"Xiaomi/MI 4C/cancro:7.1.2/NMF26Q/63f74f66:user/release-keys","buildHardware":"qcom","buildHost":"sp-ci-01-desktop","buildId":"NMF26Q","buildIncremental":"63f74f66","buildManufacturer":"Xiaomi","buildModel":"MI 4C","buildName":"Xiaomi","buildProduct":"cancro","buildRadioVersion":"bmofecfijgdjv","buildRelease":"7.1.2","buildSdk":"25","buildSerialno":"c8d0d75f","buildTags":"release-keys","buildType":"user","buildUser":"android","buildUtc":1490241902340,"cellScan":["61726,168635571","33296,48833","33296,52233","61709,169750281","61726,168635809"],"ci":168635571,"contacts":["奶奶,13808694978","姑妈,15505346723","外婆,18707758572","外公,15102691054","舅舅,15907194233","舅妈,14704860326","姨父,13607272371","姨娘,18005260222","亲爱的,15708810783","老弟,15805042170","老妹,13701001981","小明,18604154806","小李子,13303883442","廉阔印,13804624982","Jonathan Murray,13906744241","宫利经,18707603948","尉迟静泉,13306531946","余弘节,13302170565","Andrew Perkins,13308847639","孙雪,13700693342","李素,13206824342","窦节轩,15100244359","Sarah Kelley,15008126752","郑弘,13608436833","崔随郁,18707002361","贾玮似,18804426009","Vincent Jenkins,18705338998","滕玉盈,15800097594","林让杏,18903616045","王游,15307887741","Steven Scott,18003073580","凌华竞,18805696202","项洋木,18907540416","吴艺,15100132098","Jonathan Snyder,15101684369","牧桂经,13301698330","徐璐珀,14701483347","王海嵬,15005110984","Brent Lawrence,15901085284","滕陵愚,15200697298","荣净杏,18005608285","余任书,13503210539","Christine Sims,13600813225","郁秋荃,13490049295","余龙,14702976197","孙祥峻,15900455013","Geraldine Simmons,13408346326","张仁璞,18803838512","华艺兴,15705388644"],"cpuName":"Qualcomm MSM8974PRO-AC","densityDpi":240,"deviceId":"861159237158250","deviceSvn":"64","displayId":"cancro-user 7.1.2 NMF26Q 63f74f66 release-keys","extraInfo":"uninet","height":0,"hidePkgs":[],"hmNotes":"","hookPkgs":[],"lac":61726,"latitude":30.6320021,"line1Number":"15756291408","longitude":104.1855788,"macAddress":"cc:bc:5f:0d:7a:ef","memAvailable":701705892,"memFree":2105117677,"memTotal":2806823569,"mnc":"00","networkClass":3,"networkCountryIso":"cn","networkOperator":"46000","networkOperatorName":"中国移动","networkType":13,"networkTypeName":"LTE","phoneType":1,"rgAndroid":"23","rgAreaode":"86","rgConNames":["上善若水","杨松秋"],"rgConsize":"2","rgCountry":"中国","rgDevice":"xiaomiRedmi 4X","rgIp":"119.4.252.31","rgLastLogin":1516108082138,"rgLocation":"四川省成都市 联通","rgNetType":"切换飞行模式","rgOrPhone":"15756291408","rgPhoneNo":"15756291408","rgServer":"飞行模式切换","rgTime":1515832566468,"rgVcode":"玉米(发码)","rgVersion":"1.6.0","rgWxEmail":"未绑定","rgWxError":"帐号状态异常，本次登录已失效。请尝试重新登录，并根据弹窗提示操作。","rgWxId":"wxid_vvuoj7ik0l1c22","rgWxName":"杨松秋","rgWxNo":"未设置","rgWxPasswd":"Rmst@7890","rgWxQQ":"未绑定","rgWxStatus":"异常","rgWxWindows":"否","serialno":"c8d0d75f","simCountryIso":"cn","simOperator":"46000","simOperatorName":"中国移动","simSerialNumber":"8986008902578892385","simState":5,"subscriberId":"460008781979084","type":0,"typeName":"MOBILE","width":0,"wifiScan":["MERCURY_4feaed,78:d3:8d:bf:25:d0,[WPA-PSK-CCMP][WPA2-PSK-CCMP][WPS][ESS],-81,2437,411104233"]}