{"BSSID":"b2:24:10:63:84:9a","IpAddress":"10.75.35.238","P2p0Mac":"0c:66:61:c3:0f:fd","SSID":"FAST_6404","androidId":"fdbba80aedfecf16","batteryLevel":33,"btAddress":"52:ed:4b:ac:58:d7","btName":"LEX720","buildAbi":"armeabi-v7a","buildAbi2":"armeabi","buildBoard":"MSM8226","buildBrand":"LeEco","buildCodename":"REL","buildDescription":"LEX720-user 7.0.0 NRD90M ef37d682 release-keys","buildDevice":"LEX720","buildFingerprint":"LeEco/LEX720/LEX720:7.0.0/NRD90M/ef37d682:user/release-keys","buildHardware":"qcom","buildHost":"zc-miui-ota-bd39.bj","buildId":"NRD90M","buildIncremental":"ef37d682","buildManufacturer":"LeEco","buildModel":"LEX720","buildName":"LeEco","buildProduct":"LEX720","buildRadioVersion":"znoxqpvddvgfbp","buildRelease":"7.0.0","buildSdk":"24","buildSerialno":"738ba7ce","buildTags":"release-keys","buildType":"user","buildUser":"builder","buildUtc":1517206684605,"cellScan":["61722,169032606","32775,1286","61715,169032606","61722,169163681","61722,169163678"],"ci":1286,"contacts":["奶奶,15002104187","姑妈,13108191939","外婆,13490445522","外公,18705742200","舅舅,15306917947","舅妈,13806432455","姨父,15606261057","姨娘,15704892652","亲爱的,15208860008","老弟,13200470674","老妹,18706156975","小明,15502814916","小李子,13106761788","邵桐密,13006351339","Annette Myers,15507212101","杨联,15205207362","季灵年,18800788417","萧闻廉,13006903630","Stanley Cook,13201556789","王密,18000913166","东方瑕可,18700545594","樊建弘,18701026461","Annette Ramos,18706307512","王然,13302621584","甄倩雷,15004515835","滑蔚图,18700473373","Jonathan Barnes,14701822457","芮龙演,15808101246","杨瑜,13490154642","昌况虹,18703563587","Don Harrison,15705677829","余灵易,15501062846","杨全,15503346818","裘康苡,14702605517","Debbie Gomez,18805192336","丁陵虎,13500693227","郎力阔,15805418419","李璎乾,13308718620","Amber Robinson,13305486455","山骥靖,18902954370","张胜,15308855734","李殊,13490213821","Linda Burns,18002716612","熊幸祥,13503123954","杨松童,18702204666","邱相佳,15603173304","Holly Knight,15607755446","霍巍童,15503939073","杨康,14705340251"],"cpuName":"Qualcomm Technologies, Inc MSM8996pro","densityDpi":240,"deviceId":"860710011624973","deviceSvn":"11","displayId":"LEX720-user 7.0.0 NRD90M ef37d682 release-keys","extraInfo":"ctnet","height":0,"hidePkgs":[],"hmNotes":"","hookPkgs":[],"lac":32775,"latitude":30.5973716,"line1Number":"15928576295","longitude":103.9354898,"macAddress":"33:2b:16:6d:dc:8d","memAvailable":24225288,"memFree":72675865,"memTotal":96901153,"mnc":"00","networkClass":2,"networkCountryIso":"cn","networkOperator":"46000","networkOperatorName":"中国移动","networkType":17,"networkTypeName":"TD_SCDMA","phoneType":1,"rgAndroid":"23","rgAreaode":"86","rgConNames":["上善若水","张校土"],"rgConsize":"2","rgCountry":"中国","rgDevice":"xiaomiRedmi 4X","rgIp":"119.4.253.246","rgLastLogin":1516108014583,"rgLocation":"四川省成都市 联通","rgNetType":"切换飞行模式","rgOrPhone":"15928576295","rgPhoneNo":"15928576295","rgServer":"飞行模式切换","rgTime":1515827268137,"rgVcode":"玉米(发码)","rgVersion":"1.6.0","rgWxEmail":"未绑定","rgWxError":"帐号状态异常，本次登录已失效。请尝试重新登录，并根据弹窗提示操作。","rgWxId":"wxid_bmbj0fcb0g3o22","rgWxName":"张校土","rgWxNo":"未设置","rgWxPasswd":"Rmst@7890","rgWxQQ":"未绑定","rgWxStatus":"异常","rgWxWindows":"否","serialno":"738ba7ce","simCountryIso":"cn","simOperator":"46000","simOperatorName":"中国移动","simSerialNumber":"8986008374890411882","simState":5,"subscriberId":"460009002329112","type":0,"typeName":"MOBILE","width":0,"wifiScan":["TP-LINK_f37484,88:25:93:bb:e5:12,[WPA-PSK-CCMP][WPA2-PSK-CCMP][ESS],-52,2462,1217829031","PHICOMM_264953,38:21:87:14:e3:d7,[WPA2-PSK-CCMP][ESS],-95,2462,453768156","PHICOMM_87beda,24:69:68:6f:6c:c2,[WPA2-PSK-CCMP][ESS],-56,2437,2878027290","Netcore_032e21,fc:d7:33:ec:58:42,[WPA-PSK-CCMP][WPA2-PSK-CCMP][WPS][ESS],-75,2412,530771810","MERCURY_36b9db,bc:46:99:f4:5f:90,[WPA2-PSK-CCMP][WPS][ESS],-83,2462,525958630"]}