{"BSSID":"45:80:ae:f8:12:e3","IpAddress":"10.43.15.90","P2p0Mac":"90:fa:bd:ea:e2:c9","SSID":"FAST_c0cbfe","androidId":"a4646b48c4bdeb42","batteryLevel":67,"btAddress":"27:60:0f:2a:62:7d","btName":"OPPO A37m","buildAbi":"armeabi-v7a","buildAbi2":"armeabi","buildBoard":"piranha","buildBrand":"OPPO","buildCodename":"REL","buildDescription":"A37-user 7.0.0 NRD90M d541bb17 release-keys","buildDevice":"A37","buildFingerprint":"OPPO/OPPO A37m/A37:7.0.0/NRD90M/d541bb17:user/release-keys","buildHardware":"qcom","buildHost":"LGEACI2R5","buildId":"NRD90M","buildIncremental":"d541bb17","buildManufacturer":"OPPO","buildModel":"OPPO A37m","buildName":"OPPO","buildProduct":"A37","buildRadioVersion":"ozkozmejpxipwhck","buildRelease":"7.0.0","buildSdk":"24","buildSerialno":"a52d9fcf","buildTags":"release-keys","buildType":"user","buildUser":"buildHost","buildUtc":1488839250844,"cellScan":[],"ci":0,"contacts":["奶奶,13605823891","姑妈,18006673947","外婆,15805301930","外公,15503106087","舅舅,18902104950","舅妈,18803670075","姨父,18607744079","姨娘,15300708716","亲爱的,15906601056","老弟,15906747792","老妹,13490662113","小明,13102643997","小李子,15207568225","娄皓吉,15602633370","Frederick Robertson,15505048957","家稼许,15203325491","于慎国,18702786334","吴业,13500754188","Christina Fisher,13604701287","邹玺宇,13500564292","凤佩辉,18006466236","杨威红,13803912495","Brandon Knight,13608082699","柯力可,15508091332","咎书经,13701343725","应寅渠,18908886382","Carrie Stewart,18902465666","张观,13508690537","杨思贵,13802106849","王余郁,13702113347","Herman Lee,13604631623","井雅旺,13207972267","纪木超,15301950003","凌熙图,15305357242","Aaron Knight,13302843595","崔松念,15105619096","姚乾世,15604033420","粱焱若,15807956803","Edna Bryant,13402221425","王午,18807530945","李介先,13903827281","杨佩,18601413636","Zachary Jenkins,15601335167"],"cpuName":"MT6750","densityDpi":240,"deviceId":"861894768079935","deviceSvn":"76","displayId":"A37-user 7.0.0 NRD90M d541bb17 release-keys","extraInfo":"cmnet","height":0,"hidePkgs":[],"hmNotes":"","hookPkgs":[],"lac":0,"latitude":30.6878021,"line1Number":"18224448825","longitude":104.3875104,"macAddress":"38:c5:99:25:c2:c4","memAvailable":1249945102,"memFree":2499890205,"memTotal":3749835307,"mnc":"00","networkClass":3,"networkCountryIso":"cn","networkOperator":"46007","networkOperatorName":"中国移动","networkType":13,"networkTypeName":"LTE","phoneType":1,"rgAndroid":"23","rgAreaode":"86","rgBackupPath":"/storage/emulated/0/.money/backup/20180113/18224448825_20180113.db","rgConNames":[],"rgCountry":"中国","rgDevice":"xiaomiRedmi 4X","rgIp":"119.4.255.147","rgLastLogin":1515839051324,"rgLocation":"四川省成都市 联通","rgNetType":"切换飞行模式","rgOrPhone":"18224448825","rgPhoneNo":"18224448825","rgServer":"飞行模式切换","rgTime":1515830412143,"rgVcode":"玉米(发码)","rgVersion":"1.6.0","rgWxError":"帐号状态异常，本次登录已失效。请尝试重新登录，并根据弹窗提示操作。","rgWxName":"长孙商密","rgWxPasswd":"Rmst@7890","rgWxStatus":"异常","rgWxWindows":"否","serialno":"a52d9fcf","simCountryIso":"cn","simOperator":"46007","simOperatorName":"中国移动","simSerialNumber":"8986004129284448019","simState":5,"subscriberId":"460078550973937","type":0,"typeName":"MOBILE","width":0,"wifiScan":["MERCURY_cdc143,ff:a2:61:66:a6:d0,[WPA-PSK-CCMP][WPA2-PSK-CCMP][ESS],-53,2442,2170435357","TP-LINK_7a8697,e8:8e:c0:92:11:06,[WPA-PSK-CCMP][WPA2-PSK-CCMP][ESS],-93,2412,1679132859","Netcore_36497c,54:c3:7d:72:eb:f2,[WPA2-PSK-CCMP][WPS][ESS],-71,2437,507171143","Tenda_0dc1f4,03:80:73:79:e5:f0,[WPA-PSK-CCMP][WPA2-PSK-CCMP][ESS],-78,2427,2382737072","FAST_376a,e5:9b:d6:c2:e6:13,[WPA2-PSK-CCMP][ESS],-60,2412,535092854","Netcore_f32fd2,76:02:6d:af:a0:2f,[WPA2-PSK-CCMP][WPS][ESS],-81,2462,843536967","MERCURY_65a743,1e:06:a8:57:69:66,[WPA2-PSK-CCMP][WPS][ESS],-68,2437,3708437942"]}