{"BSSID":"ba:49:d5:1b:c0:13","IpAddress":"10.39.23.152","P2p0Mac":"4a:f9:58:50:d5:e8","SSID":"Netcore_ac1032","androidId":"47d5fa8f88586369","batteryLevel":37,"btAddress":"9a:98:7a:e1:4c:7a","btName":"OPPO A33m","buildAbi":"armeabi-v7a","buildAbi2":"armeabi","buildBoard":"picasso_mf","buildBrand":"OPPO","buildCodename":"REL","buildDescription":"A33-user 5.1.1 LMY48G 19488fcd release-keys","buildDevice":"A33","buildFingerprint":"OPPO/OPPO A33m/A33:5.1.1/LMY48G/19488fcd:user/release-keys","buildHardware":"qcom","buildHost":"sp-ci-01-desktop","buildId":"LMY48G","buildIncremental":"19488fcd","buildManufacturer":"OPPO","buildModel":"OPPO A33m","buildName":"OPPO","buildProduct":"A33","buildRadioVersion":"ubxvzjcakzlzqyhj","buildRelease":"5.1.1","buildSdk":"22","buildSerialno":"75de07d4","buildTags":"release-keys","buildType":"user","buildUser":"jenkins","buildUtc":1510974933549,"cellScan":["33028,35236","61722,169492069","61722,35236","33044,118467872","32905,98237569"],"ci":98237569,"contacts":["奶奶,18006107720","姑妈,13005052152","外婆,13806412790","外公,14704644851","舅舅,13703598955","舅妈,18008160101","姨父,18804084972","姨娘,18704140241","亲爱的,13408480434","老弟,15204713062","老妹,18806676826","小明,13502420957","小李子,15207211768","苏渠儒,18003656942","Juan Williams,18901613788","金秋实,18807256067","杨璎,15703478613","李舒松,14706047119","Helen Chavez,18708242734","松骥阳,15103870784","仰麟时,13706164343","巫思伟,15703188719","Holly Cooper,18802628084","许幸守,13608040661","荣骏军,18005276822","李立骥,13908051279","Sam Turner,13900428881","张享,13902870599","山如琦,15303032170","吴译,13004593221","Rodney Collins,13206246398","李群,15702268937","路京素,18900943091","凌升演,14701411777","Margaret Gonzales,18702572626","韦超荃,13805550861","于炫思,13203180188","殷绍砚,18902781445","Joel Payne,18908358546","杨红郡,15908697265","费阳桂,15908558742","符寿思,18908015580","Sylvia Price,18003586008","陈佑,18704043869","杨庞誓,18004961861","卢卫熙,18608425377","Frances Robertson,13100251420","杨棠,15708496240","杨行岁,13506145516"],"cpuName":"Qualcomm Technologies, Inc MSM8916","densityDpi":560,"deviceId":"865347566525654","deviceSvn":"62","displayId":"A33-user 5.1.1 LMY48G 19488fcd release-keys","extraInfo":"3gnet","height":0,"hidePkgs":[],"hmNotes":"","hookPkgs":[],"lac":32905,"latitude":30.5417087,"line1Number":"18224452964","longitude":103.9566515,"macAddress":"8f:2d:81:80:d8:4e","memAvailable":4109765045,"memFree":12329295136,"memTotal":16439060181,"mnc":"00","networkClass":2,"networkCountryIso":"cn","networkOperator":"46007","networkOperatorName":"中国移动","networkType":8,"networkTypeName":"HSDPA","phoneType":1,"rgAndroid":"23","rgAreaode":"86","rgBackupPath":"/storage/emulated/0/.money/backup/20180113/18224452964_20180113.db","rgConNames":[],"rgCountry":"中国","rgDevice":"xiaomiRedmi 4X","rgIp":"119.4.253.146","rgLastLogin":1515839118642,"rgLocation":"四川省成都市 联通","rgNetType":"切换飞行模式","rgOrPhone":"18224452964","rgPhoneNo":"18224452964","rgServer":"飞行模式切换","rgTime":1515831635264,"rgVcode":"玉米(发码)","rgVersion":"1.6.0","rgWxError":"帐号状态异常，本次登录已失效。请尝试重新登录，并根据弹窗提示操作。","rgWxName":"杨豪","rgWxPasswd":"Rmst@7890","rgWxStatus":"异常","rgWxWindows":"否","serialno":"75de07d4","simCountryIso":"cn","simOperator":"46007","simOperatorName":"中国移动","simSerialNumber":"8986002158341709128","simState":5,"subscriberId":"460073949697728","type":0,"typeName":"MOBILE","width":0,"wifiScan":["MERCURY_a4caed,5c:0e:8b:0f:02:f0,[WPA2-PSK-CCMP][ESS],-84,2412,1185934375","FAST_14376b,5c:63:bf:41:89:d2,[WPA-PSK-CCMP][WPA2-PSK-CCMP][WPS][ESS],-74,2437,522641651","Netcore_1fbaed,6c:e8:73:99:e3:5a,[WPA-PSK-CCMP][WPA2-PSK-CCMP][WPS][ESS],-71,2432,3295426685","MERCURY_587bad,ec:6c:9f:22:dc:f5,[WPA2-PSK-CCMP][WPS][ESS],-76,2412,1304735129","MERCURY_0e3254,ec:38:8f:aa:38:bc,[WPA2-PSK-CCMP][ESS],-87,2412,322419347"]}