{"BSSID":"6d:f9:eb:a1:32:f7","IpAddress":"10.6.39.11","P2p0Mac":"8d:dd:6f:95:db:c3","SSID":"FAST_7b9ed0","androidId":"e8c447b5f73d5028","batteryLevel":57,"btAddress":"1a:79:6c:47:92:a6","btName":"samsung GT-I9208","buildAbi":"armeabi-v7a","buildAbi2":"armeabi","buildBoard":"t6wl","buildBrand":"samsung","buildCodename":"REL","buildDescription":"samsung GT-I9208-user 7.0.0 NRD90M 52e6e048 release-keys","buildDevice":"samsung GT-I9208","buildFingerprint":"samsung/samsung GT-I9208/samsung GT-I9208:7.0.0/NRD90M/52e6e048:user/release-keys","buildHardware":"qcom","buildHost":"mz-buider-2","buildId":"NRD90M","buildIncremental":"52e6e048","buildManufacturer":"samsung","buildModel":"samsung GT-I9208","buildName":"samsung","buildProduct":"samsung GT-I9208","buildRadioVersion":"irivwdwnxbyieq","buildRelease":"7.0.0","buildSdk":"24","buildSerialno":"6b6b83ee","buildTags":"release-keys","buildType":"user","buildUser":"jenkins","buildUtc":1488319812743,"cellScan":["61729,169963960","33301,56431","61729,32014","61729,169963959","33301,98487168"],"ci":169963960,"contacts":["奶奶,18804256219","姑妈,18805052417","外婆,18602236767","外公,14701276039","舅舅,13490265198","舅妈,13307760897","姨父,13307058673","姨娘,13405110865","亲爱的,18707030950","老弟,13701131369","老妹,14704753939","小明,15704687344","小李子,13903050835","杨晟,13707350062","Wendy Shaw,13603763661","景净魄,13303130615","陈求仕,15300204332","于乾驹,13100454279","Erin Simpson,13002470181","杨联,18001846234","伍效松,13003308040","麻国奇,13504344685","Marie Turner,13503323668","长孙王郁,15306800378","李先江,14704004745","李桂,13708115064","Ann Bradley,13601768525","郭勇和,15301621101","刁魁银,15205530113","邱奇佳,13003913924","Jonathan Gibson,13208323248","诸葛朔群,15703581926","舒义西,13107344113","季默绵,18705367882","Alicia Powell,15701097868","李克,13203997719","惠商露,13805950212","王耕汉,18607795318","Kelly White,13101201245","咎能念,15303946227","茅松静,15000601599","吴颂,15704074517","Wesley Gray,14704884206","杨儒奇,15806771201","殷欢思,15101503001"],"cpuName":"Qualcomm Technologies, Inc MSM8960","densityDpi":240,"deviceId":"860122039364428","deviceSvn":"51","displayId":"samsung GT-I9208-user 7.0.0 NRD90M 52e6e048 release-keys","extraInfo":"3gwap","height":0,"hidePkgs":[],"hmNotes":"","hookPkgs":[],"lac":61729,"latitude":30.7955283,"line1Number":"18224448832","longitude":103.7460245,"macAddress":"1b:43:cd:25:e8:ce","memAvailable":68419388,"memFree":136838776,"memTotal":205258164,"mnc":"00","networkClass":2,"networkCountryIso":"cn","networkOperator":"46007","networkOperatorName":"中国移动","networkType":17,"networkTypeName":"TD_SCDMA","phoneType":1,"rgAndroid":"23","rgAreaode":"86","rgBackupPath":"/storage/emulated/0/.money/backup/20180113/18224448832_20180113.db","rgConNames":[],"rgCountry":"中国","rgDevice":"xiaomiRedmi 4X","rgIp":"119.4.255.32","rgLastLogin":1515839346628,"rgLocation":"四川省成都市 联通","rgNetType":"切换飞行模式","rgOrPhone":"18224448832","rgPhoneNo":"18224448832","rgServer":"飞行模式切换","rgTime":1515834884235,"rgVcode":"玉米(发码)","rgVersion":"1.6.0","rgWxError":"帐号状态异常，本次登录已失效。请尝试重新登录，并根据弹窗提示操作。","rgWxName":"吴香贤","rgWxPasswd":"Rmst@7890","rgWxStatus":"异常","rgWxWindows":"否","serialno":"6b6b83ee","simCountryIso":"cn","simOperator":"46007","simOperatorName":"中国移动","simSerialNumber":"8986023146507687806","simState":5,"subscriberId":"460071978965289","type":0,"typeName":"MOBILE","width":0,"wifiScan":["MERCURY_cbfd20,08:10:79:7d:1c:3f,[WPA2-PSK-CCMP][ESS],-60,2412,383933552","MERCURY_eda9,44:97:5a:2b:76:82,[WPA-PSK-CCMP][WPA2-PSK-CCMP][ESS],-65,2462,456885053","MERCURY_baed65,44:97:5a:38:00:00,[WPA2-PSK-CCMP][ESS],-90,2412,769733476","FAST_58db0d,08:10:79:4d:6b:15,[WPA2-PSK-CCMP][WPS][ESS],-92,2412,3376827903","ChainaNet_dc1f,c4:09:38:39:9f:f9,[WPA-PSK-CCMP][WPA2-PSK-CCMP][WPS][ESS],-57,2437,3681232345"]}