{"BSSID":"2f:89:4d:bb:24:f6","IpAddress":"192.168.85.173","P2p0Mac":"37:b2:fb:ec:2d:53","SSID":"PHICOMM_9598cb","androidId":"95c49f83d428d4b4","batteryLevel":73,"btAddress":"95:4f:77:dc:77:52","btName":"OPPO A33m","buildAbi":"armeabi-v7a","buildAbi2":"armeabi","buildBoard":"msm8994","buildBrand":"OPPO","buildCodename":"REL","buildDescription":"OPPO A33m-user 5.1.1 LMY48G 1c393c17 release-keys","buildDevice":"OPPO A33m","buildFingerprint":"OPPO/OPPO A33m/OPPO A33m:5.1.1/LMY48G/1c393c17:user/release-keys","buildHardware":"qcom","buildHost":"wcc-miui-ota-bd07.bj","buildId":"LMY48G","buildIncremental":"1c393c17","buildManufacturer":"OPPO","buildModel":"OPPO A33m","buildName":"OPPO","buildProduct":"OPPO A33m","buildRadioVersion":"atufupnf","buildRelease":"5.1.1","buildSdk":"22","buildSerialno":"e6571803","buildTags":"release-keys","buildType":"user","buildUser":"lgmobile","buildUtc":1510994423988,"cellScan":["61729,169973540","33301,100303744","39936,164181043","61729,169977321","61729,169369516"],"ci":100303744,"contacts":["奶奶,13507544004","姑妈,13490129876","外婆,15502780972","外公,13502945139","舅舅,13307237173","舅妈,15806516709","姨父,13407221949","姨娘,13007501678","亲爱的,13490849278","老弟,18903455788","老妹,15300480868","小明,15300845526","小李子,13500157579","李若琴,15206727784","Stephen Payne,15107741570","李和阔,15102887072","上官伊许,15500364046","王霖元,18706011303","Julia Rose,18704531164","邢茂游,18804177006","李净校,18004331392","富诗立,18006560629","Louis Ross,18906006471","李同锦,13808221061","邱瑜雄,15102508402","李童骥,18900314752","Charles Jones,13304943704","吴松,13905304226","李津愚,18800573475","吴杭,13804322732","Erica Collins,13505844554","包镜锐,18701765210","杨炬素,13405120107","王红,14705630318","Dana Flores,15704346938","张延颂,15701227361","尤木泰,13705238554","程商望,13702940865","Cathy Hughes,13802121333","宓联校,13100510142","杨棠然,18003997895","王声,15504751224","Thomas Wagner,13102846945","王王进,14702331023","毛炯童,15004641065","李行军,15800403367","Rose Robinson,15902563016","潘进校,13105121401","杨国诗,15605598658","吴和,18906654857","Jimmy Turner,15306274140","蔡如净,14707567636"],"cpuName":"Qualcomm Technologies, Inc MSM8916","densityDpi":560,"deviceId":"860365173270998","deviceSvn":"81","displayId":"OPPO A33m-user 5.1.1 LMY48G 1c393c17 release-keys","extraInfo":"PHICOMM_9598cb","height":0,"hidePkgs":[],"hmNotes":"","hookPkgs":[],"lac":33301,"latitude":30.8120333,"line1Number":"18224442824","longitude":103.7222318,"macAddress":"98:57:7c:30:7a:85","memAvailable":4109671656,"memFree":12329014968,"memTotal":16438686624,"mnc":"00","networkClass":3,"networkCountryIso":"cn","networkOperator":"46007","networkOperatorName":"中国移动","networkType":13,"networkTypeName":"LTE","phoneType":1,"rgAndroid":"23","rgAreaode":"86","rgBackupPath":"/storage/emulated/0/.money/backup/20180113/18224442824_20180113.db","rgConNames":[],"rgCountry":"中国","rgDevice":"xiaomiRedmi 4X","rgIp":"101.206.167.129","rgLastLogin":1515838846617,"rgLocation":"四川省 联通","rgNetType":"切换飞行模式","rgOrPhone":"18224442824","rgPhoneNo":"18224442824","rgServer":"飞行模式切换","rgTime":1515828600825,"rgVcode":"玉米(发码)","rgVersion":"1.6.0","rgWxError":"帐号状态异常，本次登录已失效。请尝试重新登录，并根据弹窗提示操作。","rgWxName":"家怒稼","rgWxPasswd":"Rmst@7890","rgWxStatus":"异常","rgWxWindows":"否","serialno":"e6571803","simCountryIso":"cn","simOperator":"46007","simOperatorName":"中国移动","simSerialNumber":"8986004761962386052","simState":5,"subscriberId":"460076980049392","type":1,"typeName":"WIFI","width":0,"wifiScan":["MERCURY_130486,54:22:f8:81:5d:d9,[WPA2-PSK-CCMP][WPS][ESS],-60,2437,523277867","PHICOMM_e10437,d8:15:0d:3c:41:70,[WPA-PSK-CCMP][WPA2-PSK-CCMP][WPS][ESS],-62,2412,365779742","ChainaNet_7316,c0:61:18:53:ee:44,[WPA-PSK-CCMP][WPA2-PSK-CCMP][WPS][ESS],-77,2462,1562934665","TP-LINK_2f87,a8:57:4e:38:ab:04,[WPA-PSK-CCMP][WPA2-PSK-CCMP][WPS][ESS],-86,2462,725035696","MERCURY_2fd1f4,60:18:88:36:db:8b,[WPA-PSK-CCMP][WPA2-PSK-CCMP][ESS],-86,2462,1925138399"]}