{"BSSID":"00:37:62:4a:da:60","IpAddress":"192.168.81.156","P2p0Mac":"d7:7c:39:de:55:5a","SSID":"ChainaNet_c031","androidId":"547d3c988c3ddd3b","batteryLevel":47,"btAddress":"96:9e:40:ec:8c:bd","btName":"2014501","buildAbi":"armeabi-v7a","buildAbi2":"armeabi","buildBoard":"MAKO","buildBrand":"Xiaomi","buildCodename":"REL","buildDescription":"HM2014501-user 6.0.1 MMB29T 574fcb29 release-keys","buildDevice":"HM2014501","buildFingerprint":"Xiaomi/2014501/HM2014501:6.0.1/MMB29T/574fcb29:user/release-keys","buildHardware":"qcom","buildHost":"huawei-desktop","buildId":"MMB29T","buildIncremental":"574fcb29","buildManufacturer":"Xiaomi","buildModel":"2014501","buildName":"Xiaomi","buildProduct":"HM2014501","buildRadioVersion":"gjabzipqhxnhsdw","buildRelease":"6.0.1","buildSdk":"23","buildSerialno":"c6b2ef59","buildTags":"release-keys","buildType":"user","buildUser":"MarkBuild","buildUtc":1455062058173,"cellScan":["61726,168123323","33064,98406017","61701,167915325","33064,134701572","33553,135081988"],"ci":98406017,"contacts":["奶奶,15201373356","姑妈,18804172951","外婆,18006535959","外公,15705166616","舅舅,15300128576","舅妈,15302554976","姨父,18702747485","姨娘,15206163824","亲爱的,15101456458","老弟,15700215297","老妹,13203853932","小明,13307320240","小李子,15607074296","梅荣立,13201275434","Suzanne Powell,15606004688","吴举,13004985037","于坚新,15204055249","杨卫意,13801857639","Andrea Young,13504832673","张君,13102611013","陈嘉钰,13307591721","张庞,13307221348","Jeffery Williams,13303822465","杨同,13500921720","吴康土,13506101497","吴联,15600797840","Benjamin Lawrence,13104722344","吴香伊,18604774967","贾午宣,15605422946","王蔚,15601820554","Theresa Phillips,13107764923","吴翰铜,15700402430","卢岳灵,15707484825","谷盈恒,15905363026","Joe Wells,15806944668","赵翼恒,13490631225","张桐雪,15602624242","唐礼升,15107165810","Eugene Taylor,15806192672","张瑞,13908263013","杨任,15303315028","杭玉佑,15601285368","Rodney Hernandez,13008047348","井星顺,15808252276","吴殊彦,15106200702","谈贤镜,15205634609","Jacob Warren,15906580809"],"cpuName":"MT6582","densityDpi":560,"deviceId":"863772990041907","deviceSvn":"63","displayId":"HM2014501-user 6.0.1 MMB29T 574fcb29 release-keys","extraInfo":"ChainaNet_c031","height":0,"hidePkgs":[],"hmNotes":"","hookPkgs":[],"lac":33064,"latitude":30.6576689,"line1Number":"18228095284","longitude":104.1547073,"macAddress":"65:e2:2b:11:32:af","memAvailable":172221111,"memFree":344442223,"memTotal":516663334,"mnc":"00","networkClass":2,"networkCountryIso":"cn","networkOperator":"46007","networkOperatorName":"中国移动","networkType":8,"networkTypeName":"HSDPA","phoneType":1,"rgAndroid":"23","rgAreaode":"86","rgBackupPath":"/storage/emulated/0/.money/backup/20180113/18228095284_20180113.db","rgConNames":[],"rgCountry":"中国","rgDevice":"xiaomiRedmi 4X","rgIp":"119.4.253.176","rgLastLogin":1515838082866,"rgLocation":"四川省成都市 联通","rgNetType":"切换飞行模式","rgOrPhone":"18228095284","rgPhoneNo":"18228095284","rgServer":"飞行模式切换","rgTime":1515823829456,"rgVcode":"玉米(发码)","rgVersion":"1.6.0","rgWxError":"帐号状态异常，本次登录已失效。请尝试重新登录，并根据弹窗提示操作。","rgWxName":"李观轩","rgWxPasswd":"Rmst@7890","rgWxStatus":"异常","rgWxWindows":"否","serialno":"c6b2ef59","simCountryIso":"cn","simOperator":"46007","simOperatorName":"中国移动","simSerialNumber":"8986029292927499548","simState":5,"subscriberId":"460071441843759","type":1,"typeName":"WIFI","width":0,"wifiScan":["Tenda_ce2052,d0:c7:c0:97:c0:40,[WPA-PSK-CCMP][WPA2-PSK-CCMP][WPS][ESS],-71,2412,511362856","PHICOMM_9ed2ed,00:6b:8e:4e:53:88,[WPA2-PSK-CCMP][WPS][ESS],-72,2442,442879613","PHICOMM_8afe20,64:3a:b1:76:5c:82,[WPA-PSK-CCMP][WPA2-PSK-CCMP][WPS][ESS],-76,2437,2081237018","FAST_852149,f0:eb:d0:0f:5a:5c,[WPA2-PSK-CCMP][WPS][ESS],-63,2412,1019131752","Netcore_10cafe,24:69:68:af:7e:d4,[WPA2-PSK-CCMP][WPS][ESS],-73,2457,3472031900"]}