{"BSSID":"4a:82:6c:ee:1c:e9","IpAddress":"10.38.4.206","P2p0Mac":"00:93:63:ca:9b:f3","SSID":"Tenda_49cb75","androidId":"dc1c1ce9fabe4a1a","batteryLevel":77,"btAddress":"12:13:22:74:97:e5","btName":"MI 4C","buildAbi":"armeabi-v7a","buildAbi2":"armeabi","buildBoard":"MSM8960","buildBrand":"Xiaomi","buildCodename":"REL","buildDescription":"cancro-user 7.1.2 NMF26Q ac3ae670 release-keys","buildDevice":"cancro","buildFingerprint":"Xiaomi/MI 4C/cancro:7.1.2/NMF26Q/ac3ae670:user/release-keys","buildHardware":"qcom","buildHost":"mine","buildId":"NMF26Q","buildIncremental":"ac3ae670","buildManufacturer":"Xiaomi","buildModel":"MI 4C","buildName":"Xiaomi","buildProduct":"cancro","buildRadioVersion":"ftxgvuovkccaeaby","buildRelease":"7.1.2","buildSdk":"25","buildSerialno":"0ca5d495","buildTags":"release-keys","buildType":"user","buildUser":"Server","buildUtc":1474363609590,"cellScan":["33035,117647392","32768,50955","32768,61105","33035,117564960","32768,57606"],"ci":61105,"contacts":["奶奶,13306201294","姑妈,13505680181","外婆,15204317932","外公,18001692855","舅舅,13304911435","舅妈,13807286227","姨父,18005837478","姨娘,18905757662","亲爱的,18903643910","老弟,15002438680","老妹,15901244191","小明,18802598653","小李子,15606353958","王西,13308632602","Theresa Reyes,15306993520","孔广荃,18804561871","陈旺,13703656046","钮团炎,13003498483","Zachary Carter,15604138794","童实情,18604032581","李祥,18001267730","酆郡汉,18005337115","Martha Stone,13301591802","余辉俊,18707725215","李瑕乐,13701372894","解守禄,13490033795","Betty Long,13304398960","汪渠剑,18806617400","娄夜吉,15104007468","柳经儒,13503062797","Chris Mcdonald,13900757538","韦筱鹄,13904211086","杨峻,15305647669","李梦,15507406290","Jeremy Brown,13201670586","计观广,18801078868","支团广,18804403454","李恺,14702892835","Kelly Andrews,15708543412","章翼兴,13702672227","荣静素,13502628387","邢华稼,14702656817","Willie Baker,15703994426","张如嗣,13600780100","宋蔚让,13801499055"],"cpuName":"Qualcomm MSM8974PRO-AC","densityDpi":560,"deviceId":"860244067630981","deviceSvn":"22","displayId":"cancro-user 7.1.2 NMF26Q ac3ae670 release-keys","extraInfo":"cmwap","height":0,"hidePkgs":[],"hmNotes":"","hookPkgs":[],"lac":32768,"latitude":30.6897602,"line1Number":"18244213784","longitude":103.9876978,"macAddress":"d0:52:f4:80:ea:54","memAvailable":31328130,"memFree":62656262,"memTotal":93984392,"mnc":"00","networkClass":2,"networkCountryIso":"cn","networkOperator":"46002","networkOperatorName":"中国移动","networkType":8,"networkTypeName":"HSDPA","phoneType":1,"rgAndroid":"23","rgAreaode":"86","rgBackupPath":"/storage/emulated/0/.money/backup/20180113/18244213784_20180113.db","rgConNames":[],"rgCountry":"中国","rgDevice":"xiaomiRedmi 4X","rgIp":"119.4.255.32","rgLastLogin":1515837303496,"rgLocation":"四川省成都市 联通","rgNetType":"切换飞行模式","rgOrPhone":"18244213784","rgPhoneNo":"18244213784","rgServer":"飞行模式切换","rgTime":1515816135457,"rgVcode":"玉米(发码)","rgVersion":"1.6.0","rgWxError":"帐号状态异常，本次登录已失效。请尝试重新登录，并根据弹窗提示操作。","rgWxName":"甄诗克","rgWxPasswd":"Rmst@7890","rgWxStatus":"异常","rgWxWindows":"否","serialno":"0ca5d495","simCountryIso":"cn","simOperator":"46002","simOperatorName":"中国移动","simSerialNumber":"8986005049059843585","simState":5,"subscriberId":"460024323319654","type":0,"typeName":"MOBILE","width":0,"wifiScan":["Netcore_569849,24:69:68:8d:d3:28,[WPA-PSK-CCMP][WPA2-PSK-CCMP][WPS][ESS],-95,2452,296348256","MERCURY_fd1050,bc:46:99:e6:b8:c2,[WPA2-PSK-CCMP][ESS],-76,2462,3619931519","Netcore_5275a8,74:ea:3a:66:02:66,[WPA2-PSK-CCMP][ESS],-80,2447,235246157","PHICOMM_598ca7,c0:61:18:79:8f:90,[WPA-PSK-CCMP][WPA2-PSK-CCMP][ESS],-88,2472,3485736009","Tenda_c0dc0d,78:a1:06:31:ec:7c,[WPA2-PSK-CCMP][ESS],-73,2437,796031969"]}