{"BSSID":"9e:76:b3:77:7f:b8","IpAddress":"10.96.41.145","P2p0Mac":"6a:6b:b7:a7:79:98","SSID":"ChainaNet_485a","androidId":"2f1387f39fefeb85","batteryLevel":52,"btAddress":"eb:d3:53:95:e6:54","btName":"GN5001S","buildAbi":"armeabi-v7a","buildAbi2":"armeabi","buildBoard":"MSM8916","buildBrand":"GiONEE","buildCodename":"REL","buildDescription":"GN5001S-user 5.0 LRX21M 79e5a11f release-keys","buildDevice":"GN5001S","buildFingerprint":"GiONEE/GN5001S/GN5001S:5.0/LRX21M/79e5a11f:user/release-keys","buildHardware":"qcom","buildHost":"qh-miui-ota-bd54","buildId":"LRX21M","buildIncremental":"79e5a11f","buildManufacturer":"GiONEE","buildModel":"GN5001S","buildName":"GiONEE","buildProduct":"GN5001S","buildRadioVersion":"nxsfawzzrbt","buildRelease":"5.0","buildSdk":"21","buildSerialno":"82621d8b","buildTags":"release-keys","buildType":"user","buildUser":"builder","buildUtc":1464423342672,"cellScan":[],"ci":0,"contacts":["奶奶,14704344509","姑妈,13903748175","外婆,13205148334","外公,18602531620","舅舅,15908157208","舅妈,15304828534","姨父,13302697319","姨娘,15903662547","亲爱的,15705565016","老弟,13901486434","老妹,13805756016","小明,15002922577","小李子,18705608547","于时时,15002563254","Mark Boyd,15803765890","杨妙,13490425671","茅罗同,18800836897","姚谷媛,13204751365","Ricardo Bryant,15505127067","管稼廉,18907793191","王添骏,13602120170","吴微友,13005400029","Carlos Duncan,15604698858","张余津,14705617041","宁行齐,14706790348","钮帅启,13108812626","Wendy Kennedy,13007104123","樊荃盛,15001263282","王扬镜,15700741771","杨节,13708528770","Barbara Allen,13606688565","周守全,15005062377","弓薇举,14706185360","余镜彦,13205356933","Fred Olson,13004062758","殷权靖,13702896790","彭影声,14703132252","施郡年,18003798899","Glen Ellis,18901660011","张永元,13408030385","荣行景,18901713657","巫翔易,15601253994","Roger Tucker,18603874835","李渠,18900831841","杨启权,18000146491","张岁梧,18704164700","Bernard Kelley,15702645082","柯惠室,13705320500","李甲童,18000984339","赵佩古,13001012654","Dan Russell,18601593920","蒋权,13702155355"],"cpuName":"MT6735","densityDpi":240,"deviceId":"860742982086163","deviceSvn":"50","displayId":"GN5001S-user 5.0 LRX21M 79e5a11f release-keys","extraInfo":"cmnet","height":0,"hidePkgs":[],"hmNotes":"","hookPkgs":[],"lac":0,"latitude":30.7426797,"line1Number":"18280422309","longitude":103.8906258,"macAddress":"5b:e4:be:41:45:1e","memAvailable":172118972,"memFree":344237945,"memTotal":516356917,"mnc":"00","networkClass":3,"networkCountryIso":"cn","networkOperator":"46002","networkOperatorName":"中国移动","networkType":13,"networkTypeName":"LTE","phoneType":1,"rgAndroid":"23","rgAreaode":"86","rgBackupPath":"/storage/emulated/0/.money/backup/20180113/18280422309_20180113.db","rgConNames":[],"rgCountry":"中国","rgDevice":"xiaomiRedmi 4X","rgIp":"119.4.254.120","rgLastLogin":1515837856449,"rgLocation":"四川省成都市 联通","rgNetType":"切换飞行模式","rgOrPhone":"18280422309","rgPhoneNo":"18280422309","rgServer":"飞行模式切换","rgTime":1515821827880,"rgVcode":"玉米(发码)","rgVersion":"1.6.0","rgWxError":"帐号状态异常，本次登录已失效。请尝试重新登录，并根据弹窗提示操作。","rgWxName":"吴介卿","rgWxPasswd":"Rmst@7890","rgWxStatus":"异常","rgWxWindows":"否","serialno":"82621d8b","simCountryIso":"cn","simOperator":"46002","simOperatorName":"中国移动","simSerialNumber":"8986026929843186217","simState":5,"subscriberId":"460028054821793","type":0,"typeName":"MOBILE","width":0,"wifiScan":["Netcore_c9cb0e,61:7e:70:8a:8a:e1,[WPA-PSK-CCMP][WPA2-PSK-CCMP][WPS][ESS],-50,2412,980835739","PHICOMM_a9697c,4a:ad:e6:90:d5:8f,[WPA2-PSK-CCMP][WPS][ESS],-75,2437,2324031623","FAST_870d36,03:5b:c6:48:b5:88,[WPA2-PSK-CCMP][ESS],-80,2437,2006829719","MERCURY_b0e325,b2:d1:e3:69:42:1e,[WPA-PSK-CCMP][WPA2-PSK-CCMP][WPS][ESS],-75,2462,377026694","TP-LINK_cbed,ae:91:f5:d4:d4:91,[WPA2-PSK-CCMP][WPS][ESS],-73,2412,541367494","FAST_d798db,ff:06:ec:5f:a7:67,[WPA2-PSK-CCMP][ESS],-81,2412,238545243","MERCURY_8598db,58:03:e2:9c:c4:20,[WPA-PSK-CCMP][WPA2-PSK-CCMP][ESS],-95,2462,476940706","Tenda_041652,b0:7f:d4:f5:d3:6b,[WPA-PSK-CCMP][WPA2-PSK-CCMP][WPS][ESS],-61,2412,1924132619"]}