{"BSSID":"8e:b4:74:28:72:21","IpAddress":"192.168.25.95","P2p0Mac":"bd:12:e4:46:21:6e","SSID":"Tenda_769c76","androidId":"0811263080248f87","batteryLevel":53,"btAddress":"22:d5:9d:1a:0a:ca","btName":"MX4","buildAbi":"armeabi-v7a","buildAbi2":"armeabi","buildBoard":"MSM8994","buildBrand":"Meizu","buildCodename":"REL","buildDescription":"meizu_mx4-user 5.1.1 LMY48G 125157eb release-keys","buildDevice":"mx4","buildFingerprint":"Meizu/MX4/mx4:5.1.1/LMY48G/125157eb:user/release-keys","buildHardware":"qcom","buildHost":"shws40","buildId":"LMY48G","buildIncremental":"125157eb","buildManufacturer":"Meizu","buildModel":"MX4","buildName":"Meizu","buildProduct":"meizu_mx4","buildRadioVersion":"adldmvhu","buildRelease":"5.1.1","buildSdk":"22","buildSerialno":"0ef5e288","buildTags":"release-keys","buildType":"user","buildUser":"Server","buildUtc":1466570538210,"cellScan":["61726,171248289","1822,25094","61765,25094","61726,169790003","61726,19861"],"ci":25094,"contacts":["奶奶,15305474493","姑妈,15302925350","外婆,15307567687","外公,13408641688","舅舅,15903712665","舅妈,13700452068","姨父,18905222244","姨娘,13501917122","亲爱的,18602346036","老弟,13490416000","老妹,18604370016","小明,14708213383","小李子,18904520861","余荣,18804581703","Anthony Stewart,18806484045","黄迅铜,14707980722","岑盛霖,18004633268","尹鹄译,15308017005","Hazel Fox,13490792092","邬幸瑕,15505348012","杨涂,13405769004","闵莉茂,14704322525","Debbie Perkins,18800020606","粱默向,13504440121","熊浩郁,15806432261","薛帅珀,13605921392","Michelle Alexander,13808832463","王京,13800425037","王迅悠,15902814380","芮筱隆,18904481308","Anita Perry,18001845669","松元轩,13490644865","李珂,15207321715","邴锐默,18605338765","Joe Morgan,13201301584","杨烈璞,18706420090","李骏,18903688467","祝游苡,13003500243","Diana Sanders,18605770583","王年,15803644964","王湘涂,13101063803","王翰桂,15200412573","Hector Nelson,13404898856","李菁乐,13506157619","包敬玉,13501425087"],"cpuName":"MT6595","densityDpi":480,"deviceId":"862087370782520","deviceSvn":"54","displayId":"meizu_mx4-user 5.1.1 LMY48G 125157eb release-keys","extraInfo":"Tenda_769c76","height":0,"hidePkgs":[],"hmNotes":"","hookPkgs":[],"lac":1822,"latitude":30.5261301,"line1Number":"18280421028","longitude":104.3385569,"macAddress":"97:62:60:49:2b:50","memAvailable":458245379,"memFree":1374736137,"memTotal":1832981516,"mnc":"00","networkClass":1,"networkCountryIso":"cn","networkOperator":"46007","networkOperatorName":"中国移动","networkType":2,"networkTypeName":"EDGE","phoneType":1,"rgAndroid":"23","rgAreaode":"86","rgBackupPath":"/storage/emulated/0/.money/backup/20180113/18280421028_20180113.db","rgConNames":[],"rgCountry":"中国","rgDevice":"xiaomiRedmi 4X","rgIp":"101.206.167.240","rgLastLogin":1515838914167,"rgLocation":"四川省 联通","rgNetType":"切换飞行模式","rgOrPhone":"18280421028","rgPhoneNo":"18280421028","rgServer":"飞行模式切换","rgTime":1515829166735,"rgVcode":"玉米(发码)","rgVersion":"1.6.0","rgWxError":"帐号状态异常，本次登录已失效。请尝试重新登录，并根据弹窗提示操作。","rgWxName":"羿夜时","rgWxPasswd":"Rmst@7890","rgWxStatus":"异常","rgWxWindows":"否","serialno":"0ef5e288","simCountryIso":"cn","simOperator":"46007","simOperatorName":"中国移动","simSerialNumber":"8986009036921644723","simState":5,"subscriberId":"460076822872483","type":1,"typeName":"WIFI","width":0,"wifiScan":["MERCURY_a87b9d,ec:26:ca:a9:dc:f0,[WPA-PSK-CCMP][WPA2-PSK-CCMP][WPS][ESS],-81,2462,2830831455","Tenda_8caaee,ac:d0:74:b4:39:69,[WPA-PSK-CCMP][WPA2-PSK-CCMP][WPS][ESS],-78,2412,3138838448","FAST_98cc,6c:59:40:a0:54:1a,[WPA-PSK-CCMP][WPA2-PSK-CCMP][ESS],-72,2452,316532150","ChainaNet_cb88,f4:6a:92:4a:86:ba,[WPA2-PSK-CCMP][WPS][ESS],-89,2412,3382729209","FAST_ec5538,30:f3:35:73:77:74,[WPA-PSK-CCMP][WPA2-PSK-CCMP][WPS][ESS],-53,2437,988327852"]}