{"BSSID":"b8:ca:69:a9:62:15","IpAddress":"10.68.87.75","P2p0Mac":"63:2f:94:51:cc:cd","SSID":"FAST_8bfd","androidId":"e6c1eb8972750f8e","batteryLevel":53,"btAddress":"ba:f3:1e:be:33:48","btName":"2014501","buildAbi":"armeabi-v7a","buildAbi2":"armeabi","buildBoard":"umts_spyder","buildBrand":"Xiaomi","buildCodename":"REL","buildDescription":"HM2014501-user 5.0 LRX21M e6fd090e release-keys","buildDevice":"HM2014501","buildFingerprint":"Xiaomi/2014501/HM2014501:5.0/LRX21M/e6fd090e:user/release-keys","buildHardware":"qcom","buildHost":"SCL_XA241_102","buildId":"LRX21M","buildIncremental":"e6fd090e","buildManufacturer":"Xiaomi","buildModel":"2014501","buildName":"Xiaomi","buildProduct":"HM2014501","buildRadioVersion":"bplxpcyubzppc","buildRelease":"5.0","buildSdk":"21","buildSerialno":"fa343e49","buildTags":"release-keys","buildType":"user","buildUser":"lgmobile","buildUtc":1466401078064,"cellScan":["61708,169599285","61708,169032826","33067,7644","61708,168604434","33310,47076"],"ci":168604434,"contacts":["奶奶,14701803706","姑妈,15506580177","外婆,18904937451","外公,15702983181","舅舅,18603665587","舅妈,14707987492","姨父,13490815337","姨娘,15600856167","亲爱的,15701063975","老弟,14702318691","老妹,13401145944","小明,18606133650","小李子,15706878092","杨佳诗,13300625366","Stephanie Fisher,18001831889","康随香,13406902063","陈魁凇,13207970331","于苡龙,13905498153","Kathleen Garcia,13507933953","单欣似,15907304065","杨孝,18603984778","王求渠,13602538227","Benjamin Watson,13805825674","张琦静,15106105894","李扬,13406734460","王求况,13005938652","Howard Allen,13101450820","李星情,13003060417","罗声勋,15801262732","东方伊绵,13703896413","Denise Watson,13500914610","贲彦诗,13404953507","于超兴,18602097281","弓茜乾,14701072802","Oscar Hunt,15704342961","杨翼,15800462141","李璐扬,15600457813","武添青,13806864981","Victor Clark,13905442587","陈石迅,15201216526","王岭松,15007809053","符启石,15901638449","Yvonne Rogers,15005981457","翁岩夜,15805280769","杨克芹,15905284265","松迅竞,18900874028","Norma Henderson,13308600575"],"cpuName":"MT6582","densityDpi":320,"deviceId":"861541635820765","deviceSvn":"28","displayId":"HM2014501-user 5.0 LRX21M e6fd090e release-keys","extraInfo":"cmnet","height":0,"hidePkgs":[],"hmNotes":"","hookPkgs":[],"lac":61708,"latitude":30.5688277,"line1Number":"18280420533","longitude":104.0383371,"macAddress":"f8:c0:18:20:90:37","memAvailable":31344335,"memFree":62688670,"memTotal":94033005,"mnc":"00","networkClass":2,"networkCountryIso":"cn","networkOperator":"46002","networkOperatorName":"中国移动","networkType":8,"networkTypeName":"HSDPA","phoneType":1,"rgAndroid":"23","rgAreaode":"86","rgConNames":["支香岩"],"rgConsize":"1","rgCountry":"中国","rgDevice":"xiaomiRedmi 4X","rgIp":"119.4.253.246","rgLastLogin":1515930650388,"rgLocation":"四川省成都市 联通","rgNetType":"切换飞行模式","rgOrPhone":"18280420533","rgPhoneNo":"18280420533","rgServer":"飞行模式切换","rgTime":1515825716232,"rgVcode":"玉米(发码)","rgVersion":"1.6.0","rgWxEmail":"未绑定","rgWxError":"帐号状态异常，本次登录已失效。请尝试重新登录，并根据弹窗提示操作。","rgWxName":"支香岩","rgWxNo":"未设置","rgWxPasswd":"Rmst@7890","rgWxQQ":"未绑定","rgWxStatus":"异常","rgWxWindows":"否","serialno":"fa343e49","simCountryIso":"cn","simOperator":"46002","simOperatorName":"中国移动","simSerialNumber":"8986009931878134030","simState":5,"subscriberId":"460022503850661","type":0,"typeName":"MOBILE","width":0,"wifiScan":["FAST_6fbafc,d0:c7:c0:b5:d2:58,[WPA-PSK-CCMP][WPA2-PSK-CCMP][WPS][ESS],-58,2452,205379343","TP-LINK_a974,f4:ee:14:36:03:a6,[WPA2-PSK-CCMP][ESS],-84,2437,468669839","MERCURY_be76a9,8c:21:0a:bc:41:e4,[WPA-PSK-CCMP][WPA2-PSK-CCMP][ESS],-79,2462,3499135648","Tenda_21540e,00:25:12:48:c1:8c,[WPA-PSK-CCMP][WPA2-PSK-CCMP][WPS][ESS],-61,2442,2839135987","MERCURY_c96598,08:10:78:c9:63:c8,[WPA2-PSK-CCMP][WPS][ESS],-83,2462,190133140"]}