{"BSSID":"02:8d:c8:41:94:b7","IpAddress":"10.94.41.173","P2p0Mac":"09:7f:11:ea:bf:51","SSID":"MERCURY_fd0537","androidId":"a141573700c41aab","batteryLevel":79,"btAddress":"8b:64:9f:2d:82:f8","btName":"HTC D816v","buildAbi":"armeabi-v7a","buildAbi2":"armeabi","buildBoard":"umts_spyder","buildBrand":"htc","buildCodename":"REL","buildDescription":"htccn_chs_ct-user 7.0.0 NRD90M ab27954b release-keys","buildDevice":"htc_a5dwg1","buildFingerprint":"htc/HTC D816v/htc_a5dwg1:7.0.0/NRD90M/ab27954b:user/release-keys","buildHardware":"qcom","buildHost":"huawei-server-05","buildId":"NRD90M","buildIncremental":"ab27954b","buildManufacturer":"HTC","buildModel":"HTC D816v","buildName":"htc","buildProduct":"htccn_chs_ct","buildRadioVersion":"sjrnunamhytatez","buildRelease":"7.0.0","buildSdk":"24","buildSerialno":"0db38f57","buildTags":"release-keys","buildType":"user","buildUser":"Server","buildUtc":1491741806329,"cellScan":["61699,167988079","32897,43245","33039,117937185","61717,169167727","61713,168903935"],"ci":169167727,"contacts":["奶奶,13504163321","姑妈,15804874045","外婆,13007743210","外公,14700664132","舅舅,15901553705","舅妈,18705293757","姨父,15501160358","姨娘,18703134551","亲爱的,15301045196","老弟,15003852474","老妹,18705620187","小明,15204054821","小李子,13905822640","王雍举,18006576242","Linda Johnson,18906494777","李靖帅,13800287498","滕秋静,13606483624","昌航善,15800230771","Janet Austin,15006781383","李晟,15601645149","羊况延,15503068020","包玮辉,18900741370","Suzanne Russell,18902927779","童石璐,18801587513","杨奎,13208511041","王泉,15603297424","Danny Webb,13102740050","王虹,13208366869","席畏进,13490335752","杨广,13508176391","Norman King,13507418721","巫恺璇,18000517664","李梦辉,14705582327","诸青隆,13500554950","Jack Lopez,13903491667","柏思龙,18007993627","房鹄业,13905416465","杨君璐,15700955707","Laura Warren,14701702619","陈可骏,15907204946","谷轩木,13500105083"],"cpuName":"Qualcomm MSM8928","densityDpi":320,"deviceId":"860782725332409","deviceSvn":"13","displayId":"htccn_chs_ct-user 7.0.0 NRD90M ab27954b release-keys","extraInfo":"cmwap","height":0,"hidePkgs":[],"hmNotes":"","hookPkgs":[],"lac":61717,"latitude":30.8021803,"line1Number":"18328718694","longitude":104.1361745,"macAddress":"4a:28:aa:ef:a3:de","memAvailable":31474874,"memFree":62949748,"memTotal":94424622,"mnc":"00","networkClass":3,"networkCountryIso":"cn","networkOperator":"46000","networkOperatorName":"中国移动","networkType":13,"networkTypeName":"LTE","phoneType":1,"rgAndroid":"23","rgAreaode":"86","rgBackupPath":"/storage/emulated/0/.money/backup/20180113/18328718694_20180113.db","rgConNames":[],"rgCountry":"中国","rgDevice":"xiaomiRedmi 4X","rgIp":"119.4.254.53","rgLastLogin":1515837563814,"rgLocation":"四川省成都市 联通","rgNetType":"切换飞行模式","rgOrPhone":"18328718694","rgPhoneNo":"18328718694","rgServer":"飞行模式切换","rgTime":1515816902365,"rgVcode":"玉米(发码)","rgVersion":"1.6.0","rgWxError":"帐号状态异常，本次登录已失效。请尝试重新登录，并根据弹窗提示操作。","rgWxName":"贾炯茜","rgWxPasswd":"Rmst@7890","rgWxStatus":"异常","rgWxWindows":"否","serialno":"0db38f57","simCountryIso":"cn","simOperator":"46000","simOperatorName":"中国移动","simSerialNumber":"8986004829497968611","simState":5,"subscriberId":"460005659562734","type":0,"typeName":"MOBILE","width":0,"wifiScan":["Tenda_42538b,64:3a:b1:1b:e2:02,[WPA2-PSK-CCMP][WPS][ESS],-82,2447,474245971","PHICOMM_9c98cb,6c:e8:73:37:02:50,[WPA-PSK-CCMP][WPA2-PSK-CCMP][ESS],-88,2462,1154933673","Netcore_042652,a4:56:02:d2:d8:47,[WPA2-PSK-CCMP][WPS][ESS],-71,2437,2148035528","MERCURY_8b87ba,e4:d3:32:3c:0f:a2,[WPA2-PSK-TKIP+CCMP][WPS][ESS],-86,2412,498773474","Netcore_87cffa,1c:fa:68:3e:b6:40,[WPA2-PSK-CCMP][WPS][ESS],-80,2437,2360433532"]}