{"BSSID":"2a:8a:ec:25:81:ef","IpAddress":"10.60.85.170","P2p0Mac":"f7:f6:ee:30:f3:9f","SSID":"Netcore_fd1530","androidId":"212b4398d22b5120","batteryLevel":38,"btAddress":"20:f9:ed:24:21:ed","btName":"G730-T00","buildAbi":"armeabi-v7a","buildAbi2":"armeabi","buildBoard":"MSM8916","buildBrand":"HUAWEI","buildCodename":"REL","buildDescription":"G730-T00-user 7.1.2 NMF26Q 7120793e release-keys","buildDevice":"G730-T00","buildFingerprint":"HUAWEI/G730-T00/G730-T00:7.1.2/NMF26Q/7120793e:user/release-keys","buildHardware":"qcom","buildHost":"SCL_XA241_102","buildId":"NMF26Q","buildIncremental":"7120793e","buildManufacturer":"HUAWEI","buildModel":"G730-T00","buildName":"HUAWEI","buildProduct":"G730-T00","buildRadioVersion":"fydeeozebakpanwf","buildRelease":"7.1.2","buildSdk":"25","buildSerialno":"e8ccaeaa","buildTags":"release-keys","buildType":"user","buildUser":"lgmobile","buildUtc":1459768982700,"cellScan":["32797,48193","33034,41324","32896,98193025","32797,43311","33034,41326"],"ci":43311,"contacts":["奶奶,13808278230","姑妈,18804498755","外婆,13201407756","外公,13301101525","舅舅,15706708146","舅妈,13900556242","姨父,13900953762","姨娘,13490454446","亲爱的,15800214212","老弟,13200766377","老妹,13506140228","小明,13800756479","小李子,13206240175","吴世汉,15502358912","Philip Watson,18607328627","陈译,13903421645","戎炯珂,15602350460","于倩,14701901382","Shirley Cruz,15704770890","贺红浩,15601180920","靳伟惠,14705983400","荣盈卿,15302687085","Curtis Graham,13490673882","弓俊立,13006330288","王雨,15700758652","杨敬陵,18900920541","Darrell Holmes,13490413686","李佳盈,15502105320","诸菁魄,18601715194","陈桂浩,13490405011","Louise Knight,13303095274","杨升,18807183309","吴香,15603044290","李岩,14704503703","Marie Rodriguez,18801733245","杨设启,18803517044","纪军钰,14702463096","吴校,13800262019","Annie Hughes,13506755181","孔新荃,13507372523","杨介,18803780039"],"cpuName":"MT6582","densityDpi":320,"deviceId":"864775687138489","deviceSvn":"50","displayId":"G730-T00-user 7.1.2 NMF26Q 7120793e release-keys","extraInfo":"cmwap","height":0,"hidePkgs":[],"hmNotes":"","hookPkgs":[],"lac":32797,"latitude":30.8770159,"line1Number":"18328709294","longitude":103.9738229,"macAddress":"10:7d:87:25:49:31","memAvailable":23479869,"memFree":70439610,"memTotal":93919479,"mnc":"00","networkClass":1,"networkCountryIso":"cn","networkOperator":"46000","networkOperatorName":"中国移动","networkType":2,"networkTypeName":"EDGE","phoneType":1,"rgAndroid":"23","rgAreaode":"86","rgBackupPath":"/storage/emulated/0/.money/backup/20180113/18328709294_20180113.db","rgConNames":[],"rgCountry":"中国","rgDevice":"xiaomiRedmi 4X","rgIp":"101.206.167.37","rgLastLogin":1515837237843,"rgLocation":"四川省 联通","rgNetType":"切换飞行模式","rgOrPhone":"18328709294","rgPhoneNo":"18328709294","rgServer":"飞行模式切换","rgTime":1515815718532,"rgVcode":"玉米(发码)","rgVersion":"1.6.0","rgWxError":"帐号状态异常，本次登录已失效。请尝试重新登录，并根据弹窗提示操作。","rgWxName":"杨会","rgWxPasswd":"Rmst@7890","rgWxStatus":"异常","rgWxWindows":"否","serialno":"e8ccaeaa","simCountryIso":"cn","simOperator":"46000","simOperatorName":"中国移动","simSerialNumber":"8986024089222641930","simState":5,"subscriberId":"460006765330131","type":0,"typeName":"MOBILE","width":0,"wifiScan":["MERCURY_6486a8,14:60:80:91:78:dd,[WPA-PSK-CCMP][WPA2-PSK-CCMP][ESS],-58,2437,505451735","Tenda_e265a7,00:23:c9:a2:0c:61,[WPA-PSK-CCMP][WPA2-PSK-CCMP][ESS],-57,2462,2505438438","Tenda_ed0548,d8:15:0d:8b:41:a2,[WPA2-PSK-CCMP][WPS][ESS],-93,2437,240791215","PHICOMM_65a8db,00:23:c9:a2:07:ed,[WPA-PSK-CCMP][WPA2-PSK-CCMP][ESS],-95,2437,199224150","MERCURY_bfd21d,50:bd:5f:71:f5:8a,[WPA-PSK-CCMP][WPA2-PSK-CCMP][WPS][ESS],-79,2437,500928034"]}