{"BSSID":"77:3c:78:5f:96:15","IpAddress":"192.168.55.101","P2p0Mac":"42:4b:7d:4f:04:c2","SSID":"Netcore_7b87a9","androidId":"fd02508f15fe91c3","batteryLevel":41,"btAddress":"34:bf:89:89:ff:51","btName":"2014811","buildAbi":"armeabi-v7a","buildAbi2":"armeabi","buildBoard":"angler","buildBrand":"Xiaomi","buildCodename":"REL","buildDescription":"2014811-user 5.0 LRX21M 4da196bb release-keys","buildDevice":"HM2014811","buildFingerprint":"Xiaomi/2014811/HM2014811:5.0/LRX21M/4da196bb:user/release-keys","buildHardware":"qcom","buildHost":"wcc-miui-ota-bd07.bj","buildId":"LRX21M","buildIncremental":"4da196bb","buildManufacturer":"Xiaomi","buildModel":"2014811","buildName":"Xiaomi","buildProduct":"2014811","buildRadioVersion":"wrfmfbyfpreeyhqh","buildRelease":"5.0","buildSdk":"21","buildSerialno":"0007a755","buildTags":"release-keys","buildType":"user","buildUser":"jenkins","buildUtc":1479889973030,"cellScan":["33312,20783","61715,46271","33312,21643","1821,45265","61715,27645"],"ci":45265,"contacts":["奶奶,15905062456","姑妈,15601866611","外婆,15300273488","外公,15203530849","舅舅,15902888132","舅妈,15005492058","姨父,13002248735","姨娘,13490874185","亲爱的,18007274732","老弟,15803516903","老妹,13506665777","小明,15206982547","小李子,18805604241","水景奇,18001202640","Lucille Berry,18005746217","苏礼利,15508628657","华伊力,13901881458","苗羡力,18902928214","Diane Long,13306913319","符烈绣,13805685134","王星,13307196578","李畏,15102396271","Jack Woods,15905084346","堪木时,13902171382","李康,18706757762","杨骥景,13702121208","Alicia Cox,13707867549","任似茂,15306736548","韦卿锐,15002481623","席耕保,13500524784","Audrey Reynolds,13702771465","吴声璇,13405880291","长孙茂悠,13304227053","曹珂平,13406567483","Chad Gonzales,15908731321","王霖,14703001814","孔野思,13206766018","熊璞宇,15000510184","Randy Hall,13402747971","储宽桂,13705866355","吕良麟,15102707235","王古静,18904027640","Travis Black,18003858517"],"cpuName":"Qualcomm Technologies, Inc MSM8916","densityDpi":560,"deviceId":"867604699508256","deviceSvn":"46","displayId":"2014811-user 5.0 LRX21M 4da196bb release-keys","extraInfo":"Netcore_7b87a9","height":0,"hidePkgs":[],"hmNotes":"","hookPkgs":[],"lac":1821,"latitude":30.424682,"line1Number":"18328729455","longitude":104.1693177,"macAddress":"35:43:8f:9d:e2:cf","memAvailable":31370207,"memFree":62740414,"memTotal":94110621,"mnc":"00","networkClass":2,"networkCountryIso":"cn","networkOperator":"46002","networkOperatorName":"中国移动","networkType":17,"networkTypeName":"TD_SCDMA","phoneType":1,"rgAndroid":"23","rgAreaode":"86","rgConNames":["上善若水","刁虎超"],"rgConsize":"2","rgCountry":"中国","rgDevice":"xiaomiRedmi 4X","rgIp":"119.4.255.162","rgLastLogin":1516243930190,"rgLocation":"四川省成都市 联通","rgNetType":"切换飞行模式","rgOrPhone":"18328729455","rgPhoneNo":"18328729455","rgServer":"飞行模式切换","rgTime":1515816585779,"rgVcode":"玉米(发码)","rgVersion":"1.6.0","rgWxEmail":"未绑定","rgWxError":"该微信帐号因批量或者使用非法软件注册被限制登录，如需继续使用，请轻触“确定”申请解除限制。","rgWxId":"wxid_e21g6mcm5pqf22","rgWxName":"刁虎超","rgWxNo":"未设置","rgWxPasswd":"Rmst@7890","rgWxQQ":"未绑定","rgWxStatus":"异常","rgWxWindows":"否","serialno":"0007a755","simCountryIso":"cn","simOperator":"46002","simOperatorName":"中国移动","simSerialNumber":"8986002095474331195","simState":5,"subscriberId":"460022214475577","type":1,"typeName":"WIFI","width":0,"wifiScan":["Tenda_0ed043,9c:28:ef:66:03:f4,[WPA2-PSK-CCMP][ESS],-82,2412,471845925","Netcore_b8db87,70:a8:e3:d2:1a:d0,[WPA2-PSK-CCMP][WPS][ESS],-72,2462,1925528567","MERCURY_e1e58d,54:be:53:33:03:13,[WPA-PSK-CCMP][WPA2-PSK-CCMP][WPS][ESS],-94,2412,769434169","Netcore_b0fcbf,64:88:ff:db:84:6e,[WPA2-PSK-CCMP][ESS],-93,2462,415608608","FAST_6a9697,38:d8:2f:aa:5e:cf,[WPA2-PSK-CCMP][WPS][ESS],-86,2412,2119729079"]}