{"BSSID":"21:e1:fc:ba:fe:ba","IpAddress":"10.99.65.177","P2p0Mac":"5b:d8:c2:47:20:6b","SSID":"FAST_32f264","androidId":"e3e8f06334c05148","batteryLevel":57,"btAddress":"bb:81:82:d4:b0:4a","btName":"HM NOTE 1S","buildAbi":"armeabi-v7a","buildAbi2":"armeabi","buildBoard":"encore","buildBrand":"Xiaomi","buildCodename":"REL","buildDescription":"gucci-user 7.0.0 NRD90M 14fb7fc4 release-keys","buildDevice":"gucci","buildFingerprint":"Xiaomi/HM NOTE 1S/gucci:7.0.0/NRD90M/14fb7fc4:user/release-keys","buildHardware":"qcom","buildHost":"mz-buider-2","buildId":"NRD90M","buildIncremental":"14fb7fc4","buildManufacturer":"Xiaomi","buildModel":"HM NOTE 1S","buildName":"Xiaomi","buildProduct":"gucci","buildRadioVersion":"ukyfuskvsbvjmqd","buildRelease":"7.0.0","buildSdk":"24","buildSerialno":"f16dc58e","buildTags":"release-keys","buildType":"user","buildUser":"builder","buildUtc":1462729615417,"cellScan":["33256,33167107","42330,173565233","33188,122781217","61765,171247349","33191,122886945"],"ci":173565233,"contacts":["奶奶,13107872855","姑妈,13500726368","外婆,18602553994","外公,13502288945","舅舅,15608656381","舅妈,13405143392","姨父,13490136123","姨娘,15606511461","亲爱的,13908633121","老弟,15300414185","老妹,18008455016","小明,13004890502","小李子,15205654781","王茜,13108340113","Tommy Wilson,18600108875","李茜介,13490657296","王宇让,15801580619","狄兴盈,15104910223","Carrie Stephens,15804302983","王如菁,18702120293","富古筱,15101317750","田炫荃,15602040779","Tiffany Gray,13105606432","李权,13004183236","杨仙,15602942063","杨倩锐,13008073263","Katherine Peters,13200611659","李密胤,15604515343","陈渠异,15204738437","杨洋廉,13301135914","Rose Morales,18002475932","吴超,15202140160","张图,13003787858","何麟瑕,15307778847","Joanne Harris,18000684501","邵若倩,15706335762","吉守津,14703158978","高勇玺,18001098259","Cindy Perry,13305337603","蓝怒昆,18006401129","倪奇石,15700360678"],"cpuName":"Qualcomm Technologies, Inc MSM8916","densityDpi":480,"deviceId":"865593597691045","deviceSvn":"64","displayId":"gucci-user 7.0.0 NRD90M 14fb7fc4 release-keys","extraInfo":"3gnet","height":0,"hidePkgs":[],"hmNotes":"","hookPkgs":[],"lac":42330,"latitude":30.4476227,"line1Number":"18380360234","longitude":104.375058,"macAddress":"5b:43:06:8c:da:b1","memAvailable":128961905,"memFree":386885717,"memTotal":515847622,"mnc":"00","networkClass":3,"networkCountryIso":"cn","networkOperator":"46002","networkOperatorName":"中国移动","networkType":13,"networkTypeName":"LTE","phoneType":1,"rgAndroid":"23","rgAreaode":"86","rgConNames":["上善若水","樊团妙"],"rgConsize":"2","rgCountry":"中国","rgDevice":"xiaomiRedmi 4X","rgIp":"119.4.255.57","rgLastLogin":1516108149079,"rgLocation":"四川省成都市 联通","rgNetType":"切换飞行模式","rgOrPhone":"18380360234","rgPhoneNo":"18380360234","rgServer":"飞行模式切换","rgTime":1515835875939,"rgVcode":"玉米(发码)","rgVersion":"1.6.0","rgWxEmail":"未绑定","rgWxError":"帐号状态异常，本次登录已失效。请尝试重新登录，并根据弹窗提示操作。","rgWxId":"wxid_qykx9cpghvkj22","rgWxName":"樊团妙","rgWxNo":"未设置","rgWxPasswd":"Rmst@7890","rgWxQQ":"未绑定","rgWxStatus":"异常","rgWxWindows":"否","serialno":"f16dc58e","simCountryIso":"cn","simOperator":"46002","simOperatorName":"中国移动","simSerialNumber":"8986029382155559695","simState":5,"subscriberId":"460022910237881","type":0,"typeName":"MOBILE","width":0,"wifiScan":["TP-LINK_b9c0f3,a8:57:4e:75:b9:f4,[WPA-PSK-CCMP][WPA2-PSK-CCMP][ESS],-78,2462,408549499","TP-LINK_14376b,ec:38:8f:be:fe:98,[WPA2-PSK-CCMP][WPS][ESS],-75,2412,3159636276","FAST_7a75a7,f4:ee:14:13:94:be,[WPA-PSK-CCMP][WPA2-PSK-CCMP][ESS],-83,2412,444955043","MERCURY_bed205,ac:d1:b8:11:94:45,[WPA2-PSK-CCMP][ESS],-86,2437,300347629","FAST_0c0f21,a8:ca:7b:35:5e:44,[WPA2-PSK-CCMP][WPS][ESS],-74,2462,2214232764"]}