{"BSSID":"f9:4f:a5:52:c4:37","IpAddress":"10.55.37.214","P2p0Mac":"c1:1b:45:30:89:ce","SSID":"TP-LINK_ecf4","androidId":"301e70246ed3badc","batteryLevel":58,"btAddress":"09:0c:b9:62:f3:99","btName":"X5","buildAbi":"armeabi-v7a","buildAbi2":"armeabi","buildBoard":"p760","buildBrand":"vivo","buildCodename":"REL","buildDescription":"X5-user 5.0 LRX21M 7d778452 release-keys","buildDevice":"X5","buildFingerprint":"vivo/X5/X5:5.0/LRX21M/7d778452:user/release-keys","buildHardware":"qcom","buildHost":"bs189","buildId":"LRX21M","buildIncremental":"7d778452","buildManufacturer":"vivo","buildModel":"X5","buildName":"vivo","buildProduct":"X5","buildRadioVersion":"bawzstesxdxb","buildRelease":"5.0","buildSdk":"21","buildSerialno":"40739f2e","buildTags":"release-keys","buildType":"user","buildUser":"Server","buildUtc":1474778136869,"cellScan":["33061,1282","33034,49464","33061,96990848","33061,96990850","33061,96990849"],"ci":1282,"contacts":["奶奶,13705384614","姑妈,13805110564","外婆,14708102579","外公,13506773730","舅舅,15102353073","舅妈,13804546236","姨父,15302544291","姨娘,18802605247","亲爱的,13608811371","老弟,18600577588","老妹,15004595895","小明,13902457788","小李子,15503497650","甄如木,13503053187","Gordon Gomez,13508250110","王厚,15904998562","杨桐,13701925820","贺朔介,15706704997","Annie Brown,14706716875","于羡,15804798730","郎腾英,15800053605","田童书,13506147451","Renee Baker,13908140122","惠菁世,13490872264","咎儒乾,15100508002","吴学律,13404230413","Jason Ramirez,15105341848","齐英情,15908450854","祖炫砚,13490729741","舒阳迅,18005516056","Dawn Spencer,13303902058","皮恺扬,15803157139","窦仙颖,18604016991","骆寅翔,15207053289","Lawrence Daniels,15008744075","于节任,14702541497","杨协明,18008200914","窦木惠,15501964826","Lewis Owens,13103110211","张锐,18708335620","张薇江,15104973388"],"cpuName":"MT6592","densityDpi":320,"deviceId":"860065836392011","deviceSvn":"21","displayId":"X5-user 5.0 LRX21M 7d778452 release-keys","extraInfo":"3gnet","height":0,"hidePkgs":[],"hmNotes":"","hookPkgs":[],"lac":33061,"latitude":30.7352105,"line1Number":"18380361048","longitude":104.3305909,"macAddress":"20:e2:5b:bc:73:ee","memAvailable":23514974,"memFree":70544925,"memTotal":94059899,"mnc":"00","networkClass":2,"networkCountryIso":"cn","networkOperator":"46007","networkOperatorName":"中国移动","networkType":8,"networkTypeName":"HSDPA","phoneType":1,"rgAndroid":"23","rgAreaode":"86","rgConNames":["包苡会","上善若水"],"rgConsize":"2","rgCountry":"中国","rgDevice":"xiaomiRedmi 4X","rgIp":"101.206.167.254","rgLastLogin":1516876695282,"rgLocation":"四川省 联通","rgNetType":"切换飞行模式","rgOrPhone":"18380361048","rgPhoneNo":"18380361048","rgServer":"飞行模式切换","rgTime":1515822373120,"rgVcode":"玉米(发码)","rgVersion":"1.6.0","rgWxEmail":"未绑定","rgWxError":"","rgWxId":"wxid_5isefhg45hh222","rgWxName":"包苡会","rgWxNo":"未设置","rgWxPasswd":"Rmst@7890","rgWxQQ":"未绑定","rgWxStatus":"存活","rgWxWindows":"否","serialno":"40739f2e","simCountryIso":"cn","simOperator":"46007","simOperatorName":"中国移动","simSerialNumber":"8986001695760398989","simState":5,"subscriberId":"460071795098121","type":0,"typeName":"MOBILE","width":0,"wifiScan":["Netcore_67baeb,00:23:c9:93:5d:1f,[WPA-PSK-CCMP][WPA2-PSK-CCMP][ESS],-94,2412,3206331513","Netcore_042fe1,d8:15:0d:84:1a:18,[WPA2-PSK-CCMP][ESS],-78,2447,353433592","Netcore_475a9d,c0:61:18:71:a9:9a,[WPA-PSK-CCMP][WPA2-PSK-CCMP][WPS][ESS],-76,2437,3695635889","Netcore_b8dbf3,64:3a:b1:78:42:d2,[WPA2-PSK-CCMP][WPS][ESS],-78,2437,381604905","FAST_e26598,20:dc:e6:87:1e:9e,[WPA2-PSK-CCMP][WPS][ESS],-67,2462,295363707"]}