{"BSSID":"8f:9d:f0:e3:1c:b3","IpAddress":"10.71.23.210","P2p0Mac":"ae:91:86:8a:f9:63","SSID":"MERCURY_87ae","androidId":"0ea7ad600bd4eec4","batteryLevel":57,"btAddress":"69:95:37:0b:8f:43","btName":"vivo X9","buildAbi":"armeabi-v7a","buildAbi2":"armeabi","buildBoard":"AWIFI","buildBrand":"vivo","buildCodename":"REL","buildDescription":"PD1616-user 5.1.1 LMY48G 8c7f651c release-keys","buildDevice":"PD1616","buildFingerprint":"vivo/vivo X9/PD1616:5.1.1/LMY48G/8c7f651c:user/release-keys","buildHardware":"qcom","buildHost":"qh-miui-ota-bd54","buildId":"LMY48G","buildIncremental":"8c7f651c","buildManufacturer":"vivo","buildModel":"vivo X9","buildName":"vivo","buildProduct":"PD1616","buildRadioVersion":"djeuqbesozzl","buildRelease":"5.1.1","buildSdk":"22","buildSerialno":"7961d2b0","buildTags":"release-keys","buildType":"user","buildUser":"buildHost","buildUtc":1466373867686,"cellScan":["61729,4076","61729,169980440","32907,36771","32907,27184","32907,134530054"],"ci":134530054,"contacts":["奶奶,18707712900","姑妈,18006728953","外婆,13490668705","外公,15806646869","舅舅,15300995641","舅妈,15200022120","姨父,13902921285","姨娘,13107333266","亲爱的,13905206828","老弟,13907006753","老妹,15706595273","小明,15107594084","小李子,13205840269","经进倩,15302807407","Thelma Burns,18903361261","于文,15206991200","杨三,15800205803","宣玺遇,13900294303","Marion Mason,13800357958","张然,18807941347","阮佩烈,13806787344","吴义雅,13490720473","Anita Brooks,15305611928","弓罗添,15707007305","虞嘉勋,18807488692","李如荃,15306750741","Shannon Jones,18004593386","贲炎群,15706944040","杨轩,18002943428","凤惠同,18703982159","Gladys Austin,18701972194","余景,18707002527","羿声骥,13806910020","陈许雅,15005753460","Michele Porter,15804453401","秦为君,14700992919","张兴亚,15708277264","杜向绵,15805125560","Renee Daniels,15800076700","邢麟友,18803633574","杨桐,15200195911","岑印勇,13500662165","Vanessa Wells,13806151289","李玮如,15700511100","张联,15602938608","林静保,13490447678","Vanessa Elliott,15304561319","王康国,13105234576","王稼,15000904148","王年为,15702198200","Laura Robinson,15701777784","武驹雷,15108698887"],"cpuName":"Qualcomm Technologies, Inc MSM8953","densityDpi":320,"deviceId":"862032092929447","deviceSvn":"46","displayId":"PD1616-user 5.1.1 LMY48G 8c7f651c release-keys","extraInfo":"cmnet","height":0,"hidePkgs":[],"hmNotes":"","hookPkgs":[],"lac":32907,"latitude":30.6520231,"line1Number":"15198150403","longitude":103.8192938,"macAddress":"a0:1c:e0:3a:b9:7c","memAvailable":31418781,"memFree":62837564,"memTotal":94256345,"mnc":"00","networkClass":3,"networkCountryIso":"cn","networkOperator":"46000","networkOperatorName":"中国移动","networkType":13,"networkTypeName":"LTE","phoneType":1,"rgAndroid":"23","rgAreaode":"86","rgConNames":["上善若水","邵奇珂"],"rgConsize":"2","rgCountry":"中国","rgDevice":"xiaomiRedmi 4X","rgIp":"119.4.255.248","rgLastLogin":1516421302438,"rgLocation":"四川省成都市 联通","rgNetType":"切换飞行模式","rgOrPhone":"15198150403","rgPhoneNo":"15198150403","rgServer":"飞行模式切换","rgTime":1516178629249,"rgVcode":"玉米(发码)","rgVersion":"1.6.3","rgWxEmail":"未绑定","rgWxError":"该微信帐号因批量或者使用非法软件注册被限制登录，如需继续使用，请轻触“确定”申请解除限制。","rgWxId":"wxid_ev3rxdjvppxu22","rgWxName":"邵奇珂","rgWxNo":"未设置","rgWxPasswd":"Rmst@7890","rgWxQQ":"未绑定","rgWxStatus":"异常","rgWxWindows":"否","serialno":"7961d2b0","simCountryIso":"cn","simOperator":"46000","simOperatorName":"中国移动","simSerialNumber":"8986005087601690460","simState":5,"subscriberId":"460002645474053","type":0,"typeName":"MOBILE","width":0,"wifiScan":["Netcore_59eb8c,6c:e8:73:52:01:2a,[WPA2-PSK-CCMP][ESS],-77,2412,321335436","MERCURY_7275a8,50:bd:5f:b9:85:6e,[WPA-PSK-CCMP][WPA2-PSK-CCMP][ESS],-50,2412,505990454","MERCURY_7bafd0,4c:ac:0a:32:ea:08,[WPA-PSK-CCMP][WPA2-PSK-CCMP][WPS][ESS],-82,2412,338872990","Netcore_9d9ec1,64:d9:54:b3:ac:7b,[WPA2-PSK-CCMP][ESS],-93,2462,3511627653","MERCURY_f37630,44:97:5a:b6:3b:84,[WPA-PSK-CCMP][WPA2-PSK-CCMP][WPS][ESS],-83,2437,3304534015"]}