{"BSSID":"44:ef:9d:9f:92:2e","IpAddress":"10.72.81.174","P2p0Mac":"f7:16:e2:ad:ec:b7","SSID":"ChainaNet_5964","androidId":"03900ce640064109","batteryLevel":53,"btAddress":"ae:06:e1:0c:b2:9f","btName":"OPPO A59s","buildAbi":"armeabi-v7a","buildAbi2":"armeabi","buildBoard":"MAKO","buildBrand":"OPPO","buildCodename":"REL","buildDescription":"A59-user 5.0 LRX21M 2a952b26 release-keys","buildDevice":"A59","buildFingerprint":"OPPO/OPPO A59s/A59:5.0/LRX21M/2a952b26:user/release-keys","buildHardware":"qcom","buildHost":"SEP-68","buildId":"LRX21M","buildIncremental":"2a952b26","buildManufacturer":"OPPO","buildModel":"OPPO A59s","buildName":"OPPO","buildProduct":"A59","buildRadioVersion":"zkvfmfnwubovwv","buildRelease":"5.0","buildSdk":"21","buildSerialno":"fe90fd63","buildTags":"release-keys","buildType":"user","buildUser":"lgmobile","buildUtc":1497397605177,"cellScan":["32813,97402498","61726,62715","32819,53812","39937,163983409","32819,58902"],"ci":53812,"contacts":["奶奶,18700222404","姑妈,13803052070","外婆,13303956596","外公,15305347695","舅舅,13505786866","舅妈,18700933746","姨父,13203386731","姨娘,13704364075","亲爱的,15802491016","老弟,14701173265","老妹,15801257426","小明,18703665179","小李子,13504692178","杨怡况,15701070166","Sheila Myers,18808151697","吴新扬,13803660952","包衔威,15506841774","汪炬仁,18008848904","Joel Stone,18906038306","王陵秀,13303364853","华仪魁,13490871583","杨玉,13206906013","Charles Reyes,15604993542","栾杏随,15008670902","司徒毅献,15000187252","牧力宫,13007074241","Debbie Ortiz,13105102598","李兴,13206414519","陈珀,18600032864","滕洋杭,15808740541","Danielle Nichols,15104074421","凌延介,13490009354","何隆立,13205560069","祁业亚,18802522111","Marion Campbell,15705353626","凌敬鑫,14701105559","杨双,15006026608","元会佳,13806043959","Matthew Thompson,13700810669","刁然礼,18608315656"],"cpuName":"MT6750","densityDpi":240,"deviceId":"867545688424205","deviceSvn":"22","displayId":"A59-user 5.0 LRX21M 2a952b26 release-keys","extraInfo":"ctlte","height":0,"hidePkgs":[],"hmNotes":"","hookPkgs":[],"lac":32819,"latitude":30.511315,"line1Number":"15198170864","longitude":104.2581937,"macAddress":"95:af:32:ff:01:89","memAvailable":51251706,"memFree":153755120,"memTotal":205006826,"mnc":"00","networkClass":3,"networkCountryIso":"cn","networkOperator":"46000","networkOperatorName":"中国移动","networkType":13,"networkTypeName":"LTE","phoneType":1,"rgAndroid":"23","rgAreaode":"86","rgConNames":["上善若水","王涂瑜"],"rgConsize":"2","rgCountry":"中国","rgDevice":"xiaomiRedmi 4X","rgIp":"101.206.167.139","rgLastLogin":1516421347850,"rgLocation":"四川省 联通","rgNetType":"切换飞行模式","rgOrPhone":"15198170864","rgPhoneNo":"15198170864","rgServer":"飞行模式切换","rgTime":1516182266594,"rgVcode":"玉米(发码)","rgVersion":"1.6.3","rgWxEmail":"未绑定","rgWxError":"该微信帐号因批量或者使用非法软件注册被限制登录，如需继续使用，请轻触“确定”申请解除限制。","rgWxId":"wxid_y4c3rgex7aok22","rgWxName":"王涂瑜","rgWxNo":"未设置","rgWxPasswd":"Rmst@7890","rgWxQQ":"未绑定","rgWxStatus":"异常","rgWxWindows":"否","serialno":"fe90fd63","simCountryIso":"cn","simOperator":"46000","simOperatorName":"中国移动","simSerialNumber":"8986023773875527218","simState":5,"subscriberId":"460002200879845","type":0,"typeName":"MOBILE","width":0,"wifiScan":["iTV-38ba,28:2c:b2:ef:b0:46,[WPA2-PSK-CCMP][ESS],-84,2472,487010753","FAST_1dc104,bc:46:99:27:c9:fa,[WPA-PSK-CCMP][WPA2-PSK-CCMP][WPS][ESS],-62,2412,661038080","Netcore_f21548,a4:7e:39:2c:c0:93,[WPA-PSK-CCMP][WPA2-PSK-CCMP][WPS][ESS],-79,2437,491032925","Tenda_598587,34:00:a3:28:ef:1c,[WPA2-PSK-CCMP][WPS][ESS],-64,2412,310818041","FAST_b75a8d,e4:d3:32:22:ae:08,[WPA-PSK-CCMP][WPA2-PSK-CCMP][ESS],-85,2462,1365735895"]}