{"BSSID":"71:2a:f5:c4:6e:88","IpAddress":"10.31.95.237","P2p0Mac":"f1:72:42:17:31:47","SSID":"MERCURY_d1fcae","androidId":"d205271c9abcbdfa","batteryLevel":30,"btAddress":"7d:9f:1e:08:cf:4e","btName":"m3 note","buildAbi":"armeabi-v7a","buildAbi2":"armeabi","buildBoard":"p3","buildBrand":"Meizu","buildCodename":"REL","buildDescription":"m3note-user 5.1.1 LMY48G c8e37c4a release-keys","buildDevice":"m3note","buildFingerprint":"Meizu/m3 note/m3note:5.1.1/LMY48G/c8e37c4a:user/release-keys","buildHardware":"qcom","buildHost":"LGEACI2R5","buildId":"LMY48G","buildIncremental":"c8e37c4a","buildManufacturer":"Meizu","buildModel":"m3 note","buildName":"Meizu","buildProduct":"m3note","buildRadioVersion":"nbaxvgtzsf","buildRelease":"5.1.1","buildSdk":"22","buildSerialno":"c71ff747","buildTags":"release-keys","buildType":"user","buildUser":"jenkins","buildUtc":1478657689568,"cellScan":["61710,168800351","61710,168757324","61711,168740125","33071,32992","61711,168725116"],"ci":32992,"contacts":["奶奶,18808352102","姑妈,13203756798","外婆,14700718822","外公,15607075620","舅舅,15903991634","舅妈,18605843900","姨父,13304137371","姨娘,15902481788","亲爱的,15005254501","老弟,13905288096","老妹,18605392822","小明,15201872274","小李子,13003470911","陈瑛翔,15608034483","Dennis Hall,15608385865","石为生,13700712383","阮硕魄,13703140893","王盈,13302053214","Jack Parker,18901666586","汤松彤,18807828832","钭设易,14701945430","仇熙杏,15604706493","Wayne Wagner,18607163434","孙明,13808214280","邓祥贵,13107491773","伍蔚驹,18607177321","Leonard Hayes,13001874230","余伊卿,18902081491","于明佩,15806820507","杨贺,18006641158","Warren Lane,18007200810","余献,18607098821","邱佳红,13002427913","张添,15704558669","Cathy Thomas,14705653917","顾景绵,13808206936","廉年雍,13101291623","王厚,13902093710","Joann King,13600555853","谈王宇,13207530877","席谷情,15704479060","吴珀龙,15005424147","Joanne White,15200061067","李元,13200672190","富梦王,18700507283","杨野秋,14703007713","Andrew Jordan,18708363098","李立郁,15007416197","苏兴腾,15901294229","沈华罗,18606742098","Albert Williams,18604233026","王钰锦,13708117372"],"cpuName":"MT6750","densityDpi":320,"deviceId":"860495211144275","deviceSvn":"74","displayId":"m3note-user 5.1.1 LMY48G c8e37c4a release-keys","extraInfo":"ctlte","height":0,"hidePkgs":[],"hmNotes":"","hookPkgs":[],"lac":33071,"latitude":30.708619,"line1Number":"15708412961","longitude":104.0068388,"macAddress":"9c:a2:e7:85:02:3b","memAvailable":129100123,"memFree":387300372,"memTotal":516400495,"mnc":"00","networkClass":2,"networkCountryIso":"cn","networkOperator":"46007","networkOperatorName":"中国移动","networkType":17,"networkTypeName":"TD_SCDMA","phoneType":1,"rgAndroid":"23","rgAreaode":"86","rgConNames":["上善若水","殷仁秀"],"rgConsize":"2","rgCountry":"中国","rgDevice":"xiaomiRedmi 4X","rgIp":"119.4.252.175","rgLastLogin":1516421214537,"rgLocation":"四川省成都市 联通","rgNetType":"切换飞行模式","rgOrPhone":"15708412961","rgPhoneNo":"15708412961","rgServer":"飞行模式切换","rgTime":1516173652750,"rgVcode":"玉米(发码)","rgVersion":"1.6.3","rgWxEmail":"未绑定","rgWxError":"该微信帐号因批量或者使用非法软件注册被限制登录，如需继续使用，请轻触“确定”申请解除限制。","rgWxId":"wxid_7aelzwqo7y5q22","rgWxName":"殷仁秀","rgWxNo":"未设置","rgWxPasswd":"Rmst@7890","rgWxQQ":"未绑定","rgWxStatus":"异常","rgWxWindows":"否","serialno":"c71ff747","simCountryIso":"cn","simOperator":"46007","simOperatorName":"中国移动","simSerialNumber":"8986008238883852999","simState":5,"subscriberId":"460071161773973","type":0,"typeName":"MOBILE","width":0,"wifiScan":["iTV-b8cc,fc:d7:33:d4:24:50,[WPA2-PSK-CCMP][WPS][ESS],-90,2437,315129934","Tenda_fd3164,14:cf:92:14:f6:c4,[WPA2-PSK-CCMP][ESS],-56,2412,316629360","TP-LINK_9edb77,78:a1:06:5a:6f:8a,[WPA2-PSK-CCMP][WPS][ESS],-77,2412,2240133096","Tenda_2fdd10,3c:46:d8:00:48:11,[WPA-PSK-CCMP][WPA2-PSK-CCMP][WPS][ESS],-90,2412,609735392","TP-LINK_febbfe,bc:46:99:f9:c7:4e,[WPA2-PSK-CCMP][ESS],-56,2442,3720133178"]}