{"BSSID":"c3:b2:06:aa:a0:29","IpAddress":"10.7.58.13","P2p0Mac":"54:50:13:cf:78:fe","SSID":"TP-LINK_20d0f3","androidId":"368092c0ec18c39f","batteryLevel":82,"btAddress":"8f:4e:73:87:cb:e0","btName":"GT-I9158P","buildAbi":"armeabi-v7a","buildAbi2":"armeabi","buildBoard":"e610","buildBrand":"samsung","buildCodename":"REL","buildDescription":"GT-I9158P-user 6.0.1 MMB29T bfe38fc8 release-keys","buildDevice":"GT-I9158P","buildFingerprint":"samsung/GT-I9158P/GT-I9158P:6.0.1/MMB29T/bfe38fc8:user/release-keys","buildHardware":"qcom","buildHost":"taishan","buildId":"MMB29T","buildIncremental":"bfe38fc8","buildManufacturer":"samsung","buildModel":"GT-I9158P","buildName":"samsung","buildProduct":"GT-I9158P","buildRadioVersion":"vbkhdnqiaknwpdwtp","buildRelease":"6.0.1","buildSdk":"23","buildSerialno":"29539a98","buildTags":"release-keys","buildType":"user","buildUser":"Server","buildUtc":1506994356166,"cellScan":["33061,58033","33061,58061","33024,139924226","33024,15915","33061,15915"],"ci":15915,"contacts":["奶奶,15007746786","姑妈,15506600511","外婆,13908240854","外公,18808654334","舅舅,13505871918","舅妈,15008361654","姨父,15904977610","姨娘,15906150592","亲爱的,15601546391","老弟,15502693815","老妹,13500566258","小明,13203558349","小李子,15908094268","邴珊向,15704355716","Edwin Evans,18804338431","李商静,15900148850","殷胜土,18805026738","李江,15501318803","Steve Green,13204224223","张异,13101450625","杜雅骥,15508265828","张仕,18902412717","Tony Moore,13490308574","李余,15104938628","贺雷启,13401641301","柯罗鑫,13801878924","Roberto Baker,13907948302","于乐,13503228425","余苡宽,18800931396","张怀驹,13006588209","Calvin Hunt,13203186733","孔瑟璞,18903880940","李灵,15804470915","吴佳良,15705266200","Roberta Robertson,15706653536","邢铁进,13502195204","李如岳,13307607367","于昆力,15701666150","Jason Owens,15708856997","王净,13490574716","支明奎,18905376086","卫津夏,18700352785","Gerald Wood,14705076451","麻畏群,15707056644","秦炎行,13490279203","杨行祥,15202865963","Chris Stewart,15204116286","熊宽雷,18904221541","余逸,15504501354"],"cpuName":"Qualcomm MSM 8226 (Flattened Device Tree)","densityDpi":480,"deviceId":"865509560220596","deviceSvn":"39","displayId":"GT-I9158P-user 6.0.1 MMB29T bfe38fc8 release-keys","extraInfo":"cmnet","height":0,"hidePkgs":[],"hmNotes":"","hookPkgs":[],"lac":33024,"latitude":30.7648202,"line1Number":"18215614423","longitude":104.2252303,"macAddress":"12:c6:0f:61:c4:15","memAvailable":68313540,"memFree":136627080,"memTotal":204940620,"mnc":"00","networkClass":1,"networkCountryIso":"cn","networkOperator":"46002","networkOperatorName":"中国移动","networkType":2,"networkTypeName":"EDGE","phoneType":1,"rgAndroid":"23","rgAreaode":"86","rgConNames":["上善若水","舒倩念"],"rgConsize":"2","rgCountry":"中国","rgDevice":"xiaomiRedmi 4X","rgIp":"119.4.254.252","rgLastLogin":1516421258361,"rgLocation":"四川省成都市 联通","rgNetType":"切换飞行模式","rgOrPhone":"18215614423","rgPhoneNo":"18215614423","rgServer":"飞行模式切换","rgTime":1516177060022,"rgVcode":"玉米(发码)","rgVersion":"1.6.3","rgWxEmail":"未绑定","rgWxError":"该微信帐号因批量或者使用非法软件注册被限制登录，如需继续使用，请轻触“确定”申请解除限制。","rgWxId":"wxid_3lwy0o8r8k8e22","rgWxName":"舒倩念","rgWxNo":"未设置","rgWxPasswd":"Rmst@7890","rgWxQQ":"未绑定","rgWxStatus":"异常","rgWxWindows":"否","serialno":"29539a98","simCountryIso":"cn","simOperator":"46002","simOperatorName":"中国移动","simSerialNumber":"8986023133215693503","simState":5,"subscriberId":"460025648951224","type":0,"typeName":"MOBILE","width":0,"wifiScan":["Netcore_20f326,08:10:79:9c:b3:a4,[WPA2-PSK-CCMP][WPS][ESS],-88,2442,1525231995","Tenda_155996,c0:61:18:92:d0:3e,[WPA-PSK-CCMP][WPA2-PSK-CCMP][WPS][ESS],-58,2417,217242630","PHICOMM_597733,f4:b8:a7:53:e3:83,[WPA2-PSK-CCMP][WPS][ESS],-95,2437,3201937641","FAST_953377,08:10:78:cb:a3:f2,[WPA2-PSK-CCMP][WPS][ESS],-77,2412,270308644","PHICOMM_65587c,a8:57:4e:db:14:9c,[WPA2-PSK-TKIP+CCMP][WPS][ESS],-87,2472,2806835561"]}