{"BSSID":"03:ed:95:e9:af:d4","IpAddress":"10.39.17.81","P2p0Mac":"b8:9f:14:3c:f7:b6","SSID":"FAST_aed9","androidId":"8b37a6315e3392cd","batteryLevel":88,"btAddress":"36:fd:b2:48:35:52","btName":"Xperia Z Ultra","buildAbi":"armeabi-v7a","buildAbi2":"armeabi","buildBoard":"shamu","buildBrand":"Sony","buildCodename":"REL","buildDescription":"Xperia Z Ultra-user 6.0.1 MMB29T 7616e8b5 release-keys","buildDevice":"Xperia Z Ultra","buildFingerprint":"Sony/Xperia Z Ultra/Xperia Z Ultra:6.0.1/MMB29T/7616e8b5:user/release-keys","buildHardware":"qcom","buildHost":"wcc-miui-ota-bd07.bj","buildId":"MMB29T","buildIncremental":"7616e8b5","buildManufacturer":"Sony","buildModel":"Xperia Z Ultra","buildName":"Sony","buildProduct":"Xperia Z Ultra","buildRadioVersion":"lksfpndh","buildRelease":"6.0.1","buildSdk":"23","buildSerialno":"e2dd9c07","buildTags":"release-keys","buildType":"user","buildUser":"Server","buildUtc":1466478720632,"cellScan":["33039,118652192","61699,168903634","61699,168051666","61713,168903634","61700,168051666"],"ci":118652192,"contacts":["奶奶,18904847124","姑妈,18004668304","外婆,13304815344","外公,15002423668","舅舅,13001362113","舅妈,18601113628","姨父,13807325541","姨娘,13606007888","亲爱的,13804165342","老弟,18804936324","老妹,15506871120","小明,13504612283","小李子,15701332015","章悠廉,14701165522","Julia Gomez,18801885612","宋土盈,15904516313","杨镜,18807413054","王毅相,14707210611","Holly Holmes,14702145670","姜书茜,13803833161","吴然,15201202242","吉西行,13490418599","Charlotte Nelson,13303293106","季骏绵,15306004036","王皓,18701558081","李怀嘉,15101201251","Matthew Gomez,15204715074","杨谷,15508537777","杨衔琦,13907871845","江立力,13503664853","Cynthia Martin,13600514652","张奇,18801810259","于硕宣,18901675185","仲欣梦,15100567221","Dana Washington,13402258880","杨砚,15006186272","经学畏,13490658521","杨桐威,13802404384","Zachary Warren,13802104460","王瑕琦,18700124972","滑耕倩,13605326244","粱可易,13403948640","Charlie Jordan,15000553470","谢勇保,15701227946","滑仪倩,13000112363"],"cpuName":"Qualcomm MSM8974","densityDpi":560,"deviceId":"864135850246397","deviceSvn":"39","displayId":"Xperia Z Ultra-user 6.0.1 MMB29T 7616e8b5 release-keys","extraInfo":"cmwap","height":0,"hidePkgs":[],"hmNotes":"","hookPkgs":[],"lac":33039,"latitude":30.9055961,"line1Number":"18224437132","longitude":103.9932987,"macAddress":"eb:6d:2e:f5:ac:e8","memAvailable":24018215,"memFree":72054646,"memTotal":96072861,"mnc":"00","networkClass":2,"networkCountryIso":"cn","networkOperator":"46002","networkOperatorName":"中国移动","networkType":17,"networkTypeName":"TD_SCDMA","phoneType":1,"rgAndroid":"23","rgAreaode":"86","rgConNames":[],"rgCountry":"中国","rgDevice":"xiaomiRedmi 4X","rgIp":"119.4.255.2","rgLastLogin":1516188867685,"rgLocation":"四川省成都市 联通","rgNetType":"切换飞行模式","rgOrPhone":"18224437132","rgPhoneNo":"18224437132","rgServer":"飞行模式切换","rgTime":1516179301649,"rgVcode":"玉米(发码)","rgVersion":"1.6.3","rgWxError":"帐号状态异常，本次登录已失效。请尝试重新登录，并根据弹窗提示操作。","rgWxName":"李雄稼","rgWxPasswd":"Rmst@7890","rgWxStatus":"异常","rgWxWindows":"否","serialno":"e2dd9c07","simCountryIso":"cn","simOperator":"46002","simOperatorName":"中国移动","simSerialNumber":"8986007258503841634","simState":5,"subscriberId":"460029018455505","type":0,"typeName":"MOBILE","width":0,"wifiScan":["FAST_cf21,d0:c7:c0:62:7c:d8,[WPA-PSK-CCMP][WPA2-PSK-CCMP][WPS][ESS],-72,2462,492123991","FAST_d20586,fc:dd:55:14:52:dd,[WPA2-PSK-CCMP][WPS][ESS],-90,2437,2217938572","MERCURY_5387a8,78:eb:14:63:7f:88,[WPA2-PSK-CCMP][WPS][ESS],-78,2412,413434173","Netcore_dbfe21,24:69:68:14:29:76,[WPA-PSK-CCMP][WPA2-PSK-CCMP][ESS],-61,2437,3341830067","iTV-f42f,14:75:90:ed:bc:14,[WPA2-PSK-CCMP][WPS][ESS],-76,2412,466443240"]}