{"BSSID":"fb:4c:c8:f6:d0:71","IpAddress":"192.168.92.51","P2p0Mac":"56:18:00:f7:62:69","SSID":"Netcore_6a8537","androidId":"f5fe47520d8e1ac1","batteryLevel":47,"btAddress":"ac:ea:96:8c:35:24","btName":"MX4","buildAbi":"armeabi-v7a","buildAbi2":"armeabi","buildBoard":"MAKO","buildBrand":"Meizu","buildCodename":"REL","buildDescription":"meizu_mx4-user 5.1.1 LMY48G 87da6f02 release-keys","buildDevice":"mx4","buildFingerprint":"Meizu/MX4/mx4:5.1.1/LMY48G/87da6f02:user/release-keys","buildHardware":"qcom","buildHost":"qh-miui-ota-bd51","buildId":"LMY48G","buildIncremental":"87da6f02","buildManufacturer":"Meizu","buildModel":"MX4","buildName":"Meizu","buildProduct":"meizu_mx4","buildRadioVersion":"ulurlscdbgylh","buildRelease":"5.1.1","buildSdk":"22","buildSerialno":"0b400f93","buildTags":"release-keys","buildType":"user","buildUser":"buildHost","buildUtc":1508703674923,"cellScan":["32779,10735","61722,168566224","32779,1795","65535,4935","61708,168565867"],"ci":168565867,"contacts":["奶奶,13201797061","姑妈,18707657416","外婆,15305648848","外公,15005123639","舅舅,13208205764","舅妈,15003138134","姨父,15701402470","姨娘,18907428640","亲爱的,13400680911","老弟,15605187455","老妹,13402385914","小明,15803008832","小李子,13602130089","臧河嗣,13004452024","Stephanie Hudson,15606481500","吴烈,15306095337","陈兴厚,15607947791","王木译,13105318014","Henry Mason,13108611749","徐进行,13804521623","诸微望,18901665496","司马让平,13308405238","June Stewart,13308320475","钟翰君,15903822486","杨雨行,13490614355","祖鹏界,13103035921","Craig Holmes,15502606136","齐贺铭,13490153787","杨嘉,18904890977","公孙西魁,14704917636","Louise Ellis,18806888278","刘怒甲,13200414740","李秀蔚,18707950964","李炎,18001053161","Jack Smith,18905754476","钱涂,18605068486","王军,15101393998","李松涂,13603746958","Patricia Pierce,13808425259","陈康轩,13408003032","贝驹效,13490151698","杨昆,14707550361","Randy Murray,18702005558","李为宣,18902066458","张珊,13404911524","梅土甲,13106617618","Katie Wallace,13002763843","张郁,13308347210"],"cpuName":"MT6595","densityDpi":480,"deviceId":"860248418478560","deviceSvn":"19","displayId":"meizu_mx4-user 5.1.1 LMY48G 87da6f02 release-keys","extraInfo":"Netcore_6a8537","height":0,"hidePkgs":[],"hmNotes":"","hookPkgs":[],"lac":61708,"latitude":30.5892947,"line1Number":"18224432575","longitude":103.9896252,"macAddress":"3c:42:24:3e:c3:0e","memAvailable":51177553,"memFree":153532662,"memTotal":204710215,"mnc":"00","networkClass":2,"networkCountryIso":"cn","networkOperator":"46000","networkOperatorName":"中国移动","networkType":8,"networkTypeName":"HSDPA","phoneType":1,"rgAndroid":"23","rgAreaode":"86","rgConNames":[],"rgCountry":"中国","rgDevice":"xiaomiRedmi 4X","rgIp":"119.4.254.93","rgLastLogin":1516188185750,"rgLocation":"四川省成都市 联通","rgNetType":"切换飞行模式","rgOrPhone":"18224432575","rgPhoneNo":"18224432575","rgServer":"飞行模式切换","rgTime":1516176060649,"rgVcode":"玉米(发码)","rgVersion":"1.6.3","rgWxError":"帐号状态异常，本次登录已失效。请尝试重新登录，并根据弹窗提示操作。","rgWxName":"李妙陵","rgWxPasswd":"Rmst@7890","rgWxStatus":"异常","rgWxWindows":"否","serialno":"0b400f93","simCountryIso":"cn","simOperator":"46000","simOperatorName":"中国移动","simSerialNumber":"8986008687021320045","simState":5,"subscriberId":"460003393940605","type":1,"typeName":"WIFI","width":0,"wifiScan":["PHICOMM_5fda9d,bc:d1:77:5d:8a:7c,[WPA-PSK-CCMP][WPA2-PSK-CCMP][ESS],-91,2437,1226326429","FAST_427a85,c8:e7:d8:0c:18:ba,[WPA2-PSK-CCMP][WPS][ESS],-83,2437,1964529641","FAST_6498,64:5d:92:a3:78:19,[WPA-PSK-CCMP][WPA2-PSK-CCMP][ESS],-80,2437,291946195","TP-LINK_10bafd,f0:b4:29:2e:9e:51,[WPA-PSK-CCMP][WPA2-PSK-CCMP][ESS],-77,2412,1226528292","Tenda_420548,00:36:76:59:fe:9b,[WPA-PSK-CCMP][WPA2-PSK-CCMP][WPS][ESS],-71,2462,194825057"]}