{"BSSID":"3a:a3:d1:4e:a8:7e","IpAddress":"192.168.10.98","P2p0Mac":"f0:8d:ed:a4:4d:4b","SSID":"MERCURY_0d1e25","androidId":"6e608476a80b5127","batteryLevel":88,"btAddress":"be:10:18:b3:53:c3","btName":"MI 5","buildAbi":"armeabi-v7a","buildAbi2":"armeabi","buildBoard":"APQ8084","buildBrand":"Xiaomi","buildCodename":"REL","buildDescription":"gemini-user 7.1.2 NMF26Q ce3cdcc4 release-keys","buildDevice":"gemini","buildFingerprint":"Xiaomi/MI 5/gemini:7.1.2/NMF26Q/ce3cdcc4:user/release-keys","buildHardware":"qcom","buildHost":"mz-buider-4","buildId":"NMF26Q","buildIncremental":"ce3cdcc4","buildManufacturer":"Xiaomi","buildModel":"MI 5","buildName":"Xiaomi","buildProduct":"gemini","buildRadioVersion":"phomaefcfbo","buildRelease":"7.1.2","buildSdk":"25","buildSerialno":"27947c5b","buildTags":"release-keys","buildType":"user","buildUser":"Server","buildUtc":1452931738796,"cellScan":["33034,26975","61731,170086342","61713,168906694","61713,168905153","33049,118165280"],"ci":168906694,"contacts":["奶奶,18002535713","姑妈,13402466954","外婆,13700096651","外公,15301613136","舅舅,18700202418","舅妈,13306442783","姨父,13004892987","姨娘,15503284149","亲爱的,13106608495","老弟,15206740304","老妹,15305437298","小明,15803398247","小李子,18800490827","花瑕孝,18804796319","Helen Turner,15702492567","李权,15507972416","于庞密,13405690067","张吉适,15302431208","Laurie Flores,15300898880","仇悠冠,13490407169","杨岁,15007765932","姚可心,13490075409","Russell Sanders,15302372415","滕乐炫,15507174353","杨烈寅,18605672492","吴节,13601146144","Yvonne Willis,13800185872","杨净,15004507117","于寿颂,13906842569","杨俊,15101857668","Rachel Robinson,15107200731","史虹尚,18003275121","张游,13002595456","王克,18907496173","Kristen Hawkins,13490798189","于夏厚,13304026287","吴节阳,13490653556","于立,15503284043","Danielle Griffin,13206116451","靳湘行,15002651106","朱怒,13490667764","詹鑫奇,18607274814","Esther Ford,15607681641","杨京谷,14702664744","应利禄,15004866034","杨朔雪,13506403900","Bernard Cunningham,13608278709"],"cpuName":"Qualcomm Technologies, Inc MSM8996","densityDpi":320,"deviceId":"861231950756618","deviceSvn":"16","displayId":"gemini-user 7.1.2 NMF26Q ce3cdcc4 release-keys","extraInfo":"MERCURY_0d1e25","height":0,"hidePkgs":[],"hmNotes":"","hookPkgs":[],"lac":61713,"latitude":30.811423,"line1Number":"18224443314","longitude":104.3036352,"macAddress":"0d:1c:91:30:1c:62","memAvailable":458401243,"memFree":1375203729,"memTotal":1833604972,"mnc":"00","networkClass":2,"networkCountryIso":"cn","networkOperator":"46000","networkOperatorName":"中国移动","networkType":8,"networkTypeName":"HSDPA","phoneType":1,"rgAndroid":"23","rgAreaode":"86","rgConNames":[],"rgCountry":"中国","rgDevice":"xiaomiRedmi 4X","rgIp":"101.206.167.40","rgLastLogin":1516187864129,"rgLocation":"四川省 联通","rgNetType":"切换飞行模式","rgOrPhone":"18224443314","rgPhoneNo":"18224443314","rgServer":"飞行模式切换","rgTime":1516168106535,"rgVcode":"玉米(发码)","rgVersion":"1.6.3","rgWxError":"帐号状态异常，本次登录已失效。请尝试重新登录，并根据弹窗提示操作。","rgWxName":"杨卿竞","rgWxPasswd":"Rmst@7890","rgWxStatus":"异常","rgWxWindows":"否","serialno":"27947c5b","simCountryIso":"cn","simOperator":"46000","simOperatorName":"中国移动","simSerialNumber":"8986021880075212417","simState":5,"subscriberId":"460005307662030","type":1,"typeName":"WIFI","width":0,"wifiScan":["PHICOMM_353879,f0:eb:d0:74:c8:f8,[WPA-PSK-CCMP][WPA2-PSK-CCMP][ESS],-73,2437,209740303","Tenda_87c9ec,f4:ee:14:59:1a:be,[WPA-PSK-CCMP][WPA2-PSK-CCMP][WPS][ESS],-95,2417,1882826544","Tenda_042761,c4:09:38:1b:5a:08,[WPA2-PSK-CCMP][WPS][ESS],-56,2447,394209463","FAST_17b76b,bc:c0:c0:00:87:6f,[WPA-PSK-CCMP][WPA2-PSK-CCMP][ESS],-95,2462,416853772","PHICOMM_10dc0d,bc:d1:77:fb:c9:c6,[WPA2-PSK-CCMP][ESS],-89,2412,504291867"]}