{"BSSID":"81:79:be:4e:80:ba","IpAddress":"192.168.40.207","P2p0Mac":"74:e9:de:a2:d0:10","SSID":"TP-LINK_f31547","androidId":"023a250b3af536a2","batteryLevel":42,"btAddress":"08:62:69:77:58:e4","btName":"LEX720","buildAbi":"armeabi-v7a","buildAbi2":"armeabi","buildBoard":"ovation","buildBrand":"LeEco","buildCodename":"REL","buildDescription":"ZL1_CN-user 6.0.1 MMB29T b9b61818 release-keys","buildDevice":"le_zl1","buildFingerprint":"LeEco/LEX720/le_zl1:6.0.1/MMB29T/b9b61818:user/release-keys","buildHardware":"qcom","buildHost":"shws40","buildId":"MMB29T","buildIncremental":"b9b61818","buildManufacturer":"LeMobile","buildModel":"LEX720","buildName":"LeEco","buildProduct":"ZL1_CN","buildRadioVersion":"qunguqsmh","buildRelease":"6.0.1","buildSdk":"23","buildSerialno":"844158ff","buildTags":"release-keys","buildType":"user","buildUser":"android","buildUtc":1452707218294,"cellScan":["33034,117556000","61699,19541","33055,30135","61699,24092","32846,134454022"],"ci":19541,"contacts":["奶奶,13501261146","姑妈,15002055421","外婆,15306365399","外公,13100200249","舅舅,18603570303","舅妈,13607540528","姨父,15604578326","姨娘,15104222003","亲爱的,18803747422","老弟,15000408385","老妹,13405967294","小明,15303827106","小李子,15102880024","杨若冠,15902076721","Betty Bennett,13400536993","应瑕永,13901244079","余明迅,13490107092","丁嵬经,14704465484","Phyllis Simpson,18802568801","王钰,15000344564","林况绣,15004703047","明夜梁,18007246972","Michele Austin,13301353700","强仪菁,18608646664","李玺保,13490385744","水广齐,13707807861","Micheal Lewis,13506090381","郑炬默,15303144200","贾静利,13601911846","李杏岩,18806184918","Clara Daniels,18801396895","陶寿校,13805034696","乐微珀,13490192365","邱红许,18600455611","Kimberly Daniels,18604404191","杨岳,15801683558","张权津,13607028759","李欣,13108704014","Manuel Griffin,13005432435","于韶烈,13603762409","尤群茂,18806667751","卫欢,15607645771","Bernice Russell,15605547261","应兴泰,18706141684","干筱楷,18007120976","王桂声,15701603449","Gloria Perry,18808667475","杨杭协,15103890020"],"cpuName":"Qualcomm Technologies, Inc MSM8996pro","densityDpi":480,"deviceId":"861324049324363","deviceSvn":"86","displayId":"ZL1_CN-user 6.0.1 MMB29T b9b61818 release-keys","extraInfo":"TP-LINK_f31547","height":0,"hidePkgs":[],"hmNotes":"","hookPkgs":[],"lac":61699,"latitude":30.6998738,"line1Number":"18280410297","longitude":104.0819506,"macAddress":"c7:73:4c:06:37:a2","memAvailable":129151558,"memFree":387454675,"memTotal":516606233,"mnc":"00","networkClass":1,"networkCountryIso":"cn","networkOperator":"46007","networkOperatorName":"中国移动","networkType":2,"networkTypeName":"EDGE","phoneType":1,"rgAndroid":"23","rgAreaode":"86","rgConNames":[],"rgCountry":"中国","rgDevice":"xiaomiRedmi 4X","rgIp":"119.4.252.225","rgLastLogin":1516189192823,"rgLocation":"四川省成都市 联通","rgNetType":"切换飞行模式","rgOrPhone":"18280410297","rgPhoneNo":"18280410297","rgServer":"飞行模式切换","rgTime":1516184994012,"rgVcode":"玉米(发码)","rgVersion":"1.6.3","rgWxError":"帐号状态异常，本次登录已失效。请尝试重新登录，并根据弹窗提示操作。","rgWxName":"吴仙宁","rgWxPasswd":"Rmst@7890","rgWxStatus":"异常","rgWxWindows":"否","serialno":"844158ff","simCountryIso":"cn","simOperator":"46007","simOperatorName":"中国移动","simSerialNumber":"8986004409679333204","simState":5,"subscriberId":"460073272541839","type":1,"typeName":"WIFI","width":0,"wifiScan":["TP-LINK_0e2153,1c:fa:68:3e:dc:9e,[WPA-PSK-CCMP][WPA2-PSK-CCMP][ESS],-92,2422,361643931","MERCURY_7c9eda,f0:eb:d0:8b:34:e9,[WPA2-PSK-CCMP][WPS][ESS],-59,2437,798333259","Netcore_429ed1,d8:15:0d:5f:3b:0e,[WPA-PSK-CCMP][WPA2-PSK-CCMP][ESS],-66,2462,1030431238","Tenda_275874,28:2c:b2:6d:ab:4a,[WPA2-PSK-CCMP][WPS][ESS],-89,2412,1839136908","FAST_6a6498,a8:57:4e:38:aa:9a,[WPA-PSK-CCMP][WPA2-PSK-CCMP][WPS][ESS],-86,2437,466035304"]}