{"BSSID":"5a:48:0b:0b:fd:7e","IpAddress":"192.168.42.27","P2p0Mac":"e2:b3:8e:59:16:6f","SSID":"Netcore_032f21","androidId":"32574d79821e4527","batteryLevel":59,"btAddress":"1e:ad:51:ba:d7:5d","btName":"HM NOTE 1TD","buildAbi":"armeabi-v7a","buildAbi2":"armeabi","buildBoard":"otterx","buildBrand":"Xiaomi","buildCodename":"REL","buildDescription":"lcsh92_wet_tdd-user 7.1.2 NMF26Q b161fc80 release-keys","buildDevice":"lcsh92_wet_tdd","buildFingerprint":"Xiaomi/HM NOTE 1TD/lcsh92_wet_tdd:7.1.2/NMF26Q/b161fc80:user/release-keys","buildHardware":"qcom","buildHost":"wcc-miui-ota-bd25","buildId":"NMF26Q","buildIncremental":"b161fc80","buildManufacturer":"Xiaomi","buildModel":"HM NOTE 1TD","buildName":"Xiaomi","buildProduct":"lcsh92_wet_tdd","buildRadioVersion":"fkdmdcnzxicqvwxxz","buildRelease":"7.1.2","buildSdk":"25","buildSerialno":"a3e8f12b","buildTags":"release-keys","buildType":"user","buildUser":"android","buildUtc":1517212282148,"cellScan":["61698,168508951","61698,13301","61698,21761","61698,167955815","32791,27864"],"ci":27864,"contacts":["奶奶,15104390193","姑妈,18704515651","外婆,13806155878","外公,18708577383","舅舅,13503896587","舅妈,15905290127","姨父,13102351073","姨娘,15604954020","亲爱的,15506405785","老弟,13607917407","老妹,13490566028","小明,13900296678","小李子,15006612825","康伊佩,18907090366","Tina Harris,13308754642","杨野介,13490090792","张杭岳,15007424071","酆炎冠,13100120910","April Young,13005583362","施绣辉,13702594149","羿商团,13305495818","杨津,13500263550","Gregory Lopez,13604669082","杨璞享,13002626245","陈齐,18801677099","潘莉况,15608122662","Theresa Kennedy,13002604708","顾万双,15305560144","余坚,15805222488","苏镜汉,13305454012","Dolores Holmes,13304496079","仰梧佑,18807171956","宗古毅,13001205988","李烈舒,18700135093","Warren Thompson,18807907736","颜虹杭,18704185517","鲁乐玮,13606413000","夏彤妙,15800235297","Calvin Perkins,13407727738","杨诗,13403930338","公孙寿盛,13807584004","杨璞许,18001796826","Wesley Cooper,15305971130","张利渠,15000713820","王先,15704471187"],"cpuName":"MT6592","densityDpi":320,"deviceId":"861080573833829","deviceSvn":"41","displayId":"lcsh92_wet_tdd-user 7.1.2 NMF26Q b161fc80 release-keys","extraInfo":"Netcore_032f21","height":0,"hidePkgs":[],"hmNotes":"","hookPkgs":[],"lac":32791,"latitude":30.6594252,"line1Number":"18428350521","longitude":104.1186599,"macAddress":"80:80:0f:e7:52:5f","memAvailable":23416292,"memFree":70248877,"memTotal":93665169,"mnc":"00","networkClass":2,"networkCountryIso":"cn","networkOperator":"46002","networkOperatorName":"中国移动","networkType":17,"networkTypeName":"TD_SCDMA","phoneType":1,"rgAndroid":"23","rgAreaode":"86","rgConNames":[],"rgCountry":"中国","rgDevice":"xiaomiRedmi 4X","rgIp":"119.4.253.140","rgLastLogin":1516188546599,"rgLocation":"四川省成都市 联通","rgNetType":"切换飞行模式","rgOrPhone":"18428350521","rgPhoneNo":"18428350521","rgServer":"飞行模式切换","rgTime":1516178027394,"rgVcode":"玉米(发码)","rgVersion":"1.6.3","rgWxError":"帐号状态异常，本次登录已失效。请尝试重新登录，并根据弹窗提示操作。","rgWxName":"于雄","rgWxPasswd":"Rmst@7890","rgWxStatus":"异常","rgWxWindows":"否","serialno":"a3e8f12b","simCountryIso":"cn","simOperator":"46002","simOperatorName":"中国移动","simSerialNumber":"8986023169357567564","simState":5,"subscriberId":"460028179465377","type":1,"typeName":"WIFI","width":0,"wifiScan":["MERCURY_069548,ec:6c:9f:0d:e7:76,[WPA2-PSK-CCMP][ESS],-83,2412,1114336766","Netcore_7c9ec1,1c:60:de:81:4d:fc,[WPA2-PSK-CCMP][WPS][ESS],-88,2462,2895730397","Netcore_15386b,80:48:a5:d3:7a:b2,[WPA2-PSK-CCMP][ESS],-78,2452,1755328114","Tenda_497a76,cc:34:29:a0:42:0e,[WPA2-PSK-CCMP][WPS][ESS],-77,2467,236418458","MERCURY_516497,74:e5:0b:11:20:27,[WPA-PSK-CCMP][WPA2-PSK-CCMP][WPS][ESS],-81,2422,188708087"]}