{"BSSID":"c4:3f:57:73:66:01","IpAddress":"10.75.7.25","P2p0Mac":"f1:f1:0f:85:fe:c5","SSID":"Tenda_9cbfea","androidId":"29f83335985b6de8","batteryLevel":81,"btAddress":"dc:ac:aa:91:bc:a6","btName":"OPPO A33m","buildAbi":"armeabi-v7a","buildAbi2":"armeabi","buildBoard":"MAKO","buildBrand":"OPPO","buildCodename":"REL","buildDescription":"A33-user 5.1.1 LMY48G d5e93007 release-keys","buildDevice":"A33","buildFingerprint":"OPPO/OPPO A33m/A33:5.1.1/LMY48G/d5e93007:user/release-keys","buildHardware":"qcom","buildHost":"huawei-desktop","buildId":"LMY48G","buildIncremental":"d5e93007","buildManufacturer":"OPPO","buildModel":"OPPO A33m","buildName":"OPPO","buildProduct":"A33","buildRadioVersion":"fptwfgphbrneut","buildRelease":"5.1.1","buildSdk":"22","buildSerialno":"277b43b0","buildTags":"release-keys","buildType":"user","buildUser":"builder","buildUtc":1476640928222,"cellScan":["32768,43456","32768,63685","32768,3533","65535,5995","33035,118397472"],"ci":3533,"contacts":["奶奶,14704415532","姑妈,15600692320","外婆,18604587396","外公,15301644034","舅舅,15003133211","舅妈,13203150819","姨父,15800146482","姨娘,15204860754","亲爱的,13006697399","老弟,13803861702","老妹,18603531436","小明,15706561780","小李子,18003392711","杨曜午,18608854781","Samuel Stephens,15604008147","诸室蔚,15200913076","司徒伟微,18005530526","余梁骥,13900183663","Brittany Perkins,13802571803","杨兴杏,15105274556","宁群良,18600932666","狄绍耕,13902736574","Lynn Kelly,13507921223","麻胤适,13305777752","倪古雪,13490582104","于先夜,13006680085","Ramon Armstrong,13002652204","家保儒,13490200240","张书,18003605070","王陵杭,18803217002","Brittany Scott,15704381606","张茂佳,15008005513","侯进意,15800053884","余露明,13607247695","Thelma Ward,13907124674","甘香禄,15601066930","陈菁苡,14704816920","杭泰怒,13490442258","Derek Riley,13490558061","姚泉贤,13408776668","单腾耀,15500866145","张效蔚,18005464404","Barbara Andrews,15302327319","张芹,18005005461","余璇仕,13403222731","余异杏,13704166869","Jose Campbell,13706440012"],"cpuName":"Qualcomm Technologies, Inc MSM8916","densityDpi":240,"deviceId":"863926155541917","deviceSvn":"50","displayId":"A33-user 5.1.1 LMY48G d5e93007 release-keys","extraInfo":"cmnet","height":0,"hidePkgs":[],"hmNotes":"","hookPkgs":[],"lac":32768,"latitude":30.6814196,"line1Number":"13322166148","longitude":103.9729936,"macAddress":"0d:24:c5:07:e4:2b","memAvailable":5479687913,"memFree":10959375827,"memTotal":16439063740,"mnc":"03","networkClass":2,"networkCountryIso":"cn","networkOperator":"46003","networkOperatorName":"中国电信","networkType":5,"networkTypeName":"CDMA - EvDo rev. 0","phoneType":2,"rgAndroid":"23","rgAreaode":"86","rgConNames":["上善若水","杨炬"],"rgConsize":"2","rgCountry":"中国","rgDevice":"xiaomiRedmi 4X","rgIp":"119.4.252.170","rgLastLogin":1516244956173,"rgLocation":"四川省成都市 联通","rgNetType":"切换飞行模式","rgOrPhone":"13322166148","rgPhoneNo":"13322166148","rgServer":"飞行模式切换","rgTime":1515912662553,"rgVcode":"玉米(发码)","rgVersion":"1.6.0","rgWxEmail":"未绑定","rgWxError":"该微信帐号因批量或者使用非法软件注册被限制登录，如需继续使用，请轻触“确定”申请解除限制。","rgWxId":"wxid_5y24f16ddxp922","rgWxName":"杨炬","rgWxNo":"未设置","rgWxPasswd":"Rmst@7890","rgWxQQ":"未绑定","rgWxStatus":"异常","rgWxWindows":"否","serialno":"277b43b0","simCountryIso":"cn","simOperator":"46003","simOperatorName":"中国电信","simSerialNumber":"898530281647419256849","simState":5,"subscriberId":"460031569979007","type":0,"typeName":"MOBILE","width":0,"wifiScan":["Netcore_898cbe,f4:29:81:0e:05:48,[WPA-PSK-CCMP][WPA2-PSK-CCMP][ESS],-83,2412,3397827559","MERCURY_597534,f4:e3:fb:36:93:67,[WPA2-PSK-CCMP][WPS][ESS],-73,2472,190911710","TP-LINK_7698cb,14:75:90:30:44:20,[WPA2-PSK-CCMP][WPS][ESS],-50,2462,431434808","MERCURY_7a9dc1,78:eb:14:3d:ba:cc,[WPA-PSK-CCMP][WPA2-PSK-CCMP][ESS],-83,2412,489527687","FAST_65a8ba,28:2c:b2:a2:2e:a6,[WPA-PSK-CCMP][WPA2-PSK-CCMP][WPS][ESS],-51,2447,507919784"]}