{"BSSID":"31:ec:e1:27:e4:4c","IpAddress":"10.87.26.214","P2p0Mac":"8f:f3:f8:d1:e1:e3","SSID":"ChainaNet_9c86","androidId":"0703e93c0e1b1674","batteryLevel":49,"btAddress":"4d:a7:ef:75:1d:1f","btName":"3007","buildAbi":"armeabi-v7a","buildAbi2":"armeabi","buildBoard":"angler","buildBrand":"OPPO","buildCodename":"REL","buildDescription":"3007-user 7.0.0 NRD90M b78d1f55 release-keys","buildDevice":"3007","buildFingerprint":"OPPO/3007/3007:7.0.0/NRD90M/b78d1f55:user/release-keys","buildHardware":"qcom","buildHost":"taishan","buildId":"NRD90M","buildIncremental":"b78d1f55","buildManufacturer":"OPPO","buildModel":"3007","buildName":"OPPO","buildProduct":"3007","buildRadioVersion":"fgpfqqxzehbl","buildRelease":"7.0.0","buildSdk":"24","buildSerialno":"11a7dac6","buildTags":"release-keys","buildType":"user","buildUser":"MarkBuild","buildUtc":1494923281773,"cellScan":["32835,1421","61701,33075","32835,62123","32835,31064","33033,117566495"],"ci":117566495,"contacts":["奶奶,15306172338","姑妈,15902067632","外婆,13208538294","外公,15708205109","舅舅,15805892517","舅妈,13808038561","姨父,18006178131","姨娘,18006398018","亲爱的,15006963023","老弟,18608451760","老妹,14706587271","小明,14707292264","小李子,15803492683","王怀璐,13708693260","Darrell Cunningham,13601000283","邬奇平,15707637291","时汉闻,18705756467","杨守,14705693204","Loretta Ruiz,14707080829","杨阔,18705284472","王似佩,15604814113","严骏郡,18007340581","Holly Rice,13301114678","方若畏,14708004249","吴魁,13907876063","山麟宽,15900773700","Deborah Hernandez,15908385573","张雨愚,15006298905","安心国,18708453166","吴津怀,13005912206","Martha Johnson,13106501341","王力屏,15600604244","霍铜情,18807707347","祝镜宁,18601861330","Glenn Robinson,15601763058","王瑕,15003715309","汲逵棠,13400887986","计亚由,15900468870","Ruby Marshall,15102624230","王翔,15005076582","余稼欣,18604367569","伏雅胤,15705868388","Larry Barnes,15701407499","邴凇剑,15101865299","于保界,15103571091","王威艺,18704416902","Frank Henderson,14708594596","储虎稼,13406201039"],"cpuName":"Qualcomm Technologies, Inc MSM8916","densityDpi":560,"deviceId":"860940248193829","deviceSvn":"24","displayId":"3007-user 7.0.0 NRD90M b78d1f55 release-keys","extraInfo":"ctnet","height":0,"hidePkgs":[],"hmNotes":"","hookPkgs":[],"lac":33033,"latitude":30.6773849,"line1Number":"13324288215","longitude":104.1389697,"macAddress":"91:f6:02:62:29:af","memAvailable":701594418,"memFree":2104783256,"memTotal":2806377674,"mnc":"03","networkClass":3,"networkCountryIso":"cn","networkOperator":"46003","networkOperatorName":"中国电信","networkType":13,"networkTypeName":"LTE","phoneType":2,"rgAndroid":"23","rgAreaode":"86","rgConNames":["陈行","上善若水"],"rgConsize":"2","rgCountry":"中国","rgDevice":"xiaomiRedmi 4X","rgIp":"119.4.252.125","rgLastLogin":1516244865410,"rgLocation":"四川省成都市 联通","rgNetType":"切换飞行模式","rgOrPhone":"13324288215","rgPhoneNo":"13324288215","rgServer":"飞行模式切换","rgTime":1515908771064,"rgVcode":"玉米(发码)","rgVersion":"1.6.0","rgWxEmail":"未绑定","rgWxError":"该微信帐号因批量或者使用非法软件注册被限制登录，如需继续使用，请轻触“确定”申请解除限制。","rgWxId":"wxid_zv0tj0crmeg622","rgWxName":"陈行","rgWxNo":"未设置","rgWxPasswd":"Rmst@7890","rgWxQQ":"未绑定","rgWxStatus":"异常","rgWxWindows":"否","serialno":"11a7dac6","simCountryIso":"cn","simOperator":"46003","simOperatorName":"中国电信","simSerialNumber":"8986039136736584143","simState":5,"subscriberId":"460032193042643","type":0,"typeName":"MOBILE","width":0,"wifiScan":["iTV-3052,ec:26:ca:75:82:48,[WPA-PSK-CCMP][WPA2-PSK-CCMP][ESS],-85,2437,292575143","MERCURY_f27610,c0:a0:bb:b7:2f:b6,[WPA2-PSK-CCMP][ESS],-82,2462,489465149","Netcore_1598cb,f4:ee:14:33:d5:6c,[WPA2-PSK-CCMP][WPS][ESS],-85,2437,2280733369","FAST_3154db,cc:34:29:87:15:2a,[WPA2-PSK-CCMP][WPS][ESS],-83,2462,3505532507","FAST_6a65a9,68:1a:b2:36:0d:99,[WPA-PSK-CCMP][WPA2-PSK-CCMP][WPS][ESS],-79,2457,1233435565"]}