{"BSSID":"86:b7:89:5e:1e:d8","IpAddress":"192.168.15.250","P2p0Mac":"95:c5:bd:05:fb:ae","SSID":"PHICOMM_3f2154","androidId":"65d68320fcde79d2","batteryLevel":65,"btAddress":"ff:d6:88:73:fd:68","btName":"2014811","buildAbi":"armeabi-v7a","buildAbi2":"armeabi","buildBoard":"herring","buildBrand":"Xiaomi","buildCodename":"REL","buildDescription":"2014811-user 5.1.1 LMY48G d1b76dff release-keys","buildDevice":"HM2014811","buildFingerprint":"Xiaomi/2014811/HM2014811:5.1.1/LMY48G/d1b76dff:user/release-keys","buildHardware":"qcom","buildHost":"qh-miui-ota-bd51","buildId":"LMY48G","buildIncremental":"d1b76dff","buildManufacturer":"Xiaomi","buildModel":"2014811","buildName":"Xiaomi","buildProduct":"2014811","buildRadioVersion":"qcmzpxpgeat","buildRelease":"5.1.1","buildSdk":"22","buildSerialno":"9877a2aa","buildTags":"release-keys","buildType":"user","buildUser":"builder","buildUtc":1507850579975,"cellScan":["32822,246055682","32822,36565","33034,28836","32808,36565","32822,246055683"],"ci":246055683,"contacts":["奶奶,18803192632","姑妈,15902354470","外婆,13307043857","外公,18903297291","舅舅,18801632569","舅妈,13404413731","姨父,13701016940","姨娘,14700095646","亲爱的,15700937541","老弟,13001251834","老妹,18705202698","小明,13490031320","小李子,13400746198","王盛星,15006450819","Luis Rivera,13407756057","杨欢盈,15106752100","毕节异,13707459020","吴同誓,13300360129","Ann Henry,18906993653","杨素午,13504126645","陈郡海,18007307765","戎盛节,18908498304","Connie Berry,13490034516","杨嘉乐,13407292304","杨琴孝,13303421037","张郁雄,13307720274","Steve Lane,18904620848","凤炎坚,14703442177","李童,15105540354","束苡骥,13007644209","Nancy Washington,18601178834","詹卫锦,14703353119","李雄,15506756425","王扬介,18605665899","Carlos Rivera,13208725713","于惠耀,18703427680","杨土瑟,13701593752","雷校颂,13505986272","Randy Gomez,13503883404","李泉颂,18805646888","张骏,13903992471","诸葛坚余,13203283634","Ricardo Lee,13208876093"],"cpuName":"Qualcomm Technologies, Inc MSM8916","densityDpi":240,"deviceId":"865322474643840","deviceSvn":"54","displayId":"2014811-user 5.1.1 LMY48G d1b76dff release-keys","extraInfo":"PHICOMM_3f2154","height":0,"hidePkgs":[],"hmNotes":"","hookPkgs":[],"lac":32822,"latitude":30.8613597,"line1Number":"13324286872","longitude":104.1504021,"macAddress":"96:3f:cd:80:e2:b3","memAvailable":51237316,"memFree":153711950,"memTotal":204949266,"mnc":"03","networkClass":2,"networkCountryIso":"cn","networkOperator":"46003","networkOperatorName":"中国电信","networkType":5,"networkTypeName":"CDMA - EvDo rev. 0","phoneType":2,"rgAndroid":"23","rgAreaode":"86","rgConNames":["上善若水","夏侯奇校"],"rgConsize":"2","rgCountry":"中国","rgDevice":"xiaomiRedmi 4X","rgIp":"119.4.255.176","rgLastLogin":1516244910289,"rgLocation":"四川省成都市 联通","rgNetType":"切换飞行模式","rgOrPhone":"13324286872","rgPhoneNo":"13324286872","rgServer":"飞行模式切换","rgTime":1515909012372,"rgVcode":"玉米(发码)","rgVersion":"1.6.0","rgWxEmail":"未绑定","rgWxError":"该微信帐号因批量或者使用非法软件注册被限制登录，如需继续使用，请轻触“确定”申请解除限制。","rgWxId":"wxid_0lkqjyg3am0022","rgWxName":"夏侯奇校","rgWxNo":"未设置","rgWxPasswd":"Rmst@7890","rgWxQQ":"未绑定","rgWxStatus":"异常","rgWxWindows":"否","serialno":"9877a2aa","simCountryIso":"cn","simOperator":"46003","simOperatorName":"中国电信","simSerialNumber":"898530786744215253453","simState":5,"subscriberId":"460037001295591","type":1,"typeName":"WIFI","width":0,"wifiScan":["iTV-af2e,64:3a:b1:6f:04:c2,[WPA-PSK-CCMP][WPA2-PSK-CCMP][WPS][ESS],-78,2437,305345247","MERCURY_476bed,50:bd:5f:17:fe:36,[WPA-PSK-CCMP][WPA2-PSK-CCMP][ESS],-81,2437,467470506","ChainaNet_c0e3,64:3a:b1:ea:dc:c2,[WPA2-PSK-CCMP][WPS][ESS],-83,2412,3657231454","Netcore_f27697,d8:15:0d:7f:6a:c0,[WPA-PSK-CCMP][WPA2-PSK-CCMP][WPS][ESS],-74,2417,1746827746","PHICOMM_698cbe,d8:15:0d:02:50:e4,[WPA2-PSK-CCMP][WPS][ESS],-87,2437,2661034829"]}