{"BSSID":"24:2b:1c:05:0f:29","IpAddress":"10.8.29.133","P2p0Mac":"51:df:44:4f:a1:8c","SSID":"FAST_c032","androidId":"5e62d99cc5c96abb","batteryLevel":86,"btAddress":"c5:1f:d2:dd:26:4c","btName":"Redmi Note 4X","buildAbi":"armeabi-v7a","buildAbi2":"armeabi","buildBoard":"p700","buildBrand":"Xiaomi","buildCodename":"REL","buildDescription":"Redmi Note 4X-user 5.1.1 LMY48G da574c93 release-keys","buildDevice":"Redmi Note 4X","buildFingerprint":"Xiaomi/Redmi Note 4X/Redmi Note 4X:5.1.1/LMY48G/da574c93:user/release-keys","buildHardware":"qcom","buildHost":"SEP-68","buildId":"LMY48G","buildIncremental":"da574c93","buildManufacturer":"Xiaomi","buildModel":"Redmi Note 4X","buildName":"Xiaomi","buildProduct":"Redmi Note 4X","buildRadioVersion":"rggguzxxnsi","buildRelease":"5.1.1","buildSdk":"22","buildSerialno":"61a17f85","buildTags":"release-keys","buildType":"user","buildUser":"buildHost","buildUtc":1465777526210,"cellScan":["61701,168497491","61699,167991472","61699,167979093","61703,168277353","61699,167979090"],"ci":168277353,"contacts":["奶奶,15004080511","姑妈,13502360467","外婆,18005707210","外公,13206543982","舅舅,13302273410","舅妈,15102404059","姨父,18708423485","姨娘,13600994681","亲爱的,13107296472","老弟,13402437554","老妹,15504703065","小明,13704828144","小李子,13207152143","曹微荃,18701767890","Johnny Hernandez,15706240193","王珊昆,13701798152","杨炬,18004465035","陈颂砚,15108723047","Michele Palmer,15200988940","全享庞,18702030327","王梧会,15005176608","杨炎,13000956588","Lawrence Barnes,18608077319","李保,15602715613","杨游,18803657451","杨腾,14705942746","Mary Martin,18805611488","费商萱,13905065262","杨锦鹏,18004708207","李虎铜,15204600328","Amber Willis,15000927805","罗军演,13490310642","计竞平,15708821842","李璞曜,13907971763","Randall Taylor,13701533426","李琴渠,15102720756","孙奇,15808617092","诸渠童,15108430291","Jesse Morgan,15905477261","余贺,13490878724","隗奇祥,15808512572","许由鑫,13608034694","Andrew Perry,13707560364","干航孝,18700053232","娄影书,15900518365","于珂,15006847667","Renee Russell,15106306482","于昱梁,13408516716","麻添廉,15208621379","臧耀况,13900533625","Clarence Hart,13900922959"],"cpuName":"Qualcomm Technologies, Inc MSM8953","densityDpi":320,"deviceId":"864613268450611","deviceSvn":"19","displayId":"Redmi Note 4X-user 5.1.1 LMY48G da574c93 release-keys","extraInfo":"3gwap","height":0,"hidePkgs":[],"hmNotes":"","hookPkgs":[],"lac":61703,"latitude":30.7123698,"line1Number":"13324151354","longitude":104.0975823,"macAddress":"0d:7f:bb:b0:9c:15","memAvailable":937562476,"memFree":2812687429,"memTotal":3750249905,"mnc":"03","networkClass":3,"networkCountryIso":"cn","networkOperator":"46003","networkOperatorName":"中国电信","networkType":13,"networkTypeName":"LTE","phoneType":2,"rgAndroid":"23","rgAreaode":"86","rgConNames":[],"rgCountry":"中国","rgDevice":"xiaomiRedmi 4X","rgIp":"119.4.252.240","rgLastLogin":1515993373162,"rgLocation":"四川省成都市 联通","rgNetType":"切换飞行模式","rgOrPhone":"13324151354","rgPhoneNo":"13324151354","rgServer":"飞行模式切换","rgTime":1515906869570,"rgVcode":"玉米(发码)","rgVersion":"1.6.0","rgWxError":"帐号状态异常，本次登录已失效。请尝试重新登录，并根据弹窗提示操作。","rgWxName":"吴梦","rgWxPasswd":"Rmst@7890","rgWxStatus":"异常","rgWxWindows":"否","serialno":"61a17f85","simCountryIso":"cn","simOperator":"46003","simOperatorName":"中国电信","simSerialNumber":"8986035875269395118","simState":5,"subscriberId":"460031157690207","type":0,"typeName":"MOBILE","width":0,"wifiScan":["PHICOMM_315375,c0:61:18:0c:39:a8,[WPA2-PSK-CCMP][WPS][ESS],-92,2437,2694436433","FAST_0430f2,ec:26:ca:05:e8:e8,[WPA2-PSK-CCMP][ESS],-86,2437,3680426757","iTV-6597,88:25:93:c8:a0:f1,[WPA2-PSK-CCMP][WPS][ESS],-71,2412,3226535230","MERCURY_0cafe2,a8:15:4d:93:cc:3a,[WPA2-PSK-CCMP][WPS][ESS],-85,2412,467732471","Tenda_510538,c4:47:3f:a1:9b:44,[WPA2-PSK-CCMP][WPS][ESS],-82,2412,1101834985"]}