{"BSSID":"dd:9f:85:90:00:29","IpAddress":"192.168.28.20","P2p0Mac":"95:ad:9f:97:d9:85","SSID":"Tenda_021497","androidId":"069068f8f124a2b5","batteryLevel":35,"btAddress":"c3:78:17:ff:da:07","btName":"vivo V3","buildAbi":"armeabi-v7a","buildAbi2":"armeabi","buildBoard":"targa","buildBrand":"vivo","buildCodename":"REL","buildDescription":"PD1524-user 7.1.2 NMF26Q 77f59f92 release-keys","buildDevice":"PD1524","buildFingerprint":"vivo/vivo V3/PD1524:7.1.2/NMF26Q/77f59f92:user/release-keys","buildHardware":"qcom","buildHost":"LGEACI2R5","buildId":"NMF26Q","buildIncremental":"77f59f92","buildManufacturer":"vivo","buildModel":"vivo V3","buildName":"vivo","buildProduct":"PD1524","buildRadioVersion":"nepskhwokyk","buildRelease":"7.1.2","buildSdk":"25","buildSerialno":"120c45ce","buildTags":"release-keys","buildType":"user","buildUser":"MarkBuild","buildUtc":1474831090959,"cellScan":[],"ci":0,"contacts":["奶奶,13400710802","姑妈,15905825628","外婆,13903118690","外公,13602398294","舅舅,15204465775","舅妈,13490500431","姨父,18903266926","姨娘,18702080636","亲爱的,18002937583","老弟,15506053767","老妹,14707631710","小明,14700205522","小李子,13201583017","杨京信,13603696341","Patrick Wagner,13501431277","贲吉硕,18006770352","张颂,18706973944","杨郁,13404668237","Jeanette Burns,13401153768","李先畏,13490750592","杨恒朋,13703284388","卡宇芹,15003948079","Laurie Watson,15806460575","于随贵,13803933008","杨茂晟,18702247509","甘可河,18800877739","Eva Roberts,18704720674","束古权,13603564351","张青保,13301024857","石铜和,15307521100","Juan Bell,18908028273","汲玉胜,15805518847","雷似涂,13308503661","赵望媛,13807464155","Beth Watson,13807244609","张杭,18800975841","张稼朔,14700953871","王净,15705701733","Travis Turner,14707036305","吴昱奇,13500055845","傅秀厚,13600790280","陈宇珊,15208445068","Todd Green,15906931847","张彦,13604150298","柳佩珀,15707301690"],"cpuName":"MT6750","densityDpi":240,"deviceId":"864204898571347","deviceSvn":"68","displayId":"PD1524-user 7.1.2 NMF26Q 77f59f92 release-keys","extraInfo":"Tenda_021497","height":0,"hidePkgs":[],"hmNotes":"","hookPkgs":[],"lac":0,"latitude":30.6648148,"line1Number":"13322176478","longitude":104.3964192,"macAddress":"2c:e2:59:93:0e:f1","memAvailable":937534869,"memFree":2812604610,"memTotal":3750139479,"mnc":"03","networkClass":1,"networkCountryIso":"cn","networkOperator":"46003","networkOperatorName":"中国电信","networkType":4,"networkTypeName":"CDMA","phoneType":2,"rgAndroid":"23","rgAreaode":"86","rgConNames":[],"rgCountry":"中国","rgDevice":"xiaomiRedmi 4X","rgIp":"101.206.166.18","rgLastLogin":1515994669590,"rgLocation":"四川省 联通","rgNetType":"切换飞行模式","rgOrPhone":"13322176478","rgPhoneNo":"13322176478","rgServer":"飞行模式切换","rgTime":1515911446161,"rgVcode":"玉米(发码)","rgVersion":"1.6.0","rgWxError":"帐号状态异常，本次登录已失效。请尝试重新登录，并根据弹窗提示操作。","rgWxName":"汲万素","rgWxPasswd":"Rmst@7890","rgWxStatus":"异常","rgWxWindows":"否","serialno":"120c45ce","simCountryIso":"cn","simOperator":"46003","simOperatorName":"中国电信","simSerialNumber":"898530789126288729006","simState":5,"subscriberId":"460031779157664","type":1,"typeName":"WIFI","width":0,"wifiScan":[]}