{"BSSID":"ae:93:8c:0d:bb:5d","IpAddress":"10.9.25.157","P2p0Mac":"26:97:b4:6c:ca:b7","SSID":"Tenda_ae6598","androidId":"53ab2fd5ffb116b1","batteryLevel":49,"btAddress":"6f:e7:85:68:27:1b","btName":"2014501","buildAbi":"armeabi-v7a","buildAbi2":"armeabi","buildBoard":"umts_spyder","buildBrand":"Xiaomi","buildCodename":"REL","buildDescription":"HM2014501-user 7.1.2 NMF26Q ec8c97ff release-keys","buildDevice":"HM2014501","buildFingerprint":"Xiaomi/2014501/HM2014501:7.1.2/NMF26Q/ec8c97ff:user/release-keys","buildHardware":"qcom","buildHost":"glsrv4","buildId":"NMF26Q","buildIncremental":"ec8c97ff","buildManufacturer":"Xiaomi","buildModel":"2014501","buildName":"Xiaomi","buildProduct":"HM2014501","buildRadioVersion":"xftaxcochmqpczliz","buildRelease":"7.1.2","buildSdk":"25","buildSerialno":"346eb8be","buildTags":"release-keys","buildType":"user","buildUser":"builder","buildUtc":1505917613101,"cellScan":["33284,50492","33284,4902","39936,164147763","61712,169106821","33284,139807490"],"ci":164147763,"contacts":["奶奶,15005243037","姑妈,18605836778","外婆,18603406612","外公,18606272771","舅舅,13490876887","舅妈,15200035626","姨父,13708174674","姨娘,13490772380","亲爱的,18003308551","老弟,15105404285","老妹,15607578640","小明,15507500806","小李子,15801331211","李翰盈,15306492200","Joe Edwards,13490808669","傅芹商,15500383620","袁佩裕,13102044389","祝稼超,18702806147","Christina Bradley,14700168441","束莉古,18602348864","危享平,13003110967","崔瑕异,18804655138","Ethel Lawson,18808110993","钭儒午,13407820700","杨律,13506867904","高玺欢,18708092464","Jessica Hawkins,14703454403","贝荃渠,13807704384","杨森,13903162247","郭如秋,18600931218","Annette Crawford,15504648316","司徒浩厚,15507735765","崔韶慎,15207277687","吴殊,13105495304","Holly Hicks,13206977386","李行,15108506165","杨奇,15703798845","奚向昆,13100531143","Eric Ward,15603724209","郎彦雪,18002161823","杨熙,14701510654","李文,18806968829","Elizabeth Gray,18702965327","杨力,18903042353","赵利,13002725524","李情奎,15506884831","Bernard Richardson,13106591298","王愚香,15008445204","高红浩,18901750460","俞璞实,15507672231","Margaret Thompson,13003628398"],"cpuName":"MT6582","densityDpi":560,"deviceId":"860209124970720","deviceSvn":"62","displayId":"HM2014501-user 7.1.2 NMF26Q ec8c97ff release-keys","extraInfo":"ctnet","height":0,"hidePkgs":[],"hmNotes":"","hookPkgs":[],"lac":39936,"latitude":30.5449889,"line1Number":"13342171586","longitude":103.7304003,"macAddress":"2f:48:c6:69:5a:76","memAvailable":51342129,"memFree":154026389,"memTotal":205368518,"mnc":"03","networkClass":1,"networkCountryIso":"cn","networkOperator":"46003","networkOperatorName":"中国电信","networkType":4,"networkTypeName":"CDMA","phoneType":2,"rgAndroid":"23","rgAreaode":"86","rgConNames":[],"rgCountry":"中国","rgDevice":"xiaomiRedmi 4X","rgIp":"101.206.167.206","rgLastLogin":1515995117114,"rgLocation":"四川省 联通","rgNetType":"切换飞行模式","rgOrPhone":"13342171586","rgPhoneNo":"13342171586","rgServer":"飞行模式切换","rgTime":1515913210398,"rgVcode":"玉米(发码)","rgVersion":"1.6.0","rgWxError":"帐号状态异常，本次登录已失效。请尝试重新登录，并根据弹窗提示操作。","rgWxName":"李宫","rgWxPasswd":"Rmst@7890","rgWxStatus":"异常","rgWxWindows":"否","serialno":"346eb8be","simCountryIso":"cn","simOperator":"46003","simOperatorName":"中国电信","simSerialNumber":"8986069489320846771","simState":5,"subscriberId":"460034647642880","type":0,"typeName":"MOBILE","width":0,"wifiScan":["TP-LINK_7a7b8d,2c:95:7f:2b:f9:d3,[WPA-PSK-CCMP][WPA2-PSK-CCMP][ESS],-88,2462,891035035","FAST_ed0f,00:0f:32:9d:11:45,[WPA-PSK-CCMP][WPA2-PSK-CCMP][ESS],-68,2437,629727126","FAST_c76b9e,a8:15:4d:99:e9:ca,[WPA-PSK-CCMP][WPA2-PSK-CCMP][WPS][ESS],-83,2462,501176208","FAST_97bad2,00:0f:32:9d:27:1d,[WPA2-PSK-CCMP][WPS][ESS],-90,2462,198513216","FAST_d1f42f,c0:61:18:ef:30:f2,[WPA-PSK-CCMP][WPA2-PSK-CCMP][ESS],-74,2462,258212635"]}