{"BSSID":"ff:5f:27:f5:58:25","IpAddress":"192.168.67.23","P2p0Mac":"08:86:c2:64:62:22","SSID":"FAST_59a7","androidId":"f96bb91d6676deab","batteryLevel":36,"btAddress":"16:b9:34:6d:84:82","btName":"MI 4C","buildAbi":"armeabi-v7a","buildAbi2":"armeabi","buildBoard":"bullhead","buildBrand":"Xiaomi","buildCodename":"REL","buildDescription":"cancro-user 5.1.1 LMY48G ed425767 release-keys","buildDevice":"cancro","buildFingerprint":"Xiaomi/MI 4C/cancro:5.1.1/LMY48G/ed425767:user/release-keys","buildHardware":"qcom","buildHost":"huangshan","buildId":"LMY48G","buildIncremental":"ed425767","buildManufacturer":"Xiaomi","buildModel":"MI 4C","buildName":"Xiaomi","buildProduct":"cancro","buildRadioVersion":"lhkjktxqa","buildRelease":"5.1.1","buildSdk":"22","buildSerialno":"051e6825","buildTags":"release-keys","buildType":"user","buildUser":"MarkBuild","buildUtc":1511520250650,"cellScan":["61710,168757926","61710,168757923","61711,1176","61710,168796133","33071,27756"],"ci":168757926,"contacts":["奶奶,14702238602","姑妈,15907852405","外婆,15206433105","外公,15508241407","舅舅,13400441029","舅妈,13308471396","姨父,13205541345","姨娘,13305661942","亲爱的,15802610407","老弟,15500811358","老妹,15300937442","小明,18704755767","小李子,13407102689","李砚卿,13406721277","Kevin Cole,15807581702","俞昱超,13608092668","余珂殊,14700820723","吉津阔,15900544900","Chad Stone,15805822639","车倩年,18600534886","王献朔,18903965718","李校茂,13102452838","Emily Johnson,13106165086","李铭,13406696148","酆念麟,18805020961","凤威萱,13200174718","Lewis Fox,15607908371","王鹏,13490439135","张学,15703587274","余俊,13202686400","Amy Stephens,15608442843","张翔三,13104202118","李庞,13306026100","杨驹军,15206855368","Elizabeth Johnson,15106093047","李威森,15804665029","董精渠,15008012565","毕情进,13705974584","Rita Wagner,13905438681","韩良,13708644861","杨念铁,15108102557","管硕岭,18704542603","Diana Freeman,14703302591","余佑良,18000030149","吴建威,18001072233","尹奇文,15701234497","Randy Burns,18808040773","翁诗培,15308103355","计雅乐,15808604574"],"cpuName":"Qualcomm MSM8974PRO-AC","densityDpi":240,"deviceId":"861094734790323","deviceSvn":"84","displayId":"cancro-user 5.1.1 LMY48G ed425767 release-keys","extraInfo":"FAST_59a7","height":0,"hidePkgs":[],"hmNotes":"","hookPkgs":[],"lac":61710,"latitude":30.7340827,"line1Number":"13384257216","longitude":103.9977674,"macAddress":"52:9a:72:86:7b:a3","memAvailable":51338743,"memFree":154016232,"memTotal":205354975,"mnc":"03","networkClass":1,"networkCountryIso":"cn","networkOperator":"46003","networkOperatorName":"中国电信","networkType":4,"networkTypeName":"CDMA","phoneType":2,"rgAndroid":"23","rgAreaode":"86","rgConNames":[],"rgCountry":"中国","rgDevice":"xiaomiRedmi 4X","rgIp":"119.4.253.187","rgLastLogin":1515993441103,"rgLocation":"四川省成都市 联通","rgNetType":"切换飞行模式","rgOrPhone":"13384257216","rgPhoneNo":"13384257216","rgServer":"飞行模式切换","rgTime":1515908173091,"rgVcode":"玉米(发码)","rgVersion":"1.6.0","rgWxError":"帐号状态异常，本次登录已失效。请尝试重新登录，并根据弹窗提示操作。","rgWxName":"薛精耕","rgWxPasswd":"Rmst@7890","rgWxStatus":"异常","rgWxWindows":"否","serialno":"051e6825","simCountryIso":"cn","simOperator":"46003","simOperatorName":"中国电信","simSerialNumber":"8986065739565518597","simState":5,"subscriberId":"460036999027948","type":1,"typeName":"WIFI","width":0,"wifiScan":["Netcore_f1586a,6c:e8:73:3c:90:5e,[WPA-PSK-CCMP][WPA2-PSK-CCMP][ESS],-80,2412,1821437682","TP-LINK_bdc0,14:14:4b:7a:ad:c4,[WPA-PSK-CCMP][WPA2-PSK-CCMP][WPS][ESS],-85,2462,501971788","Netcore_0d1548,c0:c5:20:21:50:48,[WPA2-PSK-CCMP][WPS][ESS],-79,2412,505963619","MERCURY_9cbfe2,80:89:17:42:fc:b2,[WPA2-PSK-CCMP][ESS],-73,2437,404610075","ChainaNet_9cb8,08:10:79:0a:2c:07,[WPA2-PSK-CCMP][WPS][ESS],-91,2442,1962232120"]}