{"BSSID":"82:26:b0:b9:70:11","IpAddress":"10.6.27.129","P2p0Mac":"7d:26:93:82:53:71","SSID":"Netcore_0caec1","androidId":"5bbe33b5cc51c559","batteryLevel":37,"btAddress":"16:f0:70:99:32:51","btName":"HUAWEI GRA-CL10","buildAbi":"armeabi-v7a","buildAbi2":"armeabi","buildBoard":"MT2L03","buildBrand":"HUAWEI","buildCodename":"REL","buildDescription":"HWGRA-user 6.0.1 MMB29T 6f420d24 release-keys","buildDevice":"HWGRA","buildFingerprint":"HUAWEI/HUAWEI GRA-CL10/HWGRA:6.0.1/MMB29T/6f420d24:user/release-keys","buildHardware":"qcom","buildHost":"mine","buildId":"MMB29T","buildIncremental":"6f420d24","buildManufacturer":"HUAWEI","buildModel":"HUAWEI GRA-CL10","buildName":"HUAWEI","buildProduct":"HWGRA","buildRadioVersion":"nuyokoxfrppvpeg","buildRelease":"6.0.1","buildSdk":"23","buildSerialno":"4a141738","buildTags":"release-keys","buildType":"user","buildUser":"MarkBuild","buildUtc":1510353042534,"cellScan":[],"ci":0,"contacts":["奶奶,15501838234","姑妈,13603031787","外婆,18908367494","外公,13103561744","舅舅,15300422090","舅妈,18800825078","姨父,15100027009","姨娘,13105743631","亲爱的,13002620909","老弟,18703572445","老妹,15204271680","小明,13002483949","小李子,15006367378","于向嘉,15008481539","Roger Stewart,15000911195","荀慎胜,15701095031","李秋,15705450120","李仁,18708287775","Rebecca Franklin,15705220293","王鹏巍,18801505059","柏奇英,13490384666","于嗣琴,18706766619","Travis Owens,15703938388","杨彤,13490393856","杨生,13103244477","娄炬皓,13403335476","Johnny Rogers,15904990053","张仁毅,18807498629","王星,13608387221","封幸如,15906988224","David Watkins,15901858432","包玺添,18701322316","杨联,18804755924","隗阁善,14703221727","Richard Thomas,18707333477","时筱尚,13503746612","庞图广,13507347615","王广怡,13305748698","Michele Arnold,13307493773","倪俊文,18608865938","杨利能,13100613760","花怒明,13900170085","Alan Weaver,13808084556","吴诗驹,13203816609","范王阁,18008737799","嵇骥耕,15801773466","Roberta Henderson,15802715159","松舒玺,13506567018","巫易璇,15306753921","杨恺,18801227980","Rosa Cook,15708521078","严宏杭,15808655780"],"cpuName":"Kirin935","densityDpi":320,"deviceId":"860373438615718","deviceSvn":"81","displayId":"HWGRA-user 6.0.1 MMB29T 6f420d24 release-keys","extraInfo":"ctnet","height":0,"hidePkgs":[],"hmNotes":"","hookPkgs":[],"lac":0,"latitude":30.4765472,"line1Number":"14726043518","longitude":104.308422,"macAddress":"17:0d:60:46:83:24","memAvailable":32164246,"memFree":64328494,"memTotal":96492740,"mnc":"00","networkClass":2,"networkCountryIso":"cn","networkOperator":"46002","networkOperatorName":"中国移动","networkType":8,"networkTypeName":"HSDPA","phoneType":1,"rgAndroid":"23","rgAreaode":"86","rgConNames":[],"rgCountry":"中国","rgDevice":"xiaomiRedmi 4X","rgIp":"119.4.255.45","rgLastLogin":1515996411058,"rgLocation":"四川省成都市 联通","rgNetType":"切换飞行模式","rgOrPhone":"14726043518","rgPhoneNo":"14726043518","rgServer":"飞行模式切换","rgTime":1515918284048,"rgVcode":"爱乐赞(接码/发码)","rgVersion":"1.6.0","rgWxError":"帐号状态异常，本次登录已失效。请尝试重新登录，并根据弹窗提示操作。","rgWxName":"井启设","rgWxPasswd":"Rmst@7890","rgWxStatus":"异常","rgWxWindows":"否","serialno":"4a141738","simCountryIso":"cn","simOperator":"46002","simOperatorName":"中国移动","simSerialNumber":"8986009798613508205","simState":5,"subscriberId":"460027297318210","type":0,"typeName":"MOBILE","width":0,"wifiScan":["PHICOMM_687476,27:19:0a:eb:76:fa,[WPA-PSK-CCMP][WPA2-PSK-CCMP][WPS][ESS],-81,2462,3543426642","TP-LINK_c77b,01:62:4c:5a:cc:b1,[WPA-PSK-CCMP][WPA2-PSK-CCMP][WPS][ESS],-60,2412,311506141","iTV-9cfe,bb:79:8f:5b:23:ab,[WPA-PSK-CCMP][WPA2-PSK-CCMP][ESS],-85,2462,1044437598","Netcore_bfe204,15:d9:47:4b:ce:b9,[WPA2-PSK-CCMP][WPS][ESS],-89,2462,199808444","TP-LINK_87bfc9,d9:10:e7:e1:ad:34,[WPA-PSK-CCMP][WPA2-PSK-CCMP][ESS],-77,2437,2927135544"]}