{"BSSID":"8b:41:93:18:0e:8a","IpAddress":"192.168.10.169","P2p0Mac":"cf:63:cc:73:96:05","SSID":"PHICOMM_8a8cbf","androidId":"254becccf05bf99c","batteryLevel":79,"btAddress":"a1:99:9f:d5:d4:eb","btName":"H30-T00","buildAbi":"armeabi-v7a","buildAbi2":"armeabi","buildBoard":"pyramid","buildBrand":"HUAWEI","buildCodename":"REL","buildDescription":"H30-T00-user 7.0.0 NRD90M 62095b0b release-keys","buildDevice":"H30-T00","buildFingerprint":"HUAWEI/H30-T00/H30-T00:7.0.0/NRD90M/62095b0b:user/release-keys","buildHardware":"qcom","buildHost":"SCL_XA241_102","buildId":"NRD90M","buildIncremental":"62095b0b","buildManufacturer":"HUAWEI","buildModel":"H30-T00","buildName":"HUAWEI","buildProduct":"H30-T00","buildRadioVersion":"rkehvvrar","buildRelease":"7.0.0","buildSdk":"24","buildSerialno":"ce2bf082","buildTags":"release-keys","buildType":"user","buildUser":"jenkins","buildUtc":1462361034026,"cellScan":[],"ci":0,"contacts":["奶奶,18703754061","姑妈,18704900063","外婆,18807882746","外公,15702150887","舅舅,13405057885","舅妈,13203651179","姨父,15507992691","姨娘,13608663215","亲爱的,18806926290","老弟,14707737531","老妹,18801183720","小明,18000137009","小李子,14705118242","邢奇隆,18800938863","Glenn Lopez,18704325088","王殊,18807365153","芮卫昆,15303040362","杨为,13002574920","Sean Franklin,18602296226","吴颂,18008627346","吴鹏,13908693656","郗雅炎,13807147183","Cheryl Fox,13701127050","雷罗校,13801500877","谷适遇,18800045441","汤望惠,13107957512","Donna Lawrence,15608432525","李随,15201117044","糜雨阳,18908828765","糜可祥,18700551806","Curtis Murphy,18708783911","张欣颂,18808646190","于木泰,18000146133","松乐嵬,13500318528","Ann Collins,13803116365","诸葛曜良,15008754541","司徒奇添,14708848909","杨夏,13490391092","Travis Lawson,13490853505","余瑜骏,15908555165","杨萱硕,15703636771"],"cpuName":"MT6582","densityDpi":560,"deviceId":"862970365858613","deviceSvn":"85","displayId":"H30-T00-user 7.0.0 NRD90M 62095b0b release-keys","extraInfo":"PHICOMM_8a8cbf","height":0,"hidePkgs":[],"hmNotes":"","hookPkgs":[],"lac":0,"latitude":30.7893197,"line1Number":"15208211465","longitude":103.9369099,"macAddress":"2b:c9:41:09:a5:97","memAvailable":23416714,"memFree":70250144,"memTotal":93666858,"mnc":"00","networkClass":3,"networkCountryIso":"cn","networkOperator":"46000","networkOperatorName":"中国移动","networkType":13,"networkTypeName":"LTE","phoneType":1,"rgAndroid":"23","rgAreaode":"86","rgConNames":["上善若水","荀仪泰"],"rgConsize":"2","rgCountry":"中国","rgDevice":"xiaomiRedmi 4X","rgIp":"119.4.255.86","rgLastLogin":1516194613658,"rgLocation":"四川省成都市 联通","rgNetType":"切换飞行模式","rgOrPhone":"15208211465","rgPhoneNo":"15208211465","rgServer":"飞行模式切换","rgTime":1515916678095,"rgVcode":"爱乐赞(接码/发码)","rgVersion":"1.6.0","rgWxEmail":"未绑定","rgWxError":"帐号状态异常，本次登录已失效。请尝试重新登录，并根据弹窗提示操作。","rgWxId":"wxid_fjtmqvgyy3bd22","rgWxName":"荀仪泰","rgWxNo":"未设置","rgWxPasswd":"Rmst@7890","rgWxQQ":"未绑定","rgWxStatus":"异常","rgWxWindows":"否","serialno":"ce2bf082","simCountryIso":"cn","simOperator":"46000","simOperatorName":"中国移动","simSerialNumber":"8986008050226367606","simState":5,"subscriberId":"460006708323135","type":1,"typeName":"WIFI","width":0,"wifiScan":["PHICOMM_737b9d,c0:d4:e7:95:5a:40,[WPA2-PSK-CCMP-preauth][ESS],-65,2462,934029414","PHICOMM_1497c9,b0:b0:07:f9:93:8c,[WPA2-PSK-CCMP][ESS],-84,2462,3166035633","Netcore_436bae,cc:ea:a5:1a:48:b5,[WPA-PSK-CCMP][WPA2-PSK-CCMP][WPS][ESS],-57,2462,2070734375","Netcore_1497b9,1a:fc:ea:74:16:36,[WPA2-PSK-CCMP][ESS],-83,2412,246078499","MERCURY_aeb9ed,14:f4:b7:59:7c:38,[WPA2-PSK-CCMP][ESS],-56,2442,214828845","Netcore_659527,86:81:8e:90:ee:d4,[WPA-PSK-CCMP][WPA2-PSK-CCMP][ESS],-88,2437,2785931097","PHICOMM_8d0e31,a6:c7:ea:c6:82:99,[WPA2-PSK-CCMP][WPS][ESS],-92,2437,3201535867"]}