{"BSSID":"74:07:0b:d7:83:1f","IpAddress":"10.12.46.143","P2p0Mac":"0d:19:c0:fa:9d:32","SSID":"FAST_d125","androidId":"7315f404ce787393","batteryLevel":46,"btAddress":"69:e2:d7:37:97:82","btName":"MI 3W","buildAbi":"armeabi-v7a","buildAbi2":"armeabi","buildBoard":"spyder","buildBrand":"Xiaomi","buildCodename":"REL","buildDescription":"MI 3W-user 6.0.1 MMB29T a4409b6f release-keys","buildDevice":"MI 3W","buildFingerprint":"Xiaomi/MI 3W/MI 3W:6.0.1/MMB29T/a4409b6f:user/release-keys","buildHardware":"qcom","buildHost":"huawei-server-05","buildId":"MMB29T","buildIncremental":"a4409b6f","buildManufacturer":"Xiaomi","buildModel":"MI 3W","buildName":"Xiaomi","buildProduct":"MI 3W","buildRadioVersion":"rpcqssrihwexps","buildRelease":"6.0.1","buildSdk":"23","buildSerialno":"cd21f613","buildTags":"release-keys","buildType":"user","buildUser":"builder","buildUtc":1469131705588,"cellScan":["32833,24796","61708,169519782","61722,32013","32833,98464898","32833,30946"],"ci":169519782,"contacts":["奶奶,13802932496","姑妈,15600647070","外婆,18002712151","外公,13004658036","舅舅,13705627830","舅妈,13808188255","姨父,18807058598","姨娘,15700971695","亲爱的,13102501396","老弟,15101598339","老妹,14704664474","小明,13507950060","小李子,13703642631","奚仕雍,13302146561","Erin Henderson,18904220855","杨昱任,18804488163","侯雄绣,13007776553","王盈君,15600823270","Marilyn Diaz,13106250492","羊硕谦,13100985694","宫孝璇,15805027661","杨启雄,13502254109","Linda Willis,13907632694","吴晟,15707158361","杨麟元,15906622289","吴楷,13202987848","Warren Mason,18603267775","于仕,15508576579","翁昆童,13707496995","张誓,13503540467","Brittany Torres,13900855824","王卫,15005206515","余行殊,13905092652","牧进炫,15300151106","Rodney Harris,15308850543","于璐,14704914314","霍岭梁,14700438487","陈进,18005566742","Ryan Harris,18005730436","吴冠,13905903257","卫力,18901726905","陈卫,13904871639","Ricardo Perkins,13901587018","曹享雅,15802862996","宗梁骥,15805638656","杨杭,15607120463","Alfred Bryant,13205106895","夏佳行,13606961749"],"cpuName":"Qualcomm MSM8974PRO-AB","densityDpi":320,"deviceId":"860507044334095","deviceSvn":"59","displayId":"MI 3W-user 6.0.1 MMB29T a4409b6f release-keys","extraInfo":"cmwap","height":0,"hidePkgs":[],"hmNotes":"","hookPkgs":[],"lac":61708,"latitude":30.5741902,"line1Number":"18382491330","longitude":103.9622335,"macAddress":"82:26:26:b4:e9:7d","memAvailable":31519412,"memFree":63038826,"memTotal":94558238,"mnc":"00","networkClass":1,"networkCountryIso":"cn","networkOperator":"46007","networkOperatorName":"中国移动","networkType":2,"networkTypeName":"EDGE","phoneType":1,"rgAndroid":"23","rgAreaode":"86","rgConNames":[],"rgCountry":"中国","rgDevice":"xiaomiRedmi 4X","rgIp":"101.206.166.121","rgLastLogin":1515995184631,"rgLocation":"四川省 联通","rgNetType":"切换飞行模式","rgOrPhone":"18382491330","rgPhoneNo":"18382491330","rgServer":"飞行模式切换","rgTime":1515915904539,"rgVcode":"爱乐赞(接码/发码)","rgVersion":"1.6.0","rgWxError":"帐号状态异常，本次登录已失效。请尝试重新登录，并根据弹窗提示操作。","rgWxName":"陈瑞同","rgWxPasswd":"Rmst@7890","rgWxStatus":"异常","rgWxWindows":"否","serialno":"cd21f613","simCountryIso":"cn","simOperator":"46007","simOperatorName":"中国移动","simSerialNumber":"8986009776369953908","simState":5,"subscriberId":"460076486531030","type":0,"typeName":"MOBILE","width":0,"wifiScan":["Netcore_2f2749,14:cf:92:85:c9:56,[WPA-PSK-CCMP][WPA2-PSK-CCMP][WPS][ESS],-78,2437,1997735305","PHICOMM_d05384,78:d3:8d:b5:69:a0,[WPA2-PSK-CCMP][WPS][ESS],-72,2437,500255089","Tenda_254103,0c:82:68:9e:d2:1a,[WPA2-PSK-CCMP][WPS][ESS],-72,2442,3379337744","MERCURY_732658,c8:e7:d8:29:96:76,[WPA2-PSK-CCMP][WPS][ESS],-77,2422,337236499","FAST_4762,ec:6c:9f:2d:53:9c,[WPA2-PSK-CCMP][WPS][ESS],-78,2437,3374430739"]}