{"BSSID":"d2:c4:08:35:33:9e","IpAddress":"10.9.81.147","P2p0Mac":"52:27:8c:04:b3:59","SSID":"MERCURY_0cf3","androidId":"25fc03c63cc93623","batteryLevel":60,"btAddress":"1d:76:46:54:cb:a4","btName":"HUAWEI GRA-CL10","buildAbi":"armeabi-v7a","buildAbi2":"armeabi","buildBoard":"AWIFI","buildBrand":"HUAWEI","buildCodename":"REL","buildDescription":"GRA-CL10-user 5.0 LRX21M ee65cb1d release-keys","buildDevice":"HWGRA","buildFingerprint":"HUAWEI/HUAWEI GRA-CL10/HWGRA:5.0/LRX21M/ee65cb1d:user/release-keys","buildHardware":"qcom","buildHost":"LGEACI2R5","buildId":"LRX21M","buildIncremental":"ee65cb1d","buildManufacturer":"HUAWEI","buildModel":"HUAWEI GRA-CL10","buildName":"HUAWEI","buildProduct":"GRA-CL10","buildRadioVersion":"qcnscaafawormvru","buildRelease":"5.0","buildSdk":"21","buildSerialno":"252e4a3d","buildTags":"release-keys","buildType":"user","buildUser":"Server","buildUtc":1477892094358,"cellScan":["33292,50541","33292,44131","33292,4402","61715,169519779","61702,169512929"],"ci":169512929,"contacts":["奶奶,13202665753","姑妈,18005128637","外婆,18003636938","外公,18907126556","舅舅,18902863010","舅妈,15302485271","姨父,15607547627","姨娘,18908625022","亲爱的,15107598635","老弟,15904053684","老妹,13300319045","小明,18901278482","小李子,13303336818","周浩,13607684269","Connie Jordan,13807823241","詹松轩,13505673166","张吉欢,14706292804","秋广颖,13202735305","Jeanette Olson,13201031710","杨君印,18701351577","包逸耕,13300215220","杨举珀,15301961340","Bonnie Boyd,13490362106","莫庞阳,15305200665","余儒,15106568832","武秋万,13206788224","Deborah Porter,15606720639","陈媛,15905338177","李义岩,18704611528","王珂诗,13103274616","Josephine Thomas,13201483650","滑彤奎,15900011561","项午红,13202619036","汪焱秀,13304918306","Frank Brooks,18002125474","韩竞仪,15308690816","廉庞琦,15301272295","杨恒培,18007654709","Jeanne Sanders,13490835508","余适,18604831090","禹庞阁,15208673800","成菁室,18801375447","Laura Lee,15701567991","宓翔洋,13102392316"],"cpuName":":0","densityDpi":240,"deviceId":"861897226131685","deviceSvn":"56","displayId":"GRA-CL10-user 5.0 LRX21M ee65cb1d release-keys","extraInfo":"cmnet","height":0,"hidePkgs":[],"hmNotes":"","hookPkgs":[],"lac":61702,"latitude":30.5596929,"line1Number":"18384248200","longitude":103.9462576,"macAddress":"85:62:86:cd:a6:b0","memAvailable":68176271,"memFree":136352543,"memTotal":204528814,"mnc":"00","networkClass":2,"networkCountryIso":"cn","networkOperator":"46000","networkOperatorName":"中国移动","networkType":8,"networkTypeName":"HSDPA","phoneType":1,"rgAndroid":"23","rgAreaode":"86","rgConNames":["吉静殊","上善若水"],"rgConsize":"2","rgCountry":"中国","rgDevice":"xiaomiRedmi 4X","rgIp":"119.4.252.101","rgLastLogin":1516194683525,"rgLocation":"四川省成都市 联通","rgNetType":"切换飞行模式","rgOrPhone":"18384248200","rgPhoneNo":"18384248200","rgServer":"飞行模式切换","rgTime":1515917334046,"rgVcode":"爱乐赞(接码/发码)","rgVersion":"1.6.0","rgWxEmail":"未绑定","rgWxError":"帐号状态异常，本次登录已失效。请尝试重新登录，并根据弹窗提示操作。","rgWxId":"wxid_trm4nmkoy5kt22","rgWxName":"吉静殊","rgWxNo":"未设置","rgWxPasswd":"Rmst@7890","rgWxQQ":"未绑定","rgWxStatus":"异常","rgWxWindows":"否","serialno":"252e4a3d","simCountryIso":"cn","simOperator":"46000","simOperatorName":"中国移动","simSerialNumber":"8986007075182145827","simState":5,"subscriberId":"460001559997156","type":0,"typeName":"MOBILE","width":0,"wifiScan":["Netcore_a030f3,50:bd:5f:4e:ef:d0,[WPA2-PSK-CCMP][WPS][ESS],-66,2437,304839655","Netcore_631649,b0:d5:9d:43:18:8c,[WPA-PSK-CCMP][WPA2-PSK-CCMP][WPS][ESS],-75,2442,247322672","Netcore_da7ec1,fc:d7:33:d3:f1:76,[WPA2-PSK-CCMP][WPS][ESS],-92,2412,832233748","PHICOMM_ca8cbf,d8:15:0d:c7:2b:92,[WPA2-PSK-CCMP][WPS][ESS],-84,2462,296478696","iTV-a8db,28:2c:b2:6c:50:ca,[WPS][ESS],-64,2462,3422527406"]}