{"BSSID":"e9:d6:0c:c0:20:70","IpAddress":"10.21.53.87","P2p0Mac":"2d:3e:9c:a4:a2:f3","SSID":"MERCURY_cf21e2","androidId":"5ea2897099ab85e1","batteryLevel":33,"btAddress":"36:a4:43:00:b9:e5","btName":"Redmi Note 3","buildAbi":"armeabi-v7a","buildAbi2":"armeabi","buildBoard":"targa","buildBrand":"Xiaomi","buildCodename":"REL","buildDescription":"hennessy-user 5.0 LRX21M cb22a83d release-keys","buildDevice":"hennessy","buildFingerprint":"Xiaomi/Redmi Note 3/hennessy:5.0/LRX21M/cb22a83d:user/release-keys","buildHardware":"qcom","buildHost":"mz-buider-2","buildId":"LRX21M","buildIncremental":"cb22a83d","buildManufacturer":"Xiaomi","buildModel":"Redmi Note 3","buildName":"Xiaomi","buildProduct":"hennessy","buildRadioVersion":"ybfsxqbpo","buildRelease":"5.0","buildSdk":"21","buildSerialno":"278cff56","buildTags":"release-keys","buildType":"user","buildUser":"jenkins","buildUtc":1465126926608,"cellScan":[],"ci":0,"contacts":["奶奶,13490175316","姑妈,13900323037","外婆,15703122835","外公,18006014573","舅舅,13302721777","舅妈,13901274964","姨父,15600445616","姨娘,18601842061","亲爱的,13303802099","老弟,13705163781","老妹,14706707171","小明,15508466592","小李子,14708152750","吴鹄琴,15801960679","Jesus Olson,15208374513","和敬翰,18600494066","杨锐孝,15903002281","米儒立,14702400032","Jeffery Jordan,18802123289","宋星土,15305336930","陈芹,13201414850","焦泰印,15508102606","Thelma Campbell,18608544820","杨室,15704908379","杨秋嘉,15800654587","井灵棠,13490565229","Rosa Wagner,13490858502","戎效向,13507753043","毕净贤,18903232824","汲求宽,13803520848","Roberto Hayes,13804014199","孔玮勇,13300414341","张恺和,13404886496","罗炎兴,15701160864","Mario Long,14704233968","堪秋欣,18905096260","鲁虹航,15500065500","吴乾烁,18805155808","Marion Cox,18806940675","王悠媛,15501155415","吴禄献,15700337706","陈由随,13805813724","Kimberly Grant,13803113100","张年敬,13207787128","陈素青,13703535726","刁恺骥,13801428139","Leonard Diaz,13600826218","韦能琦,13805333302","杨佳霖,13801836154"],"cpuName":"MT6795","densityDpi":240,"deviceId":"860111426743385","deviceSvn":"59","displayId":"hennessy-user 5.0 LRX21M cb22a83d release-keys","extraInfo":"ctlte","height":0,"hidePkgs":[],"hmNotes":"","hookPkgs":[],"lac":0,"latitude":30.7209515,"line1Number":"18382346080","longitude":104.1748419,"macAddress":"f9:8f:3d:b1:78:99","memAvailable":937651441,"memFree":2812954323,"memTotal":3750605764,"mnc":"00","networkClass":2,"networkCountryIso":"cn","networkOperator":"46007","networkOperatorName":"中国移动","networkType":17,"networkTypeName":"TD_SCDMA","phoneType":1,"rgAndroid":"23","rgAreaode":"86","rgConNames":[],"rgCountry":"中国","rgDevice":"xiaomiRedmi 4X","rgIp":"119.4.254.120","rgLastLogin":1515995987369,"rgLocation":"四川省成都市 联通","rgNetType":"切换飞行模式","rgOrPhone":"18382346080","rgPhoneNo":"18382346080","rgServer":"飞行模式切换","rgTime":1515917026615,"rgVcode":"爱乐赞(接码/发码)","rgVersion":"1.6.0","rgWxError":"帐号状态异常，本次登录已失效。请尝试重新登录，并根据弹窗提示操作。","rgWxName":"成佑意","rgWxPasswd":"Rmst@7890","rgWxStatus":"异常","rgWxWindows":"否","serialno":"278cff56","simCountryIso":"cn","simOperator":"46007","simOperatorName":"中国移动","simSerialNumber":"8986023917302847294","simState":5,"subscriberId":"460079516774759","type":0,"typeName":"MOBILE","width":0,"wifiScan":["Tenda_8b7caf,69:be:ab:79:b4:5f,[WPA-PSK-CCMP][WPA2-PSK-CCMP][WPS][ESS],-81,2462,2852329980","FAST_f315,aa:ad:72:0e:4d:45,[WPA-PSK-CCMP][WPA2-PSK-CCMP][ESS],-76,2412,820237650","MERCURY_e1f4,8c:93:b0:e9:54:40,[WPA-PSK-TKIP+CCMP][WPA2-PSK-TKIP+CCMP][ESS],-77,2412,2599227689","Netcore_86b954,2d:42:f5:f3:2b:6f,[WPA2-PSK-CCMP][ESS],-89,2437,3372831041","MERCURY_e04843,f4:4c:6b:4d:93:6e,[WPA-PSK-CCMP][WPA2-PSK-CCMP][WPS][ESS],-60,2462,344843620","iTV-e30d,ef:6a:57:c6:c9:d8,[WPA-PSK-CCMP][WPA2-PSK-CCMP][WPS][ESS],-64,2437,2664233144","PHICOMM_032648,71:2f:54:9a:78:6e,[WPA2-PSK-CCMP][WPS][ESS],-75,2437,529801405","MERCURY_cbfd8c,35:0d:90:a1:21:a8,[WPA-PSK-CCMP][WPA2-PSK-CCMP][ESS],-77,2442,2063431276"]}