{"BSSID":"c8:30:2c:06:f3:c5","IpAddress":"192.168.99.174","P2p0Mac":"29:18:10:17:83:10","SSID":"TP-LINK_c14326","androidId":"ae16dc63a81d9a59","batteryLevel":86,"btAddress":"8c:9a:11:ad:b8:64","btName":"samsung GT-I9300I","buildAbi":"armeabi-v7a","buildAbi2":"armeabi","buildBoard":"maserati","buildBrand":"samsung","buildCodename":"REL","buildDescription":"samsung GT-I9300I-user 6.0.1 MMB29T 27bdb4f3 release-keys","buildDevice":"samsung GT-I9300I","buildFingerprint":"samsung/samsung GT-I9300I/samsung GT-I9300I:6.0.1/MMB29T/27bdb4f3:user/release-keys","buildHardware":"qcom","buildHost":"glsrv4","buildId":"MMB29T","buildIncremental":"27bdb4f3","buildManufacturer":"samsung","buildModel":"samsung GT-I9300I","buildName":"samsung","buildProduct":"samsung GT-I9300I","buildRadioVersion":"jyudenaschwpgl","buildRelease":"6.0.1","buildSdk":"23","buildSerialno":"d72cd1fd","buildTags":"release-keys","buildType":"user","buildUser":"buildHost","buildUtc":1492722830348,"cellScan":["32794,43951","32794,134872321","32808,134872321","33044,43951","61713,168386786"],"ci":43951,"contacts":["奶奶,13900708103","姑妈,14708492961","外婆,15601938889","外公,15805447503","舅舅,15500072810","舅妈,13907643722","姨父,18602051088","姨娘,15602903862","亲爱的,13003637965","老弟,13403087457","老妹,14706350948","小明,15208396773","小李子,15603850117","于轩芹,18603657238","Anna Robinson,15607738167","罗炯盛,13901251191","杨商望,13603095455","上官硕胜,15208592981","Ralph Perez,15907427211","解祥逵,15301007988","杨恺,13904467712","王殊净,15901955908","Eugene Riley,15105196921","王团,13506272443","吴寅贵,14707031077","张宫,18805695267","Rodney Edwards,18806513077","蓝绍翼,15502070852","于龙昱,13500077824","张义,13707947646","Beverly Martinez,13702222316","李洋怀,15802700920","宗瑟年,13202114409","吴望力,15707998081","Angela Myers,18805857142","张设微,13705776419","滑萱绣,15103918451","茅秋游,13101731700","Irene Diaz,18606223693","李鹄和,13102272696","翁印顺,13608023169"],"cpuName":"Qualcomm Technologies, Inc MSM8228","densityDpi":240,"deviceId":"861780161738054","deviceSvn":"42","displayId":"samsung GT-I9300I-user 6.0.1 MMB29T 27bdb4f3 release-keys","extraInfo":"TP-LINK_c14326","height":0,"hidePkgs":[],"hmNotes":"","hookPkgs":[],"lac":32794,"latitude":30.9170764,"line1Number":"18482318767","longitude":104.0707172,"macAddress":"31:7d:eb:8c:40:ea","memAvailable":701620222,"memFree":2104860666,"memTotal":2806480888,"mnc":"00","networkClass":1,"networkCountryIso":"cn","networkOperator":"46007","networkOperatorName":"中国移动","networkType":2,"networkTypeName":"EDGE","phoneType":1,"rgAndroid":"23","rgAreaode":"86","rgConNames":[],"rgCountry":"中国","rgDevice":"xiaomiRedmi 4X","rgIp":"101.206.166.132","rgLastLogin":1515995250812,"rgLocation":"四川省 联通","rgNetType":"切换飞行模式","rgOrPhone":"18482318767","rgPhoneNo":"18482318767","rgServer":"飞行模式切换","rgTime":1515916258645,"rgVcode":"爱乐赞(接码/发码)","rgVersion":"1.6.0","rgWxError":"帐号状态异常，本次登录已失效。请尝试重新登录，并根据弹窗提示操作。","rgWxName":"张灵","rgWxPasswd":"Rmst@7890","rgWxStatus":"异常","rgWxWindows":"否","serialno":"d72cd1fd","simCountryIso":"cn","simOperator":"46007","simOperatorName":"中国移动","simSerialNumber":"8986004882962750715","simState":5,"subscriberId":"460077219864865","type":1,"typeName":"WIFI","width":0,"wifiScan":["MERCURY_cad1f4,e4:d3:32:73:c9:5e,[WPA2-PSK-CCMP-preauth][ESS],-59,2437,1164430341","Netcore_e2f437,14:75:90:cb:0c:bc,[WPA-PSK-CCMP][WPA2-PSK-CCMP][ESS],-74,2412,450652960","TP-LINK_98badb,ec:26:ca:07:58:d4,[WPA2-PSK-CCMP][WPS][ESS],-75,2437,2316431514","TP-LINK_9d1fcb,54:be:53:33:22:6f,[WPA2-PSK-CCMP][WPS][ESS],-60,2437,198195264","FAST_fe20cb,80:48:a5:0e:18:72,[WPA2-PSK-CCMP][ESS],-93,2437,221952686"]}