{"BSSID":"9f:27:60:a4:7a:53","IpAddress":"10.98.29.151","P2p0Mac":"12:bc:ff:93:52:3f","SSID":"FAST_fbd037","androidId":"a904ea9597cb07db","batteryLevel":80,"btAddress":"91:38:c3:11:bf:fb","btName":"Coolpad 8675-HD","buildAbi":"armeabi-v7a","buildAbi2":"armeabi","buildBoard":"targa","buildBrand":"Coolpad","buildCodename":"REL","buildDescription":"Coolpad 8675-HD-user 5.0 LRX21M 52ef2542 release-keys","buildDevice":"Coolpad 8675-HD","buildFingerprint":"Coolpad/Coolpad 8675-HD/Coolpad 8675-HD:5.0/LRX21M/52ef2542:user/release-keys","buildHardware":"qcom","buildHost":"bs189","buildId":"LRX21M","buildIncremental":"52ef2542","buildManufacturer":"Coolpad","buildModel":"Coolpad 8675-HD","buildName":"Coolpad","buildProduct":"Coolpad 8675-HD","buildRadioVersion":"ibxbxyriih","buildRelease":"5.0","buildSdk":"21","buildSerialno":"992750dc","buildTags":"release-keys","buildType":"user","buildUser":"buildHost","buildUtc":1507923363948,"cellScan":[],"ci":0,"contacts":["奶奶,18702238596","姑妈,18806076707","外婆,13204796464","外公,15705367862","舅舅,13900756487","舅妈,15104329022","姨父,13302177087","姨娘,13106370432","亲爱的,13906256788","老弟,13806428786","老妹,15302755793","小明,13490710024","小李子,13207392039","马瑕世,18707930225","Janet Freeman,18707797451","吴力延,15804685067","吴景,15003737843","穆广演,13706485617","Dean Wood,13906515695","侯年嗣,18007951672","杨异江,18608820179","粱顺协,15704276101","Eddie Harrison,14700021970","宣砚乐,18704477779","张享瑞,15307371054","杨苡,15502361500","Tom Greene,13001460074","颜晟良,13490012483","李翰贺,18708315158","费羡昆,15002990938","Tiffany Hunt,13403475057","杨昆,13608293051","王璞,18704170518","殷琦河,13007801594","Rick Wilson,18601340487","路杏航,18605624145","杨艺,13100311181","张军夏,15803365859","Valerie Wallace,15200101917","吴秋享,15206991841","戎逸宏,15206280331","于鹏银,13807224062","Cathy Kelly,13903264794","王勋,15107832152","乐郡朋,13490308557","李烈元,13904518346","Scott Perry,13908141327"],"cpuName":"MT6592","densityDpi":560,"deviceId":"862442238083589","deviceSvn":"54","displayId":"Coolpad 8675-HD-user 5.0 LRX21M 52ef2542 release-keys","extraInfo":"ctnet","height":0,"hidePkgs":[],"hmNotes":"","hookPkgs":[],"lac":0,"latitude":30.7646336,"line1Number":"15302998839","longitude":104.1287619,"macAddress":"1e:fe:ab:29:de:53","memAvailable":24260051,"memFree":72780156,"memTotal":97040207,"mnc":"03","networkClass":1,"networkCountryIso":"cn","networkOperator":"46003","networkOperatorName":"中国电信","networkType":4,"networkTypeName":"CDMA","phoneType":2,"rgAndroid":"23","rgAreaode":"86","rgConNames":[],"rgCountry":"中国","rgDevice":"xiaomiRedmi 4X","rgIp":"119.4.255.118","rgLastLogin":1516102853170,"rgLocation":"四川省成都市 联通","rgNetType":"切换飞行模式","rgOrPhone":"15302998839","rgPhoneNo":"15302998839","rgServer":"飞行模式切换","rgTime":1516075024011,"rgVcode":"尚一品(发码)","rgVersion":"1.6.3","rgWxError":"帐号状态异常，本次登录已失效。请尝试重新登录，并根据弹窗提示操作。","rgWxName":"王松雷","rgWxPasswd":"Rmst@7890","rgWxStatus":"异常","rgWxWindows":"否","serialno":"992750dc","simCountryIso":"cn","simOperator":"46003","simOperatorName":"中国电信","simSerialNumber":"898530276213578980337","simState":5,"subscriberId":"460039491712844","type":0,"typeName":"MOBILE","width":0,"wifiScan":["PHICOMM_31487a,f1:25:bd:09:f8:d0,[WPA2-PSK-CCMP][WPS][ESS],-73,2412,439294913","FAST_6520,a7:4a:29:0c:8b:46,[WPA2-PSK-CCMP][WPS][ESS],-95,2462,1529332244","MERCURY_6a9659,1a:44:16:87:7f:88,[WPA2-PSK-CCMP][ESS],-81,2422,518521435","Netcore_142fe2,81:26:37:4b:04:32,[WPA2-PSK-CCMP][WPS][ESS],-88,2437,2681834249","MERCURY_adc97c,3d:06:e8:62:5e:5f,[WPA-PSK-CCMP][WPA2-PSK-CCMP][WPS][ESS],-65,2422,3697026866","MERCURY_32f205,dd:dc:61:51:30:f7,[WPA2-PSK-CCMP][WPS][ESS],-52,2412,190536652"]}