{"BSSID":"c5:b4:8c:60:4e:a0","IpAddress":"10.73.51.85","P2p0Mac":"28:98:ac:25:6c:05","SSID":"Netcore_360455","androidId":"b4f6e5d4dab3f6c4","batteryLevel":47,"btAddress":"55:6c:a6:97:c4:04","btName":"OPPO R7sm","buildAbi":"armeabi-v7a","buildAbi2":"armeabi","buildBoard":"otter","buildBrand":"OPPO","buildCodename":"REL","buildDescription":"R7sm-user 7.0.0 NRD90M 690cb4eb release-keys","buildDevice":"R7sm","buildFingerprint":"OPPO/OPPO R7sm/R7sm:7.0.0/NRD90M/690cb4eb:user/release-keys","buildHardware":"qcom","buildHost":"shws40","buildId":"NRD90M","buildIncremental":"690cb4eb","buildManufacturer":"OPPO","buildModel":"OPPO R7sm","buildName":"OPPO","buildProduct":"R7sm","buildRadioVersion":"udewycxymteynpd","buildRelease":"7.0.0","buildSdk":"24","buildSerialno":"f032488f","buildTags":"release-keys","buildType":"user","buildUser":"buildHost","buildUtc":1507320458507,"cellScan":["65535,1434","39938,164195121","61731,171714011","33037,98453634","33037,98160770"],"ci":171714011,"contacts":["奶奶,13906212623","姑妈,13605771018","外婆,13705929079","外公,18705530229","舅舅,13900664787","舅妈,14703766471","姨父,14708738544","姨娘,13402517018","亲爱的,13204950508","老弟,18707340429","老妹,15702316969","小明,15006700548","小李子,13504698766","奚海恺,13200316269","Clara Chavez,13106348663","车衔然,13103738676","杨享,13108414129","毛守恒,13003947013","Beverly Barnes,13004462663","杨玺露,18602746259","林学泉,15501752640","唐焱怀,18908817170","Jerry Griffin,13305931741","陈译信,18704950295","毛举精,18907555853","巫立素,15604614638","Dawn Henry,18605643370","余海,13603818091","康年素,15307112232","潘殊奎,15307775521","Michele Roberts,15303924046","强嵬阳,13402773173","洪烈妙,13104585373","李印彤,18001096665","Ruth Hart,18004747506","束宏升,13700934417","贝郡毅,18701554524","杨伟欢,15503635291","Leroy Jordan,15600800562","李节让,13704032805","东方净薇,18000641544","贺逸似,18707882572","Betty Hart,18700660141","李义,13404540095","蔡默瑕,18702065266"],"cpuName":"Qualcomm Technologies, Inc MSM8939","densityDpi":480,"deviceId":"865492263324918","deviceSvn":"50","displayId":"R7sm-user 7.0.0 NRD90M 690cb4eb release-keys","extraInfo":"ctnet","height":0,"hidePkgs":[],"hmNotes":"","hookPkgs":[],"lac":61731,"latitude":30.9011454,"line1Number":"15302998296","longitude":104.2716383,"macAddress":"f2:4a:51:db:8f:7a","memAvailable":611099734,"memFree":1222199469,"memTotal":1833299203,"mnc":"03","networkClass":2,"networkCountryIso":"cn","networkOperator":"46003","networkOperatorName":"中国电信","networkType":5,"networkTypeName":"CDMA - EvDo rev. 0","phoneType":2,"rgAndroid":"23","rgAreaode":"86","rgConNames":[],"rgCountry":"中国","rgDevice":"xiaomiRedmi 4X","rgIp":"119.4.254.213","rgLastLogin":1516102785993,"rgLocation":"四川省成都市 联通","rgNetType":"切换飞行模式","rgOrPhone":"15302998296","rgPhoneNo":"15302998296","rgServer":"飞行模式切换","rgTime":1516073827566,"rgVcode":"尚一品(发码)","rgVersion":"1.6.3","rgWxError":"帐号状态异常，本次登录已失效。请尝试重新登录，并根据弹窗提示操作。","rgWxName":"荣升谷","rgWxPasswd":"Rmst@7890","rgWxStatus":"异常","rgWxWindows":"否","serialno":"f032488f","simCountryIso":"cn","simOperator":"46003","simOperatorName":"中国电信","simSerialNumber":"898530262495704504408","simState":5,"subscriberId":"460039463827190","type":0,"typeName":"MOBILE","width":0,"wifiScan":["MERCURY_8d097c,c0:61:18:52:35:18,[WPA2-PSK-CCMP][ESS],-85,2437,512015540","Tenda_743649,f4:6a:92:31:c0:4e,[WPA-PSK-CCMP][WPA2-PSK-CCMP][ESS],-92,2412,1426327150","Tenda_97a76a,c4:47:3f:93:c7:90,[WPA-PSK-CCMP][WPA2-PSK-CCMP][ESS],-50,2447,189561508","Netcore_dc0e21,00:5a:39:2b:1c:76,[WPS][ESS],-87,2462,920436176","Netcore_c10336,bc:46:99:5b:6f:14,[WPA2-PSK-CCMP][WPS][ESS],-82,2462,2679035963"]}