{"BSSID":"59:21:99:87:6c:7c","IpAddress":"10.50.49.105","P2p0Mac":"46:c9:db:ea:20:d8","SSID":"TP-LINK_b9e10c","androidId":"e14ec347afb441f4","batteryLevel":40,"btAddress":"11:8c:b0:08:d9:d9","btName":"OPPO R9sk","buildAbi":"armeabi-v7a","buildAbi2":"armeabi","buildBoard":"MSM8660_SURF","buildBrand":"OPPO","buildCodename":"REL","buildDescription":"R9sk-user 5.0 LRX21M e47d13a0 release-keys","buildDevice":"R9sk","buildFingerprint":"OPPO/OPPO R9sk/R9sk:5.0/LRX21M/e47d13a0:user/release-keys","buildHardware":"qcom","buildHost":"wcc-miui-ota-bd25","buildId":"LRX21M","buildIncremental":"e47d13a0","buildManufacturer":"OPPO","buildModel":"OPPO R9sk","buildName":"OPPO","buildProduct":"R9sk","buildRadioVersion":"qdzxxheffdpmnnyp","buildRelease":"5.0","buildSdk":"21","buildSerialno":"2c1f5d46","buildTags":"release-keys","buildType":"user","buildUser":"jenkins","buildUtc":1511587958487,"cellScan":["32837,6804","61721,38401","32837,61261","61721,41831","61721,29473"],"ci":29473,"contacts":["奶奶,13490479066","姑妈,15101420347","外婆,13203850553","外公,15307624482","舅舅,13707520353","舅妈,13201986342","姨父,13201215535","姨娘,13201702555","亲爱的,13490752631","老弟,15100844742","老妹,14700056018","小明,13400941679","小李子,13701680826","王翼庞,15200772119","Jill Franklin,15903623651","石恒江,18705815098","张秋,18001086042","窦绣骥,13490813604","Herman Stephens,18908002060","杨兴,13102046543","张实新,13305596560","张世鹏,15805840342","Annie Foster,15007727598","余佩校,13101605768","陈贤铭,18902060607","李郡,13201955335","Glen Scott,15503441865","于露玺,18008022595","王宣尚,15905342711","王立,13708362759","Vivian Sanchez,13604970447","李团夜,13508548395","杨影佩,13404800469","干遇萱,13503254917","Oscar Dixon,13900302331","贝佩玉,13207531584","邢玮腾,15104400432","傅青律,15903175122","Florence Cole,15100094552","王泰甲,18900770038","杨河,15808730683","詹嵬英,13602478713","Stephen Long,13805706784","钮瑛惠,13108793100","孙佩,13490180719","萧殊弘,18007776794","Herman Arnold,13301364452","吴蔚寅,13303760937"],"cpuName":"Qualcomm Technologies, Inc MSM8953","densityDpi":240,"deviceId":"862644746944166","deviceSvn":"18","displayId":"R9sk-user 5.0 LRX21M e47d13a0 release-keys","extraInfo":"uninet","height":0,"hidePkgs":[],"hmNotes":"","hookPkgs":[],"lac":61721,"latitude":30.75176,"line1Number":"15302998485","longitude":103.9309638,"macAddress":"70:d6:87:e2:a7:96","memAvailable":23552952,"memFree":70658856,"memTotal":94211808,"mnc":"03","networkClass":1,"networkCountryIso":"cn","networkOperator":"46003","networkOperatorName":"中国电信","networkType":4,"networkTypeName":"CDMA","phoneType":2,"rgAndroid":"23","rgAreaode":"86","rgConNames":[],"rgCountry":"中国","rgDevice":"xiaomiRedmi 4X","rgIp":"119.4.252.108","rgLastLogin":1516102716261,"rgLocation":"四川省成都市 联通","rgNetType":"切换飞行模式","rgOrPhone":"15302998485","rgPhoneNo":"15302998485","rgServer":"飞行模式切换","rgTime":1516073164887,"rgVcode":"尚一品(发码)","rgVersion":"1.6.3","rgWxError":"帐号状态异常，本次登录已失效。请尝试重新登录，并根据弹窗提示操作。","rgWxName":"李怡","rgWxPasswd":"Rmst@7890","rgWxStatus":"异常","rgWxWindows":"否","serialno":"2c1f5d46","simCountryIso":"cn","simOperator":"46003","simOperatorName":"中国电信","simSerialNumber":"8986119905661569387","simState":5,"subscriberId":"460031258760721","type":0,"typeName":"MOBILE","width":0,"wifiScan":["MERCURY_e365,00:36:76:5f:30:72,[WPA2-PSK-CCMP][ESS],-85,2412,508522617","Netcore_95386b,20:dc:e6:87:5f:10,[WPA2-PSK-CCMP][WPS][ESS],-93,2412,408668871","Tenda_b032a9,00:36:76:1d:04:b6,[WPA-PSK-CCMP][WPA2-PSK-CCMP][WPS][ESS],-83,2452,848634178","MERCURY_98cb7b,9c:21:6a:21:9a:5c,[WPA-PSK-CCMP][WPA2-PSK-CCMP][ESS],-52,2447,399081543","MERCURY_2ec1f2,80:89:17:06:d2:da,[WPA2-PSK-CCMP][WPS][ESS],-87,2412,528519849"]}