{"BSSID":"aa:6e:25:ae:af:c2","IpAddress":"10.32.15.60","P2p0Mac":"19:00:d4:94:e4:e7","SSID":"iTV-ad65","androidId":"52c6c53163f5c1fe","batteryLevel":56,"btAddress":"ee:9c:97:06:3a:e8","btName":"MI 4C","buildAbi":"armeabi-v7a","buildAbi2":"armeabi","buildBoard":"msm8916","buildBrand":"Xiaomi","buildCodename":"REL","buildDescription":"cancro-user 5.1.1 LMY48G 61601e87 release-keys","buildDevice":"cancro","buildFingerprint":"Xiaomi/MI 4C/cancro:5.1.1/LMY48G/61601e87:user/release-keys","buildHardware":"qcom","buildHost":"qh-miui-ota-bd54","buildId":"LMY48G","buildIncremental":"61601e87","buildManufacturer":"Xiaomi","buildModel":"MI 4C","buildName":"Xiaomi","buildProduct":"cancro","buildRadioVersion":"osuvlfrpgodvphtkn","buildRelease":"5.1.1","buildSdk":"22","buildSerialno":"19cbf3b6","buildTags":"release-keys","buildType":"user","buildUser":"android","buildUtc":1467297926649,"cellScan":["33033,118059296","39938,164164146","33034,29064","33061,15946","33061,15944"],"ci":118059296,"contacts":["奶奶,15200877225","姑妈,13903830476","外婆,18608460861","外公,13006743311","舅舅,13403276115","舅妈,13403050183","姨父,18707993133","姨娘,18608603829","亲爱的,18802298215","老弟,15604526837","老妹,15900336115","小明,18802565086","小李子,15608531424","张雍,18700012540","Vernon Reynolds,14701153602","柏同和,13506864271","杨璞,18808662992","弓阳庞,13302880317","Dale Phillips,18901098117","张冠,13902466680","李协举,13490455043","汪璞易,15601985272","Juan White,18607436885","李坚三,18008805253","彭苡书,13490330157","蓬麟诗,14705985390","Curtis Hughes,18807016011","司徒梁霖,13307344551","张梧稼,18902104142","麻京寅,15007398614","Carrie Lawrence,15806658414","包儒永,18707310503","王谷观,13108052260","于介,13606166801","Tyler Washington,13508580483","牧魁奎,13901174752","于良,18700501223","祁元乾,18806990498","Walter Reynolds,15704433665","苏雪竞,13402908432","翁岳万,14700220542","华向雨,13105864312","Steve Rodriguez,13102310111","吴翼,18607993610","束古渠,18708156917","东方炯竞,14706872827","Maria Sanders,18804731514","郎郁伊,18901598715","陈阁,13700416163","王媛,13604902707","Troy Hayes,13701881519","杨儒宇,15803827800"],"cpuName":"Qualcomm MSM8974PRO-AC","densityDpi":240,"deviceId":"860591414716388","deviceSvn":"55","displayId":"cancro-user 5.1.1 LMY48G 61601e87 release-keys","extraInfo":"ctlte","height":0,"hidePkgs":[],"hmNotes":"","hookPkgs":[],"lac":33033,"latitude":30.7326897,"line1Number":"15363011613","longitude":104.227948,"macAddress":"6e:f6:08:64:24:be","memAvailable":68314995,"memFree":136629990,"memTotal":204944985,"mnc":"03","networkClass":2,"networkCountryIso":"cn","networkOperator":"46003","networkOperatorName":"中国电信","networkType":5,"networkTypeName":"CDMA - EvDo rev. 0","phoneType":2,"rgAndroid":"23","rgAreaode":"86","rgConNames":[],"rgCountry":"中国","rgDevice":"xiaomiRedmi 4X","rgIp":"119.4.253.141","rgLastLogin":1516102984705,"rgLocation":"四川省成都市 联通","rgNetType":"切换飞行模式","rgOrPhone":"15363011613","rgPhoneNo":"15363011613","rgServer":"飞行模式切换","rgTime":1516078186778,"rgVcode":"尚一品(发码)","rgVersion":"1.6.3","rgWxError":"帐号状态异常，本次登录已失效。请尝试重新登录，并根据弹窗提示操作。","rgWxId":"wxid_crlvzfu81kjr22","rgWxName":"骆影声","rgWxPasswd":"Rmst@7890","rgWxStatus":"异常","rgWxWindows":"否","serialno":"19cbf3b6","simCountryIso":"cn","simOperator":"46003","simOperatorName":"中国电信","simSerialNumber":"898530757980848086038","simState":5,"subscriberId":"460033011692720","type":0,"typeName":"MOBILE","width":0,"wifiScan":["FAST_4758da,08:10:79:86:d5:e4,[WPA-PSK-CCMP][WPA2-PSK-CCMP][WPS][ESS],-93,2412,761238531","Netcore_c547ba,bc:d1:77:c5:71:68,[WPA2-PSK-CCMP][WPS][ESS],-81,2462,1780737509","FAST_3ed153,b8:05:ab:5a:6a:ea,[WPA2-PSK-CCMP][ESS],-82,2437,527599577","PHICOMM_203164,08:10:79:80:09:99,[WPA-PSK-CCMP][WPA2-PSK-CCMP][WPS][ESS],-81,2437,809737285","MERCURY_496326,08:10:79:9c:fd:94,[WPA-PSK-CCMP][WPA2-PSK-CCMP][ESS],-75,2412,199164796"]}