{"BSSID":"70:2f:de:6f:30:65","IpAddress":"192.168.34.51","P2p0Mac":"54:35:19:d6:5f:50","SSID":"TP-LINK_e20cbe","androidId":"8dc9824547b19b01","batteryLevel":50,"btAddress":"55:f1:66:93:16:7d","btName":"HUAWEI GRA-CL10","buildAbi":"armeabi-v7a","buildAbi2":"armeabi","buildBoard":"maserati","buildBrand":"HUAWEI","buildCodename":"REL","buildDescription":"HWGRA-user 5.0 LRX21M 33bd5e1c release-keys","buildDevice":"HWGRA","buildFingerprint":"HUAWEI/HUAWEI GRA-CL10/HWGRA:5.0/LRX21M/33bd5e1c:user/release-keys","buildHardware":"qcom","buildHost":"wcc-miui-ota-bd25","buildId":"LRX21M","buildIncremental":"33bd5e1c","buildManufacturer":"HUAWEI","buildModel":"HUAWEI GRA-CL10","buildName":"HUAWEI","buildProduct":"HWGRA","buildRadioVersion":"fnfauizoe","buildRelease":"5.0","buildSdk":"21","buildSerialno":"38c2952a","buildTags":"release-keys","buildType":"user","buildUser":"Server","buildUtc":1476269835018,"cellScan":["65535,4121","61711,167972211","61711,168233595","65535,1597","61703,168252605"],"ci":168233595,"contacts":["奶奶,18704077782","姑妈,14705938887","外婆,18701077609","外公,13207692976","舅舅,15200088723","舅妈,13300035137","姨父,15903835979","姨娘,15206686342","亲爱的,15507808179","老弟,15606398876","老妹,15103404055","小明,18807116340","小李子,15202498447","王岩,15906255024","Gary Henry,15006460501","李似,15207245204","于行伟,13508600899","李瑜,18003240109","Russell Morales,13490270625","李宫思,15304846010","顾楷设,18907965436","颜誓钰,13508734490","Joshua Franklin,13801634496","禹腾杭,14705659037","诸葛克泰,15203024081","元永江,13604868481","Benjamin Hunter,13504939037","邹雍吾,13490474489","尹毅镜,18007624034","花永向,13107872563","Adam Foster,15606865322","莫勇能,18602567937","康衔隆,15106496875","解雨守,18007630442","Angela Edwards,13307870641","王校颖,15008883223","杨义,13204183550","李稼郁,13803355108","Brian Ferguson,13700627284","杨阳影,15702128255","王骏,13503566268","奚梦敬,15308550361","Jerome Franklin,15306858226","王朔,15702971419","杨节,18606344151","余伊,13705339079","Sylvia Hughes,13604275034","于慎,15501566900"],"cpuName":"Kirin935","densityDpi":480,"deviceId":"861263621596008","deviceSvn":"43","displayId":"HWGRA-user 5.0 LRX21M 33bd5e1c release-keys","extraInfo":"TP-LINK_e20cbe","height":0,"hidePkgs":[],"hmNotes":"","hookPkgs":[],"lac":61711,"latitude":30.6947058,"line1Number":"15363012799","longitude":104.0567088,"macAddress":"a9:dc:0d:97:c9:ac","memAvailable":128961914,"memFree":386885744,"memTotal":515847658,"mnc":"03","networkClass":2,"networkCountryIso":"cn","networkOperator":"46003","networkOperatorName":"中国电信","networkType":6,"networkTypeName":"CDMA - EvDo rev. A","phoneType":2,"rgAndroid":"23","rgAreaode":"86","rgConNames":[],"rgCountry":"中国","rgDevice":"xiaomiRedmi 4X","rgIp":"119.4.252.217","rgLastLogin":1516244298169,"rgLocation":"四川省成都市 联通","rgNetType":"切换飞行模式","rgOrPhone":"15363012799","rgPhoneNo":"15363012799","rgServer":"飞行模式切换","rgTime":1516079441658,"rgVcode":"尚一品(发码)","rgVersion":"1.6.3","rgWxError":"该微信帐号因批量或者使用非法软件注册被限制登录，如需继续使用，请轻触“确定”申请解除限制。","rgWxName":"郝宏鹏","rgWxPasswd":"Rmst@7890","rgWxStatus":"异常","rgWxWindows":"否","serialno":"38c2952a","simCountryIso":"cn","simOperator":"46003","simOperatorName":"中国电信","simSerialNumber":"898530780296193362506","simState":5,"subscriberId":"460035565240193","type":1,"typeName":"WIFI","width":0,"wifiScan":["PHICOMM_ed267a,fc:d7:33:65:da:80,[WPA-PSK-CCMP][WPA2-PSK-CCMP][WPS][ESS],-84,2412,2948031671","MERCURY_59dcfe,94:0c:6d:34:6b:c4,[WPA2-PSK-CCMP][ESS],-77,2412,431031897","Tenda_c0f215,6c:59:40:dc:f3:e8,[WPA2-PSK-CCMP][ESS],-80,2412,204775588","Tenda_105275,34:4b:50:72:17:57,[WPA-PSK-CCMP][WPA2-PSK-CCMP][ESS],-78,2412,317648013","Netcore_98cb27,f4:ec:38:16:c9:f2,[WPA2-PSK-CCMP][ESS],-72,2437,2740626651"]}