{"BSSID":"50:f8:6c:be:aa:7f","IpAddress":"192.168.86.239","P2p0Mac":"17:de:2c:e9:37:0f","SSID":"MERCURY_6a8cae","androidId":"22014102baf1e0b1","batteryLevel":51,"btAddress":"5d:d1:b8:ad:33:ae","btName":"m3","buildAbi":"armeabi-v7a","buildAbi2":"armeabi","buildBoard":"otter2","buildBrand":"Meizu","buildCodename":"REL","buildDescription":"m3-user 7.0.0 NRD90M 28aa49db release-keys","buildDevice":"m3","buildFingerprint":"Meizu/m3/m3:7.0.0/NRD90M/28aa49db:user/release-keys","buildHardware":"qcom","buildHost":"mz-buider-2","buildId":"NRD90M","buildIncremental":"28aa49db","buildManufacturer":"Meizu","buildModel":"m3","buildName":"Meizu","buildProduct":"m3","buildRadioVersion":"vdfqejhevkdzrijg","buildRelease":"7.0.0","buildSdk":"24","buildSerialno":"825e4c0a","buildTags":"release-keys","buildType":"user","buildUser":"Server","buildUtc":1472807275448,"cellScan":[],"ci":0,"contacts":["奶奶,13490333704","姑妈,13002734853","外婆,13906544939","外公,15501401617","舅舅,14703817581","舅妈,13102844195","姨父,13300372763","姨娘,13408040797","亲爱的,13902178648","老弟,13304665331","老妹,15304026241","小明,13408031231","小李子,14704834890","吴剑译,15603384985","Geraldine Stewart,15501377304","杨苡郁,15203821499","杨宽,15208058767","唐泉立,18006312953","Eleanor Jackson,15307458442","宫旭烁,13207625885","李伊钰,18707286358","余烁荣,13000793229","Lawrence Pierce,18608410315","陈帅,13101188586","余若梧,18702291462","暴永雷,18807022366","Lee Garcia,15708665363","杨烁汉,13501531332","宁儒珂,13903341203","吴情余,14707636873","Julia Warren,15703146457","穆效宇,18703854907","吴炯,15508255738","冯瑜效,15101910076","Heather Phillips,13406884825","于岳,15001057616","崔露灵,13302008056","张英汉,18807567256","Rose Reyes,15708309065","王皓筱,18804752999"],"cpuName":"MT6750","densityDpi":320,"deviceId":"862418389565483","deviceSvn":"47","displayId":"m3-user 7.0.0 NRD90M 28aa49db release-keys","extraInfo":"MERCURY_6a8cae","height":0,"hidePkgs":[],"hmNotes":"","hookPkgs":[],"lac":0,"latitude":30.8103338,"line1Number":"15363012780","longitude":103.7696842,"macAddress":"ec:5a:94:61:fc:27","memAvailable":935598385,"memFree":1871196772,"memTotal":2806795157,"mnc":"03","networkClass":2,"networkCountryIso":"cn","networkOperator":"46003","networkOperatorName":"中国电信","networkType":6,"networkTypeName":"CDMA - EvDo rev. A","phoneType":2,"rgAndroid":"23","rgAreaode":"86","rgConNames":[],"rgCountry":"中国","rgDevice":"xiaomiRedmi 4X","rgIp":"119.4.254.240","rgLastLogin":1516102919562,"rgLocation":"四川省成都市 联通","rgNetType":"切换飞行模式","rgOrPhone":"15363012780","rgPhoneNo":"15363012780","rgServer":"飞行模式切换","rgTime":1516077304075,"rgVcode":"尚一品(发码)","rgVersion":"1.6.3","rgWxError":"帐号状态异常，本次登录已失效。请尝试重新登录，并根据弹窗提示操作。","rgWxName":"宋绣良","rgWxPasswd":"Rmst@7890","rgWxStatus":"异常","rgWxWindows":"否","serialno":"825e4c0a","simCountryIso":"cn","simOperator":"46003","simOperatorName":"中国电信","simSerialNumber":"898530231244328289301","simState":5,"subscriberId":"460034924684688","type":1,"typeName":"WIFI","width":0,"wifiScan":["Netcore_69cb7b,66:13:ef:0b:22:ed,[WPA-PSK-CCMP][WPA2-PSK-CCMP][WPS][ESS],-87,2412,449693455","Tenda_e98dbe,6f:cd:0c:04:f2:6f,[WPA2-PSK-CCMP][ESS],-89,2462,702928819","PHICOMM_8ca769,c8:aa:6c:2c:cd:9d,[WPA-PSK-CCMP][WPA2-PSK-CCMP][WPS][ESS],-72,2412,3515232787","Netcore_ada9dc,c4:25:58:89:59:83,[WPA-PSK-CCMP][WPA2-PSK-CCMP][WPS][ESS],-77,2462,2488733176","MERCURY_586bed,18:b6:15:5d:05:5b,[WPA2-PSK-CCMP][ESS],-89,2442,1912637735"]}