{"BSSID":"81:4a:47:6b:a8:d7","IpAddress":"192.168.94.230","P2p0Mac":"a6:fc:8b:2c:8f:22","SSID":"FAST_7359","androidId":"843f92f36210cae2","batteryLevel":87,"btAddress":"67:cf:1d:bf:72:99","btName":"vivo V3","buildAbi":"armeabi-v7a","buildAbi2":"armeabi","buildBoard":"t1","buildBrand":"vivo","buildCodename":"REL","buildDescription":"PD1524-user 7.0.0 NRD90M f1bc93d3 release-keys","buildDevice":"PD1524","buildFingerprint":"vivo/vivo V3/PD1524:7.0.0/NRD90M/f1bc93d3:user/release-keys","buildHardware":"qcom","buildHost":"shws40","buildId":"NRD90M","buildIncremental":"f1bc93d3","buildManufacturer":"vivo","buildModel":"vivo V3","buildName":"vivo","buildProduct":"PD1524","buildRadioVersion":"rrgbbjzvgrlzuqm","buildRelease":"7.0.0","buildSdk":"24","buildSerialno":"9344c690","buildTags":"release-keys","buildType":"user","buildUser":"jenkins","buildUtc":1510124898714,"cellScan":["61717,169179562","33305,2622","39700,164722737","33305,33291","61715,169054280"],"ci":164722737,"contacts":["奶奶,15301427720","姑妈,15802798452","外婆,13601400737","外公,15202340658","舅舅,15202163911","舅妈,15204591485","姨父,15203114948","姨娘,14708533511","亲爱的,13002252024","老弟,13104926753","老妹,13806847507","小明,13708387812","小李子,13203136665","尤意顺,13002357797","Keith Ward,15604513214","刁念伟,18603188446","李玺,18006818633","吴儒校,14704673827","Elizabeth Boyd,18807808272","谢同胜,13490484165","仰岳悠,13806666494","柏秋汉,13101916954","Gloria Stewart,13007556987","仰昱享,13900748717","于森皓,13903525593","严凇扬,13801754162","Kathryn Cruz,13708224728","杨雅如,18005206715","杨生,14702659095","吴渠,18007340475","Lisa Jackson,15302938724","汤虎明,15705598360","张盈奇,14704143135","诸倩炬,15906345179","Anne Nichols,15805338014","张杏许,18006237097","左图闻,18800738319","芮惠佳,13306374842","Laurie Crawford,13300534681","康秀顺,13403632800","余旭节,13506510677","李瑜,13703456381","Frederick Greene,13503894834","于如,13302497710","余香翼,13803048630","李权望,13106547587","Jamie Riley,13203327393"],"cpuName":"MT6750","densityDpi":320,"deviceId":"864683674104755","deviceSvn":"17","displayId":"PD1524-user 7.0.0 NRD90M f1bc93d3 release-keys","extraInfo":"FAST_7359","height":0,"hidePkgs":[],"hmNotes":"","hookPkgs":[],"lac":39700,"latitude":30.4757224,"line1Number":"17828491394","longitude":104.0350379,"macAddress":"99:d7:9c:fd:c4:0e","memAvailable":611243024,"memFree":1222486048,"memTotal":1833729072,"mnc":"00","networkClass":2,"networkCountryIso":"cn","networkOperator":"46002","networkOperatorName":"中国移动","networkType":8,"networkTypeName":"HSDPA","phoneType":1,"rgAndroid":"23","rgAreaode":"86","rgConNames":["侯会水","上善若水"],"rgConsize":"2","rgCountry":"中国","rgDevice":"xiaomiRedmi 4X","rgIp":"119.4.255.45","rgLastLogin":1516421048588,"rgLocation":"四川省成都市 联通","rgNetType":"切换飞行模式","rgOrPhone":"17828491394","rgPhoneNo":"17828491394","rgServer":"飞行模式切换","rgTime":1516071683354,"rgVcode":"玉米(发码)","rgVersion":"1.6.3","rgWxEmail":"未绑定","rgWxError":"","rgWxId":"wxid_l2nk5unie3kn22","rgWxName":"侯会水","rgWxNo":"未设置","rgWxPasswd":"Rmst@7890","rgWxQQ":"未绑定","rgWxStatus":"异常","rgWxWindows":"否","serialno":"9344c690","simCountryIso":"cn","simOperator":"46002","simOperatorName":"中国移动","simSerialNumber":"8986003929561114100","simState":5,"subscriberId":"460022618787166","type":1,"typeName":"WIFI","width":0,"wifiScan":["TP-LINK_49547b,b0:d5:9d:5c:2d:a8,[WPA-PSK-CCMP][WPA2-PSK-CCMP][ESS],-71,2437,2465136161","TP-LINK_327497,5c:ff:ff:13:d1:fc,[WPA-PSK-CCMP][WPA2-PSK-CCMP][ESS],-88,2462,1712334864","PHICOMM_68bafe,00:26:c7:43:f0:89,[WPA-PSK-CCMP][WPA2-PSK-CCMP][WPS][ESS],-91,2437,2491038290","MERCURY_fe3649,44:97:5a:c3:c2:02,[WPA-PSK-CCMP][WPA2-PSK-CCMP][WPS][ESS],-90,2437,2632038266","TP-LINK_486b,ac:b5:7d:41:c3:6c,[WPA-PSK-CCMP][WPA2-PSK-CCMP][WPS][ESS],-73,2412,195101302"]}