{"BSSID":"2c:fb:22:bb:1c:f8","IpAddress":"192.168.75.7","P2p0Mac":"a4:82:0d:51:cc:73","SSID":"TP-LINK_297ca7","androidId":"94f29c35fb464adc","batteryLevel":53,"btAddress":"1e:51:8b:a6:ac:f9","btName":"HTC D816v","buildAbi":"armeabi-v7a","buildAbi2":"armeabi","buildBoard":"piranha","buildBrand":"htc","buildCodename":"REL","buildDescription":"htccn_chs_ct-user 7.1.2 NMF26Q 6395b699 release-keys","buildDevice":"htc_a5dwg1","buildFingerprint":"htc/HTC D816v/htc_a5dwg1:7.1.2/NMF26Q/6395b699:user/release-keys","buildHardware":"qcom","buildHost":"wcc-miui-ota-bd25","buildId":"NMF26Q","buildIncremental":"6395b699","buildManufacturer":"HTC","buildModel":"HTC D816v","buildName":"htc","buildProduct":"htccn_chs_ct","buildRadioVersion":"kcryndfbkam","buildRelease":"7.1.2","buildSdk":"25","buildSerialno":"1d6e2411","buildTags":"release-keys","buildType":"user","buildUser":"lgmobile","buildUtc":1494168681365,"cellScan":["61722,33654","33292,45332","61722,45293","61702,169521389","33292,98483073"],"ci":45293,"contacts":["奶奶,13703177590","姑妈,15908258115","外婆,13606593839","外公,15302970888","舅舅,13800566590","舅妈,13801450369","姨父,15003636247","姨娘,13004290769","亲爱的,15302432774","老弟,15801772765","老妹,13100575829","小明,18800080101","小李子,15600097851","杨铭玮,15707258362","Mary Clark,18701393417","邬英群,13507144784","于诗秋,18004853108","李进仪,15601288464","Jeanette Owens,13001976415","杨逵,13708607677","吴超,15106074143","余良卿,13404602685","Justin James,15805700802","齐同双,14701351710","李河,18003037867","管齐坚,15801582051","Dustin Daniels,15200460925","梅誓迅,15106180116","王彦屏,15305977172","李守,18001491842","Danielle Flores,18905084468","范腾意,15807796143","巫童珀,15003805847","吴时裕,14707547028","Dolores Cox,18800042792","强茜奇,15104078309","仰微新,15008643380","陈夜怒,13900700545","Marvin Carter,13807575289","班殊伟,15707300912","秦若恺,13203362829","周许岭,13306308930","Jimmy Clark,15307428010","王余,13490049079","吴静毅,18804487163","卫胜勋,13900822652","Wayne Butler,13908547778","唐王绍,15607431928","李锦,13706321276"],"cpuName":"Qualcomm MSM8928","densityDpi":320,"deviceId":"864897755829276","deviceSvn":"28","displayId":"htccn_chs_ct-user 7.1.2 NMF26Q 6395b699 release-keys","extraInfo":"TP-LINK_297ca7","height":0,"hidePkgs":[],"hmNotes":"","hookPkgs":[],"lac":61722,"latitude":30.5342741,"line1Number":"18224450370","longitude":103.9320888,"macAddress":"47:ad:d0:ec:61:99","memAvailable":458357404,"memFree":1375072212,"memTotal":1833429616,"mnc":"00","networkClass":2,"networkCountryIso":"cn","networkOperator":"46002","networkOperatorName":"中国移动","networkType":8,"networkTypeName":"HSDPA","phoneType":1,"rgAndroid":"23","rgAreaode":"86","rgConNames":[],"rgCountry":"中国","rgDevice":"xiaomiRedmi 4X","rgIp":"119.4.252.115","rgLastLogin":1516103118746,"rgLocation":"四川省成都市 联通","rgNetType":"切换飞行模式","rgOrPhone":"18224450370","rgPhoneNo":"18224450370","rgServer":"飞行模式切换","rgTime":1516099096010,"rgVcode":"玉米(发码)","rgVersion":"1.6.3","rgWxError":"帐号状态异常，本次登录已失效。请尝试重新登录，并根据弹窗提示操作。","rgWxName":"邴翼影","rgWxPasswd":"Rmst@7890","rgWxStatus":"异常","rgWxWindows":"否","serialno":"1d6e2411","simCountryIso":"cn","simOperator":"46002","simOperatorName":"中国移动","simSerialNumber":"8986001606320179047","simState":5,"subscriberId":"460021654793598","type":1,"typeName":"WIFI","width":0,"wifiScan":["Tenda_2a7ca3,14:75:90:70:61:b6,[WPA2-PSK-CCMP][ESS],-73,2442,234631948","MERCURY_374165,00:e0:4c:27:6a:b1,[WPA2-PSK-CCMP][ESS],-52,2437,2497332019","FAST_15487b,80:89:17:59:bf:4c,[WPA-PSK-CCMP][WPA2-PSK-CCMP][WPS][ESS],-72,2412,2154937055","MERCURY_2f475a,80:89:17:83:f0:9e,[WPA-PSK-CCMP][WPA2-PSK-CCMP][WPS][ESS],-83,2437,312301287","FAST_8dbfd6,9c:21:6a:e4:fd:4c,[WPA-PSK-CCMP][WPA2-PSK-CCMP][ESS],-52,2452,1392137922"]}