{"BSSID":"3b:20:90:05:a2:28","IpAddress":"192.168.33.127","P2p0Mac":"3f:4e:a3:6c:67:be","SSID":"MERCURY_516984","androidId":"5d17c785e6d15a66","batteryLevel":44,"btAddress":"39:19:07:f4:c0:67","btName":"vivo X6D","buildAbi":"armeabi-v7a","buildAbi2":"armeabi","buildBoard":"otter2","buildBrand":"vivo","buildCodename":"REL","buildDescription":"PD1415D-user 5.0 LRX21M fd3189d2 release-keys","buildDevice":"PD1415D","buildFingerprint":"vivo/vivo X6D/PD1415D:5.0/LRX21M/fd3189d2:user/release-keys","buildHardware":"qcom","buildHost":"shws40","buildId":"LRX21M","buildIncremental":"fd3189d2","buildManufacturer":"vivo","buildModel":"vivo X6D","buildName":"vivo","buildProduct":"PD1415D","buildRadioVersion":"kojpjrqsgsaje","buildRelease":"5.0","buildSdk":"21","buildSerialno":"2112453f","buildTags":"release-keys","buildType":"user","buildUser":"builder","buildUtc":1480028668577,"cellScan":[],"ci":0,"contacts":["奶奶,15600296118","姑妈,13700974176","外婆,13500883766","外公,13300955607","舅舅,18000217105","舅妈,13300473205","姨父,18603532316","姨娘,18706764479","亲爱的,13103025754","老弟,13304865310","老妹,18903071635","小明,18004985263","小李子,18706197697","康贤精,13907212612","Paul Ford,13906812935","巴添会,18802880131","季青廉,13202504139","柏洋利,13608535763","Tommy Lawson,13504256037","秋明汉,13305890830","王图行,15505763974","陆璇露,13804303356","Kelly Long,13607086338","杨全,13300553939","王禄,13001441151","杨冠,13707372380","Steve Peters,13705997555","杨室由,18808433331","莫静午,13307074587","毕驹君,18704995139","Donald Henderson,14701474356","万倩立,15903294289","项炯佩,15207972376","臧为瑞,13607210042","Holly Tucker,13801627471","吴佩璇,15300384759","霍雪世,13490460599","于永齐,18606975968","Gladys Edwards,15602306529","刁佩国,13206751703","滕联军,15104651374","吴勋勋,13490103377","Eddie Price,18008828075","俞嗣隆,13402113127","杨梦许,15006758427","赵逵森,13405553016","Barry Wallace,13407120736","李岁,14701164856"],"cpuName":"MT6752","densityDpi":560,"deviceId":"862150541988838","deviceSvn":"74","displayId":"PD1415D-user 5.0 LRX21M fd3189d2 release-keys","extraInfo":"MERCURY_516984","height":0,"hidePkgs":[],"hmNotes":"","hookPkgs":[],"lac":0,"latitude":30.7062601,"line1Number":"18244211396","longitude":103.9126971,"macAddress":"97:3c:08:7d:3f:f9","memAvailable":68415442,"memFree":136830884,"memTotal":205246326,"mnc":"00","networkClass":3,"networkCountryIso":"cn","networkOperator":"46007","networkOperatorName":"中国移动","networkType":13,"networkTypeName":"LTE","phoneType":1,"rgAndroid":"23","rgAreaode":"86","rgConNames":["上善若水","尤湘锐"],"rgConsize":"2","rgCountry":"中国","rgDevice":"xiaomiRedmi 4X","rgIp":"119.4.254.50","rgLastLogin":1516421123925,"rgLocation":"四川省成都市 联通","rgNetType":"切换飞行模式","rgOrPhone":"18244211396","rgPhoneNo":"18244211396","rgServer":"飞行模式切换","rgTime":1516101375730,"rgVcode":"玉米(发码)","rgVersion":"1.6.3","rgWxEmail":"未绑定","rgWxError":"","rgWxId":"wxid_nx2mb37gstut22","rgWxName":"尤湘锐","rgWxNo":"未设置","rgWxPasswd":"Rmst@7890","rgWxQQ":"未绑定","rgWxStatus":"异常","rgWxWindows":"否","serialno":"2112453f","simCountryIso":"cn","simOperator":"46007","simOperatorName":"中国移动","simSerialNumber":"8986007841406471238","simState":5,"subscriberId":"460073536930280","type":1,"typeName":"WIFI","width":0,"wifiScan":["MERCURY_d03275,6d:6a:6d:5c:96:7d,[WPA2-PSK-CCMP][ESS],-54,2472,542095891","Netcore_58596b,fb:0b:53:5a:1c:93,[WPA-PSK-CCMP][WPA2-PSK-CCMP][WPS][ESS],-82,2437,446432103","Netcore_5a8d86,ce:4d:a0:2a:3e:0e,[WPA2-PSK-CCMP][ESS],-81,2462,2087935353","TP-LINK_cfeb9e,76:a2:91:34:ba:d7,[WPA-PSK-CCMP][WPA2-PSK-CCMP][ESS],-93,2412,593435386","Netcore_f326a8,d4:0b:8b:7f:4d:f6,[WPA2-PSK-CCMP][WPS][ESS],-87,2437,1971329910","ChainaNet_c0e3,a9:82:39:51:fe:1a,[WPA2-PSK-CCMP][ESS],-80,2412,744233002","MERCURY_0f42e3,78:f7:d0:8a:27:4f,[WPA-PSK-CCMP][WPA2-PSK-CCMP][WPS][ESS],-71,2437,2797134857"]}