{"BSSID":"a4:84:fc:da:be:5e","IpAddress":"192.168.57.197","P2p0Mac":"be:23:c3:8c:a6:0a","SSID":"FAST_c0f305","androidId":"a237a8b8e93fd16e","batteryLevel":34,"btAddress":"cc:a0:36:37:56:85","btName":"vivo X9","buildAbi":"armeabi-v7a","buildAbi2":"armeabi","buildBoard":"hummingbird","buildBrand":"vivo","buildCodename":"REL","buildDescription":"PD1616-user 7.1.2 NMF26Q cb0611a3 release-keys","buildDevice":"PD1616","buildFingerprint":"vivo/vivo X9/PD1616:7.1.2/NMF26Q/cb0611a3:user/release-keys","buildHardware":"qcom","buildHost":"wcc-miui-ota-bd07.bj","buildId":"NMF26Q","buildIncremental":"cb0611a3","buildManufacturer":"vivo","buildModel":"vivo X9","buildName":"vivo","buildProduct":"PD1616","buildRadioVersion":"ukyjyszssfxmkunkv","buildRelease":"7.1.2","buildSdk":"25","buildSerialno":"5cf4f539","buildTags":"release-keys","buildType":"user","buildUser":"Server","buildUtc":1494347080850,"cellScan":[],"ci":0,"contacts":["奶奶,13200910092","姑妈,13902782057","外婆,18602884986","外公,13203513506","舅舅,13101786325","舅妈,18000940217","姨父,13603483113","姨娘,18607560083","亲爱的,18807883838","老弟,13000377518","老妹,13602868334","小明,15207745559","小李子,18905993064","秦厚乐,13606180744","Jill Hart,13908314735","郁佑协,14708537545","李贤瑕,15501766989","杨先,13201564479","Carmen Bell,13207455557","于寿,18706891426","狄璎麟,13507405504","祖韶王,15801125826","Roberto Bennett,15102278476","费伟易,18904795293","杨秋兴,18707102336","于佑,13304847632","Matthew Dunn,18904177610","房青芹,13803123535","王广,15500710330","范力校,13302711241","Allen Hart,15304188674","骆航译,13490512722","王渠,13102273391","李瑟,15705673836","Judith Cruz,18800593747","吴双楷,14703378109","于岁筱,18006954072","吴微贤,13904495106","Barbara Woods,13501575076","杨绍界,15300481532","公孙儒颖,13602568196","陆瑕观,18704538520","Henry Stephens,18703560545","李联,18608454683","禹净珂,13490227190","魏礼友,13204495973","Jerry Simpson,13103755098","杨海,13607198747","司徒剑旭,15602058562"],"cpuName":"Qualcomm Technologies, Inc MSM8953","densityDpi":320,"deviceId":"861158737839013","deviceSvn":"54","displayId":"PD1616-user 7.1.2 NMF26Q cb0611a3 release-keys","extraInfo":"FAST_c0f305","height":0,"hidePkgs":[],"hmNotes":"","hookPkgs":[],"lac":0,"latitude":30.767084,"line1Number":"18101745495","longitude":103.9687282,"macAddress":"b7:b4:db:e1:7c:1e","memAvailable":935657048,"memFree":1871314098,"memTotal":2806971146,"mnc":"03","networkClass":1,"networkCountryIso":"cn","networkOperator":"46003","networkOperatorName":"中国电信","networkType":4,"networkTypeName":"CDMA","phoneType":2,"rgAndroid":"23","rgAreaode":"86","rgBackupPath":"/storage/emulated/0/.money/backup/20180108/18101745495_20180108.db","rgConNames":[],"rgCountry":"中国","rgDevice":"xiaomiRedmi 4X","rgIp":"119.4.253.213","rgLastLogin":1515464528591,"rgLocation":"四川省成都市 联通","rgNetType":"切换飞行模式","rgOrPhone":"18101745495","rgPhoneNo":"18101745495","rgServer":"飞行模式切换","rgTime":1515409564458,"rgVcode":"尚一品(发码)","rgVersion":"1.6.0","rgWxError":"帐号状态异常，本次登录已失效。请尝试重新登录，并根据弹窗提示操作。","rgWxName":"李景雍","rgWxPasswd":"Rmst@7890","rgWxStatus":"异常","rgWxWindows":"否","serialno":"5cf4f539","simCountryIso":"cn","simOperator":"46003","simOperatorName":"中国电信","simSerialNumber":"8986112105978720743","simState":5,"subscriberId":"460031237319614","type":1,"typeName":"WIFI","width":0,"wifiScan":["MERCURY_7a8c87,ad:11:a6:cd:3a:d4,[WPA2-PSK-CCMP][WPS][ESS],-92,2412,2345530904","TP-LINK_f143,34:0b:04:fd:05:e5,[WPA-PSK-CCMP][WPA2-PSK-CCMP][WPS][ESS],-84,2437,332788520","Netcore_9da9c0,7e:e8:df:08:df:1c,[WPA2-PSK-CCMP][ESS],-81,2472,2424126773","Tenda_e31538,e2:6b:57:f4:77:bb,[WPA-PSK-CCMP][WPA2-PSK-CCMP][ESS],-86,2412,3341830872","FAST_ed9dc0,65:f5:4f:b5:45:76,[WPA-PSK-CCMP][WPA2-PSK-CCMP][WPS][ESS],-91,2462,1347636313","Netcore_305386,f9:75:44:f6:f8:50,[WPA2-PSK-CCMP][WPS][ESS],-78,2412,3575033733"]}