{"BSSID":"3c:fa:e5:40:bd:36","IpAddress":"10.78.47.96","P2p0Mac":"e3:38:f8:c8:4a:72","SSID":"PHICOMM_8dbfd2","androidId":"920531ff72a30529","batteryLevel":43,"btAddress":"94:e2:3a:16:f4:75","btName":"vivo V3","buildAbi":"armeabi-v7a","buildAbi2":"armeabi","buildBoard":"p3","buildBrand":"vivo","buildCodename":"REL","buildDescription":"PD1524-user 6.0.1 MMB29T d2ae7674 release-keys","buildDevice":"PD1524","buildFingerprint":"vivo/vivo V3/PD1524:6.0.1/MMB29T/d2ae7674:user/release-keys","buildHardware":"qcom","buildHost":"bs213","buildId":"MMB29T","buildIncremental":"d2ae7674","buildManufacturer":"vivo","buildModel":"vivo V3","buildName":"vivo","buildProduct":"PD1524","buildRadioVersion":"tmzofhdaao","buildRelease":"6.0.1","buildSdk":"23","buildSerialno":"62f7ca96","buildTags":"release-keys","buildType":"user","buildUser":"builder","buildUtc":1453083792262,"cellScan":[],"ci":0,"contacts":["奶奶,18004552587","姑妈,13004173575","外婆,15701453821","外公,18602421122","舅舅,18903944245","舅妈,13008754806","姨父,14707773113","姨娘,15806338700","亲爱的,15903401678","老弟,18701023171","老妹,18006044103","小明,18607686547","小李子,18807607021","吴诗佑,18807674356","Richard Clark,18706208485","罗莉翼,15206920617","宗宁乐,18800624197","樊立湘,18707251406","Timothy Hamilton,15701497996","车羡红,14706762178","路联慎,18901674540","张向王,13204442703","Elizabeth Long,13001211399","凤华颖,18804068693","于启设,18705105814","奚雨君,18802414831","Rose Gonzalez,14705406109","杨异图,13703966717","戚图妙,13706105015","余会宏,15304406852","Dorothy Gonzales,18005810496","王立虹,13702887655","魏设骏,18706115061","谷炎稼,18608351224","Ruth Coleman,13103137700","暴绣校,13501824672","季佳享,18800140511","王砚,13405708860","Gloria Bailey,13401080295","李佑,13308738793"],"cpuName":"Qualcomm Technologies, Inc MSM8939","densityDpi":560,"deviceId":"861554729622963","deviceSvn":"78","displayId":"PD1524-user 6.0.1 MMB29T d2ae7674 release-keys","extraInfo":"3gnet","height":0,"hidePkgs":[],"hmNotes":"","hookPkgs":[],"lac":0,"latitude":30.6140933,"line1Number":"18101861546","longitude":104.0373849,"macAddress":"32:db:d7:6f:17:07","memAvailable":51130749,"memFree":153392250,"memTotal":204522999,"mnc":"03","networkClass":2,"networkCountryIso":"cn","networkOperator":"46003","networkOperatorName":"中国电信","networkType":6,"networkTypeName":"CDMA - EvDo rev. A","phoneType":2,"rgAndroid":"23","rgAreaode":"86","rgBackupPath":"/storage/emulated/0/.money/backup/20180108/18101861546_20180108.db","rgConNames":[],"rgCountry":"中国","rgDevice":"xiaomiRedmi 4X","rgIp":"119.4.252.171","rgLastLogin":1515462973982,"rgLocation":"四川省成都市 联通","rgNetType":"切换飞行模式","rgOrPhone":"18101861546","rgPhoneNo":"18101861546","rgServer":"飞行模式切换","rgTime":1515398385559,"rgVcode":"尚一品(发码)","rgVersion":"1.6.0","rgWxError":"帐号状态异常，本次登录已失效。请尝试重新登录，并根据弹窗提示操作。","rgWxName":"马木学","rgWxPasswd":"Rmst@7890","rgWxStatus":"异常","rgWxWindows":"否","serialno":"62f7ca96","simCountryIso":"cn","simOperator":"46003","simOperatorName":"中国电信","simSerialNumber":"898530238647719448722","simState":5,"subscriberId":"460036328052707","type":0,"typeName":"MOBILE","width":0,"wifiScan":["MERCURY_1497,3f:70:22:49:2e:39,[WPA2-PSK-CCMP][WPS][ESS],-82,2412,204854331","PHICOMM_473265,04:d3:44:6c:57:36,[WPA-PSK-TKIP+CCMP][WPA2-PSK-TKIP+CCMP][WPS][ESS],-83,2437,3516130679","Netcore_9cb85a,82:5e:31:3a:86:c8,[WPA-PSK-CCMP][WPA2-PSK-CCMP][WPS][ESS],-68,2462,322128032","PHICOMM_18dc0d,df:66:6d:e6:51:7c,[WPA2-PSK-CCMP][WPS][ESS],-60,2412,338252178","MERCURY_98db76,ef:54:1a:e2:3e:d0,[WPA-PSK-CCMP][WPA2-PSK-CCMP][ESS],-95,2447,454930701","Netcore_fc4275,ad:09:6e:83:d9:45,[WPA2-PSK-CCMP][WPS][ESS],-83,2462,217416569","PHICOMM_021ed0,79:01:60:d6:96:c8,[WPA-PSK-CCMP][WPA2-PSK-CCMP][ESS],-92,2412,1629829289"]}