{"BSSID":"b8:a7:9a:b2:ec:97","IpAddress":"10.78.33.111","P2p0Mac":"33:94:17:ac:40:5f","SSID":"MERCURY_7aec9d","androidId":"7e380494e07a6cab","batteryLevel":65,"btAddress":"84:b9:94:7d:bd:48","btName":"X5","buildAbi":"armeabi-v7a","buildAbi2":"armeabi","buildBoard":"smdk4210","buildBrand":"vivo","buildCodename":"REL","buildDescription":"X5-user 5.0 LRX21M 16630e3e release-keys","buildDevice":"X5","buildFingerprint":"vivo/X5/X5:5.0/LRX21M/16630e3e:user/release-keys","buildHardware":"qcom","buildHost":"huangshan","buildId":"LRX21M","buildIncremental":"16630e3e","buildManufacturer":"vivo","buildModel":"X5","buildName":"vivo","buildProduct":"X5","buildRadioVersion":"tvqnykteuhdaxm","buildRelease":"5.0","buildSdk":"21","buildSerialno":"21fa84ef","buildTags":"release-keys","buildType":"user","buildUser":"jenkins","buildUtc":1480460618942,"cellScan":[],"ci":0,"contacts":["奶奶,15002840527","姑妈,13702638936","外婆,13507397849","外公,13406425200","舅舅,13800547039","舅妈,18003062175","姨父,15707916998","姨娘,15902808729","亲爱的,13800593127","老弟,13203378964","老妹,18606209036","小明,13003360653","小李子,15506272228","余熙贤,15101740712","Kenneth Cruz,15201294829","李弘,13490032502","余佳霖,15006290254","杨享添,13708816372","Loretta Ward,13903705256","王乾,14705825233","郎泰律,13305390852","祖誓愚,13802136770","Ruby Wilson,13905993037","宫权悠,14706166639","杨珊宫,13704187465","韩举,18808400212","Jesus Perry,14700322600","汤骏杏,13702631467","余卫英,13807620921","王翰贵,18801685404","Cynthia Austin,18706601072","王琦莉,13902496477","颜许仙,18802014446","张会夏,13500214314","Marilyn Williams,13701363112","狄璞双,15702116189","葛豪影,15306007829","富茂精,18007198024","Nancy Moore,18000873665","范红江,13800800908","任仕盛,18904933093","杨虹瑜,13405746123","Michael Warren,15902370767","吴韶宏,14708428540","张联夜,13904560424","左实默,18706627346","Judith Carpenter,18706707006"],"cpuName":"MT6592","densityDpi":240,"deviceId":"861283334897121","deviceSvn":"18","displayId":"X5-user 5.0 LRX21M 16630e3e release-keys","extraInfo":"3gwap","height":0,"hidePkgs":[],"hmNotes":"","hookPkgs":[],"lac":0,"latitude":30.8924572,"line1Number":"18121322743","longitude":103.713088,"macAddress":"f1:52:59:cf:26:9f","memAvailable":701591295,"memFree":2104773886,"memTotal":2806365181,"mnc":"03","networkClass":3,"networkCountryIso":"cn","networkOperator":"46003","networkOperatorName":"中国电信","networkType":13,"networkTypeName":"LTE","phoneType":2,"rgAndroid":"23","rgAreaode":"86","rgBackupPath":"/storage/emulated/0/.money/backup/20180108/18121322743_20180108.db","rgConNames":[],"rgCountry":"中国","rgDevice":"xiaomiRedmi 4X","rgIp":"119.4.254.238","rgLastLogin":1515463848747,"rgLocation":"四川省成都市 联通","rgNetType":"切换飞行模式","rgOrPhone":"18121322743","rgPhoneNo":"18121322743","rgServer":"飞行模式切换","rgTime":1515403511907,"rgVcode":"尚一品(发码)","rgVersion":"1.6.0","rgWxError":"帐号状态异常，本次登录已失效。请尝试重新登录，并根据弹窗提示操作。","rgWxName":"王瑜","rgWxPasswd":"Rmst@7890","rgWxStatus":"异常","rgWxWindows":"否","serialno":"21fa84ef","simCountryIso":"cn","simOperator":"46003","simOperatorName":"中国电信","simSerialNumber":"8986063695985455636","simState":5,"subscriberId":"460035829868956","type":0,"typeName":"MOBILE","width":0,"wifiScan":["MERCURY_248cb6,64:c1:89:ec:46:61,[WPA-PSK-CCMP][WPA2-PSK-CCMP][WPS][ESS],-95,2427,206128144","PHICOMM_7aea9d,74:28:e0:09:fb:00,[WPA2-PSK-CCMP][WPS][ESS],-75,2457,2156927746","iTV-3759,57:c6:35:84:02:ce,[WPA-PSK-CCMP][WPA2-PSK-CCMP][WPS][ESS],-91,2472,218320230","PHICOMM_032751,71:ff:79:78:fc:23,[WPA2-PSK-CCMP][ESS],-95,2462,3658436839","Netcore_65b7ba,39:ac:af:20:0b:33,[WPA-PSK-CCMP][WPA2-PSK-CCMP][ESS],-56,2467,1246328961"]}