{"BSSID":"61:a4:e2:4a:22:6a","IpAddress":"10.84.77.149","P2p0Mac":"cb:c1:e9:7a:5f:c1","SSID":"Tenda_d1f428","androidId":"384981b28dd95bec","batteryLevel":58,"btAddress":"a9:15:a4:5b:94:7a","btName":"Redmi 4","buildAbi":"armeabi-v7a","buildAbi2":"armeabi","buildBoard":"spyder","buildBrand":"Xiaomi","buildCodename":"REL","buildDescription":"Redmi 4-user 7.0.0 NRD90M 6b41003e release-keys","buildDevice":"Redmi 4","buildFingerprint":"Xiaomi/Redmi 4/Redmi 4:7.0.0/NRD90M/6b41003e:user/release-keys","buildHardware":"qcom","buildHost":"mine","buildId":"NRD90M","buildIncremental":"6b41003e","buildManufacturer":"Xiaomi","buildModel":"Redmi 4","buildName":"Xiaomi","buildProduct":"Redmi 4","buildRadioVersion":"qclmnwtefihskvdw","buildRelease":"7.0.0","buildSdk":"24","buildSerialno":"6a8c7660","buildTags":"release-keys","buildType":"user","buildUser":"jenkins","buildUtc":1497044402684,"cellScan":[],"ci":0,"contacts":["奶奶,13700590109","姑妈,13204778513","外婆,15003378094","外公,18003877913","舅舅,13001166494","舅妈,13490236580","姨父,15206538374","姨娘,18602758117","亲爱的,15002317956","老弟,13606637823","老妹,13406535811","小明,15505131393","小李子,18804283855","余吾设,15503493784","Gilbert Brown,15508128801","杨嘉,13306937754","仇随玺,15105157572","杨可,13103873195","Cathy Berry,13208608281","詹熙曜,13702188851","王彦宇,13105102204","席翰瑞,13402988624","Virginia Myers,15802952245","虞精翔,15507586649","王玉,14707370570","卜璇硕,13400356890","Alex Boyd,15001787320","杨舒殊,13900681917","余恺,13306078662","储律效,13802854141","Gail Gardner,13502883183","王祥夏,15603103283","童校秋,15604343164","牧嗣恺,15807865079","Anne Henry,15805922896","王意帅,13900101457","贾焱默,13103025118","杨古奇,14700830618","Ricardo Rogers,18703524930","杨瑞渠,13300150697"],"cpuName":"Qualcomm Technologies, Inc MSM8953","densityDpi":320,"deviceId":"862526952293992","deviceSvn":"71","displayId":"Redmi 4-user 7.0.0 NRD90M 6b41003e release-keys","extraInfo":"cmnet","height":0,"hidePkgs":[],"hmNotes":"","hookPkgs":[],"lac":0,"latitude":30.4124053,"line1Number":"18121148245","longitude":103.978725,"macAddress":"6e:f4:81:4e:5a:04","memAvailable":611286232,"memFree":1222572466,"memTotal":1833858698,"mnc":"03","networkClass":3,"networkCountryIso":"cn","networkOperator":"46003","networkOperatorName":"中国电信","networkType":13,"networkTypeName":"LTE","phoneType":2,"rgAndroid":"23","rgAreaode":"86","rgBackupPath":"/storage/emulated/0/.money/backup/20180108/18121148245_20180108.db","rgConNames":[],"rgCountry":"中国","rgDevice":"xiaomiRedmi 4X","rgIp":"101.206.166.153","rgLastLogin":1515464321642,"rgLocation":"四川省 联通","rgNetType":"切换飞行模式","rgOrPhone":"18121148245","rgPhoneNo":"18121148245","rgServer":"飞行模式切换","rgTime":1515408725017,"rgVcode":"尚一品(发码)","rgVersion":"1.6.0","rgWxError":"帐号状态异常，本次登录已失效。请尝试重新登录，并根据弹窗提示操作。","rgWxName":"王绍","rgWxPasswd":"Rmst@7890","rgWxStatus":"异常","rgWxWindows":"否","serialno":"6a8c7660","simCountryIso":"cn","simOperator":"46003","simOperatorName":"中国电信","simSerialNumber":"898530278801897646042","simState":5,"subscriberId":"460038850587980","type":0,"typeName":"MOBILE","width":0,"wifiScan":["TP-LINK_58db,9c:b9:5f:cc:98:7b,[WPA2-PSK-CCMP][WPS][ESS],-77,2412,3441835616","MERCURY_cfa864,06:81:03:39:37:5d,[WPA-PSK-CCMP][WPA2-PSK-CCMP][WPS][ESS],-81,2447,494109890","ChainaNet_da9d,28:27:0b:d2:6b:ee,[WPA2-PSK-CCMP][WPS][ESS],-92,2412,2965434907","FAST_447631,73:7c:df:f6:07:e2,[WPA2-PSK-CCMP][WPS][ESS],-94,2462,427663292","Tenda_7ca76a,35:04:5b:47:7d:72,[WPA2-PSK-CCMP][WPS][ESS],-84,2412,467042284"]}