{"BSSID":"25:8d:c4:0f:d9:b2","IpAddress":"192.168.64.5","P2p0Mac":"34:0b:a9:5f:eb:cc","SSID":"Netcore_bed0dc","androidId":"a9bf8da0851ea991","batteryLevel":57,"btAddress":"c1:88:a2:7c:a9:54","btName":"m1 note","buildAbi":"armeabi-v7a","buildAbi2":"armeabi","buildBoard":"picasso_mf","buildBrand":"Meizu","buildCodename":"REL","buildDescription":"m1note-user 6.0.1 MMB29T 4ac6cd08 release-keys","buildDevice":"m1note","buildFingerprint":"Meizu/m1 note/m1note:6.0.1/MMB29T/4ac6cd08:user/release-keys","buildHardware":"qcom","buildHost":"mz-buider-2","buildId":"MMB29T","buildIncremental":"4ac6cd08","buildManufacturer":"Meizu","buildModel":"m1 note","buildName":"Meizu","buildProduct":"m1note","buildRadioVersion":"whpdsmaxvdr","buildRelease":"6.0.1","buildSdk":"23","buildSerialno":"a330f486","buildTags":"release-keys","buildType":"user","buildUser":"builder","buildUtc":1498816671843,"cellScan":[],"ci":0,"contacts":["奶奶,15901338843","姑妈,15900087986","外婆,15003865289","外公,13100310580","舅舅,18706867761","舅妈,15104398292","姨父,13007406790","姨娘,15006781964","亲爱的,15106384117","老弟,13101900077","老妹,18704150273","小明,15905496025","小李子,18006152887","支贵午,13490765871","Eleanor Chavez,15301403503","杨莉意,13706388712","王升,18008839088","乌兴吾,18805870449","Kelly Austin,18703066130","王泰,13502528244","沈阁,13508291962","樊升迅,18804845763","Crystal Nichols,18707781517","余佳,18900260600","姜校书,13804428385","上官佳业,15007603720","Jerome Long,15800244522","万野灵,13205292469","禹梁易,15207152900","张腾泰,13406441070","Tommy Elliott,15205394962","于乾魁,13204861903","刘妙念,18905805072","诸可兴,13907715091","Marie Mitchell,13701135044","杨情,15607105831","余景,13700131207","洪亚茜,15007094966","Joe Wilson,15904244462","昌怡思,15905578612","李若延,15002491548","杨岳,18603994585","Margaret Fisher,13102190263","任茜诗,13005751222","于善,15600118499","杨贵,14703743955","Jeffrey Flores,18803815038","袁孝国,15005622540","杨殊佩,13703451494","熊介元,15501292088","Lynn Hernandez,15503925071"],"cpuName":"MT6752","densityDpi":240,"deviceId":"860629735133345","deviceSvn":"53","displayId":"m1note-user 6.0.1 MMB29T 4ac6cd08 release-keys","extraInfo":"Netcore_bed0dc","height":0,"hidePkgs":[],"hmNotes":"","hookPkgs":[],"lac":0,"latitude":30.8146731,"line1Number":"18121103341","longitude":104.2710149,"macAddress":"53:a0:bc:18:24:e6","memAvailable":4109789261,"memFree":12329367785,"memTotal":16439157046,"mnc":"03","networkClass":2,"networkCountryIso":"cn","networkOperator":"46003","networkOperatorName":"中国电信","networkType":6,"networkTypeName":"CDMA - EvDo rev. A","phoneType":2,"rgAndroid":"23","rgAreaode":"86","rgConNames":["李为陵"],"rgConsize":"1","rgCountry":"中国","rgDevice":"xiaomiRedmi 4X","rgIp":"119.4.254.13","rgLastLogin":1516243122720,"rgLocation":"四川省成都市 联通","rgNetType":"切换飞行模式","rgOrPhone":"18121103341","rgPhoneNo":"18121103341","rgServer":"飞行模式切换","rgTime":1515399235538,"rgVcode":"尚一品(发码)","rgVersion":"1.6.0","rgWxEmail":"未绑定","rgWxError":"该微信帐号因批量或者使用非法软件注册被限制登录，如需继续使用，请轻触“确定”申请解除限制。","rgWxName":"李为陵","rgWxNo":"未设置","rgWxPasswd":"Rmst@7890","rgWxQQ":"未绑定","rgWxStatus":"异常","rgWxWindows":"否","serialno":"a330f486","simCountryIso":"cn","simOperator":"46003","simOperatorName":"中国电信","simSerialNumber":"8986112408275578871","simState":5,"subscriberId":"460032693829085","type":1,"typeName":"WIFI","width":0,"wifiScan":["MERCURY_be31,bf:d9:aa:ae:49:05,[WPA2-PSK-CCMP][WPS][ESS],-64,2462,3573128802","Netcore_9c5496,dc:d0:d6:e5:93:d1,[WPA-PSK-CCMP][WPA2-PSK-CCMP][WPS][ESS],-78,2412,2232338315","Tenda_49ca42,80:23:24:8a:d5:6d,[WPA2-PSK-CCMP][WPS][ESS],-79,2412,3165036339","Netcore_550f37,6f:00:b9:dc:5f:bf,[WPS][ESS],-84,2412,459116102","FAST_4265,41:62:aa:43:1c:fd,[WPA-PSK-CCMP][WPA2-PSK-CCMP][WPS][ESS],-74,2437,2542633169","MERCURY_365eb0,15:f2:cb:e6:c8:81,[WPA-PSK-CCMP][WPA2-PSK-CCMP][ESS],-76,2437,198036269","PHICOMM_c0eaae,9e:dd:7f:d0:b8:96,[WPA-PSK-CCMP][WPA2-PSK-CCMP][WPS][ESS],-77,2447,849429598"]}