{"BSSID":"3a:c5:fc:d2:00:29","IpAddress":"192.168.31.116","P2p0Mac":"9c:19:b2:21:4b:59","SSID":"FAST_4658dc","androidId":"fbe1d104250efa13","batteryLevel":78,"btAddress":"a6:65:e2:23:3c:20","btName":"MI 3","buildAbi":"armeabi-v7a","buildAbi2":"armeabi","buildBoard":"steelhead","buildBrand":"Xiaomi","buildCodename":"REL","buildDescription":"Kenzo-user 7.1.2 NMF26Q be58485d release-keys","buildDevice":"Kenzo","buildFingerprint":"Xiaomi/MI 3/Kenzo:7.1.2/NMF26Q/be58485d:user/release-keys","buildHardware":"qcom","buildHost":"taishan","buildId":"NMF26Q","buildIncremental":"be58485d","buildManufacturer":"Xiaomi","buildModel":"MI 3","buildName":"Xiaomi","buildProduct":"Kenzo","buildRadioVersion":"wakhymkqaymbzq","buildRelease":"7.1.2","buildSdk":"25","buildSerialno":"efed464c","buildTags":"release-keys","buildType":"user","buildUser":"buildHost","buildUtc":1496460644547,"cellScan":["33256,33142530","33256,6231","33191,122847009","61765,171251190","33188,122796321"],"ci":122796321,"contacts":["奶奶,15205582992","姑妈,13490661831","外婆,13008285754","外公,18800805057","舅舅,14707891668","舅妈,15708172952","姨父,15508132012","姨娘,15703143539","亲爱的,18900153221","老弟,15502617898","老妹,15205810888","小明,18700540117","小李子,13904157518","储雍弘,15308516038","Grace Garcia,18900634196","李能逸,15708644747","杨海涂,18006850406","乌明焱,13805988674","Sandra Watkins,13702441222","纪岳异,15506072445","王明兴,13403148065","杭筱齐,18601224473","Clarence Edwards,13204903864","邓良王,13405991356","单珊禄,13301080638","李嘉贺,13502824036","Jeff Payne,13900087762","王界素,15008542667","钭若陵,15904662492","路良易,15302301502","Sylvia Brooks,18907018028","陈凇石,13107884547","窦和幸,14707725903","谢玉惠,18801686867","Rodney Roberts,18703640782","吕行渠,13808264566","上官露心,18003653387","纪军保,18904415149","Samuel Holmes,18001116043","祝海净,18607605125","纪生元,14706591820","李享,13004407724","Maria Ellis,13107885034","虞畏茂,15502094710","舒水韶,15006244026","应铁权,13500653242","Carrie Baker,13506384482","长孙尚瑛,15601995377","李为三,18900965781"],"cpuName":"Qualcomm MSM8974PRO-AB","densityDpi":480,"deviceId":"862037636858176","deviceSvn":"52","displayId":"Kenzo-user 7.1.2 NMF26Q be58485d release-keys","extraInfo":"FAST_4658dc","height":0,"hidePkgs":[],"hmNotes":"","hookPkgs":[],"lac":33188,"latitude":30.4301896,"line1Number":"18121324141","longitude":104.2988461,"macAddress":"12:6e:a2:57:e9:ac","memAvailable":701648420,"memFree":2104945260,"memTotal":2806593680,"mnc":"03","networkClass":2,"networkCountryIso":"cn","networkOperator":"46003","networkOperatorName":"中国电信","networkType":12,"networkTypeName":"CDMA - EvDo rev. B","phoneType":2,"rgAndroid":"23","rgAreaode":"86","rgBackupPath":"/storage/emulated/0/.money/backup/20180108/18121324141_20180108.db","rgConNames":[],"rgCountry":"中国","rgDevice":"xiaomiRedmi 4X","rgIp":"101.206.167.229","rgLastLogin":1515463379708,"rgLocation":"四川省 联通","rgNetType":"切换飞行模式","rgOrPhone":"18121324141","rgPhoneNo":"18121324141","rgServer":"飞行模式切换","rgTime":1515400546731,"rgVcode":"尚一品(发码)","rgVersion":"1.6.0","rgWxError":"帐号状态异常，本次登录已失效。请尝试重新登录，并根据弹窗提示操作。","rgWxName":"于耀楷","rgWxPasswd":"Rmst@7890","rgWxStatus":"异常","rgWxWindows":"否","serialno":"efed464c","simCountryIso":"cn","simOperator":"46003","simOperatorName":"中国电信","simSerialNumber":"898530236694307232819","simState":5,"subscriberId":"460031888377142","type":1,"typeName":"WIFI","width":0,"wifiScan":[]}