{"BSSID":"0e:b3:43:3c:95:c6","IpAddress":"192.168.15.49","P2p0Mac":"e3:47:9f:05:c4:32","SSID":"Netcore_c769ed","androidId":"b0d348bcf27ed651","batteryLevel":78,"btAddress":"34:f5:c3:6b:55:6f","btName":"C5503","buildAbi":"armeabi-v7a","buildAbi2":"armeabi","buildBoard":"MT2L03","buildBrand":"Sony","buildCodename":"REL","buildDescription":"C5503-user 5.0 LRX21M 3e356972 release-keys","buildDevice":"C5503","buildFingerprint":"Sony/C5503/C5503:5.0/LRX21M/3e356972:user/release-keys","buildHardware":"qcom","buildHost":"mz-buider-2","buildId":"LRX21M","buildIncremental":"3e356972","buildManufacturer":"Sony","buildModel":"C5503","buildName":"Sony","buildProduct":"C5503","buildRadioVersion":"ggikqvialaintj","buildRelease":"5.0","buildSdk":"21","buildSerialno":"d73609d5","buildTags":"release-keys","buildType":"user","buildUser":"buildHost","buildUtc":1451719534024,"cellScan":[],"ci":0,"contacts":["奶奶,13408047543","姑妈,15207930228","外婆,14706336578","外公,18003401222","舅舅,15805292640","舅妈,15007902530","姨父,18005692484","姨娘,13503452204","亲爱的,13600042691","老弟,18805394966","老妹,18600754854","小明,13001074267","小李子,15000296790","武鹄尚,13103850012","Regina Palmer,15602657340","杨璞浩,18704947128","李净嘉,13606883976","荀升佳,13490509541","Timothy Hayes,18900128971","黄年舒,13000561751","郑似余,13803798889","吴盈,13806250267","Gladys Davis,13900587248","吴铜,13300676964","杨伟,18808712755","张香如,13490021669","Melanie Gonzalez,18906818115","嵇魄茜,18602112741","王游,13490536451","解宣王,15203451553","Karen Davis,15203301493","吴华豪,15303044464","王森,14702515145","戴荃阳,18704076563","Edwin Olson,18806833547","平和珊,18904463288","胡影佩,15908733795","王辉,13490038708","Jacob Thompson,15300111775","张奎培,18601730991","余静霖,13403525203","杨翔,13490650368","Joann Lopez,18002555382","俞仪宏,15708017230"],"cpuName":"Sony Mobile fusion3","densityDpi":320,"deviceId":"861742935995626","deviceSvn":"77","displayId":"C5503-user 5.0 LRX21M 3e356972 release-keys","extraInfo":"Netcore_c769ed","height":0,"hidePkgs":[],"hmNotes":"","hookPkgs":[],"lac":0,"latitude":30.4966906,"line1Number":"18121346491","longitude":104.2928277,"macAddress":"1e:d1:6e:c0:ed:ea","memAvailable":128991275,"memFree":386973828,"memTotal":515965103,"mnc":"03","networkClass":2,"networkCountryIso":"cn","networkOperator":"46003","networkOperatorName":"中国电信","networkType":5,"networkTypeName":"CDMA - EvDo rev. 0","phoneType":2,"rgAndroid":"23","rgAreaode":"86","rgConNames":["韦廉琦"],"rgConsize":"1","rgCountry":"中国","rgDevice":"xiaomiRedmi 4X","rgIp":"119.4.255.249","rgLastLogin":1516243167662,"rgLocation":"四川省成都市 联通","rgNetType":"切换飞行模式","rgOrPhone":"18121346491","rgPhoneNo":"18121346491","rgServer":"飞行模式切换","rgTime":1515400804120,"rgVcode":"尚一品(发码)","rgVersion":"1.6.0","rgWxEmail":"未绑定","rgWxError":"该微信帐号因批量或者使用非法软件注册被限制登录，如需继续使用，请轻触“确定”申请解除限制。","rgWxName":"韦廉琦","rgWxNo":"未设置","rgWxPasswd":"Rmst@7890","rgWxQQ":"未绑定","rgWxStatus":"异常","rgWxWindows":"否","serialno":"d73609d5","simCountryIso":"cn","simOperator":"46003","simOperatorName":"中国电信","simSerialNumber":"8986062348855287969","simState":5,"subscriberId":"460032907410909","type":1,"typeName":"WIFI","width":0,"wifiScan":["Netcore_8b7bad,44:8b:90:36:dc:43,[WPA2-PSK-CCMP][WPS][ESS],-74,2412,2815636701","TP-LINK_e1ed1f,8a:26:da:46:0f:38,[WPA-PSK-CCMP][WPA2-PSK-CCMP][ESS],-94,2412,382488422","MERCURY_c9db0e,7f:08:22:62:01:9b,[WPA-PSK-CCMP][WPA2-PSK-CCMP][WPS][ESS],-95,2442,2800829082","ChainaNet_1598,6f:02:f6:31:07:a8,[WPA-PSK-CCMP][WPA2-PSK-CCMP][WPS][ESS],-83,2412,510351533","PHICOMM_165eb0,7e:4b:f4:b1:ee:d8,[WPA-PSK-CCMP][WPA2-PSK-CCMP][ESS],-92,2412,372610175"]}