{"BSSID":"94:7e:0f:c7:93:e7","IpAddress":"192.168.90.94","P2p0Mac":"8a:93:cb:ac:0a:17","SSID":"MERCURY_ecf42f","androidId":"ae2b9db1b4296261","batteryLevel":34,"btAddress":"94:b7:ca:54:5b:49","btName":"Redmi Note 2","buildAbi":"armeabi-v7a","buildAbi2":"armeabi","buildBoard":"p880","buildBrand":"Xiaomi","buildCodename":"REL","buildDescription":"hermes-user 7.0.0 NRD90M b8c0a500 release-keys","buildDevice":"hermes","buildFingerprint":"Xiaomi/Redmi Note 2/hermes:7.0.0/NRD90M/b8c0a500:user/release-keys","buildHardware":"qcom","buildHost":"huawei-server-05","buildId":"NRD90M","buildIncremental":"b8c0a500","buildManufacturer":"Xiaomi","buildModel":"Redmi Note 2","buildName":"Xiaomi","buildProduct":"hermes","buildRadioVersion":"atpavkwvsizv","buildRelease":"7.0.0","buildSdk":"24","buildSerialno":"5ef27d91","buildTags":"release-keys","buildType":"user","buildUser":"android","buildUtc":1487553681112,"cellScan":[],"ci":0,"contacts":["奶奶,13301506276","姑妈,13704373653","外婆,18607397689","外公,13600024908","舅舅,15808460879","舅妈,15108122624","姨父,15308582969","姨娘,13103561753","亲爱的,15808577038","老弟,15102546111","老妹,15007746467","小明,13103345324","小李子,13706258742","胡旺瑜,15607353208","Stanley Ruiz,15605670544","乌奇团,15200463821","魏守儒,13901213335","钟吉协,18906936976","Gilbert Adams,13307675119","舒蔚剑,18904268068","鲍欢宽,13604911183","杨双,13508660973","Tim Patterson,13605503986","王湘,15703878116","阮珀魁,18601974432","姚祥棠,15700752649","Mark Daniels,14708243508","余午,15108190964","邓俊宏,15102941167","杨骥璞,15605742729","Patricia Nelson,15502232583","井豪夜,13500511223","任珂商,13104651379","羊苡瑟,15803165572","Janice Burns,15105468606","杨守,15108443058","万古秋,15001182491","杨任彦,15904251622","Billy Hart,15805480443","葛驹建,13701856028","吴野,15106894286","罗佩幸,18901118925","Christina Chavez,15308255874","贾香禄,13500774464","吴胜骏,13490070226","顾时瑜,15702290647","Roger Sullivan,18800253387","暴璇炫,15708040738","余夏魁,15506557262","吴昆绍,18801667234","Paula Jenkins,18701276582","杨罗石,15106498317"],"cpuName":"MT6795","densityDpi":320,"deviceId":"862975588165340","deviceSvn":"37","displayId":"hermes-user 7.0.0 NRD90M b8c0a500 release-keys","extraInfo":"MERCURY_ecf42f","height":0,"hidePkgs":[],"hmNotes":"","hookPkgs":[],"lac":0,"latitude":30.4977568,"line1Number":"18149767045","longitude":103.7395491,"macAddress":"a9:84:42:88:57:88","memAvailable":23535219,"memFree":70605658,"memTotal":94140877,"mnc":"03","networkClass":2,"networkCountryIso":"cn","networkOperator":"46003","networkOperatorName":"中国电信","networkType":6,"networkTypeName":"CDMA - EvDo rev. A","phoneType":2,"rgAndroid":"23","rgAreaode":"86","rgBackupPath":"/storage/emulated/0/.money/backup/20180108/18149767045_20180108.db","rgConNames":[],"rgCountry":"中国","rgDevice":"xiaomiRedmi 4X","rgIp":"119.4.255.55","rgLastLogin":1515463310830,"rgLocation":"四川省成都市 联通","rgNetType":"切换飞行模式","rgOrPhone":"18149767045","rgPhoneNo":"18149767045","rgServer":"飞行模式切换","rgTime":1515399450549,"rgVcode":"尚一品(发码)","rgVersion":"1.6.0","rgWxError":"帐号状态异常，本次登录已失效。请尝试重新登录，并根据弹窗提示操作。","rgWxName":"俞夏鹄","rgWxPasswd":"Rmst@7890","rgWxStatus":"异常","rgWxWindows":"否","serialno":"5ef27d91","simCountryIso":"cn","simOperator":"46003","simOperatorName":"中国电信","simSerialNumber":"8986034676378766082","simState":5,"subscriberId":"460031450658415","type":1,"typeName":"WIFI","width":0,"wifiScan":["TP-LINK_57bfa9,4f:b2:19:0a:39:c3,[WPA2-PSK-CCMP][WPS][ESS],-79,2467,1719030662","Netcore_365054,c1:ed:82:5e:b7:30,[WPA2-PSK-CCMP][WPS][ESS],-95,2467,1509034839","MERCURY_154963,84:61:f1:b2:14:0a,[WPA2-PSK-CCMP][WPS][ESS],-82,2422,477819575","ChainaNet_e20a,a2:68:73:f3:5d:24,[WPA2-PSK-CCMP][WPS][ESS],-95,2462,294837697","Tenda_15a8ba,0d:b4:38:38:95:a0,[WPA2-PSK-CCMP][WPS][ESS],-55,2412,369495673","FAST_14376a,b6:7a:8d:be:bb:b2,[WPA2-PSK-CCMP][ESS],-75,2412,1223330628","Tenda_daf1f3,6d:80:17:79:1c:50,[WPA2-PSK-CCMP][WPS][ESS],-64,2412,3307730409","MERCURY_598537,42:f4:6e:2d:c9:c3,[WPA-PSK-CCMP][WPA2-PSK-CCMP][WPS][ESS],-75,2437,1597732522"]}