{"BSSID":"06:a6:8b:4b:97:73","IpAddress":"192.168.34.24","P2p0Mac":"13:c6:41:5b:42:3b","SSID":"MERCURY_4f1547","androidId":"aed09b3ec7a6df1d","batteryLevel":76,"btAddress":"87:28:2f:f5:37:e1","btName":"M5 Note","buildAbi":"armeabi-v7a","buildAbi2":"armeabi","buildBoard":"p760","buildBrand":"Meizu","buildCodename":"REL","buildDescription":"meizu_M5 Note-user 5.1.1 LMY48G d4444c9a release-keys","buildDevice":"M5Note","buildFingerprint":"Meizu/M5 Note/M5Note:5.1.1/LMY48G/d4444c9a:user/release-keys","buildHardware":"qcom","buildHost":"shws40","buildId":"LMY48G","buildIncremental":"d4444c9a","buildManufacturer":"Meizu","buildModel":"M5 Note","buildName":"Meizu","buildProduct":"meizu_M5 Note","buildRadioVersion":"ghgfdrvmopmof","buildRelease":"5.1.1","buildSdk":"22","buildSerialno":"9877a720","buildTags":"release-keys","buildType":"user","buildUser":"builder","buildUtc":1462574359202,"cellScan":[],"ci":0,"contacts":["奶奶,13604070193","姑妈,15008881406","外婆,15605611313","外公,13106191595","舅舅,15007607597","舅妈,15000310007","姨父,15807058241","姨娘,13490836001","亲爱的,18800131915","老弟,13402410845","老妹,18000580798","小明,15302881260","小李子,18007002121","吴杏,13200803584","Alfred Mcdonald,18605686948","李颂岁,13603697249","贾桐华,15303516348","干相界,13207618736","Rita Ruiz,13204825266","吴让,14706770057","张礼,13701331170","王胤,15301132893","Tracy Mills,13490849599","皮媛权,13804746839","骆奎岩,13103454775","支玺冠,13300143773","Danielle Jones,18908138655","杨许灵,18602845183","李嗣,13905545932","甄谷秋,18805616818","Leon Allen,15705877446","吴舒,13504733561","储鹄义,15305327594","余随,13900153114","Juan Marshall,13700470841","李利,18904511520","房行悠,13406770278","魏古奇,15607241566","Joshua Matthews,15608743985","糜余善,18805331303","石校权,13701135195","张衔,13204644541","Melissa Perkins,15606387445","经经珀,18808084091","全诗文,18602005187","王惠,13500402401","Josephine Wagner,13803026868","张颂雪,13503510990"],"cpuName":"MT6755M","densityDpi":480,"deviceId":"861997752531769","deviceSvn":"52","displayId":"meizu_M5 Note-user 5.1.1 LMY48G d4444c9a release-keys","extraInfo":"MERCURY_4f1547","height":0,"hidePkgs":[],"hmNotes":"","hookPkgs":[],"lac":0,"latitude":30.481758,"line1Number":"18149738436","longitude":104.3477859,"macAddress":"ea:d3:dd:f4:40:b4","memAvailable":1249941936,"memFree":2499883874,"memTotal":3749825810,"mnc":"03","networkClass":3,"networkCountryIso":"cn","networkOperator":"46003","networkOperatorName":"中国电信","networkType":13,"networkTypeName":"LTE","phoneType":2,"rgAndroid":"23","rgAreaode":"86","rgConNames":["杨苡影"],"rgConsize":"1","rgCountry":"中国","rgDevice":"xiaomiRedmi 4X","rgIp":"119.4.255.109","rgLastLogin":1516243075328,"rgLocation":"四川省成都市 联通","rgNetType":"切换飞行模式","rgOrPhone":"18149738436","rgPhoneNo":"18149738436","rgServer":"飞行模式切换","rgTime":1515398824510,"rgVcode":"尚一品(发码)","rgVersion":"1.6.0","rgWxEmail":"未绑定","rgWxError":"该微信帐号因批量或者使用非法软件注册被限制登录，如需继续使用，请轻触“确定”申请解除限制。","rgWxName":"杨苡影","rgWxNo":"未设置","rgWxPasswd":"Rmst@7890","rgWxQQ":"未绑定","rgWxStatus":"异常","rgWxWindows":"否","serialno":"9877a720","simCountryIso":"cn","simOperator":"46003","simOperatorName":"中国电信","simSerialNumber":"8986066289649605341","simState":5,"subscriberId":"460033588558874","type":1,"typeName":"WIFI","width":0,"wifiScan":["FAST_7a7c,53:5f:68:33:6c:c0,[WPA2-PSK-CCMP][WPS][ESS],-77,2437,2377427965","MERCURY_9587ba,28:a3:94:9e:ce:ff,[WPA2-PSK-CCMP][WPS][ESS],-71,2437,2594130248","Tenda_496325,83:2a:92:a2:49:b3,[WPA2-PSK-CCMP][WPS][ESS],-53,2462,198272973","PHICOMM_b0e30d,17:e0:c9:0f:b1:56,[WPA-PSK-CCMP][WPA2-PSK-CCMP][WPS][ESS],-55,2462,1320334778","TP-LINK_0cbf14,cd:00:2f:48:ea:d2,[WPA-PSK-CCMP][WPA2-PSK-CCMP][ESS],-54,2462,375046112"]}