{"BSSID":"05:8d:25:ee:6e:bd","IpAddress":"10.94.80.151","P2p0Mac":"99:77:b0:af:55:93","SSID":"FAST_e2032f","androidId":"8c9e279f490416e3","batteryLevel":61,"btAddress":"52:00:a8:3c:88:40","btName":"2014501","buildAbi":"armeabi-v7a","buildAbi2":"armeabi","buildBoard":"p700","buildBrand":"Xiaomi","buildCodename":"REL","buildDescription":"HM2014501-user 5.0 LRX21M 3f445130 release-keys","buildDevice":"HM2014501","buildFingerprint":"Xiaomi/2014501/HM2014501:5.0/LRX21M/3f445130:user/release-keys","buildHardware":"qcom","buildHost":"mz-buider-2","buildId":"LRX21M","buildIncremental":"3f445130","buildManufacturer":"Xiaomi","buildModel":"2014501","buildName":"Xiaomi","buildProduct":"HM2014501","buildRadioVersion":"mstaolth","buildRelease":"5.0","buildSdk":"21","buildSerialno":"97900db4","buildTags":"release-keys","buildType":"user","buildUser":"builder","buildUtc":1480997998037,"cellScan":[],"ci":0,"contacts":["奶奶,18700743525","姑妈,18000034102","外婆,13205410056","外公,13490398799","舅舅,13004901671","舅妈,13805207446","姨父,15000711006","姨娘,15804188085","亲爱的,13305771565","老弟,13490733714","老妹,13490121236","小明,18801208537","小李子,18604313468","杭景寿,18001553719","Jeffrey Phillips,15302117820","仇倩君,15601581743","陈双甲,18607296902","花演广,13907655033","Rose Allen,13902442848","张慎遇,14701616074","伊香旺,15502065747","杨龙,15900555830","Christopher Duncan,15208092180","张国,18706884501","杭冠影,13490424297","李文,18603321085","Jacqueline Bailey,18601382675","娄念孝,15207366435","和文泰,13708341260","李情,18805164092","Angela Carter,18706436722","吴童,13303708481","张商默,18905696676","杨书,15108757324","Norman Perkins,13401144842","路三升,13907148809","张旺雄,13505183712","舒欣宫,18908161394","Catherine Elliott,13307155798","房雄贺,13504894113","龙兴宣,18901780185","张设,15903049001","Kim Carter,15201024286","杨余精,13490757577"],"cpuName":"MT6582","densityDpi":480,"deviceId":"860079517051424","deviceSvn":"17","displayId":"HM2014501-user 5.0 LRX21M 3f445130 release-keys","extraInfo":"uninet","height":0,"hidePkgs":[],"hmNotes":"","hookPkgs":[],"lac":0,"latitude":30.6723101,"line1Number":"18149783842","longitude":104.1649535,"macAddress":"63:d1:a3:1e:80:db","memAvailable":171970724,"memFree":343941449,"memTotal":515912173,"mnc":"03","networkClass":1,"networkCountryIso":"cn","networkOperator":"46003","networkOperatorName":"中国电信","networkType":4,"networkTypeName":"CDMA","phoneType":2,"rgAndroid":"23","rgAreaode":"86","rgBackupPath":"/storage/emulated/0/.money/backup/20180108/18149783842_20180108.db","rgConNames":[],"rgCountry":"中国","rgDevice":"xiaomiRedmi 4X","rgIp":"119.4.252.216","rgLastLogin":1515464117474,"rgLocation":"四川省成都市 联通","rgNetType":"切换飞行模式","rgOrPhone":"18149783842","rgPhoneNo":"18149783842","rgServer":"飞行模式切换","rgTime":1515406622683,"rgVcode":"尚一品(发码)","rgVersion":"1.6.0","rgWxError":"帐号状态异常，本次登录已失效。请尝试重新登录，并根据弹窗提示操作。","rgWxName":"张余","rgWxPasswd":"Rmst@7890","rgWxStatus":"异常","rgWxWindows":"否","serialno":"97900db4","simCountryIso":"cn","simOperator":"46003","simOperatorName":"中国电信","simSerialNumber":"8986063191214104477","simState":5,"subscriberId":"460039855825937","type":0,"typeName":"MOBILE","width":0,"wifiScan":["iTV-beda,b0:a1:18:94:a6:e5,[WPA2-PSK-CCMP][WPS][ESS],-75,2412,1587632450","Netcore_1e3152,49:10:42:75:92:3c,[WPA-PSK-CCMP][WPA2-PSK-CCMP][ESS],-79,2457,2758930201","Netcore_8ca86b,92:00:38:58:0f:b5,[WPA-PSK-CCMP][WPA2-PSK-CCMP][ESS],-51,2412,340381035","iTV-1038,73:89:84:be:ac:14,[WPA-PSK-CCMP][WPA2-PSK-CCMP][ESS],-88,2412,975928552","MERCURY_bed1f3,c4:57:9d:8f:0f:59,[WPA2-PSK-CCMP][ESS],-87,2437,358241214","FAST_f426a9,c3:68:57:6b:fa:6e,[WPA-PSK-CCMP][WPA2-PSK-CCMP][WPS][ESS],-95,2437,366025046","FAST_eb9dc0,52:9d:96:1e:3c:5b,[WPA2-PSK-CCMP][ESS],-85,2437,1951736470"]}