{"BSSID":"33:a2:d9:ce:3b:d5","IpAddress":"192.168.81.151","P2p0Mac":"bc:4f:58:44:df:14","SSID":"PHICOMM_9dc86b","androidId":"b65143fe36dc6737","batteryLevel":46,"btAddress":"ab:9f:59:d8:8d:1c","btName":"vivo V3","buildAbi":"armeabi-v7a","buildAbi2":"armeabi","buildBoard":"picasso_mf","buildBrand":"vivo","buildCodename":"REL","buildDescription":"PD1524-user 5.0 LRX21M 3a1417c8 release-keys","buildDevice":"PD1524","buildFingerprint":"vivo/vivo V3/PD1524:5.0/LRX21M/3a1417c8:user/release-keys","buildHardware":"qcom","buildHost":"huangshan","buildId":"LRX21M","buildIncremental":"3a1417c8","buildManufacturer":"vivo","buildModel":"vivo V3","buildName":"vivo","buildProduct":"PD1524","buildRadioVersion":"juylvjsgkb","buildRelease":"5.0","buildSdk":"21","buildSerialno":"27b857cc","buildTags":"release-keys","buildType":"user","buildUser":"Server","buildUtc":1508453552246,"cellScan":[],"ci":0,"contacts":["奶奶,13505538883","姑妈,15302278385","外婆,18703260398","外公,18004664944","舅舅,18708024524","舅妈,18703162121","姨父,13490377748","姨娘,13302295250","亲爱的,18807927493","老弟,15508356173","老妹,13405187656","小明,18704640505","小李子,13490378596","杨殊雨,13490732872","Christopher Hayes,18002230623","平艺节,13304423436","平儒力,15807730934","王星轩,13906164510","Brian Clark,13904744951","王庞古,13706341291","杨津伊,15906265450","秦慎桐,13203001083","Luis Butler,13000790942","杨青,18705200780","杨禄,13303198331","甄由伟,15502400461","Lewis Owens,15505464619","靳寅律,15801172513","强银厚,18906057557","贾河瑟,13603391542","Beth Jordan,13602273437","毛佑世,18806597634","李立,15703525127","李明,13504762802","Louis Cole,13500071865","杨仕夜,15101934554","喻吉锦,15302292113","王精,18004421894","Ray Bradley,13490622362","李瑛稼,15701571234","田佑午,13001251061","包克汉,15006965347","Arthur Mills,15106154526","虞平思,13507278938","于夏,18801851732","公孙麟尚,15903730317","Herbert Wood,13402784712","戎新伟,18701885544","陈筱,18004307087"],"cpuName":"Qualcomm Technologies, Inc MSM8939","densityDpi":560,"deviceId":"860363424936848","deviceSvn":"88","displayId":"PD1524-user 5.0 LRX21M 3a1417c8 release-keys","extraInfo":"PHICOMM_9dc86b","height":0,"hidePkgs":[],"hmNotes":"","hookPkgs":[],"lac":0,"latitude":30.5497869,"line1Number":"18917137496","longitude":104.1022366,"macAddress":"f5:9a:11:7f:dc:07","memAvailable":32169932,"memFree":64339864,"memTotal":96509796,"mnc":"03","networkClass":1,"networkCountryIso":"cn","networkOperator":"46003","networkOperatorName":"中国电信","networkType":4,"networkTypeName":"CDMA","phoneType":2,"rgAndroid":"23","rgAreaode":"86","rgBackupPath":"/storage/emulated/0/.money/backup/20180108/18917137496_20180108.db","rgConNames":[],"rgCountry":"中国","rgDevice":"xiaomiRedmi 4X","rgIp":"119.4.252.225","rgLastLogin":1515463915837,"rgLocation":"四川省成都市 联通","rgNetType":"切换飞行模式","rgOrPhone":"18917137496","rgPhoneNo":"18917137496","rgServer":"飞行模式切换","rgTime":1515404854105,"rgVcode":"尚一品(发码)","rgVersion":"1.6.0","rgWxError":"帐号状态异常，本次登录已失效。请尝试重新登录，并根据弹窗提示操作。","rgWxName":"王耀","rgWxPasswd":"Rmst@7890","rgWxStatus":"异常","rgWxWindows":"否","serialno":"27b857cc","simCountryIso":"cn","simOperator":"46003","simOperatorName":"中国电信","simSerialNumber":"8986114437138480206","simState":5,"subscriberId":"460033757575588","type":1,"typeName":"WIFI","width":0,"wifiScan":["PHICOMM_de3252,98:b8:b5:b3:67:7a,[WPA2-PSK-CCMP][ESS],-55,2412,192893650","MERCURY_fe3652,d4:f5:8f:27:0b:61,[WPA2-PSK-CCMP][WPS][ESS],-81,2452,415675236","Tenda_eaec0f,04:bb:84:ba:8d:2b,[WPA2-PSK-CCMP][ESS],-54,2412,485330634","MERCURY_7437b9,57:2a:c9:09:d4:4b,[WPA2-PSK-CCMP][WPS][ESS],-73,2412,2905134082","FAST_e21437,15:b8:61:b5:2b:3e,[WPA2-PSK-CCMP][WPS][ESS],-74,2412,271601089","PHICOMM_afc1f8,f5:12:96:8b:9c:94,[WPA2-PSK-CCMP][WPS][ESS],-88,2412,2642734999","MERCURY_f276ca,78:e8:e7:a5:50:25,[WPA2-PSK-CCMP][WPS][ESS],-93,2437,3431327382"]}