{"BSSID":"10:3a:a1:00:4b:b3","IpAddress":"10.45.39.31","P2p0Mac":"43:56:5a:39:1c:f1","SSID":"Netcore_8ebec0","androidId":"b653abb86f852faa","batteryLevel":52,"btAddress":"09:79:da:22:45:63","btName":"Redmi Note 3","buildAbi":"armeabi-v7a","buildAbi2":"armeabi","buildBoard":"msm8952","buildBrand":"Xiaomi","buildCodename":"REL","buildDescription":"hennessy-user 5.0 LRX21M 81bffcba release-keys","buildDevice":"hennessy","buildFingerprint":"Xiaomi/Redmi Note 3/hennessy:5.0/LRX21M/81bffcba:user/release-keys","buildHardware":"qcom","buildHost":"ubuntu","buildId":"LRX21M","buildIncremental":"81bffcba","buildManufacturer":"Xiaomi","buildModel":"Redmi Note 3","buildName":"Xiaomi","buildProduct":"hennessy","buildRadioVersion":"fiqkcxdgrzlabptpj","buildRelease":"5.0","buildSdk":"21","buildSerialno":"f5261043","buildTags":"release-keys","buildType":"user","buildUser":"android","buildUtc":1464957529407,"cellScan":[],"ci":0,"contacts":["奶奶,18007833205","姑妈,18608450671","外婆,14701076019","外公,14706434064","舅舅,14700167859","舅妈,15301000651","姨父,13407915083","姨娘,13490443105","亲爱的,13501898074","老弟,18903774503","老妹,13104520268","小明,18001824412","小李子,13801647664","李协,13907171349","Norman Hughes,13803446191","王棠思,13800697664","张永思,18703280337","张和,15801842246","Ricardo Campbell,15005342420","龚怀珀,13608852350","鲁筱奇,15307488704","王译仪,15007526539","Wanda West,13408116161","余艺伊,15707533738","路秀烁,13505705854","傅培虹,13306033292","Bernice Greene,18903220632","甄世似,13101507818","于嘉杏,13200597553","王闻诗,18905211093","Anthony Simpson,13490799270","于善,13605752401","余翔勇,14706261493","李界,18902851093","Juanita Campbell,18906927234","娄龙阁,15700867242","单文夜,15802880373","张炯,13490177231","Wanda Flores,18003533122","王凇,18901681335","包恒松,13105828519","余商,13207501860","Vincent Wright,13101558354"],"cpuName":"MT6795","densityDpi":480,"deviceId":"860644354333340","deviceSvn":"80","displayId":"hennessy-user 5.0 LRX21M 81bffcba release-keys","extraInfo":"ctlte","height":0,"hidePkgs":[],"hmNotes":"","hookPkgs":[],"lac":0,"latitude":30.7477779,"line1Number":"18930536491","longitude":104.1025092,"macAddress":"2e:8a:27:d3:2f:33","memAvailable":1250132194,"memFree":2500264390,"memTotal":3750396584,"mnc":"03","networkClass":2,"networkCountryIso":"cn","networkOperator":"46003","networkOperatorName":"中国电信","networkType":6,"networkTypeName":"CDMA - EvDo rev. A","phoneType":2,"rgAndroid":"23","rgAreaode":"86","rgConNames":["杨嘉齐"],"rgConsize":"1","rgCountry":"中国","rgDevice":"xiaomiRedmi 4X","rgIp":"119.4.252.13","rgLastLogin":1516243354025,"rgLocation":"四川省成都市 联通","rgNetType":"切换飞行模式","rgOrPhone":"18930536491","rgPhoneNo":"18930536491","rgServer":"飞行模式切换","rgTime":1515408001334,"rgVcode":"尚一品(发码)","rgVersion":"1.6.0","rgWxEmail":"未绑定","rgWxError":"该微信帐号因批量或者使用非法软件注册被限制登录，如需继续使用，请轻触“确定”申请解除限制。","rgWxName":"杨嘉齐","rgWxNo":"未设置","rgWxPasswd":"Rmst@7890","rgWxQQ":"未绑定","rgWxStatus":"异常","rgWxWindows":"否","serialno":"f5261043","simCountryIso":"cn","simOperator":"46003","simOperatorName":"中国电信","simSerialNumber":"8986067374127373818","simState":5,"subscriberId":"460037075820796","type":0,"typeName":"MOBILE","width":0,"wifiScan":["Netcore_68548b,44:d1:cc:94:21:38,[WPA-PSK-CCMP][WPA2-PSK-CCMP][WPS][ESS],-76,2442,508118443","TP-LINK_487ba5,6f:af:1c:2b:d1:20,[WPA-PSK-CCMP][WPA2-PSK-CCMP][ESS],-93,2437,626037659","FAST_030f31,53:6b:ab:6f:f1:65,[WPA2-PSK-CCMP][WPS][ESS],-89,2437,312185995","FAST_9ed8dc,00:6c:93:45:30:8b,[WPA2-PSK-CCMP][ESS],-93,2412,416829866","TP-LINK_2f2253,7a:d3:82:1d:54:fe,[WPA-PSK-CCMP][WPA2-PSK-CCMP][ESS],-85,2412,486264185","ChainaNet_e209,ce:2e:45:c7:68:0b,[WPA2-PSK-CCMP][WPS][ESS],-91,2462,456796069","FAST_761648,65:3a:ee:33:c0:d4,[WPA-PSK-CCMP][WPA2-PSK-CCMP][ESS],-95,2412,2728928631","MERCURY_d0fcbe,2d:4d:c9:b3:24:8d,[WPA2-PSK-CCMP][ESS],-79,2412,541510764"]}