{"BSSID":"70:37:0d:5f:02:62","IpAddress":"192.168.19.120","P2p0Mac":"cb:63:0d:29:6e:5a","SSID":"iTV-2420","androidId":"87c8296e822ad891","batteryLevel":66,"btAddress":"62:f2:f5:2b:99:a7","btName":"2014501","buildAbi":"armeabi-v7a","buildAbi2":"armeabi","buildBoard":"t6","buildBrand":"Xiaomi","buildCodename":"REL","buildDescription":"2014501-user 6.0.1 MMB29T 896286d7 release-keys","buildDevice":"HM2014501","buildFingerprint":"Xiaomi/2014501/HM2014501:6.0.1/MMB29T/896286d7:user/release-keys","buildHardware":"qcom","buildHost":"SCL_XA241_102","buildId":"MMB29T","buildIncremental":"896286d7","buildManufacturer":"Xiaomi","buildModel":"2014501","buildName":"Xiaomi","buildProduct":"2014501","buildRadioVersion":"shrjokcx","buildRelease":"6.0.1","buildSdk":"23","buildSerialno":"a3416f66","buildTags":"release-keys","buildType":"user","buildUser":"buildHost","buildUtc":1501238894930,"cellScan":[],"ci":0,"contacts":["奶奶,13402984527","姑妈,15608023996","外婆,15007738121","外公,15707175385","舅舅,15708222555","舅妈,18702338623","姨父,18908820823","姨娘,15708170093","亲爱的,15508035596","老弟,13490710423","老妹,13490524625","小明,13208588673","小李子,18801704213","余湘业,15206780073","Mark Patterson,15006886526","张渠,18607255528","巫银舒,14707622309","于殊英,18708474114","Arthur White,14701904721","杨吾,15501871562","李亚,18801740484","杨颂佩,14706818574","Cindy Hughes,18708783565","周梁,15201898927","王逸,15707430472","吴阁峻,15702473694","Gloria Lawrence,18705311200","张渠节,13508175395","康谷渠,13805276988","余廉界,15604217258","Harry Perkins,13006975031","卢琴稼,18602260062","萧添情,15701264248","陈森,15600564528","Tommy Cook,13005468528","诸朋泉,13602881643","吴耀,13402190422","戴梁露,14702535065","Christine Willis,18807622056","李如,18003901959","吴松,15602003136","凌添裕,13201234300","Charles Perkins,18604440813","陈演,13601387155","王任,18604331775","符灵莉,13703219083","Roy Hunter,13606340302","焦国殊,18707410551","糜钰权,13900948252","于怡玮,15303555696","Dan Ramirez,15304770798","彭水炬,13806986693"],"cpuName":"MT6582","densityDpi":560,"deviceId":"861320832070528","deviceSvn":"89","displayId":"2014501-user 6.0.1 MMB29T 896286d7 release-keys","extraInfo":"iTV-2420","height":0,"hidePkgs":[],"hmNotes":"","hookPkgs":[],"lac":0,"latitude":30.8930687,"line1Number":"18930924947","longitude":104.1035708,"macAddress":"01:cd:be:be:2c:a0","memAvailable":172180067,"memFree":344360136,"memTotal":516540203,"mnc":"03","networkClass":2,"networkCountryIso":"cn","networkOperator":"46003","networkOperatorName":"中国电信","networkType":5,"networkTypeName":"CDMA - EvDo rev. 0","phoneType":2,"rgAndroid":"23","rgAreaode":"86","rgConNames":["芮航棠"],"rgConsize":"1","rgCountry":"中国","rgDevice":"xiaomiRedmi 4X","rgIp":"119.4.254.182","rgLastLogin":1516243309089,"rgLocation":"四川省成都市 联通","rgNetType":"切换飞行模式","rgOrPhone":"18930924947","rgPhoneNo":"18930924947","rgServer":"飞行模式切换","rgTime":1515405952526,"rgVcode":"尚一品(发码)","rgVersion":"1.6.0","rgWxEmail":"未绑定","rgWxError":"该微信帐号因批量或者使用非法软件注册被限制登录，如需继续使用，请轻触“确定”申请解除限制。","rgWxName":"芮航棠","rgWxNo":"未设置","rgWxPasswd":"Rmst@7890","rgWxQQ":"未绑定","rgWxStatus":"异常","rgWxWindows":"否","serialno":"a3416f66","simCountryIso":"cn","simOperator":"46003","simOperatorName":"中国电信","simSerialNumber":"898530714363011691334","simState":5,"subscriberId":"460039564151597","type":1,"typeName":"WIFI","width":0,"wifiScan":["Netcore_ada325,a2:82:43:b1:ac:59,[WPA-PSK-CCMP][WPA2-PSK-CCMP][WPS][ESS],-86,2462,1531129060","MERCURY_1e3269,19:9c:b5:55:68:0d,[WPA2-PSK-CCMP][WPS][ESS],-50,2472,2059926576","PHICOMM_1f326e,43:9e:f5:e2:4f:3c,[WPA-PSK-CCMP][WPA2-PSK-CCMP][WPS][ESS],-82,2437,3461031924","TP-LINK_6aec0f,51:c3:b7:f1:76:83,[WPA-PSK-CCMP][WPA2-PSK-CCMP][ESS],-88,2457,268528676","MERCURY_315103,d5:28:75:5d:01:0b,[WPA-PSK-CCMP][WPA2-PSK-CCMP][ESS],-76,2452,2601433669"]}