{"BSSID":"cf:22:1f:51:6e:58","IpAddress":"192.168.83.45","P2p0Mac":"1f:5d:f9:ff:1b:23","SSID":"FAST_ec0327","androidId":"9b4b0c98915a4e6b","batteryLevel":82,"btAddress":"fe:f7:7d:40:af:4d","btName":"HM NOTE 1S","buildAbi":"armeabi-v7a","buildAbi2":"armeabi","buildBoard":"MSM8226","buildBrand":"Xiaomi","buildCodename":"REL","buildDescription":"gucci-user 7.0.0 NRD90M ec220a75 release-keys","buildDevice":"gucci","buildFingerprint":"Xiaomi/HM NOTE 1S/gucci:7.0.0/NRD90M/ec220a75:user/release-keys","buildHardware":"qcom","buildHost":"huangshan","buildId":"NRD90M","buildIncremental":"ec220a75","buildManufacturer":"Xiaomi","buildModel":"HM NOTE 1S","buildName":"Xiaomi","buildProduct":"gucci","buildRadioVersion":"itroibzipunmku","buildRelease":"7.0.0","buildSdk":"24","buildSerialno":"2535398b","buildTags":"release-keys","buildType":"user","buildUser":"android","buildUtc":1478587042491,"cellScan":[],"ci":0,"contacts":["奶奶,15500428106","姑妈,18904985957","外婆,15902262817","外公,14701890481","舅舅,13205406716","舅妈,13601611756","姨父,15903577274","姨娘,13490644523","亲爱的,13004385040","老弟,15804702970","老妹,15300062263","小明,13004665273","小李子,13205932766","长孙静遇,15101230410","Ronnie Cole,15002542830","杨兴坚,15904870824","卫佳,13400393268","杨魄,13406448106","Joanne Dunn,15001208104","荀晟羡,13903357953","纪密魄,13808209079","盛素介,15800438188","Jim Jackson,15101324633","邓盈炎,18003104425","杨仕,15504945349","倪岭良,13504379019","Ana Murphy,13707076897","巫洋河,15108877245","韦英声,13104710890","季易佩,15004783085","Barbara Rogers,13403302856","王亚芹,15205478716","成兴杭,13506513455","顾瑜舒,13604554559","Doris Robinson,13801938756","娄延怀,15700044342","秦欢湘,14702390833","姜香魄,18701273829","Joanne Pierce,18804463154","李奎菁,13490461789","甄享韶,15900688477","支佑湘,15700313007","Frederick Kelley,15707557180","姜年甲,15607710828","许佩竞,13603661427","杨游吉,18800233174","Todd Bell,14708046248","孟夜厚,15505793122","宣莉楷,13500513459","杨由,18801457100","Emily Perkins,18706646545"],"cpuName":"Qualcomm Technologies, Inc MSM8916","densityDpi":560,"deviceId":"862515030050748","deviceSvn":"45","displayId":"gucci-user 7.0.0 NRD90M ec220a75 release-keys","extraInfo":"FAST_ec0327","height":0,"hidePkgs":[],"hmNotes":"","hookPkgs":[],"lac":0,"latitude":30.4588199,"line1Number":"18930325446","longitude":104.2785985,"macAddress":"93:f6:be:5d:07:e2","memAvailable":935704240,"memFree":1871408480,"memTotal":2807112720,"mnc":"03","networkClass":2,"networkCountryIso":"cn","networkOperator":"46003","networkOperatorName":"中国电信","networkType":5,"networkTypeName":"CDMA - EvDo rev. 0","phoneType":2,"rgAndroid":"23","rgAreaode":"86","rgConNames":["秦棠巍","上善若水"],"rgConsize":"2","rgCountry":"中国","rgDevice":"xiaomiRedmi 4X","rgIp":"101.206.167.223","rgLastLogin":1516875438244,"rgLocation":"四川省 联通","rgNetType":"切换飞行模式","rgOrPhone":"18930325446","rgPhoneNo":"18930325446","rgServer":"飞行模式切换","rgTime":1515409208717,"rgVcode":"尚一品(发码)","rgVersion":"1.6.0","rgWxEmail":"未绑定","rgWxError":"","rgWxId":"wxid_4ed24evmgems22","rgWxName":"秦棠巍","rgWxNo":"未设置","rgWxPasswd":"Rmst@7890","rgWxQQ":"未绑定","rgWxStatus":"存活","rgWxWindows":"否","serialno":"2535398b","simCountryIso":"cn","simOperator":"46003","simOperatorName":"中国电信","simSerialNumber":"898530727470963565682","simState":5,"subscriberId":"460037872789298","type":1,"typeName":"WIFI","width":0,"wifiScan":["MERCURY_be2541,a8:af:03:c6:7e:70,[WPA2-PSK-CCMP][ESS],-80,2472,369304022","FAST_814385,d3:9a:4e:09:e0:9a,[WPA2-PSK-CCMP][ESS],-89,2432,1027028534","Netcore_05380e,a2:b2:5a:90:ae:d0,[WPA-PSK-CCMP][WPA2-PSK-CCMP][WPS][ESS],-87,2452,290573821","FAST_d1f415,2b:cd:9f:5b:7a:b1,[WPA2-PSK-CCMP][WPS][ESS],-95,2462,423870805","PHICOMM_397a75,7f:94:7d:fc:ba:43,[WPA-PSK-CCMP][WPA2-PSK-CCMP][ESS],-79,2412,510137721"]}