{"BSSID":"b5:9e:60:67:a2:fa","IpAddress":"10.16.80.239","P2p0Mac":"07:16:9e:5d:02:59","SSID":"Tenda_37cadc","androidId":"719d19b478ca1706","batteryLevel":59,"btAddress":"98:b2:ce:0b:46:b0","btName":"vivo X3L","buildAbi":"armeabi-v7a","buildAbi2":"armeabi","buildBoard":"smdk4x12","buildBrand":"vivo","buildCodename":"REL","buildDescription":"msm8226-user 5.1.1 LMY48G 5bc695a4 release-keys","buildDevice":"msm8226","buildFingerprint":"vivo/vivo X3L/msm8226:5.1.1/LMY48G/5bc695a4:user/release-keys","buildHardware":"qcom","buildHost":"ubuntu","buildId":"LMY48G","buildIncremental":"5bc695a4","buildManufacturer":"vivo","buildModel":"vivo X3L","buildName":"vivo","buildProduct":"msm8226","buildRadioVersion":"efdukoib","buildRelease":"5.1.1","buildSdk":"22","buildSerialno":"98b0a181","buildTags":"release-keys","buildType":"user","buildUser":"lgmobile","buildUtc":1511793284897,"cellScan":[],"ci":0,"contacts":["奶奶,18701701060","姑妈,13505236408","外婆,13903498806","外公,13507953811","舅舅,13103420920","舅妈,13803120663","姨父,13506975976","姨娘,15805792152","亲爱的,15702810617","老弟,18002913304","老妹,15807114281","小明,13102640660","小李子,13490013161","陆佳嘉,13308617342","Shawn Brooks,13302120601","张商易,15707151640","谷良朔,18606516031","周鑫,15902114524","Debra Green,15207175745","杨素,13101216916","王孝,15200177642","祖游夜,13105655411","Gene Simpson,15603744900","方峻仁,13404808153","周吾灵,13704083429","乐薇和,13608323679","Joann Tucker,13705276228","杨香,13801233041","王效瑟,13806600867","杨伟,15701193165","Jeremy Bennett,14706497342","宓盛思,18808108196","曹浩嘉,15603985262","常琦易,18705114781","Stephen Watson,15700103674","王念,13704504893","禹璇渠,13501525963","谷宽雍,13200218915","Debbie Smith,15600415651","张茂,13503538036"],"cpuName":"MT6592","densityDpi":560,"deviceId":"861527130921315","deviceSvn":"24","displayId":"msm8226-user 5.1.1 LMY48G 5bc695a4 release-keys","extraInfo":"uninet","height":0,"hidePkgs":[],"hmNotes":"","hookPkgs":[],"lac":0,"latitude":30.7748406,"line1Number":"18964165347","longitude":103.9834097,"macAddress":"ea:37:d9:50:0c:ec","memAvailable":171949452,"memFree":343898905,"memTotal":515848357,"mnc":"03","networkClass":2,"networkCountryIso":"cn","networkOperator":"46003","networkOperatorName":"中国电信","networkType":6,"networkTypeName":"CDMA - EvDo rev. A","phoneType":2,"rgAndroid":"23","rgAreaode":"86","rgConNames":["张译"],"rgConsize":"1","rgCountry":"中国","rgDevice":"xiaomiRedmi 4X","rgIp":"119.4.255.56","rgLastLogin":1516243263128,"rgLocation":"四川省成都市 联通","rgNetType":"切换飞行模式","rgOrPhone":"18964165347","rgPhoneNo":"18964165347","rgServer":"飞行模式切换","rgTime":1515403281697,"rgVcode":"尚一品(发码)","rgVersion":"1.6.0","rgWxEmail":"未绑定","rgWxError":"该微信帐号因批量或者使用非法软件注册被限制登录，如需继续使用，请轻触“确定”申请解除限制。","rgWxName":"张译","rgWxNo":"未设置","rgWxPasswd":"Rmst@7890","rgWxQQ":"未绑定","rgWxStatus":"异常","rgWxWindows":"否","serialno":"98b0a181","simCountryIso":"cn","simOperator":"46003","simOperatorName":"中国电信","simSerialNumber":"8986117282213984052","simState":5,"subscriberId":"460036071653339","type":0,"typeName":"MOBILE","width":0,"wifiScan":["MERCURY_9c7d,9c:26:5f:c1:81:dd,[WPA-PSK-CCMP][WPA2-PSK-CCMP][ESS],-87,2437,394639660","MERCURY_daed,8b:f4:2e:c0:1f:ea,[WPA2-PSK-CCMP][ESS],-63,2462,517653656","TP-LINK_bf31e2,5e:b2:bc:19:56:da,[WPA-PSK-CCMP][WPA2-PSK-CCMP][ESS],-74,2412,1401329214","Netcore_9c7cc1,f5:cd:fa:2d:76:e0,[WPA-PSK-CCMP][WPA2-PSK-CCMP][WPS][ESS],-79,2412,1818629481","FAST_752148,21:e2:fb:4d:3d:c3,[WPA2-PSK-CCMP][WPS][ESS],-92,2417,360048820"]}