{"BSSID":"0f:17:d8:bd:0a:5b","IpAddress":"192.168.4.186","P2p0Mac":"96:f5:0b:0c:21:1f","SSID":"MERCURY_905386","androidId":"a87c78127f9d67ef","batteryLevel":82,"btAddress":"fb:cf:de:54:27:ae","btName":"MI 3W","buildAbi":"armeabi-v7a","buildAbi2":"armeabi","buildBoard":"aries","buildBrand":"Xiaomi","buildCodename":"REL","buildDescription":"MI 3W-user 5.1.1 LMY48G 82593af7 release-keys","buildDevice":"MI 3W","buildFingerprint":"Xiaomi/MI 3W/MI 3W:5.1.1/LMY48G/82593af7:user/release-keys","buildHardware":"qcom","buildHost":"linux-user","buildId":"LMY48G","buildIncremental":"82593af7","buildManufacturer":"Xiaomi","buildModel":"MI 3W","buildName":"Xiaomi","buildProduct":"MI 3W","buildRadioVersion":"gefpdsbrecw","buildRelease":"5.1.1","buildSdk":"22","buildSerialno":"56e2e38f","buildTags":"release-keys","buildType":"user","buildUser":"builder","buildUtc":1472072906171,"cellScan":[],"ci":0,"contacts":["奶奶,13206858147","姑妈,14700837333","外婆,13406704038","外公,13105942336","舅舅,13490020598","舅妈,13401202149","姨父,15204126194","姨娘,13207173034","亲爱的,14701911003","老弟,15202435020","老妹,13405138875","小明,14706019026","小李子,15004850720","余夜,13800196728","Kelly Webb,13903920993","李玉,15705939087","经巍演,13000124343","张节午,13207428251","Fred Ross,13103932265","郗伊校,18807735944","缪似和,13404782115","王嘉齐,14704505368","Jeff Wallace,14706035335","王全,13407566959","蒋梦先,13607801483","韦印渠,13102434211","Francis Palmer,13208548675","韦景情,13700193464","乌珊明,15606818127","杨水晟,13503493989","Vivian Davis,13605495616","解升耕,13904334613","杨实生,13203448673","钱默君,13102025244","Matthew Kennedy,13200058237","唐良念,13706626447","车奇校,13904221043","葛古齐,18806608707","Kelly Scott,15700795808","凌水渠,18600304975","杨仪石,13304662385","卜立炯,15705302663","Warren Gray,14702040351","赵京,13806273906","平湘译,18707855258","王升,13406133333","Bonnie Weaver,15805360485","颜璎水,15803412450"],"cpuName":"Qualcomm MSM8974PRO-AB","densityDpi":560,"deviceId":"866859380044315","deviceSvn":"36","displayId":"MI 3W-user 5.1.1 LMY48G 82593af7 release-keys","extraInfo":"MERCURY_905386","height":0,"hidePkgs":[],"hmNotes":"","hookPkgs":[],"lac":0,"latitude":30.5576008,"line1Number":"18964103497","longitude":104.0635133,"macAddress":"e0:64:7b:59:2b:9c","memAvailable":128955622,"memFree":386866868,"memTotal":515822490,"mnc":"03","networkClass":2,"networkCountryIso":"cn","networkOperator":"46003","networkOperatorName":"中国电信","networkType":5,"networkTypeName":"CDMA - EvDo rev. 0","phoneType":2,"rgAndroid":"23","rgAreaode":"86","rgConNames":["鲁嘉海"],"rgConsize":"1","rgCountry":"中国","rgDevice":"xiaomiRedmi 4X","rgIp":"119.4.252.177","rgLastLogin":1516243217233,"rgLocation":"四川省成都市 联通","rgNetType":"切换飞行模式","rgOrPhone":"18964103497","rgPhoneNo":"18964103497","rgServer":"飞行模式切换","rgTime":1515403002841,"rgVcode":"尚一品(发码)","rgVersion":"1.6.0","rgWxEmail":"未绑定","rgWxError":"该微信帐号因批量或者使用非法软件注册被限制登录，如需继续使用，请轻触“确定”申请解除限制。","rgWxName":"鲁嘉海","rgWxNo":"未设置","rgWxPasswd":"Rmst@7890","rgWxQQ":"未绑定","rgWxStatus":"异常","rgWxWindows":"否","serialno":"56e2e38f","simCountryIso":"cn","simOperator":"46003","simOperatorName":"中国电信","simSerialNumber":"8986033585197843494","simState":5,"subscriberId":"460038866081372","type":1,"typeName":"WIFI","width":0,"wifiScan":["MERCURY_c98bae,c5:6b:04:13:88:e4,[WPA-PSK-CCMP][WPA2-PSK-CCMP][WPS][ESS],-91,2412,1411737307","FAST_586b,36:c4:b7:7a:3a:ad,[WPA2-PSK-CCMP][ESS],-95,2437,470241628","iTV-8db0,58:f0:d1:7c:22:d4,[WPS][ESS],-95,2437,1885430725","MERCURY_640043,34:ea:91:2a:30:fe,[WPA2-PSK-CCMP][WPS][ESS],-86,2462,2084536784","Netcore_25537b,44:0f:03:50:10:81,[WPA2-PSK-CCMP][ESS],-84,2412,3203235325"]}