{"BSSID":"2e:8d:cb:9f:b2:95","IpAddress":"192.168.82.2","P2p0Mac":"30:fb:70:e6:bb:a8","SSID":"PHICOMM_2adb87","androidId":"fdcc040a60e171fd","batteryLevel":82,"btAddress":"63:cc:66:cf:97:76","btName":"C5503","buildAbi":"armeabi-v7a","buildAbi2":"armeabi","buildBoard":"MSM8994","buildBrand":"Sony","buildCodename":"REL","buildDescription":"C5503-user 5.0 LRX21M 2a521f25 release-keys","buildDevice":"C5503","buildFingerprint":"Sony/C5503/C5503:5.0/LRX21M/2a521f25:user/release-keys","buildHardware":"qcom","buildHost":"qh-miui-ota-bd54","buildId":"LRX21M","buildIncremental":"2a521f25","buildManufacturer":"Sony","buildModel":"C5503","buildName":"Sony","buildProduct":"C5503","buildRadioVersion":"rxdxnoclydvueeebp","buildRelease":"5.0","buildSdk":"21","buildSerialno":"33919e97","buildTags":"release-keys","buildType":"user","buildUser":"jenkins","buildUtc":1477052731503,"cellScan":["33305,2603","61717,169185119","33305,96895104","33292,62592","33312,2561"],"ci":96895104,"contacts":["奶奶,13606751837","姑妈,18704690582","外婆,18706576904","外公,13602628659","舅舅,15306083778","舅妈,13404604680","姨父,18004586413","姨娘,15001942529","亲爱的,15705332541","老弟,18607756227","老妹,15207067352","小明,15707098022","小李子,13001674179","杨保向,15607259073","Leo Crawford,15608172843","乌灵泰,13506087714","吴伊勇,18802363542","倪旺苡,15004473452","Bernice Matthews,15005347709","王精,18607805477","吴玮,18602276551","吕骏宫,13900303146","Calvin Adams,13807513025","胡求宫,13603111988","凌文时,15907288675","吴念,13805397209","Gordon Russell,13500453342","樊梦权,15503703158","宁君遇,18707855692","滑权屏,13402214314","Jeanette Morris,15207343737","牧寅宏,15102785929","吴双,18707828276","周室熙,13208565654","Randy Kelly,15502522320","武京随,15301558936","徐行厚,13306127002","华谷岁,15005820940","Clarence Berry,15902521609","戚璐魄,14708154521","裘韶韶,14700162623","余如,15100262002","Joyce Martinez,15900010349","吴虹宏,13001855037","余稼,13005498573","于稼,13601658242","Douglas Edwards,13700958773","丁森帅,15603762588","骆水书,13103913768","李商,15007315883","Clifford Owens,15004622358","李胤,15607316935"],"cpuName":"Sony Mobile fusion3","densityDpi":320,"deviceId":"867405180915038","deviceSvn":"18","displayId":"C5503-user 5.0 LRX21M 2a521f25 release-keys","extraInfo":"PHICOMM_2adb87","height":0,"hidePkgs":[],"hmNotes":"","hookPkgs":[],"lac":33305,"latitude":30.478891,"line1Number":"15198149830","longitude":104.0270463,"macAddress":"fb:e3:fb:98:1b:db","memAvailable":458460207,"memFree":1375380623,"memTotal":1833840830,"mnc":"00","networkClass":2,"networkCountryIso":"cn","networkOperator":"46007","networkOperatorName":"中国移动","networkType":17,"networkTypeName":"TD_SCDMA","phoneType":1,"rgAndroid":"23","rgAreaode":"86","rgConNames":[],"rgCountry":"中国","rgDevice":"xiaomiRedmi 4X","rgIp":"119.4.255.45","rgLastLogin":1516776231907,"rgLocation":"四川省成都市 联通","rgNetType":"切换飞行模式","rgOrPhone":"15198149830","rgPhoneNo":"15198149830","rgServer":"飞行模式切换","rgTime":1515223788797,"rgVcode":"玉米(发码)","rgVersion":"1.6.0","rgWxError":"该微信帐号因批量或者使用非法软件注册被限制登录，如需继续使用，请轻触“确定”申请解除限制。","rgWxName":"吴佳宽","rgWxPasswd":"Rmst@7890","rgWxStatus":"异常","rgWxWindows":"否","serialno":"33919e97","simCountryIso":"cn","simOperator":"46007","simOperatorName":"中国移动","simSerialNumber":"8986003831819986481","simState":5,"subscriberId":"460078360033533","type":1,"typeName":"WIFI","width":0,"wifiScan":["FAST_120437,6c:59:40:9f:9f:00,[WPA-PSK-CCMP][WPA2-PSK-CCMP][WPS][ESS],-75,2462,443278857","PHICOMM_487965,68:89:c1:8d:0a:d8,[WPA-PSK-CCMP][WPA2-PSK-CCMP][WPS][ESS],-61,2412,644927802","PHICOMM_874769,00:87:36:36:a8:4e,[WPA-PSK-CCMP][WPA2-PSK-CCMP][ESS],-95,2412,1520830984","MERCURY_0c8b9e,ac:b5:7d:41:c3:6c,[WPA-PSK-CCMP][WPA2-PSK-CCMP][WPS][ESS],-94,2437,752438239","MERCURY_cbfca8,44:97:5a:c3:c2:02,[WPA2-PSK-CCMP][WPS][ESS],-92,2437,520761320"]}