{"BSSID":"6a:81:63:e9:6a:10","IpAddress":"192.168.92.144","P2p0Mac":"54:aa:5b:b8:78:3d","SSID":"FAST_4943","androidId":"3849144e0ef7cf1f","batteryLevel":46,"btAddress":"65:b9:29:16:aa:19","btName":"MI MAX 2","buildAbi":"armeabi-v7a","buildAbi2":"armeabi","buildBoard":"odroidu2","buildBrand":"Xiaomi","buildCodename":"REL","buildDescription":"oxygen-user 7.0.0 NRD90M 2313dddf release-keys","buildDevice":"oxygen","buildFingerprint":"Xiaomi/MI MAX 2/oxygen:7.0.0/NRD90M/2313dddf:user/release-keys","buildHardware":"qcom","buildHost":"huawei-desktop","buildId":"NRD90M","buildIncremental":"2313dddf","buildManufacturer":"Xiaomi","buildModel":"MI MAX 2","buildName":"Xiaomi","buildProduct":"oxygen","buildRadioVersion":"wypiqllw","buildRelease":"7.0.0","buildSdk":"24","buildSerialno":"8f0a8fb9","buildTags":"release-keys","buildType":"user","buildUser":"jenkins","buildUtc":1476662913085,"cellScan":[],"ci":0,"contacts":["奶奶,15801107703","姑妈,15803585383","外婆,13404892532","外公,18806688453","舅舅,18803737870","舅妈,18002240241","姨父,14702074575","姨娘,13301348028","亲爱的,18904895088","老弟,13108533491","老妹,15903561052","小明,13202988364","小李子,18807195364","杨铁,18708554113","Martin Hawkins,18802436989","李汉荣,18903155804","杨欣,13002677393","凌仁思,15002492492","Frank Phillips,15006823912","杨精瑞,15203961629","吴兴,18608371410","李素,14705424068","Laurie Payne,15701888609","张海,15104112912","李海,15706654268","张萱芹,15106516642","Christina Hart,15000253745","惠铁阔,14702624117","谷然砚,15702726063","陈佳妙,13601054717","Peter Gardner,13801211464","李耕然,18705627422","陈珂,18807398565","杨彤扬,15202268616","Jack Rose,15102681048","余礼,13604234751","王善麟,13001145624","吕航华,18801298640","Rita Harris,18701070494","杨璐献,13508620846","魏皓贤,13502025470","杨嘉,18702834636","Annie Spencer,18803558631","李明,18902804144","余韶,13504883811","糜昆涂,13504662035","Vincent Rose,13607791135","赵宇异,18706558442","平旺校,14707653192"],"cpuName":"Qualcomm Technologies, Inc MSM8953","densityDpi":320,"deviceId":"860535219110487","deviceSvn":"48","displayId":"oxygen-user 7.0.0 NRD90M 2313dddf release-keys","extraInfo":"FAST_4943","height":0,"hidePkgs":[],"hmNotes":"","hookPkgs":[],"lac":0,"latitude":30.471869,"line1Number":"15719464853","longitude":103.9598442,"macAddress":"41:0e:97:f6:87:31","memAvailable":128994942,"memFree":386984827,"memTotal":515979769,"mnc":"00","networkClass":2,"networkCountryIso":"cn","networkOperator":"46000","networkOperatorName":"中国移动","networkType":17,"networkTypeName":"TD_SCDMA","phoneType":1,"rgAndroid":"23","rgAreaode":"86","rgConNames":[],"rgCountry":"中国","rgDevice":"xiaomiRedmi 4X","rgIp":"119.4.254.141","rgLastLogin":1516776278838,"rgLocation":"四川省成都市 联通","rgNetType":"切换飞行模式","rgOrPhone":"15719464853","rgPhoneNo":"15719464853","rgServer":"飞行模式切换","rgTime":1515226544681,"rgVcode":"玉米(发码)","rgVersion":"1.6.0","rgWxError":"该微信帐号因批量或者使用非法软件注册被限制登录，如需继续使用，请轻触“确定”申请解除限制。","rgWxName":"尉迟行耀","rgWxPasswd":"Rmst@7890","rgWxStatus":"异常","rgWxWindows":"否","serialno":"8f0a8fb9","simCountryIso":"cn","simOperator":"46000","simOperatorName":"中国移动","simSerialNumber":"8986003167074337303","simState":5,"subscriberId":"460007028483215","type":1,"typeName":"WIFI","width":0,"wifiScan":["TP-LINK_ea9cbf,f1:c9:6b:7b:c0:e6,[WPA2-PSK-CCMP][WPS][ESS],-90,2457,726634448","MERCURY_86a9c9,ba:1a:70:2e:6d:f2,[WPA-PSK-CCMP][WPA2-PSK-CCMP][ESS],-86,2457,360732296","PHICOMM_e32538,5f:d7:49:c2:6a:fc,[WPA-PSK-CCMP][WPA2-PSK-CCMP][WPS][ESS],-83,2412,243135248","Netcore_e3487a,d0:e5:77:b7:de:d6,[WPA-PSK-CCMP][WPA2-PSK-CCMP][WPS][ESS],-85,2412,2032332559","FAST_ed25,3b:16:1a:cb:a7:37,[WPA2-PSK-CCMP][WPS][ESS],-78,2432,355503834","Netcore_8498b9,f7:23:23:94:4a:14,[WPA2-PSK-CCMP][ESS],-94,2412,439861826","MERCURY_f43fd2,38:a8:62:3e:70:7b,[WPA2-PSK-CCMP][WPS][ESS],-67,2447,2048433244","MERCURY_8caed2,fc:2a:b3:97:ee:ec,[WPA-PSK-CCMP][WPA2-PSK-CCMP][ESS],-61,2462,206430172"]}