{"BSSID":"fb:06:d6:13:7e:d2","IpAddress":"10.77.20.142","P2p0Mac":"01:b6:26:2c:d0:60","SSID":"MERCURY_4c1e36","androidId":"3ee1590050db9472","batteryLevel":73,"btAddress":"6a:26:c8:11:fa:68","btName":"M5 Note","buildAbi":"armeabi-v7a","buildAbi2":"armeabi","buildBoard":"e610","buildBrand":"Meizu","buildCodename":"REL","buildDescription":"M5 Note-user 6.0.1 MMB29T 85b703f9 release-keys","buildDevice":"M5 Note","buildFingerprint":"Meizu/M5 Note/M5 Note:6.0.1/MMB29T/85b703f9:user/release-keys","buildHardware":"qcom","buildHost":"LGEACI2R5","buildId":"MMB29T","buildIncremental":"85b703f9","buildManufacturer":"Meizu","buildModel":"M5 Note","buildName":"Meizu","buildProduct":"M5 Note","buildRadioVersion":"jmvzjqaxusd","buildRelease":"6.0.1","buildSdk":"23","buildSerialno":"a58b3975","buildTags":"release-keys","buildType":"user","buildUser":"lgmobile","buildUtc":1451744534492,"cellScan":["61726,169050796","33028,30012","61726,169192942","32899,98233728","32899,23874"],"ci":169192942,"contacts":["奶奶,13808814745","姑妈,13602572216","外婆,15900746385","外公,14701003914","舅舅,18802767861","舅妈,13807080936","姨父,13600505989","姨娘,13301450197","亲爱的,15503182243","老弟,13704743928","老妹,13402347077","小明,13305214678","小李子,18000675446","李隆,14701474128","Martha Reyes,14708825611","詹岁观,13401660964","狄意隆,15906438618","李誓静,15605912016","Brian Adams,13200294005","班庞庞,15100047930","杨江豪,18701310306","郝渠伟,13600110038","Charlie Ramos,13802443199","张茜,14708541639","酆威昱,18708147183","李会岳,14704322046","Cynthia Bryant,18701874131","穆商桂,13303791340","车桂欣,15003751762","杨誓,13802993132","Jeremy Cole,13602279029","羿裕翰,13201444895","杨校,15000988989","杨佳焱,13408145962","Sherry Lawson,15208444989","穆宽三,13907097444","杨随,15301741167","慕容绣朋,13607060106","Teresa Hill,13904618483","杨裕,18002403568","尉迟帅任,13905067100","张郡,13704703111","Alice Kennedy,13507918314","暴欣协,13203382088","余贺,15901492265","陈炬杏,13490433355","Jack Austin,18005716931","杨若时,13107382744","杨木,18806617986","舒鹏雅,15306726888","Judy Boyd,18903475979"],"cpuName":"MT6755M","densityDpi":480,"deviceId":"860848540837664","deviceSvn":"58","displayId":"M5 Note-user 6.0.1 MMB29T 85b703f9 release-keys","extraInfo":"ctnet","height":0,"hidePkgs":[],"hmNotes":"","hookPkgs":[],"lac":61726,"latitude":30.5729669,"line1Number":"18116274467","longitude":104.1617614,"macAddress":"08:b0:89:7b:04:94","memAvailable":1250009743,"memFree":2500019487,"memTotal":3750029230,"mnc":"03","networkClass":3,"networkCountryIso":"cn","networkOperator":"46003","networkOperatorName":"中国电信","networkType":13,"networkTypeName":"LTE","phoneType":2,"rgAndroid":"23","rgAreaode":"86","rgConNames":[],"rgCountry":"中国","rgDevice":"xiaomiRedmi 4X","rgIp":"119.4.252.184","rgLastLogin":1516776421747,"rgLocation":"四川省成都市 联通","rgNetType":"切换飞行模式","rgOrPhone":"18116274467","rgPhoneNo":"18116274467","rgServer":"飞行模式切换","rgTime":1515228552970,"rgVcode":"尚一品(发码)","rgVersion":"1.6.0","rgWxError":"该微信帐号因批量或者使用非法软件注册被限制登录，如需继续使用，请轻触“确定”申请解除限制。","rgWxName":"朱岳","rgWxPasswd":"Rmst@7890","rgWxStatus":"异常","rgWxWindows":"否","serialno":"a58b3975","simCountryIso":"cn","simOperator":"46003","simOperatorName":"中国电信","simSerialNumber":"8986066828622605942","simState":5,"subscriberId":"460033338319738","type":0,"typeName":"MOBILE","width":0,"wifiScan":["Netcore_a10376,5c:63:bf:b7:66:3c,[WPA-PSK-CCMP][WPA2-PSK-CCMP][ESS],-84,2462,3047928996","MERCURY_47ca76,a8:ca:7b:4e:2a:88,[WPA2-PSK-CCMP][WPS][ESS],-72,2412,259070141","MERCURY_e15642,00:23:c9:71:03:b9,[WPA-PSK-CCMP][WPA2-PSK-CCMP][ESS],-75,2472,1637535291","Tenda_6a8cae,cc:34:29:32:c1:a8,[WPA-PSK-CCMP][WPA2-PSK-CCMP][WPS][ESS],-95,2412,356634778","Netcore_bf3265,c4:47:3f:a0:47:64,[WPA2-PSK-CCMP][ESS],-87,2437,504892598"]}