{"BSSID":"7a:8b:e3:70:24:31","IpAddress":"192.168.3.90","P2p0Mac":"af:a0:8a:f7:83:ba","SSID":"Netcore_c0e20e","androidId":"56732a09cf57c3cc","batteryLevel":48,"btAddress":"c0:4a:e9:c6:80:75","btName":"vivo X3L","buildAbi":"armeabi-v7a","buildAbi2":"armeabi","buildBoard":"APQ8084","buildBrand":"vivo","buildCodename":"REL","buildDescription":"msm8226-user 7.1.2 NMF26Q ff593c17 release-keys","buildDevice":"msm8226","buildFingerprint":"vivo/vivo X3L/msm8226:7.1.2/NMF26Q/ff593c17:user/release-keys","buildHardware":"qcom","buildHost":"SEP-68","buildId":"NMF26Q","buildIncremental":"ff593c17","buildManufacturer":"vivo","buildModel":"vivo X3L","buildName":"vivo","buildProduct":"msm8226","buildRadioVersion":"lqzmhkbouu","buildRelease":"7.1.2","buildSdk":"25","buildSerialno":"15b430d8","buildTags":"release-keys","buildType":"user","buildUser":"builder","buildUtc":1481052354098,"cellScan":["61708,16201","61722,168566786","32779,42881","33030,117560351","61708,12606"],"ci":117560351,"contacts":["奶奶,14707164865","姑妈,13206763984","外婆,18708450528","外公,15700061215","舅舅,14707437583","舅妈,15802248428","姨父,14702582489","姨娘,14704436917","亲爱的,13908232420","老弟,13003664920","老妹,18701074074","小明,15003973498","小李子,13201952139","符贤权,13504102293","Frederick Holmes,13807826430","李联毅,13602922012","杨行,13304618282","公孙古礼,13703661719","Marilyn Fisher,13500908781","张实,15000450291","穆禄珀,13902818309","王炬,15906412880","Edith Sanders,15801605122","米怀联,15305854844","伊年建,13400080113","芮炯学,15504075697","Gloria Scott,13105476275","李华,15101057445","王苡,18803366161","陈默烁,15200640587","Sharon Ramirez,15206746606","王童,18906913661","王虎,13108181845","屈威举,15308035259","Matthew Powell,13490400634","孔英佳,15004945146","陈驹,13800751024","崔锦盈,13900178351","Norman Berry,13700780314","皮升敬,15008628752","余昱玺,18901890332","靳翔龙,18808602823","Dana Cruz,15703672021","杨汉,15500011629","杨江,18004182806"],"cpuName":"MT6592","densityDpi":320,"deviceId":"860691883452133","deviceSvn":"40","displayId":"msm8226-user 7.1.2 NMF26Q ff593c17 release-keys","extraInfo":"Netcore_c0e20e","height":0,"hidePkgs":[],"hmNotes":"","hookPkgs":[],"lac":33030,"latitude":30.5958441,"line1Number":"18121096409","longitude":104.0117743,"macAddress":"07:bf:69:d7:b1:a7","memAvailable":129169057,"memFree":387507172,"memTotal":516676229,"mnc":"03","networkClass":2,"networkCountryIso":"cn","networkOperator":"46003","networkOperatorName":"中国电信","networkType":6,"networkTypeName":"CDMA - EvDo rev. A","phoneType":2,"rgAndroid":"23","rgAreaode":"86","rgConNames":["李学璞","上善若水"],"rgConsize":"2","rgCountry":"中国","rgDevice":"xiaomiRedmi 4X","rgIp":"119.4.252.31","rgLastLogin":1516875203542,"rgLocation":"四川省成都市 联通","rgNetType":"切换飞行模式","rgOrPhone":"18121096409","rgPhoneNo":"18121096409","rgServer":"飞行模式切换","rgTime":1515229953359,"rgVcode":"尚一品(发码)","rgVersion":"1.6.0","rgWxEmail":"未绑定","rgWxError":"","rgWxId":"wxid_69c9i35ez8di22","rgWxName":"李学璞","rgWxNo":"未设置","rgWxPasswd":"Rmst@7890","rgWxQQ":"未绑定","rgWxStatus":"存活","rgWxWindows":"否","serialno":"15b430d8","simCountryIso":"cn","simOperator":"46003","simOperatorName":"中国电信","simSerialNumber":"8986031402769254563","simState":5,"subscriberId":"460035633173665","type":1,"typeName":"WIFI","width":0,"wifiScan":["PHICOMM_bdbfe3,78:52:62:00:b8:fd,[WPA-PSK-CCMP][WPA2-PSK-CCMP][WPS][ESS],-95,2437,3172527597","TP-LINK_386a,64:3a:b1:08:c1:12,[WPA2-PSK-CCMP][WPS][ESS],-54,2437,1518234664","TP-LINK_ecfe21,ec:17:2f:5c:e1:ea,[WPA2-PSK-CCMP][ESS],-79,2437,2381235017","iTV-380f,d8:15:0d:7e:c0:f0,[WPA2-PSK-CCMP][WPS][ESS],-74,2462,224818876","PHICOMM_6387ba,c8:a8:23:b8:37:0a,[WPA-PSK-CCMP][WPA2-PSK-CCMP][WPS][ESS],-91,2462,294027958"]}