{"BSSID":"d8:4d:2d:ac:3c:8f","IpAddress":"192.168.79.1","P2p0Mac":"b8:3a:2d:a4:29:9b","SSID":"PHICOMM_830adc","androidId":"5fff004f003e9c0f","batteryLevel":85,"btAddress":"a6:3e:ed:31:ba:d8","btName":"OPPO A59s","buildAbi":"armeabi-v7a","buildAbi2":"armeabi","buildBoard":"MSM8952","buildBrand":"OPPO","buildCodename":"REL","buildDescription":"A59-user 5.0 LRX21M 3125454a release-keys","buildDevice":"A59","buildFingerprint":"OPPO/OPPO A59s/A59:5.0/LRX21M/3125454a:user/release-keys","buildHardware":"qcom","buildHost":"ubuntu","buildId":"LRX21M","buildIncremental":"3125454a","buildManufacturer":"OPPO","buildModel":"OPPO A59s","buildName":"OPPO","buildProduct":"A59","buildRadioVersion":"dbmjkxtdmd","buildRelease":"5.0","buildSdk":"21","buildSerialno":"4b788645","buildTags":"release-keys","buildType":"user","buildUser":"jenkins","buildUtc":1476228093244,"cellScan":[],"ci":0,"contacts":["奶奶,13506388169","姑妈,13503682414","外婆,15303860653","外公,15103385972","舅舅,13504425201","舅妈,18902052456","姨父,13502137548","姨娘,13306385044","亲爱的,15207952851","老弟,18707173309","老妹,15202825428","小明,15708042319","小李子,13906701674","甄景商,14700714070","Carlos Cox,15708780055","于楷然,15200672162","李谷,13403753128","张律,15001419031","Larry Hughes,13400264890","李佩迅,14704983939","张筱商,13490735876","殷峻扬,13490492658","Denise Jordan,15300634576","施梧骏,18702535248","郎杏卿,13402971891","安求闻,14703895478","Harold Washington,14704534723","魏剑炫,15705961786","杨胜,13603403969","景京适,13490389834","Bonnie Henderson,18001205514","杨京,15307500715","巫洋然,18801563180","王铜烁,13306995139","Harold Phillips,15307296955","于敬,13001267810","杨苡,13105108724","巴君芹,14708208546","Susan Sanders,15704258549","娄岭铭,18003875303","吴佑让,15300627309","王效翼,14705972867","Corey Campbell,18703316621","凤佑荣,18906726080","樊炎亚,13106146031","单仙诗,18900867060","Lester Chavez,13490435136","汪阳律,18708010210","李界,15901308418"],"cpuName":"MT6750","densityDpi":240,"deviceId":"860064718330322","deviceSvn":"77","displayId":"A59-user 5.0 LRX21M 3125454a release-keys","extraInfo":"PHICOMM_830adc","height":0,"hidePkgs":[],"hmNotes":"","hookPkgs":[],"lac":0,"latitude":30.7402838,"line1Number":"18224433949","longitude":103.7157879,"macAddress":"b5:04:d4:b6:95:db","memAvailable":701795789,"memFree":2105387369,"memTotal":2807183158,"mnc":"00","networkClass":1,"networkCountryIso":"cn","networkOperator":"46007","networkOperatorName":"中国移动","networkType":2,"networkTypeName":"EDGE","phoneType":1,"rgAndroid":"23","rgAreaode":"86","rgConNames":["徐莉京"],"rgConsize":"1","rgCountry":"中国","rgDevice":"xiaomiRedmi 4X","rgIp":"119.4.255.66","rgLastLogin":1516776468665,"rgLocation":"四川省成都市 联通","rgNetType":"切换飞行模式","rgOrPhone":"18224433949","rgPhoneNo":"18224433949","rgServer":"飞行模式切换","rgTime":1515231883029,"rgVcode":"玉米(发码)","rgVersion":"1.6.0","rgWxEmail":"未绑定","rgWxError":"该微信帐号因批量或者使用非法软件注册被限制登录，如需继续使用，请轻触“确定”申请解除限制。","rgWxName":"徐莉京","rgWxNo":"未设置","rgWxPasswd":"Rmst@7890","rgWxQQ":"未绑定","rgWxStatus":"异常","rgWxWindows":"否","serialno":"4b788645","simCountryIso":"cn","simOperator":"46007","simOperatorName":"中国移动","simSerialNumber":"8986026364164697187","simState":5,"subscriberId":"460074596729639","type":1,"typeName":"WIFI","width":0,"wifiScan":["PHICOMM_79dc0c,45:8c:e1:35:f6:f8,[WPA2-PSK-CCMP][WPS][ESS],-55,2462,2391328308","MERCURY_68cafd,23:a1:dc:50:f5:54,[WPA2-PSK-CCMP][ESS],-82,2412,2197428138","TP-LINK_fc0e32,2c:a7:aa:23:6f:57,[WPA2-PSK-CCMP][WPS][ESS],-88,2452,1330426833","iTV-2fe1,df:3e:fb:15:aa:6b,[WPA2-PSK-CCMP][ESS],-59,2412,458454882","TP-LINK_47cb,3e:e1:5d:96:a8:39,[WPA2-PSK-CCMP][WPS][ESS],-90,2412,521928775","Tenda_5870e3,96:b9:1b:ba:8e:fd,[WPA2-PSK-CCMP][WPS][ESS],-77,2412,463463501"]}