{"BSSID":"f7:a3:9e:b8:dd:f4","IpAddress":"10.29.9.2","P2p0Mac":"93:47:b9:94:c7:40","SSID":"Netcore_ec1040","androidId":"d9ffd12c94e97149","batteryLevel":63,"btAddress":"ee:17:d5:6f:3b:be","btName":"samsung GT-I9300I","buildAbi":"armeabi-v7a","buildAbi2":"armeabi","buildBoard":"ether","buildBrand":"samsung","buildCodename":"REL","buildDescription":"samsung GT-I9300I-user 5.0 LRX21M 3b009c3c release-keys","buildDevice":"samsung GT-I9300I","buildFingerprint":"samsung/samsung GT-I9300I/samsung GT-I9300I:5.0/LRX21M/3b009c3c:user/release-keys","buildHardware":"qcom","buildHost":"huawei-server-05","buildId":"LRX21M","buildIncremental":"3b009c3c","buildManufacturer":"samsung","buildModel":"samsung GT-I9300I","buildName":"samsung","buildProduct":"samsung GT-I9300I","buildRadioVersion":"nmbmttgfsccho","buildRelease":"5.0","buildSdk":"21","buildSerialno":"f15374ed","buildTags":"release-keys","buildType":"user","buildUser":"buildHost","buildUtc":1513059612177,"cellScan":["61731,22301","33061,139834627","33061,96615557","33049,118168609","33034,31354"],"ci":118168609,"contacts":["奶奶,18906502513","姑妈,18708428611","外婆,13000231322","外公,18907936770","舅舅,18801846123","舅妈,13703215674","姨父,13490531093","姨娘,15901571135","亲爱的,13106322884","老弟,13490356679","老妹,13503760762","小明,18908037762","小李子,13408663349","贝举立,18001205160","Dawn Lopez,13308352230","张钰,13102104623","陈佩夏,15503931295","姚进迅,13207086657","Ronnie Simmons,18605831107","李立郡,15507032398","杨年庞,13490035031","范平任,13306518385","Fred Mcdonald,18906646604","李适骏,15708541422","张翼,13490243117","吴默,15004566430","Victoria Stone,15103360661","张闻,13304717423","倪尚雍,13602020807","凌杏雨,15008077800","Rachel Perez,15905871763","于荃,13805467961","宁尚举,15005681435","吴棠泰,18704403721","Larry Boyd,15705057719","滑礼遇,18003418898","解泰协,15902386090","杨文,13001880886","Ann Watkins,13002970054","伍青水,18900512087","谷石信,13907121379","杨耀业,18607738997","Leonard Greene,13005672260","杨竞,15002276897","李求,13803830395","虞阁朔,18806472218","Eddie Anderson,18708212908","侯礼桂,13105868798"],"cpuName":"Qualcomm Technologies, Inc MSM8228","densityDpi":240,"deviceId":"863610765565728","deviceSvn":"43","displayId":"samsung GT-I9300I-user 5.0 LRX21M 3b009c3c release-keys","extraInfo":"uninet","height":0,"hidePkgs":[],"hmNotes":"","hookPkgs":[],"lac":33049,"latitude":30.7479794,"line1Number":"18328724238","longitude":104.4041824,"macAddress":"87:2f:0c:e2:68:ab","memAvailable":1250192635,"memFree":2500385271,"memTotal":3750577906,"mnc":"00","networkClass":3,"networkCountryIso":"cn","networkOperator":"46000","networkOperatorName":"中国移动","networkType":13,"networkTypeName":"LTE","phoneType":1,"rgAndroid":"23","rgAreaode":"86","rgConNames":[],"rgCountry":"中国","rgDevice":"xiaomiRedmi 4X","rgIp":"101.206.166.81","rgLastLogin":1516776325966,"rgLocation":"四川省 联通","rgNetType":"切换飞行模式","rgOrPhone":"18328724238","rgPhoneNo":"18328724238","rgServer":"飞行模式切换","rgTime":1515227098832,"rgVcode":"玉米(发码)","rgVersion":"1.6.0","rgWxError":"该微信帐号因批量或者使用非法软件注册被限制登录，如需继续使用，请轻触“确定”申请解除限制。","rgWxName":"孟露演","rgWxPasswd":"Rmst@7890","rgWxStatus":"异常","rgWxWindows":"否","serialno":"f15374ed","simCountryIso":"cn","simOperator":"46000","simOperatorName":"中国移动","simSerialNumber":"8986022725840225531","simState":5,"subscriberId":"460009187612446","type":0,"typeName":"MOBILE","width":0,"wifiScan":["TP-LINK_df3fe2,24:69:68:43:47:42,[WPA2-PSK-CCMP][WPS][ESS],-88,2437,1443136478","FAST_caeda8,8c:be:be:2c:10:b1,[WPA-PSK-CCMP][WPA2-PSK-CCMP][WPS][ESS],-81,2462,521072737","TP-LINK_1538,8c:f2:28:62:97:16,[WPA2-PSK-CCMP][WPS][ESS],-79,2412,3278737045","PHICOMM_5a8c87,f0:b4:29:4f:78:0e,[WPA-PSK-CCMP][WPA2-PSK-CCMP][WPS][ESS],-73,2462,895326649","iTV-309d,20:dc:e6:94:b3:fc,[WPA-PSK-CCMP][WPA2-PSK-CCMP][ESS],-89,2472,3137938355"]}