{"BSSID":"b3:10:4e:85:98:7a","IpAddress":"10.28.45.128","P2p0Mac":"bb:db:53:0c:cb:a2","SSID":"TP-LINK_68cba1","androidId":"38b641c4f5aa8b43","batteryLevel":89,"btAddress":"0c:ac:5b:ed:f5:f8","btName":"HM NOTE 1S","buildAbi":"armeabi-v7a","buildAbi2":"armeabi","buildBoard":"m7","buildBrand":"Xiaomi","buildCodename":"REL","buildDescription":"gucci-user 5.1.1 LMY48G 25c31d29 release-keys","buildDevice":"gucci","buildFingerprint":"Xiaomi/HM NOTE 1S/gucci:5.1.1/LMY48G/25c31d29:user/release-keys","buildHardware":"qcom","buildHost":"qh-miui-ota-bd54","buildId":"LMY48G","buildIncremental":"25c31d29","buildManufacturer":"Xiaomi","buildModel":"HM NOTE 1S","buildName":"Xiaomi","buildProduct":"gucci","buildRadioVersion":"lvnfjckpot","buildRelease":"5.1.1","buildSdk":"22","buildSerialno":"9c7e8951","buildTags":"release-keys","buildType":"user","buildUser":"android","buildUtc":1462395132636,"cellScan":["61709,168665942","61709,168628894","61709,168676420","32788,31351","61709,41811"],"ci":168676420,"contacts":["奶奶,13604722588","姑妈,18600498681","外婆,15707726863","外公,18803306524","舅舅,13506997794","舅妈,18604538464","姨父,13101630444","姨娘,15804145673","亲爱的,15203956894","老弟,18707472055","老妹,18902382582","小明,18002271251","小李子,18806692679","齐轩如,18801690074","Irene Ellis,18701050241","姜锐欢,13504242764","李梦,13805794207","倪岩净,13305162015","Danny Brown,15303334886","王旭石,15904933761","陈俊佳,13901827606","杨瑜立,13505605116","Valerie Stephens,13606453150","邱石砚,18007391717","杨易,13207693363","李游精,18802028045","Sandra Chavez,18801410334","李渠,13490653549","陈卫,18804990376","李岁启,13200105406","Raymond Hernandez,13003315717","李乐欢,15005011158","王夜魄,15800246348","梅魄阔,13607610604","Raymond Hayes,13501562475","于奎律,13490261787","张京,15700581893","杨齐湘,15802264172","Judith Hicks,15805411433","符誓培,18006467911","堪添星,15701740055","吴经幸,15007166210","Lucille Howard,15802397915","任诗湘,13490740314","郎瑞彦,15201281636","余雍联,18007154856","Kathleen Wood,13305551880","凌炬况,15104803965","符然静,13608736804","余念情,15504651086","Laura Watson,13105011643"],"cpuName":"Qualcomm Technologies, Inc MSM8916","densityDpi":560,"deviceId":"863317264505326","deviceSvn":"19","displayId":"gucci-user 5.1.1 LMY48G 25c31d29 release-keys","extraInfo":"ctnet","height":0,"hidePkgs":[],"hmNotes":"","hookPkgs":[],"lac":61709,"latitude":30.5947091,"line1Number":"18428331696","longitude":104.1336009,"macAddress":"58:60:fa:bb:cb:d1","memAvailable":24028618,"memFree":72085856,"memTotal":96114474,"mnc":"00","networkClass":3,"networkCountryIso":"cn","networkOperator":"46002","networkOperatorName":"中国移动","networkType":13,"networkTypeName":"LTE","phoneType":1,"rgAndroid":"23","rgAreaode":"86","rgConNames":[],"rgCountry":"中国","rgDevice":"xiaomiRedmi 4X","rgIp":"119.4.252.96","rgLastLogin":1516776373464,"rgLocation":"四川省成都市 联通","rgNetType":"切换飞行模式","rgOrPhone":"18428331696","rgPhoneNo":"18428331696","rgServer":"飞行模式切换","rgTime":1515227728527,"rgVcode":"玉米(发码)","rgVersion":"1.6.0","rgWxError":"该微信帐号因批量或者使用非法软件注册被限制登录，如需继续使用，请轻触“确定”申请解除限制。","rgWxName":"王焱甲","rgWxPasswd":"Rmst@7890","rgWxStatus":"异常","rgWxWindows":"否","serialno":"9c7e8951","simCountryIso":"cn","simOperator":"46002","simOperatorName":"中国移动","simSerialNumber":"8986022542531606497","simState":5,"subscriberId":"460029761397905","type":0,"typeName":"MOBILE","width":0,"wifiScan":["MERCURY_3498ca,94:77:2b:6a:51:6c,[WPA-PSK-CCMP][WPA2-PSK-CCMP][WPS][ESS],-90,2437,2383336532","MERCURY_437498,08:10:79:6a:d5:6f,[WPA-PSK-CCMP][WPA2-PSK-CCMP][WPS][ESS],-92,2412,2889934770","MERCURY_d05476,14:75:90:aa:4f:a6,[WPA2-PSK-CCMP][ESS],-82,2412,692734288","MERCURY_497376,90:94:e4:c7:12:72,[WPS][ESS],-64,2462,1747631296","ChainaNet_47ca,cc:34:29:f6:e3:32,[WPA-PSK-CCMP][WPA2-PSK-CCMP][WPS][ESS],-83,2437,370767731"]}