{"BSSID":"e1:8b:cb:c7:21:d3","IpAddress":"10.20.24.96","P2p0Mac":"d8:17:07:07:a0:63","SSID":"Tenda_dfbbfc","androidId":"368f5a28c680cb34","batteryLevel":86,"btAddress":"c0:6f:93:76:34:6e","btName":"HM NOTE 1TD","buildAbi":"armeabi-v7a","buildAbi2":"armeabi","buildBoard":"t6","buildBrand":"Xiaomi","buildCodename":"REL","buildDescription":"lcsh92_wet_tdd-user 6.0.1 MMB29T 9952a573 release-keys","buildDevice":"lcsh92_wet_tdd","buildFingerprint":"Xiaomi/HM NOTE 1TD/lcsh92_wet_tdd:6.0.1/MMB29T/9952a573:user/release-keys","buildHardware":"qcom","buildHost":"huangshan","buildId":"MMB29T","buildIncremental":"9952a573","buildManufacturer":"Xiaomi","buildModel":"HM NOTE 1TD","buildName":"Xiaomi","buildProduct":"lcsh92_wet_tdd","buildRadioVersion":"jgokkyjxll","buildRelease":"6.0.1","buildSdk":"23","buildSerialno":"b7061d43","buildTags":"release-keys","buildType":"user","buildUser":"MarkBuild","buildUtc":1495111196850,"cellScan":[],"ci":0,"contacts":["奶奶,15501422916","姑妈,18803344997","外婆,13301152623","外公,15001976710","舅舅,13801531053","舅妈,15603788702","姨父,15303348028","姨娘,13406806220","亲爱的,18908287944","老弟,13105233775","老妹,13101592289","小明,13490323861","小李子,15607608213","杨茜,15901136429","Sharon Reynolds,15000092059","崔骏虎,13008806933","王业裕,13805652275","吴友奇,13305543491","Beatrice Washington,15308563688","仰锦轩,15505156285","童精奇,15004795854","富求翼,13490819042","Vivian Black,15307103981","郁岭凇,15806596402","王江土,13108098976","王砚思,13490749556","Deborah Hayes,18900046523","冯甲遇,15106064259","邵胜伟,18901932395","殷演佑,13102944256","Esther Matthews,13207837947","杨旭,18002631947","余帅,15706622769","尹悠银,13705453215","Gregory Franklin,13900664503","张元,13708717876","巫随杏,18703503131","杨耀雄,13408533703","Gene Olson,15203105534","弓卫贵,13508694882","符如似,13203287058","常勇松,13307180395","Sheila Patterson,13304942829","靳权勋,15102925912","李铁,13508855226","芮菁炯,18805811660","Denise Nelson,18703481950","吴龙思,15906523821"],"cpuName":"MT6592","densityDpi":320,"deviceId":"860110934134178","deviceSvn":"72","displayId":"lcsh92_wet_tdd-user 6.0.1 MMB29T 9952a573 release-keys","extraInfo":"3gwap","height":0,"hidePkgs":[],"hmNotes":"","hookPkgs":[],"lac":0,"latitude":30.5491304,"line1Number":"15196650890","longitude":104.2067032,"macAddress":"55:1a:2b:cc:0a:55","memAvailable":4109725626,"memFree":12329176878,"memTotal":16438902504,"mnc":"00","networkClass":1,"networkCountryIso":"cn","networkOperator":"46002","networkOperatorName":"中国移动","networkType":2,"networkTypeName":"EDGE","phoneType":1,"rgAndroid":"23","rgAreaode":"86","rgConNames":["上善若水","李协"],"rgConsize":"2","rgCountry":"中国","rgDevice":"xiaomiRedmi 4X","rgIp":"119.4.254.84","rgLastLogin":1516108118586,"rgLocation":"四川省成都市 联通","rgNetType":"切换飞行模式","rgOrPhone":"15196650890","rgPhoneNo":"15196650890","rgServer":"飞行模式切换","rgTime":1515830826893,"rgVcode":"玉米(发码)","rgVersion":"1.6.0","rgWxEmail":"未绑定","rgWxError":"帐号状态异常，本次登录已失效。请尝试重新登录，并根据弹窗提示操作。","rgWxId":"wxid_v6g74bcut3ws22","rgWxName":"李协","rgWxNo":"未设置","rgWxPasswd":"Rmst@7890","rgWxQQ":"未绑定","rgWxStatus":"异常","rgWxWindows":"否","serialno":"b7061d43","simCountryIso":"cn","simOperator":"46002","simOperatorName":"中国移动","simSerialNumber":"8986029294605721472","simState":5,"subscriberId":"460025105256436","type":0,"typeName":"MOBILE","width":0,"wifiScan":["PHICOMM_c77a9c,26:06:dd:19:d3:9a,[WPA2-PSK-CCMP][ESS],-73,2462,228061530","Netcore_8dafeb,7b:b3:50:77:99:ef,[WPA2-PSK-CCMP][ESS],-84,2462,2436327361","PHICOMM_87ba7a,88:26:ca:77:ad:75,[WPA2-PSK-CCMP][ESS],-85,2467,338092396","Tenda_c0fb0f,99:09:6f:31:3c:8f,[WPA2-PSK-CCMP][ESS],-78,2412,268469247","FAST_8cbfea,e4:23:e1:7c:e7:de,[WPA-PSK-CCMP][WPA2-PSK-CCMP][ESS],-58,2427,1281834189"]}