{"BSSID":"91:5e:12:46:04:37","IpAddress":"10.59.64.6","P2p0Mac":"4c:c9:64:4e:e5:76","SSID":"Tenda_aec032","androidId":"c57b4aa29d5aa5f2","batteryLevel":76,"btAddress":"e9:de:cb:8d:ff:27","btName":"MI 5","buildAbi":"armeabi-v7a","buildAbi2":"armeabi","buildBoard":"deb","buildBrand":"Xiaomi","buildCodename":"REL","buildDescription":"MI 5-user 7.0.0 NRD90M 091d8960 release-keys","buildDevice":"MI 5","buildFingerprint":"Xiaomi/MI 5/MI 5:7.0.0/NRD90M/091d8960:user/release-keys","buildHardware":"qcom","buildHost":"qh-miui-ota-bd54","buildId":"NRD90M","buildIncremental":"091d8960","buildManufacturer":"Xiaomi","buildModel":"MI 5","buildName":"Xiaomi","buildProduct":"MI 5","buildRadioVersion":"zcgllgsacq","buildRelease":"7.0.0","buildSdk":"24","buildSerialno":"1d456070","buildTags":"release-keys","buildType":"user","buildUser":"buildHost","buildUtc":1501269601186,"cellScan":["33536,100365696","33536,98027138","61716,169109541","33536,139520257","33280,4671"],"ci":98027138,"contacts":["奶奶,15606075533","姑妈,18705824592","外婆,13107583843","外公,15502172858","舅舅,18800623748","舅妈,15805438016","姨父,13601473362","姨娘,18702158342","亲爱的,13302502665","老弟,15306177870","老妹,15607863886","小明,18601585744","小李子,18004680029","吴群,13900528612","Dorothy Armstrong,13600870651","卡联西,15105412391","张扬,15607867000","嵇璇靖,13707320750","Ruby Garcia,13706964712","张耀勇,18005201242","谷铭璎,18906271339","王逵妙,13901704472","Doris Wallace,13807060829","邓全力,18806707388","虞瑜豪,14702581472","章雅瑕,15801703275","Carl Ross,15005946444","孟联贺,18700443623","李能幸,18704907594","崔昱菁,15005360250","Carl Reynolds,15104696207","李津,15302500347","陈铭友,13501936404","甄陵义,15203777351","Lillian Wagner,13403437008","乌晟璐,13808798615","姜旺嘉,13703465585","王砚,13307810602","Irene Kelley,13490793353","余木秀,14705400966","于书,13300837711","杨琴印,13803661604","Veronica Hall,13800494268","史奎良,15306432367","邓胜悠,13503891482","施超琦,13490737056","Angela Bryant,18902656651","杨吾,18705654436","王泉烁,18906362125","张求,13104663225","Herbert Freeman,13003753736","廉殊若,18904747026"],"cpuName":"Qualcomm Technologies, Inc MSM8996","densityDpi":480,"deviceId":"864971257010204","deviceSvn":"49","displayId":"MI 5-user 7.0.0 NRD90M 091d8960 release-keys","extraInfo":"3gnet","height":0,"hidePkgs":[],"hmNotes":"","hookPkgs":[],"lac":33536,"latitude":30.4490182,"line1Number":"15198191769","longitude":103.7650748,"macAddress":"cc:26:e1:45:97:75","memAvailable":611239615,"memFree":1222479231,"memTotal":1833718846,"mnc":"00","networkClass":2,"networkCountryIso":"cn","networkOperator":"46000","networkOperatorName":"中国移动","networkType":8,"networkTypeName":"HSDPA","phoneType":1,"rgAndroid":"23","rgAreaode":"86","rgConNames":["上善若水","杨佩茜"],"rgConsize":"2","rgCountry":"中国","rgDevice":"xiaomiRedmi 4X","rgIp":"119.4.255.141","rgLastLogin":1516876142505,"rgLocation":"四川省成都市 联通","rgNetType":"切换飞行模式","rgOrPhone":"15198191769","rgPhoneNo":"15198191769","rgServer":"飞行模式切换","rgTime":1515824979404,"rgVcode":"玉米(发码)","rgVersion":"1.6.0","rgWxEmail":"未绑定","rgWxError":"","rgWxId":"wxid_w3unvokuhcws22","rgWxName":"杨佩茜","rgWxNo":"未设置","rgWxPasswd":"Rmst@7890","rgWxQQ":"未绑定","rgWxStatus":"存活","rgWxWindows":"否","serialno":"1d456070","simCountryIso":"cn","simOperator":"46000","simOperatorName":"中国移动","simSerialNumber":"8986023094221374734","simState":5,"subscriberId":"460004453778937","type":0,"typeName":"MOBILE","width":0,"wifiScan":["Tenda_597476,00:5a:39:01:76:da,[WPA2-PSK-CCMP][WPS][ESS],-81,2427,249958507","TP-LINK_8cb316,78:eb:14:c6:07:7e,[WPA-PSK-CCMP][WPA2-PSK-CCMP][WPS][ESS],-53,2457,3123030076","FAST_597ca7,64:3a:b1:76:e5:4a,[WPA-PSK-CCMP][WPA2-PSK-CCMP][ESS],-53,2462,2340129500","MERCURY_87b9dc,50:bd:5f:99:33:be,[WPA-PSK-CCMP][WPA2-PSK-CCMP][ESS],-51,2437,405272809","PHICOMM_215ec1,f4:6a:92:49:55:42,[WPA2-PSK-CCMP][WPS][ESS],-54,2447,276669419"]}