{"BSSID":"86:6b:eb:88:2c:ab","IpAddress":"10.60.72.226","P2p0Mac":"c7:9b:6a:99:18:95","SSID":"TP-LINK_dbf316","androidId":"da0d7aa8310c9357","batteryLevel":69,"btAddress":"65:62:ff:66:c1:fd","btName":"OPPO R7sm","buildAbi":"armeabi-v7a","buildAbi2":"armeabi","buildBoard":"p3","buildBrand":"OPPO","buildCodename":"REL","buildDescription":"R7sm-user 5.0 LRX21M e93c00fb release-keys","buildDevice":"R7sm","buildFingerprint":"OPPO/OPPO R7sm/R7sm:5.0/LRX21M/e93c00fb:user/release-keys","buildHardware":"qcom","buildHost":"mz-buider-2","buildId":"LRX21M","buildIncremental":"e93c00fb","buildManufacturer":"OPPO","buildModel":"OPPO R7sm","buildName":"OPPO","buildProduct":"R7sm","buildRadioVersion":"gpghjmnynborf","buildRelease":"5.0","buildSdk":"21","buildSerialno":"9fa86141","buildTags":"release-keys","buildType":"user","buildUser":"builder","buildUtc":1470581321150,"cellScan":["33191,223342112","33256,258867586","33256,258872706","33256,258873475","61765,6442"],"ci":258873475,"contacts":["奶奶,15906723335","姑妈,15908439063","外婆,13607597417","外公,13406203564","舅舅,13304413054","舅妈,15705010256","姨父,13401852864","姨娘,15704964721","亲爱的,15906518591","老弟,18907596318","老妹,13705382904","小明,15703831114","小李子,15107462336","杨楷桂,13908167739","Lori Edwards,13704460313","徐羡礼,13906146950","云嘉书,13000041994","焦业鑫,18705677230","Joann Alexander,15700701240","张保,18602592038","龚可嘉,13207592089","岑璐惠,15304140789","Jason Tucker,18900067856","柏荃嘉,13006922618","杨禄如,13807304630","魏似宏,15207201090","Dana Patterson,15900432372","唐璞宏,13403681746","杨野银,13708377421","张廉,15105003720","Tim Fox,13401386389","王介,18003648962","李景,13502323971","储宽苡,15908528138","Jeffery Evans,13405527956","王翼,18906896503","曹宏阁,13304216741","宫甲竞,13506800095","Judy Carter,13701335274","王青,15906346753","黄炎卫,15006470140"],"cpuName":"Qualcomm Technologies, Inc MSM8939","densityDpi":240,"deviceId":"862358393136774","deviceSvn":"79","displayId":"R7sm-user 5.0 LRX21M e93c00fb release-keys","extraInfo":"ctlte","height":0,"hidePkgs":[],"hmNotes":"","hookPkgs":[],"lac":33256,"latitude":30.4244266,"line1Number":"15208411049","longitude":104.3969037,"macAddress":"7c:23:c3:ef:57:ee","memAvailable":935482612,"memFree":1870965224,"memTotal":2806447836,"mnc":"00","networkClass":2,"networkCountryIso":"cn","networkOperator":"46002","networkOperatorName":"中国移动","networkType":8,"networkTypeName":"HSDPA","phoneType":1,"rgAndroid":"23","rgAreaode":"86","rgConNames":["上善若水","谈随进"],"rgConsize":"2","rgCountry":"中国","rgDevice":"xiaomiRedmi 4X","rgIp":"119.4.254.32","rgLastLogin":1516244595889,"rgLocation":"四川省成都市 联通","rgNetType":"切换飞行模式","rgOrPhone":"15208411049","rgPhoneNo":"15208411049","rgServer":"飞行模式切换","rgTime":1515817313956,"rgVcode":"玉米(发码)","rgVersion":"1.6.0","rgWxEmail":"未绑定","rgWxError":"该微信帐号因批量或者使用非法软件注册被限制登录，如需继续使用，请轻触“确定”申请解除限制。","rgWxId":"wxid_m9u22gjzqy5622","rgWxName":"谈随进","rgWxNo":"未设置","rgWxPasswd":"Rmst@7890","rgWxQQ":"未绑定","rgWxStatus":"异常","rgWxWindows":"否","serialno":"9fa86141","simCountryIso":"cn","simOperator":"46002","simOperatorName":"中国移动","simSerialNumber":"8986003677340284109","simState":5,"subscriberId":"460025658846954","type":0,"typeName":"MOBILE","width":0,"wifiScan":["Netcore_305386,64:3a:b1:53:5c:12,[WPA-PSK-CCMP][WPA2-PSK-CCMP][WPS][ESS],-57,2437,234284681","MERCURY_7cafd0,88:25:93:00:1c:b2,[WPA2-PSK-CCMP][WPS][ESS],-85,2437,2802935261","Netcore_365316,ec:26:ca:d3:06:40,[WPA2-PSK-CCMP][ESS],-77,2437,2690632032","FAST_0f3264,f4:ee:14:35:fc:ca,[WPA2-PSK-CCMP][WPS][ESS],-94,2437,1787631958","Tenda_598448,08:10:78:e5:80:ce,[WPA2-PSK-CCMP][ESS],-80,2457,1221232347"]}