{"BSSID":"92:68:d6:d3:5c:be","IpAddress":"192.168.62.87","P2p0Mac":"f5:62:04:8d:28:c6","SSID":"Netcore_425a7c","androidId":"3aa1532bddeadb48","batteryLevel":55,"btAddress":"47:a5:22:a4:2c:cd","btName":"Redmi 4","buildAbi":"armeabi-v7a","buildAbi2":"armeabi","buildBoard":"MSM8992","buildBrand":"Xiaomi","buildCodename":"REL","buildDescription":"Redmi 4-user 7.1.2 NMF26Q 3d23a942 release-keys","buildDevice":"Redmi 4","buildFingerprint":"Xiaomi/Redmi 4/Redmi 4:7.1.2/NMF26Q/3d23a942:user/release-keys","buildHardware":"qcom","buildHost":"LGEACI2R5","buildId":"NMF26Q","buildIncremental":"3d23a942","buildManufacturer":"Xiaomi","buildModel":"Redmi 4","buildName":"Xiaomi","buildProduct":"Redmi 4","buildRadioVersion":"vjqrqusl","buildRelease":"7.1.2","buildSdk":"25","buildSerialno":"2c4117d3","buildTags":"release-keys","buildType":"user","buildUser":"buildHost","buildUtc":1491314683287,"cellScan":["32906,45683","61722,62584","61722,169517620","32775,3204","33028,3776"],"ci":3204,"contacts":["奶奶,18808647172","姑妈,13806554167","外婆,13702454736","外公,15804741442","舅舅,13206493531","舅妈,15008303513","姨父,18607595325","姨娘,15607161650","亲爱的,13708362090","老弟,13604358399","老妹,13602776385","小明,15304674990","小李子,13490064526","郁嘉克,13107927505","Brittany Pierce,13006250389","于会欢,18802917790","于雍,18701788557","粱茜青,18700336116","Erica Perez,15701347849","王三,18802971818","李钰京,15304172367","欧阳谷魄,15700660502","Kyle Crawford,14706421072","殷耕颖,13702074891","杨舒夏,18703947918","王亚乐,15608718178","Jimmy Morris,15608110525","吴茜,15608751575","裘胤璎,13490872077","阮静谷,13107046656","Jesse Johnson,13104664161","王杏心,18702586864","李界迅,18702195778","吴静,15304461247","Joan King,18906296507","李文佩,14705546137","刁香茂,14707468103","万生裕,13103331299","Edna Rose,15608023081","王室瑞,14706144017","穆永誓,15902062864","李玺勇,18802046731","Marcus Rodriguez,14703067714","夏桂筱,18705838677","杨盈魄,18703240205","吴念,15306666077","Barry Nelson,18906377555"],"cpuName":"Qualcomm Technologies, Inc MSM8953","densityDpi":560,"deviceId":"861202671173474","deviceSvn":"52","displayId":"Redmi 4-user 7.1.2 NMF26Q 3d23a942 release-keys","extraInfo":"Netcore_425a7c","height":0,"hidePkgs":[],"hmNotes":"","hookPkgs":[],"lac":32775,"latitude":30.5847572,"line1Number":"15928628577","longitude":103.9544622,"macAddress":"e6:73:0e:54:e0:49","memAvailable":701804634,"memFree":2105413903,"memTotal":2807218537,"mnc":"00","networkClass":2,"networkCountryIso":"cn","networkOperator":"46002","networkOperatorName":"中国移动","networkType":8,"networkTypeName":"HSDPA","phoneType":1,"rgAndroid":"23","rgAreaode":"86","rgConNames":["上善若水","陈铁曜"],"rgConsize":"2","rgCountry":"中国","rgDevice":"xiaomiRedmi 4X","rgIp":"101.206.167.35","rgLastLogin":1516244690174,"rgLocation":"四川省 联通","rgNetType":"切换飞行模式","rgOrPhone":"15928628577","rgPhoneNo":"15928628577","rgServer":"飞行模式切换","rgTime":1515828185205,"rgVcode":"玉米(发码)","rgVersion":"1.6.0","rgWxEmail":"未绑定","rgWxError":"该微信帐号因批量或者使用非法软件注册被限制登录，如需继续使用，请轻触“确定”申请解除限制。","rgWxId":"wxid_384v3wfqfb1j22","rgWxName":"陈铁曜","rgWxNo":"未设置","rgWxPasswd":"Rmst@7890","rgWxQQ":"未绑定","rgWxStatus":"异常","rgWxWindows":"否","serialno":"2c4117d3","simCountryIso":"cn","simOperator":"46002","simOperatorName":"中国移动","simSerialNumber":"8986003110833327368","simState":5,"subscriberId":"460024736651052","type":1,"typeName":"WIFI","width":0,"wifiScan":["MERCURY_cec0,00:e0:4b:cd:6d:4e,[WPA2-PSK-CCMP][WPS][ESS],-74,2412,2731437564","FAST_520326,20:f4:1b:89:f4:9e,[WPA2-PSK-CCMP][ESS],-82,2427,209478696","MERCURY_76b95a,48:5a:b6:d4:87:23,[WPA-PSK-CCMP][WPA2-PSK-CCMP][WPS][ESS],-62,2462,2800633588","Netcore_205386,ec:26:ca:d3:cf:9c,[WPA-PSK-CCMP][WPA2-PSK-CCMP][ESS],-85,2437,3677633220","Tenda_c76b9e,8c:f2:28:e2:96:96,[WPA2-PSK-CCMP][ESS],-72,2462,1326832131"]}