{"BSSID":"f8:f6:dd:00:b3:5b","IpAddress":"192.168.88.214","P2p0Mac":"2f:b5:2d:9c:07:30","SSID":"Netcore_cfeaec","androidId":"d4df2d2bfbe151c1","batteryLevel":50,"btAddress":"03:8a:39:44:ca:4a","btName":"HUAWEI GRA-CL10","buildAbi":"armeabi-v7a","buildAbi2":"armeabi","buildBoard":"p990","buildBrand":"HUAWEI","buildCodename":"REL","buildDescription":"GRA-CL10-user 5.1.1 LMY48G 4a55543a release-keys","buildDevice":"HWGRA","buildFingerprint":"HUAWEI/HUAWEI GRA-CL10/HWGRA:5.1.1/LMY48G/4a55543a:user/release-keys","buildHardware":"qcom","buildHost":"mine","buildId":"LMY48G","buildIncremental":"4a55543a","buildManufacturer":"HUAWEI","buildModel":"HUAWEI GRA-CL10","buildName":"HUAWEI","buildProduct":"GRA-CL10","buildRadioVersion":"voiupttfaikyq","buildRelease":"5.1.1","buildSdk":"22","buildSerialno":"56fac0fc","buildTags":"release-keys","buildType":"user","buildUser":"lgmobile","buildUtc":1513849245994,"cellScan":["33296,38934","33296,139513092","61726,169788373","33296,21362","61743,169788373"],"ci":38934,"contacts":["奶奶,18900864675","姑妈,18002728626","外婆,15604044599","外公,15907823250","舅舅,18802536215","舅妈,15705920262","姨父,13504801826","姨娘,14707452929","亲爱的,15708858012","老弟,15307027656","老妹,13705138224","小明,18803504881","小李子,13500225676","吴皓,13501618673","Clyde Cole,13501495616","于峻,13490326259","仰舒君,15503642839","于弘,18703083624","Victor Cruz,14704366116","张嗣汉,15504510822","郁岭景,15608870348","任商利,15501586326","Lauren Gonzalez,15608226772","于松夏,15302633066","梅鹄银,13807273585","余奇建,13490595773","Samuel Edwards,18007981097","和烈渠,15800897046","赵渠,18605318096","王介,13202184998","Corey Hart,13105471507","任业孝,15707768677","樊举佑,13802971951","童伊京,13605450493","Joyce Morgan,13902991172","余思帅,13606877852","暴媛向,13202397726","贲密孝,13702248307","Edith Hunter,13907641718","孟仙向,15506850113","毛演吾,14702690233","杨梦,15006271123","Lee Ross,15904125748","吴玺思,13502982635","杨印,13402823117"],"cpuName":"Kirin935","densityDpi":480,"deviceId":"860310256053705","deviceSvn":"11","displayId":"GRA-CL10-user 5.1.1 LMY48G 4a55543a release-keys","extraInfo":"Netcore_cfeaec","height":0,"hidePkgs":[],"hmNotes":"","hookPkgs":[],"lac":33296,"latitude":30.6541853,"line1Number":"15928573282","longitude":104.2032055,"macAddress":"ce:44:03:ac:ab:82","memAvailable":1250018474,"memFree":2500036948,"memTotal":3750055422,"mnc":"00","networkClass":3,"networkCountryIso":"cn","networkOperator":"46007","networkOperatorName":"中国移动","networkType":13,"networkTypeName":"LTE","phoneType":1,"rgAndroid":"23","rgAreaode":"86","rgConNames":["上善若水","杨彤惠"],"rgConsize":"2","rgCountry":"中国","rgDevice":"xiaomiRedmi 4X","rgIp":"119.4.253.122","rgLastLogin":1516876331374,"rgLocation":"四川省成都市 联通","rgNetType":"切换飞行模式","rgOrPhone":"15928573282","rgPhoneNo":"15928573282","rgServer":"飞行模式切换","rgTime":1515825829267,"rgVcode":"玉米(发码)","rgVersion":"1.6.0","rgWxEmail":"未绑定","rgWxError":"","rgWxId":"wxid_1h5jqrtnwmzg22","rgWxName":"杨彤惠","rgWxNo":"未设置","rgWxPasswd":"Rmst@7890","rgWxQQ":"未绑定","rgWxStatus":"存活","rgWxWindows":"否","serialno":"56fac0fc","simCountryIso":"cn","simOperator":"46007","simOperatorName":"中国移动","simSerialNumber":"8986022463503244792","simState":5,"subscriberId":"460074728564707","type":1,"typeName":"WIFI","width":0,"wifiScan":["MERCURY_930d21,68:94:23:38:a1:e3,[WPA-PSK-CCMP][WPA2-PSK-CCMP][WPS][ESS],-85,2462,359809955","Netcore_587bae,7c:dd:90:8a:c3:2a,[WPA2-PSK-CCMP][WPS][ESS],-64,2462,230953797","MERCURY_f32698,a8:a6:68:65:5a:21,[WPA2-PSK-CCMP][WPS][ESS],-68,2437,202627236","TP-LINK_0da9,00:6b:8e:c9:89:cc,[WPA-PSK-CCMP][WPA2-PSK-CCMP][ESS],-56,2412,209171117","ChainaNet_fd15,38:b1:db:dc:d6:23,[WPA-PSK-CCMP][WPA2-PSK-CCMP][ESS],-50,2442,1247735655"]}