{"BSSID":"13:28:38:ef:1b:44","IpAddress":"10.11.55.19","P2p0Mac":"13:ea:a4:e6:6a:55","SSID":"FAST_587a","androidId":"aae0ca4550b6cfae","batteryLevel":77,"btAddress":"96:3f:0c:4d:f2:3c","btName":"V3","buildAbi":"armeabi-v7a","buildAbi2":"armeabi","buildBoard":"galbi","buildBrand":"vivo","buildCodename":"REL","buildDescription":"V3-user 7.0.0 NRD90M c79d40f1 release-keys","buildDevice":"V3","buildFingerprint":"vivo/V3/V3:7.0.0/NRD90M/c79d40f1:user/release-keys","buildHardware":"qcom","buildHost":"zc-miui-ota-bd39.bj","buildId":"NRD90M","buildIncremental":"c79d40f1","buildManufacturer":"vivo","buildModel":"V3","buildName":"vivo","buildProduct":"V3","buildRadioVersion":"ttarrukphb","buildRelease":"7.0.0","buildSdk":"24","buildSerialno":"0d1a0a92","buildTags":"release-keys","buildType":"user","buildUser":"jenkins","buildUtc":1507940361437,"cellScan":[],"ci":0,"contacts":["奶奶,13001423511","姑妈,15902182742","外婆,13003336009","外公,18001402420","舅舅,18703926627","舅妈,15306826507","姨父,13490694609","姨娘,15805327580","亲爱的,15102476833","老弟,13703938935","老妹,18000150415","小明,15508730968","小李子,13701652077","夏侯稼影,15806907307","Jon Kelley,15907811168","王宣银,13602450568","程龙力,13905934247","巫雅镜,18005237300","Ray Ross,13300577127","诸葛进设,14701327183","陈轩瑕,13604614500","王瑜木,15205698758","Billy Hawkins,15903095887","余伊,15904325911","罗硕宇,13490266578","蓝伊勇,13001430337","Ashley Brooks,13100197014","王旭卿,18707897997","隗伊节,15002742593","贝筱璎,15306408536","Jerry Collins,15301124692","符怡宫,18606063845","孟伊情,13701839019","邬阔行,18901267651","Bryan Bell,18006155882","谢节海,13305886178","张演阔,13303662677","杨伟礼,15902110126","Stephen Alexander,15802358420","于颂书,15306796997","昌峻力,18006382310","杨迅,15306727528","Marilyn Gibson,13490200192","栾帅夏,15007678208","田苡节,13006672053"],"cpuName":"Qualcomm Technologies, Inc MSM8939","densityDpi":560,"deviceId":"861740336624753","deviceSvn":"63","displayId":"V3-user 7.0.0 NRD90M c79d40f1 release-keys","extraInfo":"3gwap","height":0,"hidePkgs":[],"hmNotes":"","hookPkgs":[],"lac":0,"latitude":30.9080336,"line1Number":"15928621856","longitude":103.7887397,"macAddress":"50:c7:bc:74:3f:39","memAvailable":129072736,"memFree":387218211,"memTotal":516290947,"mnc":"00","networkClass":2,"networkCountryIso":"cn","networkOperator":"46007","networkOperatorName":"中国移动","networkType":17,"networkTypeName":"TD_SCDMA","phoneType":1,"rgAndroid":"23","rgAreaode":"86","rgConNames":["上善若水","王汉蔚"],"rgConsize":"2","rgCountry":"中国","rgDevice":"xiaomiRedmi 4X","rgIp":"119.4.255.18","rgLastLogin":1516876558785,"rgLocation":"四川省成都市 联通","rgNetType":"切换飞行模式","rgOrPhone":"15928621856","rgPhoneNo":"15928621856","rgServer":"飞行模式切换","rgTime":1515829168006,"rgVcode":"玉米(发码)","rgVersion":"1.6.0","rgWxEmail":"未绑定","rgWxError":"","rgWxId":"wxid_tdxt923lo4il22","rgWxName":"王汉蔚","rgWxNo":"未设置","rgWxPasswd":"Rmst@7890","rgWxQQ":"未绑定","rgWxStatus":"存活","rgWxWindows":"否","serialno":"0d1a0a92","simCountryIso":"cn","simOperator":"46007","simOperatorName":"中国移动","simSerialNumber":"8986009097659962100","simState":5,"subscriberId":"460077504666440","type":0,"typeName":"MOBILE","width":0,"wifiScan":["FAST_cd98,34:75:7a:88:c5:e7,[WPA-PSK-CCMP][WPA2-PSK-CCMP][ESS],-85,2462,199553264","Netcore_cfe1ed,75:5b:f3:5d:57:70,[WPA2-PSK-CCMP][ESS],-78,2462,309641969","MERCURY_97a9dc,d5:6f:e5:06:f2:34,[WPA2-PSK-CCMP][WPS][ESS],-79,2462,410012919","PHICOMM_6598da,be:5a:27:2c:db:2f,[WPA-PSK-CCMP][WPA2-PSK-CCMP][WPS][ESS],-89,2452,510123371","Tenda_1f4376,d7:3e:d8:42:45:6d,[WPA2-PSK-CCMP][ESS],-74,2457,2854434608","ChainaNet_032b,fc:a3:49:9c:eb:66,[WPA-PSK-CCMP][WPA2-PSK-CCMP][WPS][ESS],-83,2437,542075614","FAST_3769ec,22:6b:e0:78:a2:9b,[WPA-PSK-CCMP][WPA2-PSK-CCMP][WPS][ESS],-75,2437,2508333101"]}