{"BSSID":"b3:5f:5f:49:de:3e","IpAddress":"192.168.23.196","P2p0Mac":"fe:cf:0c:d8:16:38","SSID":"PHICOMM_97afc9","androidId":"0e3d6038347d26bd","batteryLevel":77,"btAddress":"c7:bf:6d:ec:f9:ef","btName":"vivo X9","buildAbi":"armeabi-v7a","buildAbi2":"armeabi","buildBoard":"maserati","buildBrand":"vivo","buildCodename":"REL","buildDescription":"PD1616-user 5.0 LRX21M dcc822d6 release-keys","buildDevice":"PD1616","buildFingerprint":"vivo/vivo X9/PD1616:5.0/LRX21M/dcc822d6:user/release-keys","buildHardware":"qcom","buildHost":"SCL_XA241_102","buildId":"LRX21M","buildIncremental":"dcc822d6","buildManufacturer":"vivo","buildModel":"vivo X9","buildName":"vivo","buildProduct":"PD1616","buildRadioVersion":"ygsrdraxwpmyeber","buildRelease":"5.0","buildSdk":"21","buildSerialno":"8674a462","buildTags":"release-keys","buildType":"user","buildUser":"jenkins","buildUtc":1467769509701,"cellScan":["32794,58251","32794,96644485","61700,168065027","61713,169430731","32794,58252"],"ci":169430731,"contacts":["奶奶,15201952872","姑妈,14705535803","外婆,13005290369","外公,18806376650","舅舅,13300571226","舅妈,13803798476","姨父,13404804797","姨娘,18803098531","亲爱的,13906341503","老弟,13503398499","老妹,15706453995","小明,15901978686","小李子,15307342154","杨望,15804033127","Ryan Moore,13402912522","谢稼义,18604306529","祁生桂,18903291673","王佩,14702110215","Ana Hart,15701591221","骆铁岩,13602046658","王厚,14704650741","缪雅恺,18706757306","Tim Sanders,15706073498","杨昆,18600271315","蒋佳乾,18003700580","嵇随阔,14700373861","Rita Wagner,18705541382","于律,13901820070","禹权宇,15502536268","魏印信,14707144517","Nathan Fox,14705765543","王元陵,14707107003","葛虎为,15108211933","杨晟,13106768215","Ryan Sullivan,15507433356","许泉联,13302552372","王霖,15700371978","富朋香,13508827558","Joyce Phillips,13905090692","吴璇谦,13707139067","钮逸麟,13203448713","吴情,15004495511","Jeremy Gray,13407062417","王佳,13100526008"],"cpuName":"Qualcomm Technologies, Inc MSM8953","densityDpi":480,"deviceId":"861503236384815","deviceSvn":"44","displayId":"PD1616-user 5.0 LRX21M dcc822d6 release-keys","extraInfo":"PHICOMM_97afc9","height":0,"hidePkgs":[],"hmNotes":"","hookPkgs":[],"lac":61713,"latitude":30.8287721,"line1Number":"18224434458","longitude":104.007791,"macAddress":"ef:60:d7:d9:1b:69","memAvailable":32346267,"memFree":64692534,"memTotal":97038801,"mnc":"00","networkClass":3,"networkCountryIso":"cn","networkOperator":"46000","networkOperatorName":"中国移动","networkType":13,"networkTypeName":"LTE","phoneType":1,"rgAndroid":"23","rgAreaode":"86","rgBackupPath":"/storage/emulated/0/.money/backup/20180113/18224434458_20180113.db","rgConNames":[],"rgCountry":"中国","rgDevice":"xiaomiRedmi 4X","rgIp":"119.4.254.217","rgLastLogin":1515836874888,"rgLocation":"四川省成都市 联通","rgNetType":"切换飞行模式","rgOrPhone":"18224434458","rgPhoneNo":"18224434458","rgServer":"飞行模式切换","rgTime":1515815051957,"rgVcode":"玉米(发码)","rgVersion":"1.6.0","rgWxError":"帐号状态异常，本次登录已失效。请尝试重新登录，并根据弹窗提示操作。","rgWxName":"尹筱时","rgWxPasswd":"Rmst@7890","rgWxStatus":"异常","rgWxWindows":"否","serialno":"8674a462","simCountryIso":"cn","simOperator":"46000","simOperatorName":"中国移动","simSerialNumber":"8986022915243889960","simState":5,"subscriberId":"460004075465280","type":1,"typeName":"WIFI","width":0,"wifiScan":["MERCURY_89ec9c,08:10:79:5f:68:db,[WPA-PSK-CCMP][WPA2-PSK-CCMP][WPS][ESS],-82,2462,392622706","TP-LINK_1652,64:88:ff:db:5a:36,[WPA2-PSK-CCMP][WPS][ESS],-61,2437,533795813","TP-LINK_a9ca76,64:88:ff:db:3d:36,[WPA2-PSK-CCMP][WPS][ESS],-88,2437,1578427637","MERCURY_d2dc1f,d8:15:0d:68:ee:f2,[WPA-PSK-CCMP][WPA2-PSK-CCMP][WPS][ESS],-87,2437,2878927756","FAST_b95a8d,1c:fa:68:09:10:06,[WPA2-PSK-CCMP][WPS][ESS],-86,2437,3146728129"]}