{"BSSID":"ce:7a:2f:67:8d:9a","IpAddress":"192.168.52.70","P2p0Mac":"da:b5:02:c4:f0:d5","SSID":"TP-LINK_57c86b","androidId":"fde7b7d73e70c9b8","batteryLevel":34,"btAddress":"39:4d:83:b7:de:43","btName":"OPPO A59s","buildAbi":"armeabi-v7a","buildAbi2":"armeabi","buildBoard":"acclaim","buildBrand":"OPPO","buildCodename":"REL","buildDescription":"A59-user 5.0 LRX21M a4371ef4 release-keys","buildDevice":"A59","buildFingerprint":"OPPO/OPPO A59s/A59:5.0/LRX21M/a4371ef4:user/release-keys","buildHardware":"qcom","buildHost":"SCL_XA241_102","buildId":"LRX21M","buildIncremental":"a4371ef4","buildManufacturer":"OPPO","buildModel":"OPPO A59s","buildName":"OPPO","buildProduct":"A59","buildRadioVersion":"monfjtojtkjzftj","buildRelease":"5.0","buildSdk":"21","buildSerialno":"b3a45d2e","buildTags":"release-keys","buildType":"user","buildUser":"buildHost","buildUtc":1493489915979,"cellScan":["32779,33776","61708,168565278","33030,117542689","61706,168566865","32779,1285"],"ci":1285,"contacts":["奶奶,13708445940","姑妈,15602146278","外婆,13508002788","外公,13206850271","舅舅,18808290727","舅妈,14706862061","姨父,14705278094","姨娘,13490465703","亲爱的,15103127367","老弟,13305168880","老妹,13007125808","小明,15602751821","小李子,18705492876","张齐,13405071174","Loretta Jordan,15903470261","张兴添,13001905270","杨翔,18008207399","杨权游,18603606185","Yvonne Gibson,15500166471","王俊,13707405033","吴梦,15000871345","于廉彤,18707196005","Loretta West,18708575936","李屏,13301786075","李玉,13490690025","危实佳,15703730712","Albert Spencer,14706995326","陈演泰,15802434167","吴谷,13706377657","吴寿,18702888985","Melanie Hall,14704964145","陈向,13490130557","万瑛尚,18702975987","杨军净,13203313287","Erica Bailey,13107414461","和棠幸,15908297424","史乐愚,13707456391","杨求实,13407608408","Florence Robinson,15201535938","陈寿巍,13800073592","张巍,15300798497"],"cpuName":"MT6750","densityDpi":480,"deviceId":"860103132550501","deviceSvn":"24","displayId":"A59-user 5.0 LRX21M a4371ef4 release-keys","extraInfo":"TP-LINK_57c86b","height":0,"hidePkgs":[],"hmNotes":"","hookPkgs":[],"lac":32779,"latitude":30.6154295,"line1Number":"18224450600","longitude":104.0179768,"macAddress":"0f:2c:f5:3b:99:e3","memAvailable":172189376,"memFree":344378754,"memTotal":516568130,"mnc":"00","networkClass":2,"networkCountryIso":"cn","networkOperator":"46002","networkOperatorName":"中国移动","networkType":8,"networkTypeName":"HSDPA","phoneType":1,"rgAndroid":"23","rgAreaode":"86","rgBackupPath":"/storage/emulated/0/.money/backup/20180113/18224450600_20180113.db","rgConNames":[],"rgCountry":"中国","rgDevice":"xiaomiRedmi 4X","rgIp":"101.206.166.211","rgLastLogin":1515837514088,"rgLocation":"四川省 联通","rgNetType":"切换飞行模式","rgOrPhone":"18224450600","rgPhoneNo":"18224450600","rgServer":"飞行模式切换","rgTime":1515823082573,"rgVcode":"玉米(发码)","rgVersion":"1.6.0","rgWxError":"帐号状态异常，本次登录已失效。请尝试重新登录，并根据弹窗提示操作。","rgWxName":"康任如","rgWxPasswd":"Rmst@7890","rgWxStatus":"异常","rgWxWindows":"否","serialno":"b3a45d2e","simCountryIso":"cn","simOperator":"46002","simOperatorName":"中国移动","simSerialNumber":"8986005600348605488","simState":5,"subscriberId":"460024727842058","type":1,"typeName":"WIFI","width":0,"wifiScan":["TP-LINK_2526,cc:34:29:4c:ca:82,[WPA-PSK-CCMP][WPA2-PSK-CCMP][ESS],-80,2462,2366328466","FAST_e1ed0f,50:bd:5f:62:58:04,[WPA-PSK-CCMP][WPA2-PSK-CCMP][ESS],-95,2462,273485455","iTV-8427,8c:f2:28:1f:d7:ca,[WPA-PSK-CCMP][WPA2-PSK-CCMP][WPS][ESS],-91,2437,498377511","ChainaNet_b8dc,f4:b7:e2:b7:73:99,[WPA2-PSK-CCMP][ESS],-72,2412,397131747","TP-LINK_1e1042,ec:17:2f:8c:24:da,[WPA2-PSK-CCMP][WPS][ESS],-50,2437,1923331520"]}