{"BSSID":"43:d2:ae:b7:4f:b4","IpAddress":"192.168.22.28","P2p0Mac":"70:dd:86:ab:9c:ee","SSID":"Tenda_133ed2","androidId":"00993879fa7c5f01","batteryLevel":54,"btAddress":"5c:ae:1d:6b:8f:1b","btName":"Redmi 4","buildAbi":"armeabi-v7a","buildAbi2":"armeabi","buildBoard":"odroidu2","buildBrand":"Xiaomi","buildCodename":"REL","buildDescription":"Redmi 4-user 7.0.0 NRD90M 5b0fca67 release-keys","buildDevice":"Redmi 4","buildFingerprint":"Xiaomi/Redmi 4/Redmi 4:7.0.0/NRD90M/5b0fca67:user/release-keys","buildHardware":"qcom","buildHost":"mz-buider-4","buildId":"NRD90M","buildIncremental":"5b0fca67","buildManufacturer":"Xiaomi","buildModel":"Redmi 4","buildName":"Xiaomi","buildProduct":"Redmi 4","buildRadioVersion":"nzrjcdey","buildRelease":"7.0.0","buildSdk":"24","buildSerialno":"49bb9edf","buildTags":"release-keys","buildType":"user","buildUser":"MarkBuild","buildUtc":1469000277934,"cellScan":["33296,60974","33296,97245058","61701,12286","61701,170011085","33296,98504576"],"ci":12286,"contacts":["奶奶,13006287274","姑妈,18605691129","外婆,13806691065","外公,18601074759","舅舅,18600251869","舅妈,15707863994","姨父,13100347709","姨娘,18801227881","亲爱的,18606428435","老弟,18800776464","老妹,13804015546","小明,13506463221","小李子,13800467098","杨克灵,13606908086","Rosa Armstrong,13604084337","支铜室,14707155821","李介辉,18908513531","韦齐况,13703365450","Alicia Gibson,13704600196","杨吾,13103381892","陈璎,15602471457","王陵,18802616854","Leo White,18803387570","诸求,13404430710","于迅为,18602121300","杨良,13900178763","Carol Carter,13800930659","李佳虹,13901293005","李齐,13808754360","刁媛吉,15805312995","Kathleen Mcdonald,15105060138","陈况璎,18804024280","李如,15904640506","杨诗,15606991495","Jeffery Burns,15601520737","单图雷,15801197052","巴魄幸,18607172874","秦银昆,18700621686","Zachary Snyder,14702656330","杨孝,13005914151","郁行平,18800842109","杨嗣仪,15605134866","Harold Perez,13201392335","韩绍汉,13405707524","杨璎贺,15308176927","秋海锐,13302166614","Darrell Bradley,13490526897","伍精克,13400887605","潘如伊,15106577011","余寿韶,18607622815","Anne Hunter,13108662869","羊吾怡,18707037837"],"cpuName":"Qualcomm Technologies, Inc MSM8953","densityDpi":480,"deviceId":"864736986438335","deviceSvn":"77","displayId":"Redmi 4-user 7.0.0 NRD90M 5b0fca67 release-keys","extraInfo":"Tenda_133ed2","height":0,"hidePkgs":[],"hmNotes":"","hookPkgs":[],"lac":61701,"latitude":30.7036082,"line1Number":"18224443327","longitude":104.2177572,"macAddress":"b2:87:a3:2f:e4:6b","memAvailable":31368788,"memFree":62737576,"memTotal":94106364,"mnc":"00","networkClass":1,"networkCountryIso":"cn","networkOperator":"46002","networkOperatorName":"中国移动","networkType":2,"networkTypeName":"EDGE","phoneType":1,"rgAndroid":"23","rgAreaode":"86","rgBackupPath":"/storage/emulated/0/.money/backup/20180113/18224443327_20180113.db","rgConNames":[],"rgCountry":"中国","rgDevice":"xiaomiRedmi 4X","rgIp":"119.4.252.247","rgLastLogin":1515838664193,"rgLocation":"四川省成都市 联通","rgNetType":"切换飞行模式","rgOrPhone":"18224443327","rgPhoneNo":"18224443327","rgServer":"飞行模式切换","rgTime":1515828601448,"rgVcode":"玉米(发码)","rgVersion":"1.6.0","rgWxError":"帐号状态异常，本次登录已失效。请尝试重新登录，并根据弹窗提示操作。","rgWxName":"王璎","rgWxPasswd":"Rmst@7890","rgWxStatus":"异常","rgWxWindows":"否","serialno":"49bb9edf","simCountryIso":"cn","simOperator":"46002","simOperatorName":"中国移动","simSerialNumber":"8986003426786782686","simState":5,"subscriberId":"460022094085968","type":1,"typeName":"WIFI","width":0,"wifiScan":["MERCURY_7b8caf,00:36:76:3a:aa:5a,[WPA-PSK-CCMP][WPA2-PSK-CCMP][WPS][ESS],-89,2437,409002311","TP-LINK_60d105,08:10:77:be:7c:74,[WPA2-PSK-CCMP][ESS],-79,2412,2517932371","FAST_dc98b9,6c:59:40:8c:fe:40,[WPA-PSK-CCMP][WPA2-PSK-CCMP][WPS][ESS],-77,2437,201737090","iTV-6bae,14:cf:92:3b:be:8c,[WPA2-PSK-CCMP][WPS][ESS],-95,2437,2295937406","Netcore_8dafd1,20:82:c0:ca:65:11,[WPA-PSK-CCMP][WPA2-PSK-CCMP][WPS][ESS],-59,2412,315594286"]}