{"BSSID":"1a:b5:21:f0:bc:c4","IpAddress":"10.4.18.80","P2p0Mac":"7a:f4:7f:29:72:fb","SSID":"Netcore_bed0fc","androidId":"78e805c98f7c07df","batteryLevel":33,"btAddress":"35:98:87:08:98:2d","btName":"Redmi Note 2","buildAbi":"armeabi-v7a","buildAbi2":"armeabi","buildBoard":"bullhead","buildBrand":"Xiaomi","buildCodename":"REL","buildDescription":"Redmi Note 2-user 6.0.1 MMB29T 43117d1e release-keys","buildDevice":"Redmi Note 2","buildFingerprint":"Xiaomi/Redmi Note 2/Redmi Note 2:6.0.1/MMB29T/43117d1e:user/release-keys","buildHardware":"qcom","buildHost":"mine","buildId":"MMB29T","buildIncremental":"43117d1e","buildManufacturer":"Xiaomi","buildModel":"Redmi Note 2","buildName":"Xiaomi","buildProduct":"Redmi Note 2","buildRadioVersion":"lgxhcotncobnkive","buildRelease":"6.0.1","buildSdk":"23","buildSerialno":"65a40605","buildTags":"release-keys","buildType":"user","buildUser":"builder","buildUtc":1465577932532,"cellScan":["33280,34502","33035,31045","33035,1027","33284,134847745","33284,29301"],"ci":1027,"contacts":["奶奶,15704535705","姑妈,15006900535","外婆,13802172695","外公,15607075099","舅舅,18801291910","舅妈,15303676963","姨父,15605569083","姨娘,13300016648","亲爱的,13490616643","老弟,15605701741","老妹,18800537934","小明,18803231279","小李子,15107714524","滑扬胤,13601381685","Todd Pierce,13702724684","舒炬声,18000202225","李皓誓,13606607470","钟延蔚,15005136491","Jimmy Hart,15100443409","祖效硕,15800517139","李三,13506815875","戴宁瑜,18701126815","Nicole Perez,15703477684","巫妙阳,13490628336","杨津,15804862264","穆景麟,13490649392","Stacy Jenkins,18002317960","吴商情,13800231573","朱郡青,14708562859","杨羡,15007263418","Brenda Peters,15200495146","贺立厚,13307045863","强童吾,15302695408","吴青,15803657700","Miguel Graham,13407724697","程齐义,18801243837","张王泉,15508498132","杨广,13401002423","Stephen Wright,15208782050","费炯立,15601190129","杨礼幸,13490427822","杨校耕,13490610534","Maria Brooks,13490483793","鲁盈铁,18707910563"],"cpuName":"MT6795","densityDpi":240,"deviceId":"861922532140921","deviceSvn":"10","displayId":"Redmi Note 2-user 6.0.1 MMB29T 43117d1e release-keys","extraInfo":"3gnet","height":0,"hidePkgs":[],"hmNotes":"","hookPkgs":[],"lac":33035,"latitude":30.4644711,"line1Number":"18227684392","longitude":103.7389543,"macAddress":"48:08:af:d8:eb:9f","memAvailable":5479493956,"memFree":10958987914,"memTotal":16438481870,"mnc":"00","networkClass":2,"networkCountryIso":"cn","networkOperator":"46007","networkOperatorName":"中国移动","networkType":8,"networkTypeName":"HSDPA","phoneType":1,"rgAndroid":"23","rgAreaode":"86","rgConNames":["长孙倩宣","上善若水"],"rgConsize":"2","rgCountry":"中国","rgDevice":"xiaomiRedmi 4X","rgIp":"101.206.166.234","rgLastLogin":1516244642784,"rgLocation":"四川省 联通","rgNetType":"切换飞行模式","rgOrPhone":"18227684392","rgPhoneNo":"18227684392","rgServer":"飞行模式切换","rgTime":1515821690075,"rgVcode":"玉米(发码)","rgVersion":"1.6.0","rgWxEmail":"未绑定","rgWxError":"该微信帐号因批量或者使用非法软件注册被限制登录，如需继续使用，请轻触“确定”申请解除限制。","rgWxId":"wxid_am0sf9z7pgjk22","rgWxName":"长孙倩宣","rgWxNo":"未设置","rgWxPasswd":"Rmst@7890","rgWxQQ":"未绑定","rgWxStatus":"异常","rgWxWindows":"否","serialno":"65a40605","simCountryIso":"cn","simOperator":"46007","simOperatorName":"中国移动","simSerialNumber":"8986023766632213669","simState":5,"subscriberId":"460073477194883","type":0,"typeName":"MOBILE","width":0,"wifiScan":["TP-LINK_f214,78:eb:14:c4:cf:50,[WPA2-PSK-CCMP][WPS][ESS],-54,2437,329328501","FAST_2043,a8:ca:7b:1c:93:2c,[WPA2-PSK-CCMP][WPS][ESS],-76,2412,354532529","FAST_0f8c97,98:2f:3c:40:6e:d2,[WPA-PSK-CCMP][WPA2-PSK-CCMP][ESS],-91,2462,1125130335","PHICOMM_1a7caf,80:89:17:e3:ff:d0,[WPA2-PSK-CCMP][WPS][ESS],-93,2462,508858212","MERCURY_42fe20,64:3a:b1:d8:c5:d2,[WPA2-PSK-CCMP][WPS][ESS],-84,2412,1877536243"]}