{"BSSID":"11:19:10:7b:ef:d1","IpAddress":"10.61.7.43","P2p0Mac":"30:98:46:33:c0:e5","SSID":"Tenda_727598","androidId":"c70eb965a91a40d1","batteryLevel":65,"btAddress":"3c:de:73:6c:5f:26","btName":"GN5001S","buildAbi":"armeabi-v7a","buildAbi2":"armeabi","buildBoard":"ether","buildBrand":"GiONEE","buildCodename":"REL","buildDescription":"GN5001S-user 6.0.1 MMB29T b8f96b0e release-keys","buildDevice":"GN5001S","buildFingerprint":"GiONEE/GN5001S/GN5001S:6.0.1/MMB29T/b8f96b0e:user/release-keys","buildHardware":"qcom","buildHost":"Android-server","buildId":"MMB29T","buildIncremental":"b8f96b0e","buildManufacturer":"GiONEE","buildModel":"GN5001S","buildName":"GiONEE","buildProduct":"GN5001S","buildRadioVersion":"qmudsjtg","buildRelease":"6.0.1","buildSdk":"23","buildSerialno":"90d323d1","buildTags":"release-keys","buildType":"user","buildUser":"android","buildUtc":1492561208977,"cellScan":["33028,28356","61715,169502498","33292,139944963","61722,169032936","61717,169164007"],"ci":169502498,"contacts":["奶奶,15503255538","姑妈,13808887278","外婆,18906903106","外公,15903993297","舅舅,18606510540","舅妈,13204290170","姨父,18007521793","姨娘,18704375168","亲爱的,15604592535","老弟,18601102687","老妹,13402550726","小明,18807415858","小李子,13606071545","祝靖朋,18608010292","Tracy Stevens,13000250339","杨权,13308298877","王荃心,13706770026","武密野,15504798311","Clyde Perkins,13106416544","水水贵,15007241174","席野京,18804064411","屈楷彤,15502286999","Carrie Morris,13107113920","余英芹,14708374080","王炫杭,18905820008","余岁璐,18805035595","Lucille West,18706167479","包耕利,18708356129","郗贺实,13201645023","李乐,14706038910","Richard Henry,18802367808","邬铭琦,15900704423","狄逵宽,13903672799","杨汉伊,15505293619","Gene Thompson,15607577142","杨逵绵,15602043619","孟河况,15100011347","蔡皓苡,15607063595","Leslie Fisher,15503516546","管殊仙,18005623898","钱阁,13900648380","陈佑,18006161504","Kristen Sanders,18901512591","杨玺悠,15002987027","李精,15108134476","钟宁松,13904451844","Wesley Gonzales,13803484055","舒宽岭,18902221823"],"cpuName":"MT6735","densityDpi":240,"deviceId":"861068029310724","deviceSvn":"46","displayId":"GN5001S-user 6.0.1 MMB29T b8f96b0e release-keys","extraInfo":"cmnet","height":0,"hidePkgs":[],"hmNotes":"","hookPkgs":[],"lac":61715,"latitude":30.520135,"line1Number":"18224004208","longitude":103.8478287,"macAddress":"6e:cf:fe:1a:4a:af","memAvailable":458260277,"memFree":1374780832,"memTotal":1833041109,"mnc":"00","networkClass":2,"networkCountryIso":"cn","networkOperator":"46002","networkOperatorName":"中国移动","networkType":8,"networkTypeName":"HSDPA","phoneType":1,"rgAndroid":"23","rgAreaode":"86","rgConNames":["上善若水","余三"],"rgConsize":"2","rgCountry":"中国","rgDevice":"xiaomiRedmi 4X","rgIp":"119.4.254.170","rgLastLogin":1516875914791,"rgLocation":"四川省成都市 联通","rgNetType":"切换飞行模式","rgOrPhone":"18224004208","rgPhoneNo":"18224004208","rgServer":"飞行模式切换","rgTime":1515814693440,"rgVcode":"玉米(发码)","rgVersion":"1.6.0","rgWxEmail":"未绑定","rgWxError":"","rgWxId":"wxid_y3z56r4tl24122","rgWxName":"余三","rgWxNo":"未设置","rgWxPasswd":"Rmst@7890","rgWxQQ":"未绑定","rgWxStatus":"存活","rgWxWindows":"否","serialno":"90d323d1","simCountryIso":"cn","simOperator":"46002","simOperatorName":"中国移动","simSerialNumber":"8986022296921477434","simState":5,"subscriberId":"460026286142453","type":0,"typeName":"MOBILE","width":0,"wifiScan":["MERCURY_a7adcf,5c:63:bf:fb:4e:f4,[WPA2-PSK-CCMP][ESS],-71,2462,1390231099","ChainaNet_8c1e,00:e0:4b:cd:7a:2f,[WPA-PSK-CCMP][WPA2-PSK-CCMP][ESS],-92,2462,384794052","Tenda_425476,8c:f2:28:1c:d2:84,[WPA2-PSK-CCMP][WPS][ESS],-51,2462,953137584","Tenda_cfcafe,00:22:fa:dc:f6:d3,[WPA2-PSK-CCMP][WPS][ESS],-54,2412,475492261","iTV-6410,d0:c7:c0:69:5e:f2,[WPA2-PSK-TKIP+CCMP][WPS][ESS],-71,2462,204138099"]}