{"BSSID":"91:48:d1:da:aa:d6","IpAddress":"192.168.82.157","P2p0Mac":"fe:09:5a:2e:38:0e","SSID":"Tenda_a587cb","androidId":"28604ff0cc033824","batteryLevel":79,"btAddress":"f0:54:54:20:44:69","btName":"Redmi 4","buildAbi":"armeabi-v7a","buildAbi2":"armeabi","buildBoard":"p700","buildBrand":"Xiaomi","buildCodename":"REL","buildDescription":"Redmi 4-user 7.1.2 NMF26Q c5dda967 release-keys","buildDevice":"Redmi 4","buildFingerprint":"Xiaomi/Redmi 4/Redmi 4:7.1.2/NMF26Q/c5dda967:user/release-keys","buildHardware":"qcom","buildHost":"ubuntu","buildId":"NMF26Q","buildIncremental":"c5dda967","buildManufacturer":"Xiaomi","buildModel":"Redmi 4","buildName":"Xiaomi","buildProduct":"Redmi 4","buildRadioVersion":"lbdomflhfhpmnylw","buildRelease":"7.1.2","buildSdk":"25","buildSerialno":"2f60d482","buildTags":"release-keys","buildType":"user","buildUser":"jenkins","buildUtc":1500703373088,"cellScan":["61723,169591147","33309,41901","33028,118304801","33309,26995","61723,169594966"],"ci":26995,"contacts":["奶奶,15208101337","姑妈,15504354253","外婆,13407855943","外公,13400183114","舅舅,18801751416","舅妈,15003205185","姨父,14703330600","姨娘,15905581886","亲爱的,18908065695","老弟,15005295828","老妹,13805253994","小明,13490110685","小李子,15701084342","武吉桂,13302467037","Nathan Scott,18906148437","王锦遇,14706767652","吉诗颂,14706236586","邹虎烁,14703090198","Nancy Spencer,14702997909","张仙设,13100873422","支全殊,13207598465","滕石齐,13204440991","Jon Rice,13006762685","仇郡观,13304267282","纪为默,15103492687","于华,15902800041","Helen Coleman,15000997771","贲星铜,13206088582","张任,15607420186","王佑霖,13208108462","Janet Ramirez,13103141623","干灵廉,18003058643","余土,13101051347","史齐会,13803908297","Donna Nelson,13703838526","龙颖胜,13906485143","曹逵奇,15300010461","毛耀佩,15204754485","Irene Hudson,15004692103","王虎魁,14706524315","童声况,13490307594","杨双,13603842156","Lester Robertson,13806533963","吴灵信,18002104775","吴吉似,15107731040","岑实信,13904708768","Brian Lawson,13600551716"],"cpuName":"Qualcomm Technologies, Inc MSM8953","densityDpi":240,"deviceId":"864814755473252","deviceSvn":"88","displayId":"Redmi 4-user 7.1.2 NMF26Q c5dda967 release-keys","extraInfo":"Tenda_a587cb","height":0,"hidePkgs":[],"hmNotes":"","hookPkgs":[],"lac":33309,"latitude":30.6130219,"line1Number":"18224439379","longitude":104.0730643,"macAddress":"a6:85:a4:de:8e:a4","memAvailable":129031218,"memFree":387093656,"memTotal":516124874,"mnc":"00","networkClass":1,"networkCountryIso":"cn","networkOperator":"46002","networkOperatorName":"中国移动","networkType":2,"networkTypeName":"EDGE","phoneType":1,"rgAndroid":"23","rgAreaode":"86","rgBackupPath":"/storage/emulated/0/.money/backup/20180113/18224439379_20180113.db","rgConNames":[],"rgCountry":"中国","rgDevice":"xiaomiRedmi 4X","rgIp":"119.4.255.176","rgLastLogin":1515838114896,"rgLocation":"四川省成都市 联通","rgNetType":"切换飞行模式","rgOrPhone":"18224439379","rgPhoneNo":"18224439379","rgServer":"飞行模式切换","rgTime":1515826107779,"rgVcode":"玉米(发码)","rgVersion":"1.6.0","rgWxError":"帐号状态异常，本次登录已失效。请尝试重新登录，并根据弹窗提示操作。","rgWxName":"杨泉","rgWxPasswd":"Rmst@7890","rgWxStatus":"异常","rgWxWindows":"否","serialno":"2f60d482","simCountryIso":"cn","simOperator":"46002","simOperatorName":"中国移动","simSerialNumber":"8986026227557852214","simState":5,"subscriberId":"460026345133520","type":1,"typeName":"WIFI","width":0,"wifiScan":["TP-LINK_8c8cbf,f0:92:1c:fe:37:c9,[WPA-PSK-CCMP][WPA2-PSK-CCMP][ESS],-95,2462,333734145","FAST_7698db,00:23:c9:8f:43:83,[WPA2-PSK-CCMP][WPS][ESS],-53,2437,223225197","Netcore_fcb0e1,80:89:17:0a:8d:88,[WPA-PSK-CCMP][WPA2-PSK-CCMP][WPS][ESS],-71,2462,404911050","TP-LINK_1538,24:69:68:16:d2:55,[WPA2-PSK-CCMP][WPS][ESS],-78,2462,235099937","FAST_76a8cb,80:89:17:35:7c:e0,[WPA2-PSK-CCMP][WPS][ESS],-72,2462,761528453"]}