{"BSSID":"01:92:a2:d0:ec:db","IpAddress":"192.168.56.157","P2p0Mac":"a4:9a:5c:4f:e8:7b","SSID":"ChainaNet_737b","androidId":"a368763ef403b175","batteryLevel":82,"btAddress":"ad:6a:72:69:c6:46","btName":"Redmi Note 4X","buildAbi":"armeabi-v7a","buildAbi2":"armeabi","buildBoard":"geefhd","buildBrand":"Xiaomi","buildCodename":"REL","buildDescription":"Redmi Note 4X-user 5.1.1 LMY48G 54592844 release-keys","buildDevice":"Redmi Note 4X","buildFingerprint":"Xiaomi/Redmi Note 4X/Redmi Note 4X:5.1.1/LMY48G/54592844:user/release-keys","buildHardware":"qcom","buildHost":"glsrv4","buildId":"LMY48G","buildIncremental":"54592844","buildManufacturer":"Xiaomi","buildModel":"Redmi Note 4X","buildName":"Xiaomi","buildProduct":"Redmi Note 4X","buildRadioVersion":"ldmmdurczzweegci","buildRelease":"5.1.1","buildSdk":"22","buildSerialno":"8e628101","buildTags":"release-keys","buildType":"user","buildUser":"buildHost","buildUtc":1498447288219,"cellScan":["33301,139563010","61729,169976090","33038,118703392","33301,56613","33301,56611"],"ci":118703392,"contacts":["奶奶,15807433676","姑妈,13104888504","外婆,13606123453","外公,13901014784","舅舅,13805363332","舅妈,13901952451","姨父,15103304063","姨娘,15308052879","亲爱的,14700209016","老弟,15701924421","老妹,15206321707","小明,15106966204","小李子,14707369016","解校露,18905502363","Samuel Martinez,18001505714","陈协许,13401767568","鲁进仁,15708287422","于杭,18602911733","Scott Snyder,13203120097","谷团岩,18902865036","公孙杏梁,13102718856","花让雷,13807677085","Jerome Ortiz,13505703499","薛萱夜,13490764226","莫仕仁,18005520071","张土,13304773389","Laurie Weaver,13490261340","翁亚郡,13807640483","殷仕校,14705112560","吴精,18807837607","Marilyn Rodriguez,18708477568","裴梧谦,13206007423","于岩,14705012104","朱思,13908146542","Carl Garcia,13903690374","诸红祥,13201155078","余锐经,15601016308","荣镜许,15303181504","Rebecca Myers,18004015480","杨恒齐,13603678003"],"cpuName":"Qualcomm Technologies, Inc MSM8953","densityDpi":480,"deviceId":"860109744350743","deviceSvn":"27","displayId":"Redmi Note 4X-user 5.1.1 LMY48G 54592844 release-keys","extraInfo":"ChainaNet_737b","height":0,"hidePkgs":[],"hmNotes":"","hookPkgs":[],"lac":33038,"latitude":30.7979575,"line1Number":"18244210135","longitude":103.7643174,"macAddress":"96:4a:92:25:8f:cf","memAvailable":4109680420,"memFree":12329041262,"memTotal":16438721682,"mnc":"00","networkClass":3,"networkCountryIso":"cn","networkOperator":"46007","networkOperatorName":"中国移动","networkType":13,"networkTypeName":"LTE","phoneType":1,"rgAndroid":"23","rgAreaode":"86","rgBackupPath":"/storage/emulated/0/.money/backup/20180113/18244210135_20180113.db","rgConNames":[],"rgCountry":"中国","rgDevice":"xiaomiRedmi 4X","rgIp":"119.4.254.11","rgLastLogin":1515836942781,"rgLocation":"四川省成都市 联通","rgNetType":"切换飞行模式","rgOrPhone":"18244210135","rgPhoneNo":"18244210135","rgServer":"飞行模式切换","rgTime":1515815868550,"rgVcode":"玉米(发码)","rgVersion":"1.6.0","rgWxError":"帐号状态异常，本次登录已失效。请尝试重新登录，并根据弹窗提示操作。","rgWxName":"王岁","rgWxPasswd":"Rmst@7890","rgWxStatus":"异常","rgWxWindows":"否","serialno":"8e628101","simCountryIso":"cn","simOperator":"46007","simOperatorName":"中国移动","simSerialNumber":"8986026029843126174","simState":5,"subscriberId":"460079493051395","type":1,"typeName":"WIFI","width":0,"wifiScan":["FAST_4ed7cb,20:dc:e6:73:a9:98,[WPA-PSK-CCMP][WPA2-PSK-CCMP][WPS][ESS],-82,2412,362793786","Tenda_2fe204,8c:f2:28:c1:4f:ea,[WPA-PSK-CCMP][WPA2-PSK-CCMP][ESS],-93,2462,512426459","ChainaNet_98d5,08:10:79:9d:a7:fc,[WPA2-PSK-CCMP][WPS][ESS],-93,2412,493169599","PHICOMM_ada8dc,78:eb:14:54:bf:0a,[WPA-PSK-CCMP][WPA2-PSK-CCMP][WPS][ESS],-89,2462,1680229621","TP-LINK_eaed10,0c:72:2c:29:57:c6,[WPA2-PSK-CCMP][WPS][ESS],-90,2452,362644096"]}