{"BSSID":"ec:50:f9:8b:0e:e6","IpAddress":"192.168.60.198","P2p0Mac":"21:0d:b0:c8:a3:6d","SSID":"PHICOMM_25a7cb","androidId":"f77c7dfddc9a6d6f","batteryLevel":30,"btAddress":"64:34:2c:d8:0d:e3","btName":"Redmi Note 4X","buildAbi":"armeabi-v7a","buildAbi2":"armeabi","buildBoard":"moorefield","buildBrand":"Xiaomi","buildCodename":"REL","buildDescription":"Redmi Note 4X-user 6.0.1 MMB29T 8657558a release-keys","buildDevice":"Redmi Note 4X","buildFingerprint":"Xiaomi/Redmi Note 4X/Redmi Note 4X:6.0.1/MMB29T/8657558a:user/release-keys","buildHardware":"qcom","buildHost":"wcc-miui-ota-bd25","buildId":"MMB29T","buildIncremental":"8657558a","buildManufacturer":"Xiaomi","buildModel":"Redmi Note 4X","buildName":"Xiaomi","buildProduct":"Redmi Note 4X","buildRadioVersion":"bqfozmnoa","buildRelease":"6.0.1","buildSdk":"23","buildSerialno":"0bf042b8","buildTags":"release-keys","buildType":"user","buildUser":"lgmobile","buildUtc":1499605929826,"cellScan":["39937,164020275","39937,164073778","32801,39034","61726,169784442","33045,117997856"],"ci":39034,"contacts":["奶奶,15805584669","姑妈,15802158562","外婆,13700453928","外公,13903332103","舅舅,15104176108","舅妈,13008588786","姨父,15804460900","姨娘,13002522179","亲爱的,18007753458","老弟,13500595529","老妹,13304866350","小明,15200210661","小李子,18004353692","赵夜,15303794082","Kim Turner,15300355618","咎素学,13104658810","王绍,13001852540","苏节兴,13205101922","Victoria Hart,13208214628","胡魁桐,13705692631","薛仁行,15005359054","臧念媛,13705826731","Peggy Mitchell,13708322725","李宣,18006668058","干随恺,13806353656","张密桐,15707866179","Jim Graham,18701950855","祖媛郁,13705968107","王世,15300586188","和翔瑛,13400531962","Maurice Duncan,13407478580","吴权,13508211734","王让畏,13101102908","金湘余,18904571212","Virginia Marshall,18904852966","杨年,15801368011","隗石谷,18801067522","武欢宣,15701897520","Darrell Fox,14706754001","宓裕茜,13306642508","甘郡阳,15604731839","苏坚洋,18603818747","Don Black,13206878317","李卫殊,15505473686","柳鹏相,14705538082","杨瑕,15703437898","Alexander Miller,18705505120","闵青况,15502020871","宫冠珀,15807153539","郗观鹄,13303097008","Carrie Lawrence,13306687727","夏炯霖,13490134326"],"cpuName":"Qualcomm Technologies, Inc MSM8953","densityDpi":480,"deviceId":"860400034241134","deviceSvn":"73","displayId":"Redmi Note 4X-user 6.0.1 MMB29T 8657558a release-keys","extraInfo":"PHICOMM_25a7cb","height":0,"hidePkgs":[],"hmNotes":"","hookPkgs":[],"lac":32801,"latitude":30.5907845,"line1Number":"18244211781","longitude":104.2557009,"macAddress":"c0:78:89:2e:c7:93","memAvailable":23568614,"memFree":70705843,"memTotal":94274457,"mnc":"00","networkClass":2,"networkCountryIso":"cn","networkOperator":"46002","networkOperatorName":"中国移动","networkType":17,"networkTypeName":"TD_SCDMA","phoneType":1,"rgAndroid":"23","rgAreaode":"86","rgBackupPath":"/storage/emulated/0/.money/backup/20180113/18244211781_20180113.db","rgConNames":[],"rgCountry":"中国","rgDevice":"xiaomiRedmi 4X","rgIp":"119.4.255.188","rgLastLogin":1515837649771,"rgLocation":"四川省成都市 联通","rgNetType":"切换飞行模式","rgOrPhone":"18244211781","rgPhoneNo":"18244211781","rgServer":"飞行模式切换","rgTime":1515823833260,"rgVcode":"玉米(发码)","rgVersion":"1.6.0","rgWxError":"帐号状态异常，本次登录已失效。请尝试重新登录，并根据弹窗提示操作。","rgWxName":"裴佳思","rgWxPasswd":"Rmst@7890","rgWxStatus":"异常","rgWxWindows":"否","serialno":"0bf042b8","simCountryIso":"cn","simOperator":"46002","simOperatorName":"中国移动","simSerialNumber":"8986007108204628411","simState":5,"subscriberId":"460023643098902","type":1,"typeName":"WIFI","width":0,"wifiScan":["MERCURY_f2043f,44:97:5a:1b:de:ac,[WPA-PSK-CCMP][WPA2-PSK-CCMP][WPS][ESS],-87,2412,2537429999","MERCURY_75a9,4c:09:b4:70:27:4d,[WPA-PSK-CCMP][WPA2-PSK-CCMP][WPS][ESS],-90,2437,494937751","FAST_adc0,50:bd:5f:b0:8c:82,[WPA-PSK-CCMP][WPA2-PSK-CCMP][WPS][ESS],-73,2412,1500738446","PHICOMM_0f3154,a4:7e:39:2c:ec:f1,[WPA-PSK-CCMP][WPA2-PSK-CCMP][WPS][ESS],-79,2432,1405426956","PHICOMM_adc98c,d0:fa:1d:21:ec:f3,[WPA-PSK-CCMP][WPA2-PSK-CCMP][WPS][ESS],-95,2437,421876278"]}