{"BSSID":"ec:26:54:35:5a:81","IpAddress":"192.168.72.13","P2p0Mac":"e9:6d:6f:fb:cc:1f","SSID":"MERCURY_d1430f","androidId":"0d898af5fd71433c","batteryLevel":58,"btAddress":"2a:49:64:db:4b:bb","btName":"vivo X6D","buildAbi":"armeabi-v7a","buildAbi2":"armeabi","buildBoard":"MSM8960","buildBrand":"vivo","buildCodename":"REL","buildDescription":"PD1415D-user 7.1.2 NMF26Q 9852f0fb release-keys","buildDevice":"PD1415D","buildFingerprint":"vivo/vivo X6D/PD1415D:7.1.2/NMF26Q/9852f0fb:user/release-keys","buildHardware":"qcom","buildHost":"huawei-server-05","buildId":"NMF26Q","buildIncremental":"9852f0fb","buildManufacturer":"vivo","buildModel":"vivo X6D","buildName":"vivo","buildProduct":"PD1415D","buildRadioVersion":"aidcrelcpumch","buildRelease":"7.1.2","buildSdk":"25","buildSerialno":"50c72f11","buildTags":"release-keys","buildType":"user","buildUser":"lgmobile","buildUtc":1491235389967,"cellScan":["32907,217931779","32907,36172","32907,1795","32907,27186","32907,97170820"],"ci":36172,"contacts":["奶奶,13206370719","姑妈,13505248339","外婆,14706337895","外公,14706052069","舅舅,18903897114","舅妈,13300173824","姨父,15301961447","姨娘,18704361038","亲爱的,13802506156","老弟,13408327629","老妹,18803263073","小明,13702006141","小李子,15906134946","魏明翰,14703388955","Aaron Crawford,14700056103","夏锦闻,13800491047","邹思雪,18701791255","夏侯逵炬,13500623864","Sherry Fox,13502516233","张联泰,13301780789","酆孝银,13805463442","仰谦精,18001114175","Darrell Wagner,18004278997","杨孝礼,13804096050","李欣涂,13808372333","邱曜骥,15800921369","Grace Roberts,15908423440","王昆,15803682190","左薇胜,18902582078","焦霖况,15706591375","Edwin Perkins,18706101706","全瑜保,18801486901","杭魁伟,15702211129","李升,13403661077","Edith Miller,15905600370","张雪,18003622865","诸葛吾会,13490465517","杨雷,15004527145","Allen Wright,15802486885","解如轩,13707326724","杨利可,15207510412","张恒,15708137932","Gerald Weaver,18803927070","王英,15905087676","洪耕朔,15705939083","丁媛广,18908205571","Gene Young,18902114872","李齐奇,15101695359","武康默,14700377903"],"cpuName":"MT6752","densityDpi":320,"deviceId":"860166623696356","deviceSvn":"30","displayId":"PD1415D-user 7.1.2 NMF26Q 9852f0fb release-keys","extraInfo":"MERCURY_d1430f","height":0,"hidePkgs":[],"hmNotes":"","hookPkgs":[],"lac":32907,"latitude":30.6538839,"line1Number":"18280418668","longitude":103.8108589,"macAddress":"39:43:6b:7f:11:e8","memAvailable":5479776612,"memFree":10959553225,"memTotal":16439329837,"mnc":"00","networkClass":1,"networkCountryIso":"cn","networkOperator":"46000","networkOperatorName":"中国移动","networkType":2,"networkTypeName":"EDGE","phoneType":1,"rgAndroid":"23","rgAreaode":"86","rgBackupPath":"/storage/emulated/0/.money/backup/20180113/18280418668_20180113.db","rgConNames":[],"rgCountry":"中国","rgDevice":"xiaomiRedmi 4X","rgIp":"119.4.255.49","rgLastLogin":1515837192922,"rgLocation":"四川省成都市 联通","rgNetType":"切换飞行模式","rgOrPhone":"18280418668","rgPhoneNo":"18280418668","rgServer":"飞行模式切换","rgTime":1515818217427,"rgVcode":"玉米(发码)","rgVersion":"1.6.0","rgWxError":"帐号状态异常，本次登录已失效。请尝试重新登录，并根据弹窗提示操作。","rgWxName":"邬设行","rgWxPasswd":"Rmst@7890","rgWxStatus":"异常","rgWxWindows":"否","serialno":"50c72f11","simCountryIso":"cn","simOperator":"46000","simOperatorName":"中国移动","simSerialNumber":"8986009718235572898","simState":5,"subscriberId":"460003170842235","type":1,"typeName":"WIFI","width":0,"wifiScan":["iTV-afbf,24:05:0f:2f:2e:44,[WPA-PSK-CCMP][WPA2-PSK-CCMP][WPS][ESS],-84,2452,3649733420","MERCURY_6a76a7,6c:5f:1c:e0:df:f6,[WPA-PSK-CCMP][WPA2-PSK-CCMP][ESS],-60,2462,312948528","TP-LINK_9cb86b,00:23:68:0e:5c:c0,[WPA-PSK-CCMP][WPA2-PSK-CCMP][ESS],-91,2462,418215797","Netcore_1dc0f2,00:23:68:0f:94:40,[WPA-PSK-CCMP][WPA2-PSK-CCMP][WPS][ESS],-82,2437,1233933124","PHICOMM_c20376,00:f1:40:74:02:af,[WPA2-PSK-CCMP][ESS],-69,2452,2986238016"]}