{"BSSID":"76:0b:07:58:0f:db","IpAddress":"10.25.9.91","P2p0Mac":"1c:3d:57:2c:c0:6e","SSID":"Tenda_7b9ec8","androidId":"73e4d8d53ed53d9d","batteryLevel":60,"btAddress":"62:e0:8c:00:8b:c6","btName":"HUAWEI GRA-CL10","buildAbi":"armeabi-v7a","buildAbi2":"armeabi","buildBoard":"solana","buildBrand":"HUAWEI","buildCodename":"REL","buildDescription":"HWGRA-user 7.1.2 NMF26Q bc44b0ac release-keys","buildDevice":"HWGRA","buildFingerprint":"HUAWEI/HUAWEI GRA-CL10/HWGRA:7.1.2/NMF26Q/bc44b0ac:user/release-keys","buildHardware":"qcom","buildHost":"Android-server","buildId":"NMF26Q","buildIncremental":"bc44b0ac","buildManufacturer":"HUAWEI","buildModel":"HUAWEI GRA-CL10","buildName":"HUAWEI","buildProduct":"HWGRA","buildRadioVersion":"oaeqjbniddh","buildRelease":"7.1.2","buildSdk":"25","buildSerialno":"428ce9a2","buildTags":"release-keys","buildType":"user","buildUser":"lgmobile","buildUtc":1511581929957,"cellScan":[],"ci":0,"contacts":["奶奶,13003243181","姑妈,13490410198","外婆,15903841893","外公,13801430934","舅舅,15705050188","舅妈,13405040423","姨父,13908828551","姨娘,15006422023","亲爱的,15605197531","老弟,14702930888","老妹,15703256801","小明,15704448557","小李子,13708744627","严孝献,15706852459","Brian Marshall,14705731816","张松,15204755556","陈杭裕,15800356976","陈协,15706436130","Norman Berry,18807907944","刁联求,13702638868","陈平广,15306894453","李宏怡,18006967849","Julia Bailey,15307528692","荣泉嵬,14704875766","富罗雷,14704704700","傅随苡,13800998194","Heather Ray,13908382434","杨易驹,18805678397","李效,15507223655","李默念,13707338605","Norman Stewart,13705098062","李平,18902885162","司马昱怡,13100533566","王荣,13606238738","Larry Roberts,13901523759","奚水峻,15908228208","王祥,15803140064","陈进,15501965333","Regina Griffin,13004206788","汪宏求,15604467634","於豪魄,15107215439","杨义,18907701332","Michele Pierce,13307513665","蓝青献,14700448906","陈蔚西,13808169022","李义朋,15706510571","Chris Andrews,14704236162","张璐镜,15605033686","余寅,15707545904","贾茂全,13107408666","Kyle Clark,13200247304","章耀礼,15804303794"],"cpuName":"Kirin935","densityDpi":240,"deviceId":"865107460665166","deviceSvn":"13","displayId":"HWGRA-user 7.1.2 NMF26Q bc44b0ac release-keys","extraInfo":"ctlte","height":0,"hidePkgs":[],"hmNotes":"","hookPkgs":[],"lac":0,"latitude":30.6444978,"line1Number":"18101946549","longitude":104.2600068,"macAddress":"3a:74:4e:64:ff:b5","memAvailable":937604619,"memFree":2812813858,"memTotal":3750418477,"mnc":"03","networkClass":2,"networkCountryIso":"cn","networkOperator":"46003","networkOperatorName":"中国电信","networkType":6,"networkTypeName":"CDMA - EvDo rev. A","phoneType":2,"rgAndroid":"23","rgAreaode":"86","rgConNames":["包渠翰","上善若水"],"rgConsize":"2","rgCountry":"中国","rgDevice":"xiaomiRedmi 4X","rgIp":"119.4.254.219","rgLastLogin":1516707007743,"rgLocation":"四川省成都市 联通","rgNetType":"切换飞行模式","rgOrPhone":"18101946549","rgPhoneNo":"18101946549","rgServer":"飞行模式切换","rgTime":1516342512882,"rgVcode":"尚一品(发码)","rgVersion":"1.6.3","rgWxEmail":"未绑定","rgWxError":"","rgWxId":"wxid_17aee0uo9jee22","rgWxName":"包渠翰","rgWxNo":"未设置","rgWxPasswd":"Rmst@7890","rgWxQQ":"未绑定","rgWxStatus":"异常","rgWxWindows":"否","serialno":"428ce9a2","simCountryIso":"cn","simOperator":"46003","simOperatorName":"中国电信","simSerialNumber":"8986119628693468787","simState":5,"subscriberId":"460035969180136","type":0,"typeName":"MOBILE","width":0,"wifiScan":["Tenda_587c85,0f:70:b4:b1:d6:da,[WPA-PSK-CCMP][WPA2-PSK-CCMP][WPS][ESS],-75,2462,203424980","PHICOMM_cf42ec,82:b6:91:a8:e5:68,[WPA2-PSK-CCMP][WPS][ESS],-87,2412,1442031743","Tenda_eaed1f,6a:27:ee:ef:af:e6,[WPA2-PSK-CCMP][WPS][ESS],-52,2447,522880764","MERCURY_86b9ec,5c:47:21:1d:c6:8f,[WPA2-PSK-CCMP][WPS][ESS],-83,2412,1258936782","TP-LINK_05487a,29:c6:4f:39:bf:66,[WPA-PSK-CCMP][WPA2-PSK-CCMP][ESS],-71,2412,2069636537","MERCURY_c10dbf,5a:00:c8:45:56:a1,[WPA2-PSK-CCMP][WPS][ESS],-67,2452,260336356","MERCURY_274104,76:f9:3e:26:06:e7,[WPA-PSK-CCMP][WPA2-PSK-CCMP][WPS][ESS],-59,2412,484161173","Tenda_7ca7ba,49:50:b8:99:42:24,[WPA-PSK-CCMP][WPA2-PSK-CCMP][ESS],-61,2412,254540670"]}