{"BSSID":"85:4e:bf:d7:5d:e0","IpAddress":"192.168.20.4","P2p0Mac":"81:cd:2e:2a:22:d7","SSID":"MERCURY_141538","androidId":"7a9bb2766dabe964","batteryLevel":80,"btAddress":"bb:55:75:75:2b:3e","btName":"m3 note","buildAbi":"armeabi-v7a","buildAbi2":"armeabi","buildBoard":"qcom","buildBrand":"Meizu","buildCodename":"REL","buildDescription":"m3note-user 5.1.1 LMY48G f96fea87 release-keys","buildDevice":"m3note","buildFingerprint":"Meizu/m3 note/m3note:5.1.1/LMY48G/f96fea87:user/release-keys","buildHardware":"qcom","buildHost":"zc-miui-ota-bd39.bj","buildId":"LMY48G","buildIncremental":"f96fea87","buildManufacturer":"Meizu","buildModel":"m3 note","buildName":"Meizu","buildProduct":"m3note","buildRadioVersion":"hbjpfdittcayvmjr","buildRelease":"5.1.1","buildSdk":"22","buildSerialno":"6e9dc877","buildTags":"release-keys","buildType":"user","buildUser":"android","buildUtc":1471769862735,"cellScan":["33282,34622","61716,169101262","61716,18382","61716,32042","33282,139740933"],"ci":18382,"contacts":["奶奶,13204918661","姑妈,15100603841","外婆,15304587381","外公,15605655779","舅舅,13490856177","舅妈,15807380276","姨父,15606304626","姨娘,13807825078","亲爱的,18608510346","老弟,15303233751","老妹,13304316433","小明,13000235605","小李子,13000778113","米竞耀,15906089079","Robin Berry,15205297791","吉校宏,13490755899","裘康适,15701325756","诸烈如,13508083705","Justin Woods,13800878668","李奇诗,18708820532","陈寅香,13304535682","梅景剑,15704425021","Troy Rose,14707231252","吴珂,13406615928","杨享,13490201310","王魁,13002053581","Diana Clark,13105485286","李启琴,15907631751","柏鑫芹,15604142993","姜骏奇,13703253306","Scott Berry,13501336479","张培可,18807531831","舒享绵,13207881559","符献衔,15706860357","Alice Martin,15703208245","杨稼守,15901641825","余毅,15707976998","王雅,15901517811","Suzanne Olson,15804832501","童昱汉,15606381900","杨然,13702802998"],"cpuName":"MT6750","densityDpi":480,"deviceId":"862003076510123","deviceSvn":"21","displayId":"m3note-user 5.1.1 LMY48G f96fea87 release-keys","extraInfo":"MERCURY_141538","height":0,"hidePkgs":[],"hmNotes":"","hookPkgs":[],"lac":61716,"latitude":30.4277546,"line1Number":"18121326741","longitude":103.7894673,"macAddress":"5f:1e:c4:af:4f:fe","memAvailable":32021034,"memFree":64042068,"memTotal":96063102,"mnc":"03","networkClass":1,"networkCountryIso":"cn","networkOperator":"46003","networkOperatorName":"中国电信","networkType":4,"networkTypeName":"CDMA","phoneType":2,"rgAndroid":"23","rgAreaode":"86","rgConNames":["上善若水","王耀平"],"rgConsize":"2","rgCountry":"中国","rgDevice":"xiaomiRedmi 4X","rgIp":"101.206.167.142","rgLastLogin":1516707072195,"rgLocation":"四川省 联通","rgNetType":"切换飞行模式","rgOrPhone":"18121326741","rgPhoneNo":"18121326741","rgServer":"飞行模式切换","rgTime":1516346334818,"rgVcode":"尚一品(发码)","rgVersion":"1.6.3","rgWxEmail":"未绑定","rgWxError":"","rgWxId":"wxid_t3hjj27y6usk22","rgWxName":"王耀平","rgWxNo":"未设置","rgWxPasswd":"Rmst@7890","rgWxQQ":"未绑定","rgWxStatus":"异常","rgWxWindows":"否","serialno":"6e9dc877","simCountryIso":"cn","simOperator":"46003","simOperatorName":"中国电信","simSerialNumber":"898530255639948517534","simState":5,"subscriberId":"460035135368731","type":1,"typeName":"WIFI","width":0,"wifiScan":["PHICOMM_030f36,28:2c:b2:a7:41:8c,[WPA2-PSK-CCMP][WPS][ESS],-59,2462,3132728477","Tenda_586497,08:10:77:a0:da:25,[WPA2-PSK-CCMP][WPS][ESS],-72,2417,429622901","Netcore_dbebad,f4:6a:92:13:57:28,[WPA2-PSK-CCMP][ESS],-93,2412,2438429634","Netcore_630f32,78:eb:14:26:45:ac,[WPA2-PSK-CCMP][WPS][ESS],-89,2437,2002430141","Tenda_38b954,80:89:17:77:57:76,[WPA2-PSK-CCMP][WPS][ESS],-59,2462,389630524"]}