{"BSSID":"f7:bd:06:65:cd:d7","IpAddress":"192.168.56.162","P2p0Mac":"da:a7:2c:1b:ef:ac","SSID":"Netcore_dfe215","androidId":"36988444b5fe3773","batteryLevel":71,"btAddress":"8f:d4:de:41:0d:7b","btName":"M5 Note","buildAbi":"armeabi-v7a","buildAbi2":"armeabi","buildBoard":"p880","buildBrand":"Meizu","buildCodename":"REL","buildDescription":"meizu_M5 Note-user 5.1.1 LMY48G d3b3cece release-keys","buildDevice":"M5Note","buildFingerprint":"Meizu/M5 Note/M5Note:5.1.1/LMY48G/d3b3cece:user/release-keys","buildHardware":"qcom","buildHost":"linux-user","buildId":"LMY48G","buildIncremental":"d3b3cece","buildManufacturer":"Meizu","buildModel":"M5 Note","buildName":"Meizu","buildProduct":"meizu_M5 Note","buildRadioVersion":"iatwgiriiwfke","buildRelease":"5.1.1","buildSdk":"22","buildSerialno":"4eed8368","buildTags":"release-keys","buildType":"user","buildUser":"jenkins","buildUtc":1473207759252,"cellScan":[],"ci":0,"contacts":["奶奶,15102307501","姑妈,18602584775","外婆,13502444870","外公,18702193058","舅舅,13107034147","舅妈,18600945150","姨父,13707795273","姨娘,18906303076","亲爱的,14708275323","老弟,15104387451","老妹,15208092921","小明,13800487523","小李子,15608285862","丁烁嘉,13607361772","Gregory Mitchell,13603541278","欧阳威胤,13706667109","康和行,13403012480","花室郡,13601167457","Jerry Riley,13705126563","和兴超,18808194417","陈仁芹,15808184500","羊吾胜,15207442542","Kathy Diaz,15105581971","杨许,18600957134","禹平卿,15803461046","宗迅慎,15500130188","Sue Martinez,18601625084","卜玺楷,15907607668","夏隆熙,14702192041","王硕,14708437211","Lawrence Rogers,14705106065","房古稼,15806104833","王湘,15706681315","云茂时,13204370433","Tim Harrison,13007536558","杨彦,15305314349","虞宫设,15603746810","毛军魁,14702101272","Darrell King,14707320752","李寿厚,15102191014","王翔卿,15304932670","贾岩效,18808515193","Janet Griffin,18701835101","钮野新,18703994313"],"cpuName":"MT6755M","densityDpi":560,"deviceId":"864225470434398","deviceSvn":"86","displayId":"meizu_M5 Note-user 5.1.1 LMY48G d3b3cece release-keys","extraInfo":"Netcore_dfe215","height":0,"hidePkgs":[],"hmNotes":"","hookPkgs":[],"lac":0,"latitude":30.517526,"line1Number":"18917413452","longitude":104.3211169,"macAddress":"87:27:25:ec:d5:ef","memAvailable":24048496,"memFree":72145491,"memTotal":96193987,"mnc":"03","networkClass":3,"networkCountryIso":"cn","networkOperator":"46003","networkOperatorName":"中国电信","networkType":13,"networkTypeName":"LTE","phoneType":2,"rgAndroid":"23","rgAreaode":"86","rgConNames":["上善若水","吴文"],"rgConsize":"2","rgCountry":"中国","rgDevice":"xiaomiRedmi 4X","rgIp":"101.206.167.103","rgLastLogin":1516706944083,"rgLocation":"四川省 联通","rgNetType":"切换飞行模式","rgOrPhone":"18917413452","rgPhoneNo":"18917413452","rgServer":"飞行模式切换","rgTime":1516334858765,"rgVcode":"尚一品(发码)","rgVersion":"1.6.3","rgWxEmail":"未绑定","rgWxError":"","rgWxId":"wxid_mppmiai2cd5q22","rgWxName":"吴文","rgWxNo":"未设置","rgWxPasswd":"Rmst@7890","rgWxQQ":"未绑定","rgWxStatus":"异常","rgWxWindows":"否","serialno":"4eed8368","simCountryIso":"cn","simOperator":"46003","simOperatorName":"中国电信","simSerialNumber":"8986116224097116205","simState":5,"subscriberId":"460031780811706","type":1,"typeName":"WIFI","width":0,"wifiScan":["MERCURY_bd1037,88:25:93:05:3c:ee,[WPA-PSK-CCMP][WPA2-PSK-CCMP][WPS][ESS],-84,2462,353378542","Netcore_66a743,ec:26:ca:d5:83:80,[WPA-PSK-CCMP][WPA2-PSK-CCMP][WPS][ESS],-94,2412,840835947","Tenda_1f31ad,88:25:93:02:a6:aa,[WPA2-PSK-CCMP][WPS][ESS],-88,2437,286569211","iTV-a9ec,ec:26:ca:ec:96:d4,[WPA-PSK-CCMP][WPA2-PSK-CCMP][WPS][ESS],-77,2437,2881728384","iTV-bfe6,d8:42:ac:6d:5a:4e,[WPA-PSK-CCMP][WPA2-PSK-CCMP][WPS][ESS],-80,2472,389390428"]}