{"BSSID":"2c:db:c5:06:ba:cb","IpAddress":"10.71.27.162","P2p0Mac":"77:08:ee:13:bf:7e","SSID":"MERCURY_85aec0","androidId":"ea329bfb92b34127","batteryLevel":60,"btAddress":"ef:b1:a3:40:08:e2","btName":"OPPO A37m","buildAbi":"armeabi-v7a","buildAbi2":"armeabi","buildBoard":"t6","buildBrand":"OPPO","buildCodename":"REL","buildDescription":"A37-user 5.0 LRX21M 9ad90dbd release-keys","buildDevice":"A37","buildFingerprint":"OPPO/OPPO A37m/A37:5.0/LRX21M/9ad90dbd:user/release-keys","buildHardware":"qcom","buildHost":"ubuntu","buildId":"LRX21M","buildIncremental":"9ad90dbd","buildManufacturer":"OPPO","buildModel":"OPPO A37m","buildName":"OPPO","buildProduct":"A37","buildRadioVersion":"wsxttritwl","buildRelease":"5.0","buildSdk":"21","buildSerialno":"de10e8cf","buildTags":"release-keys","buildType":"user","buildUser":"android","buildUtc":1462891361418,"cellScan":["61731,170080411","39938,163702835","61731,170080412","61713,168900763","33061,97508994"],"ci":168900763,"contacts":["奶奶,13304855449","姑妈,18006047051","外婆,13201534352","外公,13606940480","舅舅,18907626241","舅妈,15905537890","姨父,13607461267","姨娘,13904167819","亲爱的,15506750032","老弟,13900102279","老妹,15703236412","小明,15007316142","小李子,13403788806","孔畏羡,18907972134","Joseph Stevens,18006645682","魏和为,15904066787","景梁蔚,13607765247","缪怡耀,13305216360","Michele Myers,18907745193","花郡曜,15705616760","马苡璐,13001758430","裴权红,18904013723","Cheryl Lee,13490788238","李良琦,18901907051","李彦让,18603833416","景魄元,15301113659","Douglas Martin,18003657997","王宏罗,13708224992","陈似律,13305835335","杨万翔,18800978011","Theresa Diaz,18706817798","栾嗣畏,15800761829","李明伟,13401828509","余宽,18006160094","Roberto Campbell,13490821596","富荣媛,13104976625","杨权,18600530190","明筱锐,15505206630","Annette Gordon,13207144947","席仙隆,18700245461","章静雄,13507090439"],"cpuName":"MT6750","densityDpi":240,"deviceId":"861721586705575","deviceSvn":"33","displayId":"A37-user 5.0 LRX21M 9ad90dbd release-keys","extraInfo":"cmwap","height":0,"hidePkgs":[],"hmNotes":"","hookPkgs":[],"lac":61713,"latitude":30.69879,"line1Number":"13438450525","longitude":104.4062378,"macAddress":"d8:1f:f9:ac:ac:26","memAvailable":51172920,"memFree":153518760,"memTotal":204691680,"mnc":"00","networkClass":1,"networkCountryIso":"cn","networkOperator":"46000","networkOperatorName":"中国移动","networkType":2,"networkTypeName":"EDGE","phoneType":1,"rgAndroid":"23","rgAreaode":"86","rgBackupPath":"/storage/emulated/0/.money/backup/20180111/13438450525_20180111.db","rgConNames":[],"rgCountry":"中国","rgDevice":"xiaomiRedmi 4X","rgIp":"119.4.255.191","rgLastLogin":1515662586758,"rgLocation":"四川省成都市 联通","rgNetType":"切换飞行模式","rgOrPhone":"13438450525","rgPhoneNo":"13438450525","rgServer":"飞行模式切换","rgTime":1515659891341,"rgVcode":"玉米(发码)","rgVersion":"1.6.0","rgWxError":"帐号状态异常，本次登录已失效。请尝试重新登录，并根据弹窗提示操作。","rgWxName":"王勇","rgWxPasswd":"Rmst@7890","rgWxStatus":"异常","rgWxWindows":"否","serialno":"de10e8cf","simCountryIso":"cn","simOperator":"46000","simOperatorName":"中国移动","simSerialNumber":"8986028711038196435","simState":5,"subscriberId":"460005027099199","type":0,"typeName":"MOBILE","width":0,"wifiScan":["Netcore_5ec97b,6c:a7:5f:54:7f:55,[WPA-PSK-CCMP][WPA2-PSK-CCMP][WPS][ESS],-87,2437,2189034108","Tenda_0f3254,78:a1:06:c2:16:2e,[WPA-PSK-CCMP][WPA2-PSK-CCMP][ESS],-85,2437,268281417","PHICOMM_5496b9,bc:46:99:f2:43:3e,[WPA-PSK-CCMP][WPA2-PSK-CCMP][ESS],-50,2437,868530851","Netcore_203cbf,34:4d:ea:ee:1c:49,[WPA-PSK-CCMP][WPA2-PSK-CCMP][WPS][ESS],-89,2437,1246935149","PHICOMM_16387b,48:02:2a:6e:e9:36,[WPA-PSK-CCMP][WPA2-PSK-CCMP][ESS],-78,2462,273592180"]}