{"BSSID":"41:f8:dc:bd:9c:55","IpAddress":"10.94.45.203","P2p0Mac":"4d:33:da:cf:19:36","SSID":"MERCURY_c1cb0e","androidId":"7dd67f16cfae591e","batteryLevel":63,"btAddress":"d6:1c:ca:99:5c:b1","btName":"GN5001S","buildAbi":"armeabi-v7a","buildAbi2":"armeabi","buildBoard":"msm8996","buildBrand":"GiONEE","buildCodename":"REL","buildDescription":"GN5001S-user 7.0.0 NRD90M 90fb8aec release-keys","buildDevice":"GN5001S","buildFingerprint":"GiONEE/GN5001S/GN5001S:7.0.0/NRD90M/90fb8aec:user/release-keys","buildHardware":"qcom","buildHost":"glsrv4","buildId":"NRD90M","buildIncremental":"90fb8aec","buildManufacturer":"GiONEE","buildModel":"GN5001S","buildName":"GiONEE","buildProduct":"GN5001S","buildRadioVersion":"xdeczykvbgxkfq","buildRelease":"7.0.0","buildSdk":"24","buildSerialno":"1352d143","buildTags":"release-keys","buildType":"user","buildUser":"android","buildUtc":1475573173313,"cellScan":["33282,250224514","33035,35006","33281,139769089","33282,1726","39942,163683123"],"ci":35006,"contacts":["奶奶,13490298249","姑妈,13803965525","外婆,13107530174","外公,18000349036","舅舅,13607371864","舅妈,13707171492","姨父,14706200092","姨娘,13003837906","亲爱的,18601078556","老弟,13600124162","老妹,15700762557","小明,15307751881","小李子,13800167338","樊水雅,18805055836","Yvonne Cunningham,18701613066","杨彦,13207455379","杨良设,18704386644","于菁,13300700197","Phyllis Thomas,13490432660","赵菁棠,13806521302","潘仁瑛,15705271100","李荃,13401753662","Jessica Phillips,15901063088","卜逸汉,15208495617","吴宇效,18808045366","王玉萱,15103714073","Tina Crawford,13408845092","李兴曜,13406636779","邱隆绵,14707534559","贾祥航,15807464512","Jean Flores,15208270565","吴辉慎,15903015603","陈涂室,13303616291","邬豪庞,18803840461","Rick Lawrence,18805576847","张仪浩,15206330826","魏王礼,15908563049","于谷,18806893963","Eleanor Carpenter,18707757300","计绣世,15800747088","倪意卫,18706001861","王颂思,15206695601","Arthur Freeman,13408144818","张岳敬,18904221359","米联欢,15604124133","苏龙求,13206272526","Lois King,13203836057"],"cpuName":"MT6735","densityDpi":480,"deviceId":"860457810597873","deviceSvn":"11","displayId":"GN5001S-user 7.0.0 NRD90M 90fb8aec release-keys","extraInfo":"uninet","height":0,"hidePkgs":[],"hmNotes":"","hookPkgs":[],"lac":33035,"latitude":30.3968346,"line1Number":"13540423398","longitude":103.7933752,"macAddress":"3f:1b:7e:8e:98:26","memAvailable":935739145,"memFree":1871478290,"memTotal":2807217435,"mnc":"00","networkClass":2,"networkCountryIso":"cn","networkOperator":"46002","networkOperatorName":"中国移动","networkType":17,"networkTypeName":"TD_SCDMA","phoneType":1,"rgAndroid":"23","rgAreaode":"86","rgConNames":["上善若水","李星军"],"rgConsize":"2","rgCountry":"中国","rgDevice":"xiaomiRedmi 4X","rgIp":"119.4.254.176","rgLastLogin":1516243654013,"rgLocation":"四川省成都市 联通","rgNetType":"切换飞行模式","rgOrPhone":"13540423398","rgPhoneNo":"13540423398","rgServer":"飞行模式切换","rgTime":1515661013489,"rgVcode":"玉米(发码)","rgVersion":"1.6.0","rgWxEmail":"未绑定","rgWxError":"该微信帐号因批量或者使用非法软件注册被限制登录，如需继续使用，请轻触“确定”申请解除限制。","rgWxId":"wxid_gzskebwpdtft22","rgWxName":"李星军","rgWxNo":"未设置","rgWxPasswd":"Rmst@7890","rgWxQQ":"未绑定","rgWxStatus":"异常","rgWxWindows":"否","serialno":"1352d143","simCountryIso":"cn","simOperator":"46002","simOperatorName":"中国移动","simSerialNumber":"8986025593260240297","simState":5,"subscriberId":"460027186535324","type":0,"typeName":"MOBILE","width":0,"wifiScan":["Tenda_bdbbfe,70:a8:e3:d8:6d:84,[WPA2-PSK-CCMP][WPS][ESS],-79,2412,3054933938","FAST_539743,64:3a:b1:13:b2:2a,[WPA-PSK-CCMP][WPA2-PSK-CCMP][WPS][ESS],-93,2437,537518600","Netcore_5a8849,8c:f2:28:84:75:44,[WPA-PSK-CCMP][WPA2-PSK-CCMP][ESS],-71,2437,226642918","TP-LINK_bfea99,28:2c:b2:2c:6a:c8,[WPA-PSK-CCMP][WPA2-PSK-CCMP][WPS][ESS],-80,2437,247873906","TP-LINK_1f87ba,18:44:e6:54:a6:a6,[WPA2-PSK-CCMP][WPS][ESS],-67,2437,252235724"]}