{"BSSID":"49:49:eb:4c:5e:38","IpAddress":"192.168.22.194","P2p0Mac":"b4:5f:45:7d:48:e3","SSID":"Netcore_3748cb","androidId":"db9dd730625b4466","batteryLevel":55,"btAddress":"29:09:c9:a5:50:29","btName":"MI 3","buildAbi":"armeabi-v7a","buildAbi2":"armeabi","buildBoard":"otterx","buildBrand":"Xiaomi","buildCodename":"REL","buildDescription":"pisces-user 7.1.2 NMF26Q bbc5b866 release-keys","buildDevice":"pisces","buildFingerprint":"Xiaomi/MI 3/pisces:7.1.2/NMF26Q/bbc5b866:user/release-keys","buildHardware":"qcom","buildHost":"bs189","buildId":"NMF26Q","buildIncremental":"bbc5b866","buildManufacturer":"Xiaomi","buildModel":"MI 3","buildName":"Xiaomi","buildProduct":"pisces","buildRadioVersion":"vsazpujnauog","buildRelease":"7.1.2","buildSdk":"25","buildSerialno":"706c06a8","buildTags":"release-keys","buildType":"user","buildUser":"android","buildUtc":1508726459062,"cellScan":["61715,169064040","39700,163326513","61717,169195018","33292,20131","61715,169063946"],"ci":169063946,"contacts":["奶奶,13490332866","姑妈,13806753913","外婆,15304601952","外公,15605774791","舅舅,13304867966","舅妈,18808661708","姨父,13901611758","姨娘,13104489008","亲爱的,13702854399","老弟,15704807483","老妹,13207141068","小明,14705450012","小李子,13501227584","裘敬佳,13806108249","Willie Collins,13505423936","卜宽余,15502003490","陈岳,15607678680","管瑟虎,13602693771","Megan Flores,13700621544","项木恒,15301250485","席俊元,15808755797","张钰,13701152345","Tom Brooks,13701940916","毕默利,13101423542","李添,13902583384","卜麟译,13001491222","Diana King,15504798270","王许,15508211191","张江琦,13490149489","卡会海,15007586940","Joan Burns,15206036305","李倩怀,15302515561","沈情,13303314854","尹夏星,15706204127","Mark Wood,14708133005","程郡芹,13108411045","贲思嘉,13801786124","郭三业,13490155495","Ellen Johnson,18006517650","秦同若,13501283283","陶万康,15607330489","杨诗微,13490420106","Craig James,18901577410"],"cpuName":"Qualcomm MSM8974PRO-AB","densityDpi":480,"deviceId":"860310556821942","deviceSvn":"44","displayId":"pisces-user 7.1.2 NMF26Q bbc5b866 release-keys","extraInfo":"Netcore_3748cb","height":0,"hidePkgs":[],"hmNotes":"","hookPkgs":[],"lac":61715,"latitude":30.4822134,"line1Number":"18224004140","longitude":104.0632246,"macAddress":"e6:36:b7:7b:18:3c","memAvailable":23546462,"memFree":70639387,"memTotal":94185849,"mnc":"00","networkClass":1,"networkCountryIso":"cn","networkOperator":"46000","networkOperatorName":"中国移动","networkType":2,"networkTypeName":"EDGE","phoneType":1,"rgAndroid":"23","rgAreaode":"86","rgConNames":["上善若水","李素"],"rgConsize":"2","rgCountry":"中国","rgDevice":"xiaomiRedmi 4X","rgIp":"101.206.167.115","rgLastLogin":1516243609195,"rgLocation":"四川省 联通","rgNetType":"切换飞行模式","rgOrPhone":"18224004140","rgPhoneNo":"18224004140","rgServer":"飞行模式切换","rgTime":1515660530022,"rgVcode":"玉米(发码)","rgVersion":"1.6.0","rgWxEmail":"未绑定","rgWxError":"该微信帐号因批量或者使用非法软件注册被限制登录，如需继续使用，请轻触“确定”申请解除限制。","rgWxId":"wxid_28kla8mk2dgc22","rgWxName":"李素","rgWxNo":"未设置","rgWxPasswd":"Rmst@7890","rgWxQQ":"未绑定","rgWxStatus":"异常","rgWxWindows":"否","serialno":"706c06a8","simCountryIso":"cn","simOperator":"46000","simOperatorName":"中国移动","simSerialNumber":"8986001476883949609","simState":5,"subscriberId":"460004630790672","type":1,"typeName":"WIFI","width":0,"wifiScan":["MERCURY_a0ee,a4:3d:78:01:41:a7,[WPA2-PSK-CCMP][ESS],-92,2412,403062363","Netcore_11fcbf,64:5d:92:d8:85:81,[WPA2-PSK-CCMP][WPS][ESS],-72,2412,508433517","PHICOMM_a88ca0,6c:59:40:cc:e0:66,[WPA-PSK-CCMP][WPA2-PSK-CCMP][WPS][ESS],-71,2462,3331536314","FAST_731155,d0:df:9a:7e:36:20,[WPA-PSK-CCMP][WPA2-PSK-CCMP][ESS],-52,2472,247484257","MERCURY_3315,ac:85:3d:d2:50:80,[WPA2-PSK-CCMP][ESS],-87,2462,419754028"]}