{"BSSID":"53:cf:8c:69:a1:5e","IpAddress":"192.168.47.140","P2p0Mac":"a1:77:cc:0f:83:a6","SSID":"Tenda_8c9dc0","androidId":"94f3a915397f9aa1","batteryLevel":32,"btAddress":"b1:6d:8c:79:32:93","btName":"X5","buildAbi":"armeabi-v7a","buildAbi2":"armeabi","buildBoard":"MSM8660_SURF","buildBrand":"vivo","buildCodename":"REL","buildDescription":"X5-user 7.1.2 NMF26Q c2183270 release-keys","buildDevice":"X5","buildFingerprint":"vivo/X5/X5:7.1.2/NMF26Q/c2183270:user/release-keys","buildHardware":"qcom","buildHost":"huawei-server-05","buildId":"NMF26Q","buildIncremental":"c2183270","buildManufacturer":"vivo","buildModel":"X5","buildName":"vivo","buildProduct":"X5","buildRadioVersion":"gfyxgeqskqu","buildRelease":"7.1.2","buildSdk":"25","buildSerialno":"faf92289","buildTags":"release-keys","buildType":"user","buildUser":"builder","buildUtc":1488359597344,"cellScan":["33028,98438529","33045,118210849","33028,21475","39937,163685169","1822,32744"],"ci":118210849,"contacts":["奶奶,13505487757","姑妈,13801424205","外婆,13903965889","外公,14704436312","舅舅,13307375120","舅妈,15901313906","姨父,13402653228","姨娘,18808835752","亲爱的,13903340648","老弟,15903251319","老妹,15006970673","小明,14703022935","小李子,15107586609","王烈,18806690361","Anne Cruz,18803685358","管思凇,13608077629","虞铭镜,18704502139","杭保嗣,13202943889","Mark Hudson,15604373187","李腾,13805704501","窦烈书,15902717274","李先商,13405554998","Henry Hicks,15100565559","王译享,15101121025","谢君影,15607561407","席团万,13600235102","Jimmy Cole,13908522685","王悠,18705468296","王勋衔,18803773034","黄汉译,15303703388","Aaron Daniels,13490280165","张界寅,15004897034","花微君,15002260016","邴冠铁,14701216339","George Snyder,18706091305","贺佳绵,13901565354","臧银乐,15006481517","盛利锦,18001200712","Roberto Lewis,13490124418","全怀时,13908560276","封佑情,18607690126","杨佩,15700792593","Leroy Freeman,18800335989","闵雅声,15706434007","余胜甲,13504746372","余诗欣,18701756600","Edward Graham,15707943301","杨水洋,13501053079","田耀佑,18707263129","张学启,18007664178","Kim Brown,18905605197"],"cpuName":"MT6592","densityDpi":320,"deviceId":"860919440770774","deviceSvn":"42","displayId":"X5-user 7.1.2 NMF26Q c2183270 release-keys","extraInfo":"Tenda_8c9dc0","height":0,"hidePkgs":[],"hmNotes":"","hookPkgs":[],"lac":33045,"latitude":30.5662797,"line1Number":"18328704495","longitude":104.337125,"macAddress":"45:c9:bc:95:16:dc","memAvailable":701644746,"memFree":2104934240,"memTotal":2806578986,"mnc":"00","networkClass":2,"networkCountryIso":"cn","networkOperator":"46007","networkOperatorName":"中国移动","networkType":8,"networkTypeName":"HSDPA","phoneType":1,"rgAndroid":"23","rgAreaode":"86","rgConNames":["上善若水","王峻腾"],"rgConsize":"2","rgCountry":"中国","rgDevice":"xiaomiRedmi 4X","rgIp":"119.4.254.168","rgLastLogin":1516243517015,"rgLocation":"四川省成都市 联通","rgNetType":"切换飞行模式","rgOrPhone":"18328704495","rgPhoneNo":"18328704495","rgServer":"飞行模式切换","rgTime":1515659657391,"rgVcode":"玉米(发码)","rgVersion":"1.6.0","rgWxEmail":"未绑定","rgWxError":"该微信帐号因批量或者使用非法软件注册被限制登录，如需继续使用，请轻触“确定”申请解除限制。","rgWxId":"wxid_fn1vb90bf4pj22","rgWxName":"王峻腾","rgWxNo":"未设置","rgWxPasswd":"Rmst@7890","rgWxQQ":"未绑定","rgWxStatus":"异常","rgWxWindows":"否","serialno":"faf92289","simCountryIso":"cn","simOperator":"46007","simOperatorName":"中国移动","simSerialNumber":"8986021322746888321","simState":5,"subscriberId":"460077826990162","type":1,"typeName":"WIFI","width":0,"wifiScan":["Netcore_5fc99d,30:fc:68:70:30:a6,[WPA2-PSK-CCMP][WPS][ESS],-91,2412,1649129232","Netcore_51f437,ec:17:2f:64:b8:76,[WPA-PSK-CCMP][WPA2-PSK-CCMP][ESS],-92,2462,355055390"]}