{"BSSID":"8e:e1:d9:9f:0d:bb","IpAddress":"192.168.99.222","P2p0Mac":"f6:62:68:f3:a9:7a","SSID":"Netcore_15487a","androidId":"f209793e0a1ec050","batteryLevel":40,"btAddress":"fb:db:9e:29:c8:9a","btName":"OPPO A59s","buildAbi":"armeabi-v7a","buildAbi2":"armeabi","buildBoard":"otter","buildBrand":"OPPO","buildCodename":"REL","buildDescription":"A59-user 5.1.1 LMY48G 452acdab release-keys","buildDevice":"A59","buildFingerprint":"OPPO/OPPO A59s/A59:5.1.1/LMY48G/452acdab:user/release-keys","buildHardware":"qcom","buildHost":"qh-miui-ota-bd51","buildId":"LMY48G","buildIncremental":"452acdab","buildManufacturer":"OPPO","buildModel":"OPPO A59s","buildName":"OPPO","buildProduct":"A59","buildRadioVersion":"sszwkszcjwmgmbl","buildRelease":"5.1.1","buildSdk":"22","buildSerialno":"681be814","buildTags":"release-keys","buildType":"user","buildUser":"lgmobile","buildUtc":1506379106531,"cellScan":["33296,33323","61726,25006","33296,49781","1822,25006","33296,52262"],"ci":33323,"contacts":["奶奶,15105803540","姑妈,15901726410","外婆,14706915770","外公,13900355403","舅舅,18804574496","舅妈,13700964049","姨父,13102181886","姨娘,13705795266","亲爱的,15307707014","老弟,15208215755","老妹,13900650766","小明,13200962329","小李子,14701067965","李默,15807864979","Maurice Roberts,15207106196","仇延倩,13105886863","支随佩,13700288137","顾隆绣,13402318234","Dean Rice,15803627930","庞守若,13506181568","杨佳心,18801076258","柳异雷,13403881968","Ramon Peters,15004151729","李三,18906542325","解棠雪,15500615976","王适艺,13704104461","Yolanda Hill,13707294105","洪雪业,13490478088","余薇,15001192505","黄旭殊,13490152382","Calvin Kennedy,13490628819","鲁瑜盈,18801293609","李岁虹,15600390931","纪谷可,18706510474","Herman Cruz,15707614124","宫夜渠,15700250887","厉图佳,15700798374","宣行隆,13803931254","Evelyn Matthews,13805157713","李水,15008715864","包奇彦,13803026580","凤权烈,18600364260","Edna Howard,13007248628","李升霖,15108790302"],"cpuName":"MT6750","densityDpi":560,"deviceId":"862964962072066","deviceSvn":"69","displayId":"A59-user 5.1.1 LMY48G 452acdab release-keys","extraInfo":"Netcore_15487a","height":0,"hidePkgs":[],"hmNotes":"","hookPkgs":[],"lac":33296,"latitude":30.6390005,"line1Number":"18402851533","longitude":104.2219268,"macAddress":"76:4c:b3:ae:de:b4","memAvailable":1250043938,"memFree":2500087876,"memTotal":3750131814,"mnc":"00","networkClass":2,"networkCountryIso":"cn","networkOperator":"46007","networkOperatorName":"中国移动","networkType":8,"networkTypeName":"HSDPA","phoneType":1,"rgAndroid":"23","rgAreaode":"86","rgConNames":["上善若水","余群"],"rgConsize":"2","rgCountry":"中国","rgDevice":"xiaomiRedmi 4X","rgIp":"119.4.252.29","rgLastLogin":1516243700005,"rgLocation":"四川省成都市 联通","rgNetType":"切换飞行模式","rgOrPhone":"18402851533","rgPhoneNo":"18402851533","rgServer":"飞行模式切换","rgTime":1515661285857,"rgVcode":"玉米(发码)","rgVersion":"1.6.0","rgWxEmail":"未绑定","rgWxError":"该微信帐号因批量或者使用非法软件注册被限制登录，如需继续使用，请轻触“确定”申请解除限制。","rgWxId":"wxid_99ne38ewbr4q22","rgWxName":"余群","rgWxNo":"未设置","rgWxPasswd":"Rmst@7890","rgWxQQ":"未绑定","rgWxStatus":"异常","rgWxWindows":"否","serialno":"681be814","simCountryIso":"cn","simOperator":"46007","simOperatorName":"中国移动","simSerialNumber":"8986024976601820537","simState":5,"subscriberId":"460078672350595","type":1,"typeName":"WIFI","width":0,"wifiScan":["TP-LINK_869ec8,ac:a2:13:d0:b3:c8,[WPA2-PSK-CCMP][WPS][ESS],-71,2412,2172530550","FAST_204386,d0:c7:c0:c2:35:c2,[WPA-PSK-CCMP][WPA2-PSK-CCMP][ESS],-87,2412,542645557","Tenda_c0e31d,80:48:a5:e6:d6:ea,[WPA-PSK-CCMP][WPA2-PSK-CCMP][ESS],-86,2412,2299234890","Tenda_fd1043,a8:15:4d:2b:07:d2,[WPA2-PSK-CCMP][ESS],-84,2422,3402833913","MERCURY_fe2154,a8:15:4d:f6:d5:e8,[WPA2-PSK-CCMP][ESS],-77,2462,524801843"]}