{"BSSID":"20:c9:5e:51:af:21","IpAddress":"10.79.56.167","P2p0Mac":"14:eb:f6:fe:bd:cf","SSID":"FAST_40d2","androidId":"a93d27baf0199021","batteryLevel":80,"btAddress":"a7:d5:1e:77:68:c3","btName":"Redmi Note 3","buildAbi":"armeabi-v7a","buildAbi2":"armeabi","buildBoard":"solana","buildBrand":"Xiaomi","buildCodename":"REL","buildDescription":"hennessy-user 7.1.2 NMF26Q a83abb6e release-keys","buildDevice":"hennessy","buildFingerprint":"Xiaomi/Redmi Note 3/hennessy:7.1.2/NMF26Q/a83abb6e:user/release-keys","buildHardware":"qcom","buildHost":"bs213","buildId":"NMF26Q","buildIncremental":"a83abb6e","buildManufacturer":"Xiaomi","buildModel":"Redmi Note 3","buildName":"Xiaomi","buildProduct":"hennessy","buildRadioVersion":"gyqmngee","buildRelease":"7.1.2","buildSdk":"25","buildSerialno":"91d019f9","buildTags":"release-keys","buildType":"user","buildUser":"jenkins","buildUtc":1486611437448,"cellScan":["32911,98273539","32911,2233","32911,1302","32911,1796","39936,163786291"],"ci":98273539,"contacts":["奶奶,18006996813","姑妈,18704435497","外婆,13805607985","外公,13403713202","舅舅,18904563175","舅妈,18705367187","姨父,15807665165","姨娘,13504166038","亲爱的,15607753509","老弟,15201071759","老妹,18001320604","小明,15303135142","小李子,15706611382","靳宫腾,15608878479","Victoria Bradley,13102690405","吴立,13200356396","秋介晟,15708262012","于义,15504856935","Christine Dixon,13101895946","张威阁,15006514866","经玮涂,15303055726","凤雍棠,13607783125","Dolores Taylor,13907053404","仰建琦,13490600829","柯悠怡,15300444614","王图,15108627823","Troy Webb,15801206525","余砚,13606927107","吴校卫,13303396867","计似克,13490810042","Wesley Martin,15307500364","施精森,18004061841","弓盛茜,13606115723","杨寿,15006326241","Jorge Henderson,15105676606","冯培思,15705573438","吴联,18706736090","杨立任,18800145137","Alma Murphy,18706663806","嵇贺青,15100444212","杨吾让,15207366909","张信吾,15705201520","Barry Barnes,14705391274","车乐诗,18007201916","项译烈,13001813442","李迅,18802000541","Denise Williams,15708433095","云友烁,13408630676"],"cpuName":"Qualcomm Technologies, Inc MSM8956","densityDpi":560,"deviceId":"860163239618049","deviceSvn":"54","displayId":"hennessy-user 7.1.2 NMF26Q a83abb6e release-keys","extraInfo":"cmnet","height":0,"hidePkgs":[],"hmNotes":"","hookPkgs":[],"lac":32911,"latitude":30.5627774,"line1Number":"18428347001","longitude":103.7888967,"macAddress":"25:75:0b:82:7e:e4","memAvailable":51308117,"memFree":153924353,"memTotal":205232470,"mnc":"00","networkClass":2,"networkCountryIso":"cn","networkOperator":"46007","networkOperatorName":"中国移动","networkType":17,"networkTypeName":"TD_SCDMA","phoneType":1,"rgAndroid":"23","rgAreaode":"86","rgConNames":["上善若水","韩廉香"],"rgConsize":"2","rgCountry":"中国","rgDevice":"xiaomiRedmi 4X","rgIp":"119.4.255.6","rgLastLogin":1516243562507,"rgLocation":"四川省成都市 联通","rgNetType":"切换飞行模式","rgOrPhone":"18428347001","rgPhoneNo":"18428347001","rgServer":"飞行模式切换","rgTime":1515660257203,"rgVcode":"玉米(发码)","rgVersion":"1.6.0","rgWxEmail":"未绑定","rgWxError":"该微信帐号因批量或者使用非法软件注册被限制登录，如需继续使用，请轻触“确定”申请解除限制。","rgWxName":"韩廉香","rgWxNo":"未设置","rgWxPasswd":"Rmst@7890","rgWxQQ":"未绑定","rgWxStatus":"异常","rgWxWindows":"否","serialno":"91d019f9","simCountryIso":"cn","simOperator":"46007","simOperatorName":"中国移动","simSerialNumber":"8986006191198988560","simState":5,"subscriberId":"460071443927869","type":0,"typeName":"MOBILE","width":0,"wifiScan":["MERCURY_d14104,64:3a:b1:03:49:02,[WPA-PSK-CCMP][WPA2-PSK-CCMP][WPS][ESS],-50,2412,401564906","FAST_a9e1,00:6b:8e:47:b2:f0,[WPA-PSK-CCMP][WPA2-PSK-CCMP][ESS],-82,2437,2025828062","MERCURY_264103,6c:59:40:78:7e:9e,[WPA-PSK-CCMP][WPA2-PSK-CCMP][WPS][ESS],-77,2472,3639726855","Netcore_96b75a,50:bd:5f:aa:b5:9c,[WPA2-PSK-CCMP][ESS],-79,2437,3708831341","MERCURY_1f3269,a8:15:4d:ed:18:c0,[WPA2-PSK-CCMP][WPS][ESS],-83,2437,1837037145"]}