{"BSSID":"42:c5:60:68:06:b7","IpAddress":"10.15.71.138","P2p0Mac":"bf:49:ac:df:80:ec","SSID":"FAST_58ca85","androidId":"1a269e994ac7080f","batteryLevel":48,"btAddress":"ae:4a:f1:c9:cc:fd","btName":"HM NOTE 1TD","buildAbi":"armeabi-v7a","buildAbi2":"armeabi","buildBoard":"qcom","buildBrand":"Xiaomi","buildCodename":"REL","buildDescription":"lcsh92_wet_tdd-user 7.0.0 NRD90M 8fa6e85e release-keys","buildDevice":"lcsh92_wet_tdd","buildFingerprint":"Xiaomi/HM NOTE 1TD/lcsh92_wet_tdd:7.0.0/NRD90M/8fa6e85e:user/release-keys","buildHardware":"qcom","buildHost":"sp-ci-01-desktop","buildId":"NRD90M","buildIncremental":"8fa6e85e","buildManufacturer":"Xiaomi","buildModel":"HM NOTE 1TD","buildName":"Xiaomi","buildProduct":"lcsh92_wet_tdd","buildRadioVersion":"jqtzusgpqtcutmh","buildRelease":"7.0.0","buildSdk":"24","buildSerialno":"320e5717","buildTags":"release-keys","buildType":"user","buildUser":"MarkBuild","buildUtc":1484980943232,"cellScan":[],"ci":0,"contacts":["奶奶,13802511516","姑妈,18902565971","外婆,13403285085","外公,14701111563","舅舅,18004933502","舅妈,18902648369","姨父,13490857118","姨娘,18806766864","亲爱的,15002794848","老弟,15303528949","老妹,15206295851","小明,18001123415","小李子,13508464024","羊雅甲,15803184960","Ashley Harris,15205501881","余舒竞,13490037810","季诗建,13607801091","柳影筱,15502462701","Rita Price,18600392557","王声思,15506587986","杨峻,13907191229","杨由轩,18000127629","Vernon Wood,18005264457","华木裕,13308536984","杨敬,13200501234","王岳夜,15103091596","Alex James,15102492657","袁为校,13303628760","公孙进魄,15702448044","王青,15904210970","Margaret Wallace,15007631199","诸葛寅铜,15908566452","杨幸佩,13700028864","童骏渠,15101843808","Grace Rodriguez,15106845335","杨密,18908458893","封红景,13607860832","张华威,15701963430","Carolyn Brooks,14701255055","钱隆,15608500144"],"cpuName":"MT6592","densityDpi":480,"deviceId":"860111541976472","deviceSvn":"16","displayId":"lcsh92_wet_tdd-user 7.0.0 NRD90M 8fa6e85e release-keys","extraInfo":"uninet","height":0,"hidePkgs":[],"hmNotes":"","hookPkgs":[],"lac":0,"latitude":30.7499082,"line1Number":"13408531077","longitude":103.7292472,"macAddress":"a7:01:13:97:3c:10","memAvailable":1250113699,"memFree":2500227398,"memTotal":3750341097,"mnc":"00","networkClass":1,"networkCountryIso":"cn","networkOperator":"46000","networkOperatorName":"中国移动","networkType":2,"networkTypeName":"EDGE","phoneType":1,"rgAndroid":"23","rgAreaode":"86","rgConNames":["上善若水","羿保伟"],"rgConsize":"2","rgCountry":"中国","rgDevice":"xiaomiRedmi 4X","rgIp":"119.4.254.68","rgLastLogin":1516875684507,"rgLocation":"四川省成都市 联通","rgNetType":"切换飞行模式","rgOrPhone":"13408531077","rgPhoneNo":"13408531077","rgServer":"飞行模式切换","rgTime":1515491722469,"rgVcode":"玉米(发码)","rgVersion":"1.6.0","rgWxEmail":"未绑定","rgWxError":"","rgWxId":"wxid_qwqjmleafl6222","rgWxName":"羿保伟","rgWxNo":"未设置","rgWxPasswd":"Rmst@7890","rgWxQQ":"未绑定","rgWxStatus":"存活","rgWxWindows":"否","serialno":"320e5717","simCountryIso":"cn","simOperator":"46000","simOperatorName":"中国移动","simSerialNumber":"8986021964598129040","simState":5,"subscriberId":"460003466032199","type":0,"typeName":"MOBILE","width":0,"wifiScan":["TP-LINK_f27315,ed:d7:f6:89:80:42,[WPA-PSK-CCMP][WPA2-PSK-CCMP][ESS],-82,2437,3345131497","MERCURY_bd20cb,67:a8:ab:9e:5b:66,[WPA-PSK-CCMP][WPA2-PSK-CCMP][WPS][ESS],-73,2437,2648131214","Netcore_9598de,50:63:da:e9:cd:76,[WPA2-PSK-CCMP][ESS],-57,2412,2012026878","MERCURY_30f315,6f:4f:41:6c:c4:3a,[WPA2-PSK-CCMP][WPS][ESS],-94,2467,1151926774","MERCURY_bafc98,7d:01:f6:20:84:74,[WPA-PSK-CCMP][WPA2-PSK-CCMP][WPS][ESS],-93,2437,470555881","PHICOMM_387216,9d:55:71:86:93:44,[WPA-PSK-CCMP][WPA2-PSK-CCMP][ESS],-79,2412,193504292","MERCURY_87a86b,fc:ee:9c:e5:e2:53,[WPA-PSK-CCMP][WPA2-PSK-CCMP][WPS][ESS],-81,2462,3203830598"]}