{"BSSID":"c0:dc:10:cc:25:33","IpAddress":"10.67.7.57","P2p0Mac":"c8:19:d6:d4:1a:5b","SSID":"FAST_576b8d","androidId":"cfcb4cbc0fccc3a0","batteryLevel":70,"btAddress":"fc:f7:81:2f:09:cf","btName":"OPPO A33m","buildAbi":"armeabi-v7a","buildAbi2":"armeabi","buildBoard":"steelhead","buildBrand":"OPPO","buildCodename":"REL","buildDescription":"OPPO A33m-user 5.1.1 LMY48G b7f11926 release-keys","buildDevice":"OPPO A33m","buildFingerprint":"OPPO/OPPO A33m/OPPO A33m:5.1.1/LMY48G/b7f11926:user/release-keys","buildHardware":"qcom","buildHost":"SEP-68","buildId":"LMY48G","buildIncremental":"b7f11926","buildManufacturer":"OPPO","buildModel":"OPPO A33m","buildName":"OPPO","buildProduct":"OPPO A33m","buildRadioVersion":"kkqvvakovgwwy","buildRelease":"5.1.1","buildSdk":"22","buildSerialno":"72cef2b3","buildTags":"release-keys","buildType":"user","buildUser":"jenkins","buildUtc":1480023644862,"cellScan":["39694,162744369","61701,167903286","33064,140070917","32835,44001","61701,167903283"],"ci":162744369,"contacts":["奶奶,13506390780","姑妈,13490012007","外婆,18902730552","外公,18802582333","舅舅,14704107855","舅妈,13301254220","姨父,15500814957","姨娘,15305663082","亲爱的,18006816307","老弟,15803183563","老妹,13602684540","小明,18603276578","小李子,18607413498","万闻默,15703915664","Herman Bryant,18703724342","吴向,15500608841","杨怀伟,18602517232","陈适万,13101321255","Pamela Robinson,13004717736","司徒实团,13304368679","张青国,15800011101","全珊雨,13305532763","Pamela Ramos,18003955193","童玮晟,13906401675","王甲莉,13708588177","于杭诗,18600027483","Rosa Armstrong,13103957592","储况可,13904910747","宫阔夏,15000382931","富广硕,13490074717","Eddie Jones,18005877981","季午宫,13602304903","宫明佩,15801222959","隗怀乐,15800807602","Karen Richardson,15207683784","李立松,13600341285","余逸思,18904864543","何逵韶,13602595994","Wayne Bradley,13802355162","强贤寿,13490284643","王双吾,13806802400","郎诗行,18008664314","Maria Sullivan,13490542034","翁谷微,13490403278","张翔韶,15000950469","季烈银,15204246788","Emily Willis,13401317806","于宁英,18001631396","李水,15702406290","杨为学,15503504274","Randy Lawrence,13007391628"],"cpuName":"Qualcomm Technologies, Inc MSM8916","densityDpi":240,"deviceId":"862507963976858","deviceSvn":"73","displayId":"OPPO A33m-user 5.1.1 LMY48G b7f11926 release-keys","extraInfo":"cmwap","height":0,"hidePkgs":[],"hmNotes":"","hookPkgs":[],"lac":39694,"latitude":30.6672241,"line1Number":"18101965749","longitude":104.1600286,"macAddress":"e7:bd:df:15:63:c1","memAvailable":4109746260,"memFree":12329238781,"memTotal":16438985041,"mnc":"03","networkClass":2,"networkCountryIso":"cn","networkOperator":"46003","networkOperatorName":"中国电信","networkType":5,"networkTypeName":"CDMA - EvDo rev. 0","phoneType":2,"rgAndroid":"23","rgAreaode":"86","rgConNames":["陈让"],"rgConsize":"1","rgCountry":"中国","rgDevice":"xiaomiRedmi 4X","rgIp":"119.4.253.146","rgLastLogin":1516243871838,"rgLocation":"四川省成都市 联通","rgNetType":"切换飞行模式","rgOrPhone":"18101965749","rgPhoneNo":"18101965749","rgServer":"飞行模式切换","rgTime":1515484495327,"rgVcode":"尚一品(发码)","rgVersion":"1.6.0","rgWxEmail":"未绑定","rgWxError":"该微信帐号因批量或者使用非法软件注册被限制登录，如需继续使用，请轻触“确定”申请解除限制。","rgWxName":"陈让","rgWxNo":"未设置","rgWxPasswd":"Rmst@7890","rgWxQQ":"未绑定","rgWxStatus":"异常","rgWxWindows":"否","serialno":"72cef2b3","simCountryIso":"cn","simOperator":"46003","simOperatorName":"中国电信","simSerialNumber":"8986117409527827982","simState":5,"subscriberId":"460037230022233","type":0,"typeName":"MOBILE","width":0,"wifiScan":["MERCURY_eebfe3,8c:f2:28:f0:56:88,[WPA2-PSK-CCMP][ESS],-84,2462,2848536712","Netcore_197afe,cc:34:29:3f:f3:36,[WPA-PSK-CCMP][WPA2-PSK-CCMP][WPS][ESS],-80,2412,573726944","MERCURY_2631,e0:4f:bd:f4:2f:1a,[WPA2-PSK-CCMP][ESS],-82,2412,2192737372","Tenda_474374,5c:63:bf:ec:c4:90,[WPA2-PSK-CCMP][WPS][ESS],-82,2412,207677827","Netcore_dc587b,78:a1:06:3c:9f:e4,[WPA-PSK-CCMP][WPA2-PSK-CCMP][WPS][ESS],-90,2412,1813328389"]}