{"BSSID":"e0:01:4e:7d:53:a5","IpAddress":"192.168.9.47","P2p0Mac":"8a:a8:bf:61:26:bb","SSID":"PHICOMM_a143ca","androidId":"e95c4401aa13cf10","batteryLevel":62,"btAddress":"89:21:fc:23:e4:69","btName":"GN5001S","buildAbi":"armeabi-v7a","buildAbi2":"armeabi","buildBoard":"p700","buildBrand":"GiONEE","buildCodename":"REL","buildDescription":"GN5001S-user 5.0 LRX21M b3dfd5b5 release-keys","buildDevice":"GN5001S","buildFingerprint":"GiONEE/GN5001S/GN5001S:5.0/LRX21M/b3dfd5b5:user/release-keys","buildHardware":"qcom","buildHost":"linux-user","buildId":"LRX21M","buildIncremental":"b3dfd5b5","buildManufacturer":"GiONEE","buildModel":"GN5001S","buildName":"GiONEE","buildProduct":"GN5001S","buildRadioVersion":"nnjipxojyx","buildRelease":"5.0","buildSdk":"21","buildSerialno":"33d21447","buildTags":"release-keys","buildType":"user","buildUser":"builder","buildUtc":1482996936399,"cellScan":[],"ci":0,"contacts":["奶奶,13002671942","姑妈,13408086764","外婆,13007128576","外公,15301214026","舅舅,18004099023","舅妈,13503395821","姨父,18704477428","姨娘,15903416924","亲爱的,15608558384","老弟,13502956304","老妹,13490501463","小明,13204663269","小李子,15502743195","王雪,18907148438","Erica Rivera,15303688428","苏悠嵬,18606903619","吴耀,13801441879","焦任游,13705303959","Emily Watkins,13505793380","麻乐界,14708077890","于冠,13403537046","嵇勋盛,13303875043","Kim Baker,18906640008","全野萱,15206066551","杨茜佩,13100487356","胡佑望,15302537839","Helen Shaw,15308268871","李宏,15003426026","王毅敬,15603815763","张进,15603590934","Jean Matthews,13201496216","于逵,13007795658","经利绵,13490160451","卫年,18606163585","Bill Howard,18605030576","贾琦烁,13308602823","张宁,13808088838","于胜景,13506990153","Ann Henderson,13604540961","鲁思学,15701784341","张瑛帅,13006983153","上官午阁,15304854149","John Ward,15302528228","樊耕昱,18006334463","阮求青,15304384942","李禄盈,18908236915","Dennis Crawford,18008552715","甄镜进,15704983120","李举钰,13206130441","杨曜,15601048508","Leo Riley,13205017746"],"cpuName":"MT6735","densityDpi":560,"deviceId":"865459361005384","deviceSvn":"55","displayId":"GN5001S-user 5.0 LRX21M b3dfd5b5 release-keys","extraInfo":"PHICOMM_a143ca","height":0,"hidePkgs":[],"hmNotes":"","hookPkgs":[],"lac":0,"latitude":30.7298029,"line1Number":"18101940447","longitude":103.8972915,"macAddress":"00:9f:06:2a:6b:e4","memAvailable":51100625,"memFree":153301876,"memTotal":204402501,"mnc":"03","networkClass":2,"networkCountryIso":"cn","networkOperator":"46003","networkOperatorName":"中国电信","networkType":6,"networkTypeName":"CDMA - EvDo rev. A","phoneType":2,"rgAndroid":"23","rgAreaode":"86","rgBackupPath":"/storage/emulated/0/.money/backup/20180109/18101940447_20180109.db","rgConNames":[],"rgCountry":"中国","rgDevice":"xiaomiRedmi 4X","rgIp":"119.4.255.23","rgLastLogin":1515548580953,"rgLocation":"四川省成都市 联通","rgNetType":"切换飞行模式","rgOrPhone":"18101940447","rgPhoneNo":"18101940447","rgServer":"飞行模式切换","rgTime":1515478338243,"rgVcode":"尚一品(发码)","rgVersion":"1.6.0","rgWxError":"帐号状态异常，本次登录已失效。请尝试重新登录，并根据弹窗提示操作。","rgWxName":"张情钰","rgWxPasswd":"Rmst@7890","rgWxStatus":"异常","rgWxWindows":"否","serialno":"33d21447","simCountryIso":"cn","simOperator":"46003","simOperatorName":"中国电信","simSerialNumber":"8986061847227626629","simState":5,"subscriberId":"460039734787371","type":1,"typeName":"WIFI","width":0,"wifiScan":["TP-LINK_4ba798,19:25:54:16:7b:00,[WPA2-PSK-CCMP][WPS][ESS],-75,2412,486723034","PHICOMM_58da7b,1c:51:ba:95:04:38,[WPA2-PSK-CCMP][WPS][ESS],-90,2437,2771533830","MERCURY_9dbfe1,c4:af:09:b4:c2:b4,[WPA2-PSK-CCMP][ESS],-73,2437,458865002","Netcore_cad215,fb:71:96:5e:31:65,[WPA2-PSK-CCMP][WPS][ESS],-72,2412,613728184","Netcore_cbfda9,fc:5b:00:a4:b7:89,[WPA-PSK-CCMP][WPA2-PSK-CCMP][WPS][ESS],-80,2462,3218829531","MERCURY_2fcbe3,4a:1a:48:43:e7:dd,[WPA2-PSK-CCMP][WPS][ESS],-76,2462,289863814","Netcore_a649cb,1b:3e:06:7c:8b:99,[WPA-PSK-CCMP][WPA2-PSK-CCMP][WPS][ESS],-73,2437,805833320","iTV-ebad,d2:74:4d:a8:ba:94,[WPA-PSK-CCMP][WPA2-PSK-CCMP][WPS][ESS],-53,2412,1653428366"]}