{"BSSID":"ef:23:f3:d7:c9:7a","IpAddress":"192.168.82.153","P2p0Mac":"50:12:d5:da:df:b3","SSID":"TP-LINK_04387c","androidId":"d907d1e99e4bf875","batteryLevel":84,"btAddress":"f8:d3:c2:24:46:f0","btName":"HM NOTE 1S","buildAbi":"armeabi-v7a","buildAbi2":"armeabi","buildBoard":"p990","buildBrand":"Xiaomi","buildCodename":"REL","buildDescription":"gucci-user 6.0.1 MMB29T f22d0827 release-keys","buildDevice":"gucci","buildFingerprint":"Xiaomi/HM NOTE 1S/gucci:6.0.1/MMB29T/f22d0827:user/release-keys","buildHardware":"qcom","buildHost":"wcc-miui-ota-bd25","buildId":"MMB29T","buildIncremental":"f22d0827","buildManufacturer":"Xiaomi","buildModel":"HM NOTE 1S","buildName":"Xiaomi","buildProduct":"gucci","buildRadioVersion":"abasoryvjhm","buildRelease":"6.0.1","buildSdk":"23","buildSerialno":"9eb968ee","buildTags":"release-keys","buildType":"user","buildUser":"builder","buildUtc":1476420706616,"cellScan":["33312,10463","61717,169176218","33312,98246529","33312,98246274","33042,118243617"],"ci":98246529,"contacts":["奶奶,13306222513","姑妈,18802663480","外婆,13300383105","外公,15502194440","舅舅,18808316679","舅妈,15907935815","姨父,18804347639","姨娘,15800875904","亲爱的,15903995591","老弟,18007941401","老妹,13490290480","小明,15002752462","小李子,13407044501","杨游琴,13903807306","Beatrice Alexander,13603964213","车君同,13490086493","李兴,14703222675","施岳轩,13604022373","Troy Cruz,13505278543","韦良铜,15607943328","刁密悠,15908362750","吉界守,13490432520","Vivian Boyd,18007322917","水帅效,13502046264","王新妙,14707151121","李羡烈,15506621123","Tommy Crawford,15604220490","柯念京,15607280597","张印,13400418013","霍魁任,13490017223","Kim Patterson,13490306833","胡珂珊,13207498970","杨利豪,13306133750","邴悠梧,13408144084","Bradley Willis,15103587792","刁佩阁,15807196086","王胜夜,13401634574","符奎吾,18804951318","Sally Evans,18706965560","吴玮,18708088690","王霖霖,18905140062","陈由印,15704634895","Tony Graham,18806011616","伊怀桐,13008091067","杨扬生,15608503755","路雅韶,18807228117","Brandon Mason,18708738461","羊瑟宽,13704004145","陈贵,15304494391"],"cpuName":"Qualcomm Technologies, Inc MSM8916","densityDpi":320,"deviceId":"860842472045446","deviceSvn":"87","displayId":"gucci-user 6.0.1 MMB29T f22d0827 release-keys","extraInfo":"TP-LINK_04387c","height":0,"hidePkgs":[],"hmNotes":"","hookPkgs":[],"lac":33312,"latitude":30.4119099,"line1Number":"18101766847","longitude":104.119045,"macAddress":"a5:3b:03:25:d2:6b","memAvailable":24063822,"memFree":72191467,"memTotal":96255289,"mnc":"03","networkClass":2,"networkCountryIso":"cn","networkOperator":"46003","networkOperatorName":"中国电信","networkType":6,"networkTypeName":"CDMA - EvDo rev. A","phoneType":2,"rgAndroid":"23","rgAreaode":"86","rgBackupPath":"/storage/emulated/0/.money/backup/20180109/18101766847_20180109.db","rgConNames":[],"rgCountry":"中国","rgDevice":"xiaomiRedmi 4X","rgIp":"101.206.167.199","rgLastLogin":1515548919069,"rgLocation":"四川省 联通","rgNetType":"切换飞行模式","rgOrPhone":"18101766847","rgPhoneNo":"18101766847","rgServer":"飞行模式切换","rgTime":1515481694586,"rgVcode":"尚一品(发码)","rgVersion":"1.6.0","rgWxError":"帐号状态异常，本次登录已失效。请尝试重新登录，并根据弹窗提示操作。","rgWxName":"杨卫善","rgWxPasswd":"Rmst@7890","rgWxStatus":"异常","rgWxWindows":"否","serialno":"9eb968ee","simCountryIso":"cn","simOperator":"46003","simOperatorName":"中国电信","simSerialNumber":"8986035719052282441","simState":5,"subscriberId":"460037705194473","type":1,"typeName":"WIFI","width":0,"wifiScan":["FAST_262749,0c:72:2c:34:07:e4,[WPA-PSK-CCMP][WPA2-PSK-CCMP][ESS],-71,2437,1751432128","Netcore_0cafc1,04:5f:a7:0d:b4:bd,[WPA-PSK-CCMP][WPA2-PSK-CCMP][WPS][ESS],-85,2462,3559729676","TP-LINK_a9e548,28:2c:b2:a6:1e:24,[WPA2-PSK-CCMP][ESS],-50,2437,3014134526","MERCURY_0f42ed,78:eb:14:c1:ae:4a,[WPA2-PSK-CCMP][ESS],-79,2412,267857437","FAST_d0530e,d8:15:0d:57:59:18,[WPA-PSK-CCMP][WPA2-PSK-CCMP][ESS],-90,2412,1632827290"]}