{"BSSID":"0f:87:9b:2e:83:2b","IpAddress":"10.34.48.173","P2p0Mac":"bd:c3:1b:fc:14:ae","SSID":"PHICOMM_cae10d","androidId":"067fe25999d90955","batteryLevel":45,"btAddress":"24:f2:82:fb:2a:dd","btName":"MI 2SC","buildAbi":"armeabi-v7a","buildAbi2":"armeabi","buildBoard":"hummingbird","buildBrand":"Xiaomi","buildCodename":"REL","buildDescription":"aries-user 6.0.1 MMB29T 0c2b06dd release-keys","buildDevice":"aries","buildFingerprint":"Xiaomi/MI 2SC/aries:6.0.1/MMB29T/0c2b06dd:user/release-keys","buildHardware":"qcom","buildHost":"bs213","buildId":"MMB29T","buildIncremental":"0c2b06dd","buildManufacturer":"Xiaomi","buildModel":"MI 2SC","buildName":"Xiaomi","buildProduct":"aries","buildRadioVersion":"oaugpodi","buildRelease":"6.0.1","buildSdk":"23","buildSerialno":"0fef59fe","buildTags":"release-keys","buildType":"user","buildUser":"lgmobile","buildUtc":1479525221262,"cellScan":["33037,117801249","33307,47093","61705,168396605","61705,168375347","33307,37076"],"ci":37076,"contacts":["奶奶,15700828491","姑妈,14706022286","外婆,13300183808","外公,18705786402","舅舅,18602374298","舅妈,13490425558","姨父,15205361903","姨娘,15708825340","亲爱的,18706412270","老弟,14702723477","老妹,15305506188","小明,15101211945","小李子,13490574634","余康译,13602267853","Kyle Hernandez,13605203967","封旭图,15507953800","陈卫汉,18900457998","裘游贤,18608870954","Ricardo Sanders,18604223471","平稼况,13490690493","李木,13701810805","张明旺,18906046962","Bertha Ramos,18001531833","李雪演,15702578351","杨筱,15306631807","黄行佳,15802257144","Corey Lopez,15800197799","羊木妙,13490313335","王欢荃,13708187334","许麟全,15002780393","Bernard Watson,13404417270","余津,15702632936","孔素景,15802614677","仰实伟,15503720670","Joseph Armstrong,13001409030","平若岩,15106843999","余毅,13103406566","邱涂求,18803228083","Dawn Gonzalez,18700780857","吴荣,13205627561","姜雅绵,15602221839"],"cpuName":"MI 2","densityDpi":240,"deviceId":"867584292061475","deviceSvn":"12","displayId":"aries-user 6.0.1 MMB29T 0c2b06dd release-keys","extraInfo":"ctnet","height":0,"hidePkgs":[],"hmNotes":"","hookPkgs":[],"lac":33307,"latitude":30.8116758,"line1Number":"18116120941","longitude":103.8688411,"macAddress":"1b:16:ff:33:62:d1","memAvailable":5479663182,"memFree":10959326366,"memTotal":16438989548,"mnc":"03","networkClass":3,"networkCountryIso":"cn","networkOperator":"46003","networkOperatorName":"中国电信","networkType":13,"networkTypeName":"LTE","phoneType":2,"rgAndroid":"23","rgAreaode":"86","rgConNames":["上善若水","乐罗镜"],"rgConsize":"2","rgCountry":"中国","rgDevice":"xiaomiRedmi 4X","rgIp":"101.206.166.250","rgLastLogin":1516243826231,"rgLocation":"四川省 联通","rgNetType":"切换飞行模式","rgOrPhone":"18116120941","rgPhoneNo":"18116120941","rgServer":"飞行模式切换","rgTime":1515480380150,"rgVcode":"尚一品(发码)","rgVersion":"1.6.0","rgWxEmail":"未绑定","rgWxError":"该微信帐号因批量或者使用非法软件注册被限制登录，如需继续使用，请轻触“确定”申请解除限制。","rgWxName":"乐罗镜","rgWxNo":"未设置","rgWxPasswd":"Rmst@7890","rgWxQQ":"未绑定","rgWxStatus":"异常","rgWxWindows":"否","serialno":"0fef59fe","simCountryIso":"cn","simOperator":"46003","simOperatorName":"中国电信","simSerialNumber":"898530721706367489371","simState":5,"subscriberId":"460038493257405","type":0,"typeName":"MOBILE","width":0,"wifiScan":["FAST_da8dc7,6c:e8:73:3d:49:36,[WPA2-PSK-CCMP][WPS][ESS],-94,2412,518188213","Tenda_497326,54:35:30:74:b6:6d,[WPA-PSK-CCMP][WPA2-PSK-CCMP][ESS],-56,2462,217685299","FAST_8da7,8c:f2:28:49:a0:8a,[WPA-PSK-CCMP][WPA2-PSK-CCMP][ESS],-95,2437,3434738225","FAST_2154cf,28:2c:b2:64:5f:f4,[WPA2-PSK-CCMP][ESS],-77,2437,1477036377","MERCURY_20537b,c0:61:18:81:21:d2,[WPA-PSK-CCMP][WPA2-PSK-CCMP][ESS],-75,2427,1103236867"]}