{"BSSID":"9b:fa:97:1b:b8:24","IpAddress":"192.168.88.219","P2p0Mac":"2f:7c:54:c9:08:38","SSID":"MERCURY_a21498","androidId":"da1dc0abc6142eee","batteryLevel":84,"btAddress":"43:b2:ab:f0:42:ff","btName":"HM NOTE 1S","buildAbi":"armeabi-v7a","buildAbi2":"armeabi","buildBoard":"encore","buildBrand":"Xiaomi","buildCodename":"REL","buildDescription":"HM NOTE 1S-user 7.1.2 NMF26Q ee19c6d8 release-keys","buildDevice":"HM NOTE 1S","buildFingerprint":"Xiaomi/HM NOTE 1S/HM NOTE 1S:7.1.2/NMF26Q/ee19c6d8:user/release-keys","buildHardware":"qcom","buildHost":"mz-buider-4","buildId":"NMF26Q","buildIncremental":"ee19c6d8","buildManufacturer":"Xiaomi","buildModel":"HM NOTE 1S","buildName":"Xiaomi","buildProduct":"HM NOTE 1S","buildRadioVersion":"wuesmart","buildRelease":"7.1.2","buildSdk":"25","buildSerialno":"a4cf9df9","buildTags":"release-keys","buildType":"user","buildUser":"buildHost","buildUtc":1490266187948,"cellScan":[],"ci":0,"contacts":["奶奶,13705475776","姑妈,15206513189","外婆,15508694309","外公,13804725901","舅舅,13708077725","舅妈,13106061976","姨父,15703163986","姨娘,15300872695","亲爱的,13101397173","老弟,13704690920","老妹,15004905595","小明,15002802631","小李子,14702217518","松水梁,18906326765","Jacqueline Hudson,18908197477","李秋,13905450989","余景,13503058648","屈夜洋,13708551262","Christopher Kelley,13707321206","王吉新,13802537848","杨杭,18702325654","马晟露,15907273356","Yolanda James,15001833422","王三,13903491077","屈绣秀,13508678324","景余万,15602305860","Carol Brooks,18603465141","倪逵恒,13605586951","王联曜,18803411759","吴虹,15800921397","Yolanda Grant,15105546269","包雨琦,13307283824","李昆,15701852602","王魄露,15106295730","Nicholas Snyder,15806713923","杨儒茂,15601631544","焦郡向,18806756932","堪礼谦,18003793832","Dawn Barnes,18906491430","张露良,18708365415","张效,18603225335","于律游,15607106037","Anna Diaz,13201685636","伍绍桐,14704696146","吕万禄,13400304028","于坚棠,13490733409","Jamie Hudson,13490087416","罗保铁,18906445811"],"cpuName":"Qualcomm Technologies, Inc MSM8916","densityDpi":480,"deviceId":"860314025515994","deviceSvn":"44","displayId":"HM NOTE 1S-user 7.1.2 NMF26Q ee19c6d8 release-keys","extraInfo":"MERCURY_a21498","height":0,"hidePkgs":[],"hmNotes":"","hookPkgs":[],"lac":0,"latitude":30.6218041,"line1Number":"18116254647","longitude":104.3944051,"macAddress":"83:19:83:1b:b6:a9","memAvailable":172029755,"memFree":344059511,"memTotal":516089266,"mnc":"03","networkClass":2,"networkCountryIso":"cn","networkOperator":"46003","networkOperatorName":"中国电信","networkType":12,"networkTypeName":"CDMA - EvDo rev. B","phoneType":2,"rgAndroid":"23","rgAreaode":"86","rgBackupPath":"/storage/emulated/0/.money/backup/20180109/18116254647_20180109.db","rgConNames":[],"rgCountry":"中国","rgDevice":"xiaomiRedmi 4X","rgIp":"119.4.254.60","rgLastLogin":1515549118896,"rgLocation":"四川省成都市 联通","rgNetType":"切换飞行模式","rgOrPhone":"18116254647","rgPhoneNo":"18116254647","rgServer":"飞行模式切换","rgTime":1515486437165,"rgVcode":"尚一品(发码)","rgVersion":"1.6.0","rgWxError":"帐号状态异常，本次登录已失效。请尝试重新登录，并根据弹窗提示操作。","rgWxName":"陈夏麟","rgWxPasswd":"Rmst@7890","rgWxStatus":"异常","rgWxWindows":"否","serialno":"a4cf9df9","simCountryIso":"cn","simOperator":"46003","simOperatorName":"中国电信","simSerialNumber":"898530787868282592682","simState":5,"subscriberId":"460036336231330","type":1,"typeName":"WIFI","width":0,"wifiScan":["PHICOMM_1cbee1,4e:ce:85:95:d8:f6,[WPA-PSK-CCMP][WPA2-PSK-CCMP][ESS],-67,2437,195630060","TP-LINK_6a8436,08:7e:6f:56:86:95,[WPA2-PSK-CCMP][ESS],-74,2437,3495626443","MERCURY_1548,ee:74:04:41:d3:06,[WPA2-PSK-CCMP][WPS][ESS],-82,2457,287173094","Netcore_0f2154,7f:f0:4d:21:a5:6c,[WPA2-PSK-CCMP][WPS][ESS],-58,2462,1173826842","FAST_9dc142,74:ca:76:bf:de:9b,[WPA-PSK-CCMP][WPA2-PSK-CCMP][WPS][ESS],-78,2462,320980633","Netcore_649848,76:df:44:03:7c:b1,[WPA-PSK-CCMP][WPA2-PSK-CCMP][WPS][ESS],-87,2437,3051828413"]}