{"BSSID":"d3:a8:0e:0f:7f:4f","IpAddress":"10.18.34.107","P2p0Mac":"58:29:48:26:32:cc","SSID":"Netcore_a8b97a","androidId":"2eeeff3000ec1d95","batteryLevel":30,"btAddress":"60:d5:2c:0d:56:c4","btName":"m1 note","buildAbi":"armeabi-v7a","buildAbi2":"armeabi","buildBoard":"AWIFI","buildBrand":"Meizu","buildCodename":"REL","buildDescription":"m1note-user 6.0.1 MMB29T ec605a9e release-keys","buildDevice":"m1note","buildFingerprint":"Meizu/m1 note/m1note:6.0.1/MMB29T/ec605a9e:user/release-keys","buildHardware":"qcom","buildHost":"huawei-server-05","buildId":"MMB29T","buildIncremental":"ec605a9e","buildManufacturer":"Meizu","buildModel":"m1 note","buildName":"Meizu","buildProduct":"m1note","buildRadioVersion":"hzuurekqtrmx","buildRelease":"6.0.1","buildSdk":"23","buildSerialno":"78489d88","buildTags":"release-keys","buildType":"user","buildUser":"jenkins","buildUtc":1502343020798,"cellScan":["61731,178062785","33034,49504","61731,170023156","33061,52922","61731,170108203"],"ci":49504,"contacts":["奶奶,15605556142","姑妈,15508410646","外婆,18901053042","外公,15604806954","舅舅,13703068819","舅妈,18705648876","姨父,15000830687","姨娘,18903470281","亲爱的,15100607551","老弟,13406959053","老妹,15006350243","小明,13000210873","小李子,18803824074","杨伊怡,15208111459","Douglas Gardner,15104543154","龙儒情,13403384380","苗室彦,13706043594","邬镜芹,13204982018","Tim Roberts,15608504713","许午炬,18606047001","米仁室,13803996694","于景,13200863659","Judy Franklin,13007226772","余演界,13302742729","华能净,18800943542","顾微虹,18005690605","Grace Griffin,18004565050","龙昱联,13808801827","余璐良,15907286799","于耕,13704213002","Margaret Webb,13500142595","吴信,15608413193","杨耕,18706278917","张松衔,18600164118","Wendy Griffin,13201581966","杨同,13401323887","于颖森,15308378963","陶郡铜,13704434501","Tyler Grant,13504433125","夏权献,18901782325","谈嘉乾,13701642254","秋节如,15701795842","William Gray,18704357847"],"cpuName":"MT6752","densityDpi":240,"deviceId":"860617213273295","deviceSvn":"30","displayId":"m1note-user 6.0.1 MMB29T ec605a9e release-keys","extraInfo":"3gwap","height":0,"hidePkgs":[],"hmNotes":"","hookPkgs":[],"lac":33034,"latitude":30.734682,"line1Number":"18121251742","longitude":104.3919432,"macAddress":"90:ae:fa:44:05:70","memAvailable":5479618043,"memFree":10959236087,"memTotal":16438854130,"mnc":"03","networkClass":3,"networkCountryIso":"cn","networkOperator":"46003","networkOperatorName":"中国电信","networkType":13,"networkTypeName":"LTE","phoneType":2,"rgAndroid":"23","rgAreaode":"86","rgBackupPath":"/storage/emulated/0/.money/backup/20180109/18121251742_20180109.db","rgConNames":[],"rgCountry":"中国","rgDevice":"xiaomiRedmi 4X","rgIp":"101.206.167.247","rgLastLogin":1515549184936,"rgLocation":"四川省 联通","rgNetType":"切换飞行模式","rgOrPhone":"18121251742","rgPhoneNo":"18121251742","rgServer":"飞行模式切换","rgTime":1515487023617,"rgVcode":"尚一品(发码)","rgVersion":"1.6.0","rgWxError":"帐号状态异常，本次登录已失效。请尝试重新登录，并根据弹窗提示操作。","rgWxName":"王晟译","rgWxPasswd":"Rmst@7890","rgWxStatus":"异常","rgWxWindows":"否","serialno":"78489d88","simCountryIso":"cn","simOperator":"46003","simOperatorName":"中国电信","simSerialNumber":"8986066125165764994","simState":5,"subscriberId":"460035091518752","type":0,"typeName":"MOBILE","width":0,"wifiScan":["Netcore_35476b,1c:fa:68:1a:48:b8,[WPA2-PSK-CCMP][ESS],-89,2462,1287732349","Tenda_37b9dc,64:3a:b1:84:28:6a,[WPA-PSK-CCMP][WPA2-PSK-CCMP][WPS][ESS],-94,2437,1031337960","TP-LINK_fd10,8c:f2:28:ab:5c:38,[WPA-PSK-CCMP][WPA2-PSK-CCMP][ESS],-63,2437,602526581","FAST_559632,6c:59:40:3d:89:5e,[WPA-PSK-CCMP][WPA2-PSK-CCMP][ESS],-86,2447,2067135970","FAST_a954,f4:b8:a7:72:45:3c,[WPA-PSK-CCMP][WPA2-PSK-CCMP][WPS][ESS],-71,2427,322164008"]}