{"BSSID":"0d:38:4b:f2:0e:e8","IpAddress":"10.95.39.207","P2p0Mac":"ad:3d:98:af:47:39","SSID":"PHICOMM_1fb0f2","androidId":"141446c5a2f04412","batteryLevel":64,"btAddress":"d9:95:02:ff:cf:6c","btName":"OD103","buildAbi":"armeabi-v7a","buildAbi2":"armeabi","buildBoard":"pyramid","buildBrand":"SMARTISAN","buildCodename":"REL","buildDescription":"odin-user 7.0.0 NRD90M dd78463c release-keys","buildDevice":"odin","buildFingerprint":"SMARTISAN/OD103/odin:7.0.0/NRD90M/dd78463c:user/release-keys","buildHardware":"qcom","buildHost":"Android-server","buildId":"NRD90M","buildIncremental":"dd78463c","buildManufacturer":"smartisan","buildModel":"OD103","buildName":"SMARTISAN","buildProduct":"odin","buildRadioVersion":"tqofjcfadocx","buildRelease":"7.0.0","buildSdk":"24","buildSerialno":"16c56c71","buildTags":"release-keys","buildType":"user","buildUser":"MarkBuild","buildUtc":1463359765963,"cellScan":["61729,169957331","61712,168870201","33038,117999137","61729,169984310","61729,169984313"],"ci":168870201,"contacts":["奶奶,15900571987","姑妈,18603391803","外婆,15806915254","外公,13206684158","舅舅,15305592068","舅妈,15105503114","姨父,13703456869","姨娘,13004303512","亲爱的,15005033897","老弟,13907216359","老妹,15906323671","小明,13802571878","小李子,13308171933","李生商,18702735633","Paul Kennedy,14703710261","鲁朔协,13306951867","谢阳星,18601522679","李心欣,13490342390","Terry Rice,13490524415","张宫,15107602171","康隆雍,13508860011","杨贺善,13103570192","Louis Davis,15507705755","梅泰硕,13490185826","郝同意,15903352250","柯涂荣,15800718256","Leonard Armstrong,13405804826","郗薇祥,15702176990","李伟团,13701326385","顾孝广,13804036457","Roger Peters,13500260934","陈由升,13701515408","吴炬顺,15608718124","卜魁汉,13907470372","Harry Webb,13703764439","吴界嵬,15605182405","李霖午,13490518711","慕容铁心,15007747110","Brittany Young,15103951719","陈苡,13490732738","李佳露,14701023117","席佳超,15601946474","Gordon Dixon,13106036290","王魄,13502901982"],"cpuName":"Qualcomm Technologies, Inc MSM8953Pro","densityDpi":240,"deviceId":"860889710860466","deviceSvn":"61","displayId":"odin-user 7.0.0 NRD90M dd78463c release-keys","extraInfo":"ctlte","height":0,"hidePkgs":[],"hmNotes":"","hookPkgs":[],"lac":61712,"latitude":30.6691403,"line1Number":"18121315443","longitude":103.8095174,"macAddress":"42:bb:d3:62:e0:aa","memAvailable":172066852,"memFree":344133705,"memTotal":516200557,"mnc":"03","networkClass":3,"networkCountryIso":"cn","networkOperator":"46003","networkOperatorName":"中国电信","networkType":13,"networkTypeName":"LTE","phoneType":2,"rgAndroid":"23","rgAreaode":"86","rgBackupPath":"/storage/emulated/0/.money/backup/20180109/18121315443_20180109.db","rgConNames":[],"rgCountry":"中国","rgDevice":"xiaomiRedmi 4X","rgIp":"101.206.167.148","rgLastLogin":1515548850420,"rgLocation":"四川省 联通","rgNetType":"切换飞行模式","rgOrPhone":"18121315443","rgPhoneNo":"18121315443","rgServer":"飞行模式切换","rgTime":1515481289692,"rgVcode":"尚一品(发码)","rgVersion":"1.6.0","rgWxError":"帐号状态异常，本次登录已失效。请尝试重新登录，并根据弹窗提示操作。","rgWxName":"范闻利","rgWxPasswd":"Rmst@7890","rgWxStatus":"异常","rgWxWindows":"否","serialno":"16c56c71","simCountryIso":"cn","simOperator":"46003","simOperatorName":"中国电信","simSerialNumber":"8986117873537399136","simState":5,"subscriberId":"460035145983444","type":0,"typeName":"MOBILE","width":0,"wifiScan":["TP-LINK_1a9658,c0:61:18:bc:42:4a,[WPA-PSK-CCMP][WPA2-PSK-CCMP][WPS][ESS],-79,2462,346948088","MERCURY_eafe20,74:a7:8e:b2:72:53,[WPA2-PSK-CCMP][WPS][ESS],-82,2412,844534259","TP-LINK_0f4154,c8:e7:d8:d1:96:76,[WPA2-PSK-CCMP][WPS][ESS],-76,2462,624034541","Tenda_9da7ca,74:e5:0b:1d:ba:41,[WPA2-PSK-CCMP][WPS][ESS],-91,2437,1459636194","TP-LINK_d20487,ec:26:ca:3b:ab:78,[WPA-PSK-CCMP][WPA2-PSK-CCMP][ESS],-85,2437,2998128139"]}