{"BSSID":"b8:cd:46:47:74:ef","IpAddress":"10.63.35.76","P2p0Mac":"ac:a3:96:39:d7:59","SSID":"TP-LINK_2e2142","androidId":"3dcdf8c49949700c","batteryLevel":60,"btAddress":"53:fc:7d:21:d7:6a","btName":"Redmi 4","buildAbi":"armeabi-v7a","buildAbi2":"armeabi","buildBoard":"steelhead","buildBrand":"Xiaomi","buildCodename":"REL","buildDescription":"Redmi 4-user 5.0 LRX21M 78f9c248 release-keys","buildDevice":"Redmi 4","buildFingerprint":"Xiaomi/Redmi 4/Redmi 4:5.0/LRX21M/78f9c248:user/release-keys","buildHardware":"qcom","buildHost":"mz-buider-2","buildId":"LRX21M","buildIncremental":"78f9c248","buildManufacturer":"Xiaomi","buildModel":"Redmi 4","buildName":"Xiaomi","buildProduct":"Redmi 4","buildRadioVersion":"dtqpmwsp","buildRelease":"5.0","buildSdk":"21","buildSerialno":"b8538a84","buildTags":"release-keys","buildType":"user","buildUser":"Server","buildUtc":1506993994377,"cellScan":[],"ci":0,"contacts":["奶奶,15703337979","姑妈,18804398077","外婆,13705345080","外公,15808613657","舅舅,15808835340","舅妈,15902614070","姨父,13204324129","姨娘,15707882234","亲爱的,18801690018","老弟,15202128170","老妹,13490860072","小明,13207179064","小李子,13000086971","杨瑕,18903578325","Jose Brown,18904251786","计礼孝,13308836579","荣商悠,15308405122","缪军时,13207794037","Fred Edwards,18604109091","席嘉胜,15708568681","富昆绣,18808351009","杨昆,18904346087","Manuel Sullivan,18003997846","唐影胜,18003184149","毕石友,13703277442","钭木蔚,13204565261","Fred Webb,15507174809","李然,14708050068","李冠,13807323483","李钰实,15008376962","Ethel Armstrong,15002026618","娄薇木,15800893239","王生善,15300842589","危骏炎,13300158645","Roy Gibson,13490001484","王石,15807486520","宣享友,15308537016","张彦建,15902625331","Michelle Fox,15205133742","王情涂,18908013732","厉信遇,18005387450","杨土,18002168555","Roberto Hunter,18900518213","吴芹骏,18802262601","穆实倩,18007931614","庞况校,13001071089","Kathryn Garcia,13107556428"],"cpuName":"Qualcomm Technologies, Inc MSM8953","densityDpi":560,"deviceId":"863408868706236","deviceSvn":"60","displayId":"Redmi 4-user 5.0 LRX21M 78f9c248 release-keys","extraInfo":"3gnet","height":0,"hidePkgs":[],"hmNotes":"","hookPkgs":[],"lac":0,"latitude":30.7676585,"line1Number":"18121137409","longitude":104.3887949,"macAddress":"88:09:39:33:84:d9","memAvailable":5479563628,"memFree":10959127257,"memTotal":16438690885,"mnc":"03","networkClass":2,"networkCountryIso":"cn","networkOperator":"46003","networkOperatorName":"中国电信","networkType":5,"networkTypeName":"CDMA - EvDo rev. 0","phoneType":2,"rgAndroid":"23","rgAreaode":"86","rgBackupPath":"/storage/emulated/0/.money/backup/20180109/18121137409_20180109.db","rgConNames":[],"rgCountry":"中国","rgDevice":"xiaomiRedmi 4X","rgIp":"119.4.255.212","rgLastLogin":1515548782867,"rgLocation":"四川省成都市 联通","rgNetType":"切换飞行模式","rgOrPhone":"18121137409","rgPhoneNo":"18121137409","rgServer":"飞行模式切换","rgTime":1515480794629,"rgVcode":"尚一品(发码)","rgVersion":"1.6.0","rgWxError":"帐号状态异常，本次登录已失效。请尝试重新登录，并根据弹窗提示操作。","rgWxName":"左夏虹","rgWxPasswd":"Rmst@7890","rgWxStatus":"异常","rgWxWindows":"否","serialno":"b8538a84","simCountryIso":"cn","simOperator":"46003","simOperatorName":"中国电信","simSerialNumber":"8986118372639108082","simState":5,"subscriberId":"460038189221644","type":0,"typeName":"MOBILE","width":0,"wifiScan":["PHICOMM_09ba75,e7:68:15:5e:18:f8,[WPA-PSK-CCMP][WPA2-PSK-CCMP][ESS],-74,2462,2393730902","MERCURY_1032,4b:2c:b4:b7:16:29,[WPA-PSK-TKIP+CCMP][WPA2-PSK-TKIP+CCMP][ESS],-72,2462,192524069","MERCURY_e31549,1a:1e:23:6f:cb:87,[WPA2-PSK-CCMP][WPS][ESS],-93,2412,2662437205","MERCURY_d0fc9e,25:f8:69:8f:dc:f0,[WPA2-PSK-CCMP][WPS][ESS],-95,2437,3275329513","MERCURY_dbfeba,f3:5a:32:cd:1f:10,[WPA2-PSK-CCMP][ESS],-93,2437,3189628743","TP-LINK_96587b,1d:ec:d1:de:fa:84,[WPA2-PSK-CCMP][WPS][ESS],-79,2412,2895333137","PHICOMM_c0420e,07:8f:b5:59:f4:d4,[WPA2-PSK-CCMP][WPS][ESS],-52,2437,210768854"]}