{"BSSID":"6e:20:9e:8c:e7:9c","IpAddress":"192.168.82.12","P2p0Mac":"00:b8:a4:8a:e3:9d","SSID":"Netcore_373265","androidId":"c86986e8b3b8f2bc","batteryLevel":37,"btAddress":"cc:c1:bd:09:b7:02","btName":"m1 note","buildAbi":"armeabi-v7a","buildAbi2":"armeabi","buildBoard":"hammerhead","buildBrand":"Meizu","buildCodename":"REL","buildDescription":"m1note-user 7.0.0 NRD90M 113473e9 release-keys","buildDevice":"m1note","buildFingerprint":"Meizu/m1 note/m1note:7.0.0/NRD90M/113473e9:user/release-keys","buildHardware":"qcom","buildHost":"Android-server","buildId":"NRD90M","buildIncremental":"113473e9","buildManufacturer":"Meizu","buildModel":"m1 note","buildName":"Meizu","buildProduct":"m1note","buildRadioVersion":"wjczlujxegbbn","buildRelease":"7.0.0","buildSdk":"24","buildSerialno":"ebab751e","buildTags":"release-keys","buildType":"user","buildUser":"MarkBuild","buildUtc":1499367971359,"cellScan":[],"ci":0,"contacts":["奶奶,15204086381","姑妈,15504562005","外婆,13490155448","外公,18800321111","舅舅,13800225786","舅妈,13901124357","姨父,13308492096","姨娘,18803452012","亲爱的,13902273826","老弟,18000121832","老妹,15601642607","小明,15106933798","小李子,15700704768","杨思绣,18905816735","Jeanne Martin,13490654717","陈儒,18000274466","卜轩谷,13104533440","高翰业,13901440548","Jerry Graham,13703349091","窦新瑞,13607854608","梅昱水,18008633599","王阔翔,15002152046","Helen Miller,15904557687","李凇享,13808514108","厉驹双,15001624991","吴卫,13600014500","Vernon Palmer,13706090107","莫超隆,15801304637","石逵永,18807023952","柏仕让,13302495451","Ida Ruiz,18000487036","王升,13204632665","吴嘉如,13204777601","王时,13903828490","Kristen Sanders,13706171886","厉孝汉,18802010352","傅情英,15205435755","暴棠土,18002060950","Beverly Harper,13490102164","杨庞念,18803830791","王渠璞,15106091608","经石瑜,13206793827","Billy Clark,13005143520"],"cpuName":"MT6752","densityDpi":480,"deviceId":"864543486099165","deviceSvn":"66","displayId":"m1note-user 7.0.0 NRD90M 113473e9 release-keys","extraInfo":"Netcore_373265","height":0,"hidePkgs":[],"hmNotes":"","hookPkgs":[],"lac":0,"latitude":30.442841,"line1Number":"18280410605","longitude":104.3229911,"macAddress":"a4:d8:2b:0f:15:d3","memAvailable":4109711444,"memFree":12329134335,"memTotal":16438845779,"mnc":"00","networkClass":3,"networkCountryIso":"cn","networkOperator":"46007","networkOperatorName":"中国移动","networkType":13,"networkTypeName":"LTE","phoneType":1,"rgAndroid":"23","rgAreaode":"86","rgBackupPath":"/storage/emulated/0/.money/backup/20180109/18280410605_20180109.db","rgConNames":[],"rgCountry":"中国","rgDevice":"xiaomiRedmi 4X","rgIp":"119.4.255.224","rgLastLogin":1515569048395,"rgLocation":"四川省成都市 联通","rgNetType":"切换飞行模式","rgOrPhone":"18280410605","rgPhoneNo":"18280410605","rgServer":"飞行模式切换","rgTime":1515493133882,"rgVcode":"玉米(发码)","rgVersion":"1.6.0","rgWxError":"帐号状态异常，本次登录已失效。请尝试重新登录，并根据弹窗提示操作。","rgWxName":"李津","rgWxPasswd":"Rmst@7890","rgWxStatus":"异常","rgWxWindows":"否","serialno":"ebab751e","simCountryIso":"cn","simOperator":"46007","simOperatorName":"中国移动","simSerialNumber":"8986023215794914627","simState":5,"subscriberId":"460071353371501","type":1,"typeName":"WIFI","width":0,"wifiScan":["Tenda_9597ba,7e:2e:9b:ef:8d:44,[WPA2-PSK-CCMP][WPS][ESS],-89,2462,3406830128","PHICOMM_8bbe21,aa:55:40:3b:81:18,[WPA2-PSK-CCMP][WPS][ESS],-50,2412,2892528884","PHICOMM_5a9d0f,b4:b4:b5:6a:67:c2,[WPA2-PSK-CCMP][WPS][ESS],-92,2462,448382068","PHICOMM_549632,1d:b2:19:2d:fc:27,[WPA-PSK-CCMP][WPA2-PSK-CCMP][WPS][ESS],-91,2412,3106533653","Netcore_21ec0e,15:79:f7:41:77:9d,[WPA2-PSK-CCMP][ESS],-88,2472,2528828916","TP-LINK_105d,05:0b:d9:b0:a3:c0,[WPA2-PSK-CCMP][ESS],-88,2437,347908007","PHICOMM_9598cb,fb:7f:5c:21:8b:2e,[WPA2-PSK-CCMP][WPS][ESS],-77,2462,342201934","MERCURY_053f32,1b:88:bc:b7:03:31,[WPA2-PSK-CCMP][WPS][ESS],-71,2437,267984380"]}