{"BSSID":"6d:64:86:79:ee:64","IpAddress":"192.168.52.251","P2p0Mac":"87:24:d6:7f:87:62","SSID":"PHICOMM_ec0e3f","androidId":"b010ecd5de9ffd9a","batteryLevel":83,"btAddress":"ec:ee:fc:0d:a9:e3","btName":"MI 5","buildAbi":"armeabi-v7a","buildAbi2":"armeabi","buildBoard":"p880","buildBrand":"Xiaomi","buildCodename":"REL","buildDescription":"gemini-user 6.0.1 MMB29T 720e55cf release-keys","buildDevice":"gemini","buildFingerprint":"Xiaomi/MI 5/gemini:6.0.1/MMB29T/720e55cf:user/release-keys","buildHardware":"qcom","buildHost":"Android-server","buildId":"MMB29T","buildIncremental":"720e55cf","buildManufacturer":"Xiaomi","buildModel":"MI 5","buildName":"Xiaomi","buildProduct":"gemini","buildRadioVersion":"enfdynnz","buildRelease":"6.0.1","buildSdk":"23","buildSerialno":"f1cc4025","buildTags":"release-keys","buildType":"user","buildUser":"builder","buildUtc":1456687695692,"cellScan":["33301,56582","33301,97261189","33301,134669316","61729,169973379","33038,118701856"],"ci":134669316,"contacts":["奶奶,13700502804","姑妈,18002530662","外婆,13506114107","外公,18902267065","舅舅,13900603955","舅妈,15201921617","姨父,18706980385","姨娘,13402462577","亲爱的,14708698450","老弟,15606390100","老妹,13908100803","小明,15502951159","小李子,13490321077","李异国,18708163398","Sally Diaz,18803000690","张仕,15507215326","李轩阔,15706418309","安隆图,15707726297","Gail Coleman,14703784852","张古,13507381990","祖灵古,15307751940","巫如巍,14707018208","Margaret Freeman,18702202844","戎让骏,18904834717","高翰吉,13504070622","张裕立,15304323000","Debbie Perez,13307407779","杨锦,13901281969","张举伟,15908124910","李贺,15705808806","Darrell Campbell,18700634663","陈伊,13490359723","傅洋友,14704583575","吴悠,13403132176","Corey Lewis,15106032699","上官杭稼,15802966273","王律,13505353004","程星协,13707805696","Lorraine Carpenter,13508423802","李霖炫,18800231248","巫信苡,18801183989","杨霖,18005717252","Steven Alexander,13490075089","焦力昱,13607352082","杨节瑜,13907310305","全楷奇,15607096661","Susan Hunter,13100667411"],"cpuName":"Qualcomm Technologies, Inc MSM8996","densityDpi":320,"deviceId":"860786060863340","deviceSvn":"49","displayId":"gemini-user 6.0.1 MMB29T 720e55cf release-keys","extraInfo":"PHICOMM_ec0e3f","height":0,"hidePkgs":[],"hmNotes":"","hookPkgs":[],"lac":33301,"latitude":30.750441,"line1Number":"18302846344","longitude":103.7958039,"macAddress":"93:b0:15:02:d6:e5","memAvailable":701592195,"memFree":2104776585,"memTotal":2806368780,"mnc":"00","networkClass":3,"networkCountryIso":"cn","networkOperator":"46000","networkOperatorName":"中国移动","networkType":13,"networkTypeName":"LTE","phoneType":1,"rgAndroid":"23","rgAreaode":"86","rgBackupPath":"/storage/emulated/0/.money/backup/20180109/18302846344_20180109.db","rgConNames":[],"rgCountry":"中国","rgDevice":"xiaomiRedmi 4X","rgIp":"101.206.167.166","rgLastLogin":1515549251397,"rgLocation":"四川省 联通","rgNetType":"切换飞行模式","rgOrPhone":"18302846344","rgPhoneNo":"18302846344","rgServer":"飞行模式切换","rgTime":1515489348543,"rgVcode":"玉米(发码)","rgVersion":"1.6.0","rgWxError":"帐号状态异常，本次登录已失效。请尝试重新登录，并根据弹窗提示操作。","rgWxName":"李礼卿","rgWxPasswd":"Rmst@7890","rgWxStatus":"异常","rgWxWindows":"否","serialno":"f1cc4025","simCountryIso":"cn","simOperator":"46000","simOperatorName":"中国移动","simSerialNumber":"8986022920755832547","simState":5,"subscriberId":"460001372751740","type":1,"typeName":"WIFI","width":0,"wifiScan":["PHICOMM_a8cb0f,20:89:86:b2:33:7a,[WPA-PSK-CCMP][WPA2-PSK-CCMP][WPS][ESS],-93,2462,3128237847","FAST_431f,78:eb:14:8a:7c:60,[WPA2-PSK-CCMP][WPS][ESS],-59,2412,712631830","Netcore_aaeca9,6c:59:40:03:1d:98,[WPA2-PSK-CCMP][ESS],-75,2437,605927763","FAST_486ca7,ec:26:ca:15:2c:b2,[WPA-PSK-CCMP][WPA2-PSK-CCMP][WPS][ESS],-84,2462,521993595","Netcore_765a8c,38:46:08:c0:14:fb,[WPA-PSK-CCMP][WPA2-PSK-CCMP][WPS][ESS],-81,2412,393132445"]}