{"BSSID":"4b:2e:ee:c3:69:6c","IpAddress":"192.168.53.80","P2p0Mac":"ef:be:c3:fb:c2:52","SSID":"Netcore_2f3fe2","androidId":"0abcb9d20b29b99c","batteryLevel":76,"btAddress":"69:d7:54:02:67:49","btName":"MI 5","buildAbi":"armeabi-v7a","buildAbi2":"armeabi","buildBoard":"p930","buildBrand":"Xiaomi","buildCodename":"REL","buildDescription":"gemini-user 6.0.1 MMB29T f0efa6cc release-keys","buildDevice":"gemini","buildFingerprint":"Xiaomi/MI 5/gemini:6.0.1/MMB29T/f0efa6cc:user/release-keys","buildHardware":"qcom","buildHost":"qh-miui-ota-bd54","buildId":"MMB29T","buildIncremental":"f0efa6cc","buildManufacturer":"Xiaomi","buildModel":"MI 5","buildName":"Xiaomi","buildProduct":"gemini","buildRadioVersion":"kfhuiimul","buildRelease":"6.0.1","buildSdk":"23","buildSerialno":"aa30558a","buildTags":"release-keys","buildType":"user","buildUser":"buildHost","buildUtc":1481888968783,"cellScan":[],"ci":0,"contacts":["奶奶,13506261117","姑妈,13206478981","外婆,13607047953","外公,15708860856","舅舅,13503478034","舅妈,15703378222","姨父,15803754519","姨娘,15603073021","亲爱的,13707298975","老弟,13000428213","老妹,13804396932","小明,13704366259","小李子,13904780191","杨勋,14701906332","Ruby Gray,18706523662","李钰,15208352684","柳协瑜,15702776583","汤业荣,13490846333","Jay Diaz,18902077968","王可,18702321888","陈驹顺,13707512368","汲芹颖,13704565443","Gail Clark,13506421117","粱利芹,13206182574","于力倩,13306774990","李许,15104028388","Holly Reynolds,15801992288","戚虎镜,13908104311","常古添,15506117790","陈兴校,13705730093","Edwin Myers,13804427290","滕礼瑛,15203212986","吴念,18000585649","鲁律石,13106298673","Gordon Campbell,15504937163","宋竞京,13501086927","王夏妙,13008130459","杨悠秋,15700473259","Jeffrey Harrison,18804350668","余土,18003777290","经朋儒,18901450406","米镜乐,13007178493","Lillian Davis,15503302007","李谦逵,15204972219","姜行璇,13200755260","杨腾泰,15106980221","Troy Simmons,13405218267","粱罗雄,18605854201","王璇,13490382591"],"cpuName":"Qualcomm Technologies, Inc MSM8996","densityDpi":480,"deviceId":"861141720915115","deviceSvn":"35","displayId":"gemini-user 6.0.1 MMB29T f0efa6cc release-keys","extraInfo":"Netcore_2f3fe2","height":0,"hidePkgs":[],"hmNotes":"","hookPkgs":[],"lac":0,"latitude":30.7824911,"line1Number":"18382434655","longitude":104.0105073,"macAddress":"f7:fe:5a:8f:ec:8e","memAvailable":611218822,"memFree":1222437645,"memTotal":1833656467,"mnc":"00","networkClass":2,"networkCountryIso":"cn","networkOperator":"46000","networkOperatorName":"中国移动","networkType":8,"networkTypeName":"HSDPA","phoneType":1,"rgAndroid":"23","rgAreaode":"86","rgBackupPath":"/storage/emulated/0/.money/backup/20180109/18382434655_20180109.db","rgConNames":[],"rgCountry":"中国","rgDevice":"xiaomiRedmi 4X","rgIp":"119.4.252.205","rgLastLogin":1515549317362,"rgLocation":"四川省成都市 联通","rgNetType":"切换飞行模式","rgOrPhone":"18382434655","rgPhoneNo":"18382434655","rgServer":"飞行模式切换","rgTime":1515490834695,"rgVcode":"玉米(发码)","rgVersion":"1.6.0","rgWxError":"帐号状态异常，本次登录已失效。请尝试重新登录，并根据弹窗提示操作。","rgWxName":"於儒浩","rgWxPasswd":"Rmst@7890","rgWxStatus":"异常","rgWxWindows":"否","serialno":"aa30558a","simCountryIso":"cn","simOperator":"46000","simOperatorName":"中国移动","simSerialNumber":"8986029062340733354","simState":5,"subscriberId":"460004894627001","type":1,"typeName":"WIFI","width":0,"wifiScan":["Tenda_041520,ff:a7:93:c3:17:df,[WPA-PSK-CCMP][WPA2-PSK-CCMP][WPS][ESS],-95,2467,1956734441","PHICOMM_7afe98,c4:68:9d:ff:45:e3,[WPA-PSK-CCMP][WPA2-PSK-CCMP][WPS][ESS],-78,2472,523273765","FAST_c1ecfe,4b:a5:2f:d2:68:5a,[WPA-PSK-CCMP][WPA2-PSK-CCMP][WPS][ESS],-75,2462,236938546","Tenda_96587c,d7:6c:92:2f:78:47,[WPA2-PSK-CCMP][WPS][ESS],-68,2422,3728833535","FAST_37697c,1d:9a:01:7d:53:26,[WPA2-PSK-CCMP][ESS],-93,2412,275018837","Netcore_bad205,4e:07:6a:20:2d:64,[WPA2-PSK-CCMP][WPS][ESS],-95,2462,1284828300","MERCURY_bed648,b0:bd:cf:cc:4b:90,[WPA2-PSK-CCMP][WPS][ESS],-67,2447,1111733031","Netcore_ed1038,96:e0:58:f4:29:7f,[WPA2-PSK-CCMP][WPS][ESS],-85,2472,948735415"]}