{"BSSID":"68:8a:7b:23:19:22","IpAddress":"10.95.31.203","P2p0Mac":"84:f1:4b:c3:bd:e1","SSID":"PHICOMM_03fd05","androidId":"70c29214e74e2159","batteryLevel":60,"btAddress":"a6:67:c7:47:b4:a5","btName":"2014811","buildAbi":"armeabi-v7a","buildAbi2":"armeabi","buildBoard":"msm8994","buildBrand":"Xiaomi","buildCodename":"REL","buildDescription":"HM2014811-user 7.1.2 NMF26Q 961d95a4 release-keys","buildDevice":"HM2014811","buildFingerprint":"Xiaomi/2014811/HM2014811:7.1.2/NMF26Q/961d95a4:user/release-keys","buildHardware":"qcom","buildHost":"SEP-68","buildId":"NMF26Q","buildIncremental":"961d95a4","buildManufacturer":"Xiaomi","buildModel":"2014811","buildName":"Xiaomi","buildProduct":"HM2014811","buildRadioVersion":"nysuaekwtxriouupl","buildRelease":"7.1.2","buildSdk":"25","buildSerialno":"531deae7","buildTags":"release-keys","buildType":"user","buildUser":"Server","buildUtc":1492481493196,"cellScan":["32813,97402496","61726,25265","1822,25265","32813,97401985","32819,59092"],"ci":25265,"contacts":["奶奶,15102256421","姑妈,18004150602","外婆,15306283714","外公,13506993920","舅舅,13708425087","舅妈,13300986070","姨父,13100853703","姨娘,13005564777","亲爱的,13005140871","老弟,15907044481","老妹,15703983764","小明,13800867434","小李子,13906168830","单荃炎,13903498353","Harold Duncan,13707861796","杨卫,15800462312","龙念逸,13004371495","贾颖校,13902304740","Cheryl Arnold,13802986825","项业嗣,13302864230","姚瑟玮,18807860672","杨朔,15301367329","Patricia Franklin,15300708986","祁团迅,14703231420","杨翔守,13490189762","徐立殊,13600931542","Charlotte Collins,13602137281","王阳,15102222420","松任逵,13904154618","李雪,13700450429","Chad Miller,13501134079","余雪平,15904167286","陈绣,15508256189","杨可梁,13490029409","Ralph Hunt,15306601279","姚图泉,13403165340","杨添适,15904140605","於祥雷,18004754035","Victoria Martinez,18001364351","于和建,18801301391","杨净齐,13490256882","杨伟义,18706176339","Susan Stephens,18700131127","杨盛,18601110771","诸康,13901905548","杨求,13708885423","Elizabeth Hayes,13802563571","汤西雪,13303087949","于商元,14706532790","云乾舒,15507083375","Bobby Franklin,13101751056","富奇室,15102791498"],"cpuName":"Qualcomm Technologies, Inc MSM8916","densityDpi":240,"deviceId":"860702216531855","deviceSvn":"61","displayId":"HM2014811-user 7.1.2 NMF26Q 961d95a4 release-keys","extraInfo":"3gwap","height":0,"hidePkgs":[],"hmNotes":"","hookPkgs":[],"lac":1822,"latitude":30.5012287,"line1Number":"18428349356","longitude":104.2769754,"macAddress":"d4:cb:ab:01:93:45","memAvailable":23648460,"memFree":70945382,"memTotal":94593842,"mnc":"00","networkClass":3,"networkCountryIso":"cn","networkOperator":"46002","networkOperatorName":"中国移动","networkType":13,"networkTypeName":"LTE","phoneType":1,"rgAndroid":"23","rgAreaode":"86","rgConNames":["李迅津"],"rgConsize":"1","rgCountry":"中国","rgDevice":"xiaomiRedmi 4X","rgIp":"101.206.166.158","rgLastLogin":1516243917108,"rgLocation":"四川省 联通","rgNetType":"切换飞行模式","rgOrPhone":"18428349356","rgPhoneNo":"18428349356","rgServer":"飞行模式切换","rgTime":1515491095027,"rgVcode":"玉米(发码)","rgVersion":"1.6.0","rgWxEmail":"未绑定","rgWxError":"该微信帐号因批量或者使用非法软件注册被限制登录，如需继续使用，请轻触“确定”申请解除限制。","rgWxName":"李迅津","rgWxNo":"未设置","rgWxPasswd":"Rmst@7890","rgWxQQ":"未绑定","rgWxStatus":"异常","rgWxWindows":"否","serialno":"531deae7","simCountryIso":"cn","simOperator":"46002","simOperatorName":"中国移动","simSerialNumber":"8986009123361659325","simState":5,"subscriberId":"460023900442866","type":0,"typeName":"MOBILE","width":0,"wifiScan":["PHICOMM_1f2143,d4:83:04:4a:b7:6a,[WPA2-PSK-CCMP][WPS][ESS],-75,2412,414593344","Netcore_42549c,9c:d2:1e:fc:73:75,[WPA-PSK-CCMP][WPA2-PSK-CCMP][WPS][ESS],-78,2462,3608631315","Netcore_58dafb,d4:83:04:4a:cb:24,[WPA-PSK-CCMP][WPA2-PSK-CCMP][ESS],-57,2437,255429364","iTV-0325,8c:f2:28:5a:95:f6,[WPA2-PSK-CCMP][WPS][ESS],-76,2447,524445055","TP-LINK_4386,78:eb:14:f7:3e:48,[WPA2-PSK-CCMP][ESS],-60,2462,253626654"]}