{"BSSID":"d5:84:08:76:3a:5e","IpAddress":"192.168.26.137","P2p0Mac":"2c:1d:ed:42:a8:1b","SSID":"Tenda_7a8caf","androidId":"5bc3cc1d6bbd995f","batteryLevel":85,"btAddress":"21:da:1c:5b:83:ad","btName":"HM NOTE 1S","buildAbi":"armeabi-v7a","buildAbi2":"armeabi","buildBoard":"t1","buildBrand":"Xiaomi","buildCodename":"REL","buildDescription":"gucci-user 7.1.2 NMF26Q af9b3274 release-keys","buildDevice":"gucci","buildFingerprint":"Xiaomi/HM NOTE 1S/gucci:7.1.2/NMF26Q/af9b3274:user/release-keys","buildHardware":"qcom","buildHost":"LGEACI2R5","buildId":"NMF26Q","buildIncremental":"af9b3274","buildManufacturer":"Xiaomi","buildModel":"HM NOTE 1S","buildName":"Xiaomi","buildProduct":"gucci","buildRadioVersion":"nyhgtzvetiswrttuk","buildRelease":"7.1.2","buildSdk":"25","buildSerialno":"c5df6948","buildTags":"release-keys","buildType":"user","buildUser":"jenkins","buildUtc":1476026662139,"cellScan":["61721,4775","65535,4478","32837,37133","61721,169433491","33045,61474"],"ci":61474,"contacts":["奶奶,15204553210","姑妈,14701868585","外婆,18706431094","外公,13302342981","舅舅,13101033260","舅妈,15700805312","姨父,13604894737","姨娘,15506825032","亲爱的,15607836923","老弟,13403422220","老妹,15006934085","小明,13107106658","小李子,13006404604","王威,18905625193","Troy James,13302079039","陆同荣,18703381347","王荣,18908109004","杨延遇,15505912132","Herman Grant,18603578434","焦郡勇,13901154089","李威彤,14706904852","虞恺全,18702666674","Corey Hayes,14708738491","茅骥江,15208196424","酆涂帅,13806756353","余律效,15701252139","Judy Hayes,18807055238","张校,14702277678","沈童,13701697493","宗桐寅,13490596633","Billy Duncan,15300521858","程俊岩,13206001326","卡胜密,15508227139","王良江,15607155289","Wayne Rodriguez,13205472882","严翔游,13801427733","弓寅建,18701715533","屈愚嘉,15507238226","Dawn King,13205280208","段隆军,13904606625","元仪亚,13402231802","松胜求,13607878587","Louise Stewart,13800393639","于稼,15001682268","安焱炎,13407680268","裘声如,13607688057","Jack Perkins,13701326950","孙颂耀,13404360819","杨军,18706650508"],"cpuName":"Qualcomm Technologies, Inc MSM8916","densityDpi":480,"deviceId":"861465347224464","deviceSvn":"59","displayId":"gucci-user 7.1.2 NMF26Q af9b3274 release-keys","extraInfo":"Tenda_7a8caf","height":0,"hidePkgs":[],"hmNotes":"","hookPkgs":[],"lac":33045,"latitude":30.758242,"line1Number":"15198094416","longitude":103.9610233,"macAddress":"24:5e:77:4e:5c:00","memAvailable":4109680171,"memFree":12329040513,"memTotal":16438720684,"mnc":"00","networkClass":3,"networkCountryIso":"cn","networkOperator":"46002","networkOperatorName":"中国移动","networkType":13,"networkTypeName":"LTE","phoneType":1,"rgAndroid":"23","rgAreaode":"86","rgConNames":["上善若水","王权商"],"rgConsize":"2","rgCountry":"中国","rgDevice":"xiaomiRedmi 4X","rgIp":"119.4.252.75","rgLastLogin":1516244315902,"rgLocation":"四川省成都市 联通","rgNetType":"切换飞行模式","rgOrPhone":"15198094416","rgPhoneNo":"15198094416","rgServer":"飞行模式切换","rgTime":1515658085004,"rgVcode":"爱乐赞(接码/发码)","rgVersion":"1.6.0","rgWxEmail":"未绑定","rgWxError":"该微信帐号因批量或者使用非法软件注册被限制登录，如需继续使用，请轻触“确定”申请解除限制。","rgWxId":"wxid_5k59dyae1qzz22","rgWxName":"王权商","rgWxNo":"未设置","rgWxPasswd":"Rmst@7890","rgWxQQ":"未绑定","rgWxStatus":"异常","rgWxWindows":"否","serialno":"c5df6948","simCountryIso":"cn","simOperator":"46002","simOperatorName":"中国移动","simSerialNumber":"8986023461039136730","simState":5,"subscriberId":"460025179020050","type":1,"typeName":"WIFI","width":0,"wifiScan":["Netcore_21430e,a4:56:02:3d:93:49,[WPA2-PSK-CCMP][WPS][ESS],-77,2462,1297338283","TP-LINK_a9cb0e,fc:d7:33:6e:03:24,[WPA-PSK-CCMP][WPA2-PSK-CCMP][ESS],-81,2462,335264752","iTV-40f2,9c:21:6a:f2:61:08,[WPA-PSK-CCMP][WPA2-PSK-CCMP][ESS],-80,2412,553935452","PHICOMM_697cbf,e0:05:c5:21:1d:16,[WPA2-PSK-CCMP][WPS][ESS],-76,2437,2719030836","Netcore_30f305,14:e6:e4:7b:2b:a6,[WPA-PSK-CCMP][WPA2-PSK-CCMP][ESS],-89,2462,3010437538"]}