{"BSSID":"f3:00:28:e7:cf:60","IpAddress":"10.89.13.23","P2p0Mac":"7a:f5:51:ab:1b:0c","SSID":"TP-LINK_bfeb","androidId":"5aefade759a01fdb","batteryLevel":68,"btAddress":"49:c7:9b:8f:a9:d9","btName":"LEX720","buildAbi":"armeabi-v7a","buildAbi2":"armeabi","buildBoard":"t6","buildBrand":"LeEco","buildCodename":"REL","buildDescription":"ZL1_CN-user 5.1.1 LMY48G 3490a8a0 release-keys","buildDevice":"le_zl1","buildFingerprint":"LeEco/LEX720/le_zl1:5.1.1/LMY48G/3490a8a0:user/release-keys","buildHardware":"qcom","buildHost":"bs189","buildId":"LMY48G","buildIncremental":"3490a8a0","buildManufacturer":"LeMobile","buildModel":"LEX720","buildName":"LeEco","buildProduct":"ZL1_CN","buildRadioVersion":"rkwvgvuvijcuy","buildRelease":"5.1.1","buildSdk":"22","buildSerialno":"5b967f0c","buildTags":"release-keys","buildType":"user","buildUser":"MarkBuild","buildUtc":1478791233812,"cellScan":["32791,49882","33033,118125344","32791,21755","61698,168148454","32791,44742"],"ci":21755,"contacts":["奶奶,13001066017","姑妈,18601253476","外婆,13805634223","外公,15502334019","舅舅,15801470980","舅妈,15603772361","姨父,15706605118","姨娘,13205268033","亲爱的,18907922888","老弟,13908512688","老妹,15002922769","小明,13490156404","小李子,13100314991","于舒,15802474138","Rose Sanchez,15107974897","段禄行,15706635179","骆航梦,14708210467","陈轩,14705192306","Vincent Simmons,18806245505","程时琴,15305460809","隗童津,13806753357","昌石航,13405211593","Sally Ford,15203374051","暴佑万,15808256630","滕昆全,13304551147","傅豪胤,15503038145","Ernest Lopez,15502328000","景印兴,13103931883","李如靖,15305965001","莫焱王,15007437711","Alfred Graham,15905249065","余立湘,18902908012","吴翰佑,18603553028","张昱津,13108366485","Rose Elliott,13100471734","裴衔辉,13007108167","解谷驹,13407351096","谢勇礼,13104137161","Loretta Graham,18608514473","平守琴,15306104752","吴时先,15507363636","张苡泰,15800166573","Kyle Stewart,13403482822","于郡魄,13704586322","张吾,14702190523","於齐贤,15904941786","Lori Wagner,15207823590"],"cpuName":"Qualcomm Technologies, Inc MSM8996pro","densityDpi":240,"deviceId":"865132175783732","deviceSvn":"29","displayId":"ZL1_CN-user 5.1.1 LMY48G 3490a8a0 release-keys","extraInfo":"ctnet","height":0,"hidePkgs":[],"hmNotes":"","hookPkgs":[],"lac":32791,"latitude":30.6567999,"line1Number":"15208443968","longitude":104.1394402,"macAddress":"6d:c2:4e:23:23:15","memAvailable":1250171263,"memFree":2500342527,"memTotal":3750513790,"mnc":"00","networkClass":2,"networkCountryIso":"cn","networkOperator":"46007","networkOperatorName":"中国移动","networkType":17,"networkTypeName":"TD_SCDMA","phoneType":1,"rgAndroid":"23","rgAreaode":"86","rgBackupPath":"/storage/emulated/0/.money/backup/20180111/15208443968_20180111.db","rgConNames":[],"rgCountry":"中国","rgDevice":"xiaomiRedmi 4X","rgIp":"119.4.254.55","rgLastLogin":1515664398306,"rgLocation":"四川省成都市 联通","rgNetType":"切换飞行模式","rgOrPhone":"15208443968","rgPhoneNo":"15208443968","rgServer":"飞行模式切换","rgTime":1515662791782,"rgVcode":"爱乐赞(接码/发码)","rgVersion":"1.6.0","rgWxError":"帐号状态异常，本次登录已失效。请尝试重新登录，并根据弹窗提示操作。","rgWxName":"慕容颖盈","rgWxPasswd":"Rmst@7890","rgWxStatus":"异常","rgWxWindows":"否","serialno":"5b967f0c","simCountryIso":"cn","simOperator":"46007","simOperatorName":"中国移动","simSerialNumber":"8986006520724142617","simState":5,"subscriberId":"460077957981286","type":0,"typeName":"MOBILE","width":0,"wifiScan":["iTV-2538,1c:fa:68:dd:26:30,[WPA2-PSK-CCMP][WPS][ESS],-62,2437,335669581","Netcore_c86b9d,00:26:c6:4f:8b:53,[WPA2-PSK-CCMP][WPS][ESS],-55,2437,3605827741","FAST_4375,50:bd:5f:9f:dc:30,[WPA-PSK-CCMP][WPA2-PSK-CCMP][WPS][ESS],-75,2432,1238628877","FAST_9ebfeb,a8:15:4d:e6:33:08,[WPA2-PSK-CCMP][WPS][ESS],-75,2412,1736830355","MERCURY_0d2148,9c:d2:1e:f6:a6:b1,[WPA-PSK-CCMP][WPA2-PSK-CCMP][WPS][ESS],-50,2462,217052156"]}