{"BSSID":"9a:5a:a9:6f:d8:6a","IpAddress":"192.168.4.253","P2p0Mac":"ec:8d:74:6a:4d:16","SSID":"Netcore_649438","androidId":"c8208c355e5b31df","batteryLevel":85,"btAddress":"59:98:23:18:2d:40","btName":"OPPO R9sk","buildAbi":"armeabi-v7a","buildAbi2":"armeabi","buildBoard":"ether","buildBrand":"OPPO","buildCodename":"REL","buildDescription":"R9sk-user 6.0.1 MMB29T 959a5089 release-keys","buildDevice":"R9sk","buildFingerprint":"OPPO/OPPO R9sk/R9sk:6.0.1/MMB29T/959a5089:user/release-keys","buildHardware":"qcom","buildHost":"qh-miui-ota-bd54","buildId":"MMB29T","buildIncremental":"959a5089","buildManufacturer":"OPPO","buildModel":"OPPO R9sk","buildName":"OPPO","buildProduct":"R9sk","buildRadioVersion":"lciodnhdjhu","buildRelease":"6.0.1","buildSdk":"23","buildSerialno":"ddeb1b2d","buildTags":"release-keys","buildType":"user","buildUser":"MarkBuild","buildUtc":1479015779652,"cellScan":["61701,17842","61700,168117682","33061,4111","61703,168248754","61699,19252"],"ci":17842,"contacts":["奶奶,18907768667","姑妈,13206075595","外婆,13203661261","外公,18806243430","舅舅,15703672976","舅妈,18908841648","姨父,18803451059","姨娘,13906251503","亲爱的,18907034312","老弟,13906846615","老妹,18907640677","小明,15707214346","小李子,15205314545","余珊,13307276405","Peggy Sullivan,13490239336","于嵬译,18807757817","储乾雄,18708026490","李峻卫,18801805817","Ruby Gray,15701672697","余盈,15300185846","吴超闻,18901245141","吴霖,13101687395","Ricky Bryant,18602387215","李伟杏,13603690607","余亚,13106306004","储涂魁,15104088239","Brandon Lee,15100416478","杨竞,13104852519","杨佳,13208236925","郎梁勋,13700301806","Annie Stewart,13603555378","贲升伊,13500882771","包享玺,13490034069","仇建炯,13205864275","Juanita Gordon,13001393030","李思茜,13490358454","于绣,18900496744","靳晟延,13007270152","Gilbert Nelson,18606957784","莫银冠,15705897537","苗绍业,15004198053","杨立经,18607904496","Don Edwards,15503053231","李野世,14704747611","公孙伟仁,13300255812","苏界耕,15501906900","Roberto Cook,18608241518","杨昆心,13505686912","王殊,13203633172"],"cpuName":"Qualcomm Technologies, Inc MSM8953","densityDpi":320,"deviceId":"863365647608291","deviceSvn":"22","displayId":"R9sk-user 6.0.1 MMB29T 959a5089 release-keys","extraInfo":"Netcore_649438","height":0,"hidePkgs":[],"hmNotes":"","hookPkgs":[],"lac":61701,"latitude":30.7157274,"line1Number":"15208306142","longitude":104.222981,"macAddress":"bf:e6:19:54:39:b8","memAvailable":935556677,"memFree":1871113356,"memTotal":2806670033,"mnc":"00","networkClass":3,"networkCountryIso":"cn","networkOperator":"46000","networkOperatorName":"中国移动","networkType":13,"networkTypeName":"LTE","phoneType":1,"rgAndroid":"23","rgAreaode":"86","rgConNames":["上善若水","席铭君"],"rgConsize":"2","rgCountry":"中国","rgDevice":"xiaomiRedmi 4X","rgIp":"119.4.252.29","rgLastLogin":1515984503661,"rgLocation":"四川省成都市 联通","rgNetType":"切换飞行模式","rgOrPhone":"15208306142","rgPhoneNo":"15208306142","rgServer":"飞行模式切换","rgTime":1515658979347,"rgVcode":"爱乐赞(接码/发码)","rgVersion":"1.6.0","rgWxEmail":"未绑定","rgWxError":"帐号状态异常，本次登录已失效。请尝试重新登录，并根据弹窗提示操作。","rgWxId":"wxid_ftd52l0u5hmo22","rgWxName":"席铭君","rgWxNo":"未设置","rgWxPasswd":"Rmst@7890","rgWxQQ":"未绑定","rgWxStatus":"异常","rgWxWindows":"否","serialno":"ddeb1b2d","simCountryIso":"cn","simOperator":"46000","simOperatorName":"中国移动","simSerialNumber":"8986026254778991771","simState":5,"subscriberId":"460001549864383","type":1,"typeName":"WIFI","width":0,"wifiScan":["FAST_a7bf,08:10:79:74:a6:98,[WPA2-PSK-CCMP][ESS],-92,2462,1805535997","PHICOMM_476a81,64:3a:b1:52:97:e2,[WPA2-PSK-TKIP+CCMP][WPS][ESS],-72,2437,465938253","TP-LINK_98b87b,6c:59:40:d4:c2:d8,[WPA-PSK-CCMP][WPA2-PSK-CCMP][ESS],-91,2467,3342928295","FAST_4db0e2,64:88:ff:da:b8:c6,[WPA2-PSK-CCMP][WPS][ESS],-93,2452,2479430777","iTV-a7cb,e4:d3:32:7f:00:5a,[WPA2-PSK-CCMP][ESS],-75,2437,2333632267"]}