{"BSSID":"cd:df:23:79:92:71","IpAddress":"192.168.22.141","P2p0Mac":"2e:b6:6f:97:97:ae","SSID":"Tenda_ad536d","androidId":"f6fdb7a2bc9ea786","batteryLevel":39,"btAddress":"8b:81:4a:03:20:69","btName":"MIX 2","buildAbi":"armeabi-v7a","buildAbi2":"armeabi","buildBoard":"umts_spyder","buildBrand":"Xiaomi","buildCodename":"REL","buildDescription":"chiron-user 5.1.1 LMY48G b48bad05 release-keys","buildDevice":"chiron","buildFingerprint":"Xiaomi/MIX 2/chiron:5.1.1/LMY48G/b48bad05:user/release-keys","buildHardware":"qcom","buildHost":"SCL_XA241_102","buildId":"LMY48G","buildIncremental":"b48bad05","buildManufacturer":"Xiaomi","buildModel":"MIX 2","buildName":"Xiaomi","buildProduct":"chiron","buildRadioVersion":"plrsdsyf","buildRelease":"5.1.1","buildSdk":"22","buildSerialno":"995823bd","buildTags":"release-keys","buildType":"user","buildUser":"lgmobile","buildUtc":1478180617194,"cellScan":["61718,169456051","61721,168390496","33041,117818401","61718,169232864","61721,18912"],"ci":168390496,"contacts":["奶奶,18808754011","姑妈,13001867881","外婆,13490059034","外公,14707196842","舅舅,18708638222","舅妈,13490454105","姨父,13490217665","姨娘,13503062636","亲爱的,18603112645","老弟,15004058431","老妹,15506500756","小明,13903695355","小李子,13706375312","羊卿瑕,15908026904","Clarence Holmes,15206956596","陈让守,13900086252","王情灵,18806917345","经伊渠,13104290313","Regina Kennedy,13006902769","詹郡郡,15907948731","郁校隆,15608728183","宋权界,15700088457","Diane Russell,18702004658","方珊华,13603658486","邬权先,15802027423","任郡余,18800398383","Lynn Hunter,18707186760","危永由,13906838824","王景,13004826346","诸顺森,15001833429","Alfred Stone,15003615577","方渠红,13004701135","家嗣勋,18003264776","王界建,13205981323","Joyce Matthews,13105001386","钮骥森,13600402032","杨绵,13605037256","李心素,15201342906","Lori Ellis,15801523969","李艺嘉,13904017443","昌敬意,13900558055","邓夜佩,15703985626","Angela Walker,18706607135","郗校烈,13003935478","王微,13103650383","戎商烈,18900510529","Kristen Peters,15301485616","包文晟,18703580375","宫友羡,15107326140","宣宽商,13608190465","Phillip Edwards,13804085946","戎雅享,15300083733"],"cpuName":"Qualcomm Technologies, Inc MSM8998","densityDpi":560,"deviceId":"865788378395473","deviceSvn":"73","displayId":"chiron-user 5.1.1 LMY48G b48bad05 release-keys","extraInfo":"Tenda_ad536d","height":0,"hidePkgs":[],"hmNotes":"","hookPkgs":[],"lac":61721,"latitude":30.7883377,"line1Number":"15281094764","longitude":103.9391991,"macAddress":"84:7b:47:42:97:93","memAvailable":4109644628,"memFree":12328933885,"memTotal":16438578513,"mnc":"00","networkClass":3,"networkCountryIso":"cn","networkOperator":"46002","networkOperatorName":"中国移动","networkType":13,"networkTypeName":"LTE","phoneType":1,"rgAndroid":"23","rgAreaode":"86","rgConNames":[],"rgCountry":"中国","rgDevice":"xiaomiRedmi 4X","rgIp":"119.4.253.234","rgLastLogin":1516244362894,"rgLocation":"四川省成都市 联通","rgNetType":"切换飞行模式","rgOrPhone":"15281094764","rgPhoneNo":"15281094764","rgServer":"飞行模式切换","rgTime":1515662544748,"rgVcode":"爱乐赞(接码/发码)","rgVersion":"1.6.0","rgWxError":"该微信帐号因批量或者使用非法软件注册被限制登录，如需继续使用，请轻触“确定”申请解除限制。","rgWxName":"杨求灵","rgWxPasswd":"Rmst@7890","rgWxStatus":"异常","rgWxWindows":"否","serialno":"995823bd","simCountryIso":"cn","simOperator":"46002","simOperatorName":"中国移动","simSerialNumber":"8986025537944126653","simState":5,"subscriberId":"460023346836322","type":1,"typeName":"WIFI","width":0,"wifiScan":["MERCURY_036494,50:bd:5f:2e:fa:9c,[WPA2-PSK-CCMP][WPS][ESS],-77,2437,514649816","Tenda_eb0327,d0:c7:c0:23:00:5f,[WPA-PSK-CCMP][WPA2-PSK-CCMP][WPS][ESS],-92,2462,1471936305","MERCURY_baec10,08:10:79:26:6c:51,[WPA2-PSK-CCMP][WPS][ESS],-84,2412,283795892","MERCURY_98e216,d0:c7:c0:b9:10:ea,[WPA-PSK-CCMP][WPA2-PSK-CCMP][ESS],-58,2412,2212827954","Netcore_10b031,34:37:59:ac:d3:07,[WPA2-PSK-CCMP][ESS],-84,2437,1470426582"]}