{"BSSID":"05:e6:93:1a:1e:95","IpAddress":"10.71.93.196","P2p0Mac":"1f:90:ee:67:04:4a","SSID":"ChainaNet_598c","androidId":"5552b1630f32d096","batteryLevel":52,"btAddress":"2c:b8:4a:93:c9:3e","btName":"OPPO R9sk","buildAbi":"armeabi-v7a","buildAbi2":"armeabi","buildBoard":"w5","buildBrand":"OPPO","buildCodename":"REL","buildDescription":"R9sk-user 6.0.1 MMB29T 0a0b7bea release-keys","buildDevice":"R9sk","buildFingerprint":"OPPO/OPPO R9sk/R9sk:6.0.1/MMB29T/0a0b7bea:user/release-keys","buildHardware":"qcom","buildHost":"zc-miui-ota-bd39.bj","buildId":"MMB29T","buildIncremental":"0a0b7bea","buildManufacturer":"OPPO","buildModel":"OPPO R9sk","buildName":"OPPO","buildProduct":"R9sk","buildRadioVersion":"cyyoqfbowdelgyk","buildRelease":"6.0.1","buildSdk":"23","buildSerialno":"1513df69","buildTags":"release-keys","buildType":"user","buildUser":"android","buildUtc":1499833245013,"cellScan":["33061,217723010","61713,26895","39938,165217586","33061,16582","33049,117948192"],"ci":217723010,"contacts":["奶奶,13107543153","姑妈,13404495186","外婆,15900306673","外公,15502638292","舅舅,15901122069","舅妈,13608886808","姨父,15901641326","姨娘,15905033398","亲爱的,18902664824","老弟,13007247207","老妹,13507270110","小明,18906725061","小李子,15900495198","穆室锦,18802450199","Laurie Graham,15702692894","李佩,15507663137","杨炎况,13903102278","张相延,13901743854","Lewis Hudson,13901828594","陈雍兴,15007467876","殷翰皓,18906997409","万蔚行,18006150488","Sara Ortiz,18001634717","于罗璞,13206203904","舒余朋,15108353343","王念,13208111060","Lori Hughes,15603397072","惠净午,18807445876","李昆凇,13700131338","祁念屏,15805080920","Debbie Harrison,15805455882","伍卫善,15808370823","王威实,15906480712","张弘,13700323902","Grace Daniels,13804412494","鲁培升,18001248402","李业,15004766896","李易,14704895642","Theresa Lawrence,15702640691","张翔古,13903909037","吴密,18904972657","吴仙,14702194502","Jonathan Sullivan,18806490822","钮卫凇,14701092735","潘镜冠,15300451647","余行升,15902307779","Audrey Wallace,15208420849"],"cpuName":"Qualcomm Technologies, Inc MSM8953","densityDpi":320,"deviceId":"860062554613777","deviceSvn":"32","displayId":"R9sk-user 6.0.1 MMB29T 0a0b7bea release-keys","extraInfo":"ctnet","height":0,"hidePkgs":[],"hmNotes":"","hookPkgs":[],"lac":33061,"latitude":30.7637295,"line1Number":"18228035294","longitude":104.3179028,"macAddress":"8b:58:1a:cd:00:29","memAvailable":24075915,"memFree":72227746,"memTotal":96303661,"mnc":"00","networkClass":2,"networkCountryIso":"cn","networkOperator":"46007","networkOperatorName":"中国移动","networkType":17,"networkTypeName":"TD_SCDMA","phoneType":1,"rgAndroid":"23","rgAreaode":"86","rgBackupPath":"/storage/emulated/0/.money/backup/20180111/18228035294_20180111.db","rgConNames":[],"rgCountry":"中国","rgDevice":"xiaomiRedmi 4X","rgIp":"101.206.167.235","rgLastLogin":1515664053881,"rgLocation":"四川省 联通","rgNetType":"切换飞行模式","rgOrPhone":"18228035294","rgPhoneNo":"18228035294","rgServer":"飞行模式切换","rgTime":1515660232215,"rgVcode":"爱乐赞(接码/发码)","rgVersion":"1.6.0","rgWxError":"帐号状态异常，本次登录已失效。请尝试重新登录，并根据弹窗提示操作。","rgWxName":"余幸衔","rgWxPasswd":"Rmst@7890","rgWxStatus":"异常","rgWxWindows":"否","serialno":"1513df69","simCountryIso":"cn","simOperator":"46007","simOperatorName":"中国移动","simSerialNumber":"8986002131414141922","simState":5,"subscriberId":"460079730096731","type":0,"typeName":"MOBILE","width":0,"wifiScan":["TP-LINK_048527,4c:ac:0a:32:27:dc,[WPA2-PSK-CCMP][WPS][ESS],-84,2462,215971609","MERCURY_8bfea8,0c:c6:55:27:10:48,[WPA-PSK-CCMP][WPA2-PSK-CCMP][WPS][ESS],-93,2462,246611531","FAST_eb0baf,8c:f2:28:3f:5a:e6,[WPA-PSK-CCMP][WPA2-PSK-CCMP][WPS][ESS],-94,2462,3471527463","TP-LINK_26a854,e4:d3:32:8b:fb:a8,[WPA2-PSK-CCMP][WPS][ESS],-74,2452,3192228685","FAST_36b975,08:10:79:bf:14:40,[WPA2-PSK-CCMP][WPS][ESS],-90,2412,3238428724"]}