{"BSSID":"55:84:aa:5f:02:82","IpAddress":"192.168.43.234","P2p0Mac":"80:21:27:ce:2c:1b","SSID":"FAST_aecff3","androidId":"b95a1753bbcfbfe4","batteryLevel":64,"btAddress":"b4:40:6c:40:4e:75","btName":"M5 Note","buildAbi":"armeabi-v7a","buildAbi2":"armeabi","buildBoard":"MSM8660_SURF","buildBrand":"Meizu","buildCodename":"REL","buildDescription":"meizu_M5 Note-user 7.0.0 NRD90M ea912820 release-keys","buildDevice":"M5Note","buildFingerprint":"Meizu/M5 Note/M5Note:7.0.0/NRD90M/ea912820:user/release-keys","buildHardware":"qcom","buildHost":"sp-ci-01-desktop","buildId":"NRD90M","buildIncremental":"ea912820","buildManufacturer":"Meizu","buildModel":"M5 Note","buildName":"Meizu","buildProduct":"meizu_M5 Note","buildRadioVersion":"ryhxmdsdydkkbu","buildRelease":"7.0.0","buildSdk":"24","buildSerialno":"8d7ce2e3","buildTags":"release-keys","buildType":"user","buildUser":"Server","buildUtc":1479167199793,"cellScan":["33034,31465","61713,17621","61713,168917015","39938,164228657","33034,30104"],"ci":164228657,"contacts":["奶奶,18800965389","姑妈,13490525744","外婆,18706265839","外公,15307423957","舅舅,15105643038","舅妈,13305042625","姨父,15802243294","姨娘,18608016479","亲爱的,13490508448","老弟,15201562101","老妹,15203385277","小明,13490329690","小李子,13400691029","司马校嘉,18600908119","Roger White,13202042906","王盈韶,15004992876","长孙怀求,18806508640","董若仪,13403566871","Elaine Brooks,13408672771","王举君,15701206431","欧阳立遇,13401535288","杨阁,13200212049","Robert Stone,13206604712","黄棠嘉,15600842248","于微,15204674872","栾岭镜,13302551774","Alicia Hunter,18905058600","李礼,13500374979","危晟威,15004567620","贾秀畏,13308176951","Kathleen Powell,13306700846","吴夜瑕,14705543653","吴能,13003750654","李怒谦,13301444479","Harold Ruiz,13307177745","于廉嘉,13803087683","余熙,14705675261","张思晟,13301896699","Michele Flores,18900637198","武媛谷,13906666177","吴伟添,13507339066","吴经,18704293459","Sara Hart,15708158195","詹阁昱,15303916888","昌和书,13704772086"],"cpuName":"MT6755M","densityDpi":320,"deviceId":"868108499561126","deviceSvn":"59","displayId":"meizu_M5 Note-user 7.0.0 NRD90M ea912820 release-keys","extraInfo":"FAST_aecff3","height":0,"hidePkgs":[],"hmNotes":"","hookPkgs":[],"lac":39938,"latitude":30.9104572,"line1Number":"18302839245","longitude":104.104189,"macAddress":"09:be:bc:0a:97:06","memAvailable":23478183,"memFree":70434551,"memTotal":93912734,"mnc":"00","networkClass":1,"networkCountryIso":"cn","networkOperator":"46007","networkOperatorName":"中国移动","networkType":2,"networkTypeName":"EDGE","phoneType":1,"rgAndroid":"23","rgAreaode":"86","rgBackupPath":"/storage/emulated/0/.money/backup/20180111/18302839245_20180111.db","rgConNames":[],"rgCountry":"中国","rgDevice":"xiaomiRedmi 4X","rgIp":"101.206.166.52","rgLastLogin":1515663987779,"rgLocation":"四川省 联通","rgNetType":"切换飞行模式","rgOrPhone":"18302839245","rgPhoneNo":"18302839245","rgServer":"飞行模式切换","rgTime":1515659846377,"rgVcode":"爱乐赞(接码/发码)","rgVersion":"1.6.0","rgWxError":"帐号状态异常，本次登录已失效。请尝试重新登录，并根据弹窗提示操作。","rgWxName":"于薇","rgWxPasswd":"Rmst@7890","rgWxStatus":"异常","rgWxWindows":"否","serialno":"8d7ce2e3","simCountryIso":"cn","simOperator":"46007","simOperatorName":"中国移动","simSerialNumber":"8986027267551687500","simState":5,"subscriberId":"460074228877746","type":1,"typeName":"WIFI","width":0,"wifiScan":["TP-LINK_dc1fbb,50:bd:5f:7b:7c:04,[WPA2-PSK-CCMP][WPS][ESS],-56,2437,506679543","PHICOMM_153763,2c:95:7f:2b:40:96,[WPA2-PSK-CCMP][WPS][ESS],-83,2412,3679734316","TP-LINK_049742,64:3a:b1:d4:31:8a,[WPA2-PSK-CCMP][ESS],-95,2462,296276117","Netcore_32dc14,ec:26:ca:29:ce:54,[WPA2-PSK-CCMP][WPS][ESS],-81,2412,210199248","MERCURY_8ca6b9,64:3a:b1:52:89:a2,[WPA-PSK-CCMP][WPA2-PSK-CCMP][ESS],-88,2462,3674827377"]}