{"BSSID":"d4:fc:3c:45:bc:29","IpAddress":"10.80.5.99","P2p0Mac":"33:35:ea:91:b0:1e","SSID":"FAST_96387a","androidId":"b99ff4abb21d1a93","batteryLevel":58,"btAddress":"49:da:47:69:c3:18","btName":"A37m","buildAbi":"armeabi-v7a","buildAbi2":"armeabi","buildBoard":"spyder","buildBrand":"OPPO","buildCodename":"REL","buildDescription":"A37m-user 5.0 LRX21M 062df8b4 release-keys","buildDevice":"A37m","buildFingerprint":"OPPO/A37m/A37m:5.0/LRX21M/062df8b4:user/release-keys","buildHardware":"qcom","buildHost":"ubuntu","buildId":"LRX21M","buildIncremental":"062df8b4","buildManufacturer":"OPPO","buildModel":"A37m","buildName":"OPPO","buildProduct":"A37m","buildRadioVersion":"ougnbnuszub","buildRelease":"5.0","buildSdk":"21","buildSerialno":"3dfbf186","buildTags":"release-keys","buildType":"user","buildUser":"Server","buildUtc":1480420379878,"cellScan":["39938,163704881","61703,168904164","33296,98185089","33296,6104","61703,168117681"],"ci":168904164,"contacts":["奶奶,13204877291","姑妈,15503615268","外婆,18608100626","外公,13702747669","舅舅,15104500070","舅妈,13000743993","姨父,18904700444","姨娘,13905827576","亲爱的,13200963612","老弟,18805113300","老妹,15201983283","小明,13200174680","小李子,18002628410","宣古凇,15105167257","Sharon Franklin,13404935813","卡渠裕,13603330510","杨颂景,15702955946","景校璐,13301461751","Tiffany Wright,13490078308","于英珀,15303308573","松坚宇,18003787520","万异雨,13902438571","Edward Freeman,13506110368","杨念和,13606922248","贺怡桂,13206937154","邓璐梧,13305164024","Patricia Arnold,18004721384","倪卿辉,15107750282","管魁兴,18700928648","禹耕界,13202052367","Wanda Walker,13205034280","杨立童,13490620197","张铁,15904133549","张设,18803083061","Lewis Powell,14700404207","章儒翰,18808466580","吴军嗣,13408128219","杨禄,18908304815","Joann Harris,18007206240","杨联雄,13490173385","卫岳铜,18600375261","吴吉,18603205028","Beth White,13004400733","杨梦佳,13705362652","鲍茂室,13602805236","杨儒联,15702325776","Lynn Gordon,14705725099","杜国求,18005850855","乐康冠,15000457713","季逸孝,18903107234","Ellen Chavez,18007418853","戚微诗,13308855518"],"cpuName":"MT6750","densityDpi":560,"deviceId":"867603488638266","deviceSvn":"60","displayId":"A37m-user 5.0 LRX21M 062df8b4 release-keys","extraInfo":"cmnet","height":0,"hidePkgs":[],"hmNotes":"","hookPkgs":[],"lac":61703,"latitude":30.7381751,"line1Number":"18483602870","longitude":104.2133168,"macAddress":"7c:14:77:78:6c:c4","memAvailable":935569481,"memFree":1871138962,"memTotal":2806708443,"mnc":"00","networkClass":2,"networkCountryIso":"cn","networkOperator":"46000","networkOperatorName":"中国移动","networkType":8,"networkTypeName":"HSDPA","phoneType":1,"rgAndroid":"23","rgAreaode":"86","rgConNames":["上善若水","杨阔"],"rgConsize":"2","rgCountry":"中国","rgDevice":"xiaomiRedmi 4X","rgIp":"119.4.253.222","rgLastLogin":1515984360433,"rgLocation":"四川省成都市 联通","rgNetType":"切换飞行模式","rgOrPhone":"18483602870","rgPhoneNo":"18483602870","rgServer":"飞行模式切换","rgTime":1515658648823,"rgVcode":"爱乐赞(接码/发码)","rgVersion":"1.6.0","rgWxEmail":"未绑定","rgWxError":"帐号状态异常，本次登录已失效。请尝试重新登录，并根据弹窗提示操作。","rgWxId":"wxid_ti1hgzpxplfm22","rgWxName":"杨阔","rgWxNo":"未设置","rgWxPasswd":"Rmst@7890","rgWxQQ":"未绑定","rgWxStatus":"异常","rgWxWindows":"否","serialno":"3dfbf186","simCountryIso":"cn","simOperator":"46000","simOperatorName":"中国移动","simSerialNumber":"8986001697842171646","simState":5,"subscriberId":"460003698125776","type":0,"typeName":"MOBILE","width":0,"wifiScan":["TP-LINK_2638ba,cc:34:29:1f:c2:bc,[WPA-PSK-CCMP][WPA2-PSK-CCMP][WPS][ESS],-69,2437,3655332408","FAST_2fd104,08:10:77:ab:63:ff,[WPA2-PSK-CCMP][ESS],-63,2437,1668433097","Netcore_7a9dc9,08:10:79:9e:9b:6e,[WPA-PSK-CCMP][WPA2-PSK-CCMP][WPS][ESS],-75,2412,211157985","PHICOMM_d2ed1e,14:75:90:89:2b:a2,[WPA-PSK-CCMP][WPA2-PSK-CCMP][WPS][ESS],-90,2412,1762833851","FAST_7216,64:3a:b1:6f:0b:ca,[WPA-PSK-CCMP][WPA2-PSK-CCMP][ESS],-93,2437,2541637286"]}