{"BSSID":"0b:f9:d5:14:d7:d1","IpAddress":"10.58.98.202","P2p0Mac":"d1:b4:e6:0e:e0:5c","SSID":"PHICOMM_9ca6a9","androidId":"bf21fe2ea3237cb7","batteryLevel":88,"btAddress":"f3:74:82:9d:30:5d","btName":"G730-T00","buildAbi":"armeabi-v7a","buildAbi2":"armeabi","buildBoard":"MSM8226","buildBrand":"HUAWEI","buildCodename":"REL","buildDescription":"G730-T00-user 5.1.1 LMY48G 6c7e5429 release-keys","buildDevice":"G730-T00","buildFingerprint":"HUAWEI/G730-T00/G730-T00:5.1.1/LMY48G/6c7e5429:user/release-keys","buildHardware":"qcom","buildHost":"mz-buider-4","buildId":"LMY48G","buildIncremental":"6c7e5429","buildManufacturer":"HUAWEI","buildModel":"G730-T00","buildName":"HUAWEI","buildProduct":"G730-T00","buildRadioVersion":"vkhzkbrdyx","buildRelease":"5.1.1","buildSdk":"22","buildSerialno":"acb69caf","buildTags":"release-keys","buildType":"user","buildUser":"MarkBuild","buildUtc":1464629686016,"cellScan":["39938,163714866","61713,30763","32808,36545","61713,168917035","32780,30076"],"ci":30076,"contacts":["奶奶,18703988493","姑妈,13407410530","外婆,15108753974","外公,13703458497","舅舅,18908553038","舅妈,13700576757","姨父,13601961021","姨娘,13002030871","亲爱的,15702000056","老弟,13303327984","老妹,18806505644","小明,15103722501","小李子,13403588475","陈厚,18707761779","Joel Perez,14706178766","车童灵,18606291707","杨豪,14707258825","汪意图,14700808811","Ricky Black,18807466647","吴相实,13603170548","左铭吉,13705328390","王宇,15602466968","Juanita Wilson,15501211926","李三图,15904458234","钱欢坚,13400764946","李苡威,13703315282","Rose Collins,13906000614","吴梦悠,18704113051","苏苡畏,15808730416","李经楷,15306893881","Victoria Carter,18907528392","李培雍,18607438315","杨念,15001695293","魏信古,15101614286","Kimberly Armstrong,15903734178","储麟桂,14707366005","杨善卫,13302007465","靳木建,15802295005","Crystal White,13404285938","长孙伊岩,13201257841"],"cpuName":"MT6582","densityDpi":240,"deviceId":"860604062192974","deviceSvn":"56","displayId":"G730-T00-user 5.1.1 LMY48G 6c7e5429 release-keys","extraInfo":"cmwap","height":0,"hidePkgs":[],"hmNotes":"","hookPkgs":[],"lac":32780,"latitude":30.8049756,"line1Number":"18482146554","longitude":104.053528,"macAddress":"29:93:42:26:eb:b3","memAvailable":701715770,"memFree":2105147311,"memTotal":2806863081,"mnc":"00","networkClass":2,"networkCountryIso":"cn","networkOperator":"46000","networkOperatorName":"中国移动","networkType":17,"networkTypeName":"TD_SCDMA","phoneType":1,"rgAndroid":"23","rgAreaode":"86","rgBackupPath":"/storage/emulated/0/.money/backup/20180111/18482146554_20180111.db","rgConNames":[],"rgCountry":"中国","rgDevice":"xiaomiRedmi 4X","rgIp":"101.206.166.129","rgLastLogin":1515663231623,"rgLocation":"四川省 联通","rgNetType":"切换飞行模式","rgOrPhone":"18482146554","rgPhoneNo":"18482146554","rgServer":"飞行模式切换","rgTime":1515657800576,"rgVcode":"爱乐赞(接码/发码)","rgVersion":"1.6.0","rgWxError":"帐号状态异常，本次登录已失效。请尝试重新登录，并根据弹窗提示操作。","rgWxName":"郎芹镜","rgWxPasswd":"Rmst@7890","rgWxStatus":"异常","rgWxWindows":"否","serialno":"acb69caf","simCountryIso":"cn","simOperator":"46000","simOperatorName":"中国移动","simSerialNumber":"8986027423980583631","simState":5,"subscriberId":"460002062031235","type":0,"typeName":"MOBILE","width":0,"wifiScan":["Tenda_df3163,9c:21:6a:32:44:4a,[WPA2-PSK-CCMP][WPS][ESS],-77,2412,1839730227","MERCURY_769ebf,1c:fa:68:be:14:dc,[WPA2-PSK-CCMP][ESS],-85,2412,294888658","MERCURY_ea9d,64:3a:b1:2a:a6:0a,[WPA2-PSK-CCMP][ESS],-75,2437,435849431","MERCURY_bed0f2,8c:21:0a:8c:86:88,[WPA2-PSK-CCMP][WPS][ESS],-91,2437,3167535354","MERCURY_485276,9c:28:ef:4d:02:78,[WPA2-PSK-CCMP][WPS][ESS],-91,2462,1636828538"]}