{"BSSID":"98:0a:86:66:87:b9","IpAddress":"192.168.42.254","P2p0Mac":"0e:78:5e:f0:29:9e","SSID":"TP-LINK_eca9dc","androidId":"b0918c3c4ef5d1ec","batteryLevel":38,"btAddress":"8b:4e:36:d6:8a:fe","btName":"vivo X9","buildAbi":"armeabi-v7a","buildAbi2":"armeabi","buildBoard":"spyder","buildBrand":"vivo","buildCodename":"REL","buildDescription":"PD1616-user 5.0 LRX21M 2c98e847 release-keys","buildDevice":"PD1616","buildFingerprint":"vivo/vivo X9/PD1616:5.0/LRX21M/2c98e847:user/release-keys","buildHardware":"qcom","buildHost":"linux-user","buildId":"LRX21M","buildIncremental":"2c98e847","buildManufacturer":"vivo","buildModel":"vivo X9","buildName":"vivo","buildProduct":"PD1616","buildRadioVersion":"onkrdvuczopbb","buildRelease":"5.0","buildSdk":"21","buildSerialno":"142fbae4","buildTags":"release-keys","buildType":"user","buildUser":"Server","buildUtc":1465927380104,"cellScan":["33028,34815","61702,168206577","61722,169517300","33044,117806368","32775,9613"],"ci":169517300,"contacts":["奶奶,15806126570","姑妈,13306250401","外婆,15202033092","外公,13490209556","舅舅,13003025304","舅妈,15207955327","姨父,14702386241","姨娘,13306661675","亲爱的,13808598655","老弟,18704911401","老妹,14704935099","小明,13207065394","小李子,18801995526","李仪薇,15105837718","Ramon Martinez,15903692151","杨佳,13705701913","杨龙,13508696645","吴仁,15302047125","Veronica Butler,13307024465","张雄,13490595685","嵇许茂,18802667252","隗西冠,15105194365","Erica Moore,15106142758","慕容龙奎,18902213602","杨群梁,18003375787","李宫齐,15905982401","Elsie Henry,15008551221","杨海帅,15602222853","卢硕熙,13905475460","平然京,14706760072","Leonard Payne,14701096521","吴信权,13208301368","葛善威,18002225082","吴逸,18800621303","Wanda Reyes,14708082403","秋焱宽,15800346060","乐宽权,13301228372","巫渠永,18807263436","Troy Reynolds,18804990436","杨诗,13908119055","张阁立,15203434761","张国,13105852090","Anita Duncan,13203716086","强江似,14701116671","诸义献,15106240259","于稼,15206027552","Ray Henry,13401666134"],"cpuName":"Qualcomm Technologies, Inc MSM8953","densityDpi":480,"deviceId":"861898661108667","deviceSvn":"39","displayId":"PD1616-user 5.0 LRX21M 2c98e847 release-keys","extraInfo":"TP-LINK_eca9dc","height":0,"hidePkgs":[],"hmNotes":"","hookPkgs":[],"lac":61722,"latitude":30.6081748,"line1Number":"18702853934","longitude":103.9080638,"macAddress":"16:33:54:3d:6d:da","memAvailable":24217670,"memFree":72653011,"memTotal":96870681,"mnc":"00","networkClass":1,"networkCountryIso":"cn","networkOperator":"46007","networkOperatorName":"中国移动","networkType":2,"networkTypeName":"EDGE","phoneType":1,"rgAndroid":"23","rgAreaode":"86","rgConNames":["上善若水","于悠任"],"rgConsize":"2","rgCountry":"中国","rgDevice":"xiaomiRedmi 4X","rgIp":"119.4.253.43","rgLastLogin":1515984640515,"rgLocation":"四川省成都市 联通","rgNetType":"切换飞行模式","rgOrPhone":"18702853934","rgPhoneNo":"18702853934","rgServer":"飞行模式切换","rgTime":1515660516782,"rgVcode":"爱乐赞(接码/发码)","rgVersion":"1.6.0","rgWxEmail":"未绑定","rgWxError":"帐号状态异常，本次登录已失效。请尝试重新登录，并根据弹窗提示操作。","rgWxId":"wxid_3hjnwmen1psr22","rgWxName":"于悠任","rgWxNo":"未设置","rgWxPasswd":"Rmst@7890","rgWxQQ":"未绑定","rgWxStatus":"异常","rgWxWindows":"否","serialno":"142fbae4","simCountryIso":"cn","simOperator":"46007","simOperatorName":"中国移动","simSerialNumber":"8986004908573665711","simState":5,"subscriberId":"460079522539717","type":1,"typeName":"WIFI","width":0,"wifiScan":["Netcore_8b9dc0,a8:ca:7b:5d:67:80,[WPA2-PSK-CCMP][ESS],-92,2472,289234607","iTV-afd3,a8:ca:7b:5d:68:28,[WPA-PSK-CCMP][WPA2-PSK-CCMP][ESS],-88,2427,1179237051","FAST_a8cbee,a8:ca:7b:5d:67:d0,[WPA2-PSK-CCMP][WPS][ESS],-74,2412,1799028156","ChainaNet_aa8d,00:36:76:57:09:fd,[WPA2-PSK-CCMP][ESS],-71,2462,353665236","FAST_761fcb,ec:38:8f:a9:ee:d8,[WPA-PSK-TKIP+CCMP][WPA2-PSK-TKIP+CCMP][ESS],-80,2437,291326724"]}