{"BSSID":"1a:a6:3c:48:a5:42","IpAddress":"192.168.93.146","P2p0Mac":"ba:e3:e3:80:fa:aa","SSID":"iTV-f426","androidId":"b9abb5f4cc96bff4","batteryLevel":49,"btAddress":"69:c6:7a:71:2f:40","btName":"OPPO A37m","buildAbi":"armeabi-v7a","buildAbi2":"armeabi","buildBoard":"roth","buildBrand":"OPPO","buildCodename":"REL","buildDescription":"A37-user 5.0 LRX21M e1c444eb release-keys","buildDevice":"A37","buildFingerprint":"OPPO/OPPO A37m/A37:5.0/LRX21M/e1c444eb:user/release-keys","buildHardware":"qcom","buildHost":"bs213","buildId":"LRX21M","buildIncremental":"e1c444eb","buildManufacturer":"OPPO","buildModel":"OPPO A37m","buildName":"OPPO","buildProduct":"A37","buildRadioVersion":"kolajfarhayvp","buildRelease":"5.0","buildSdk":"21","buildSerialno":"87361a47","buildTags":"release-keys","buildType":"user","buildUser":"lgmobile","buildUtc":1507284441545,"cellScan":["61708,63011","61722,168565533","32851,28406","33030,117694752","32775,40234"],"ci":40234,"contacts":["奶奶,15602336478","姑妈,13102881178","外婆,15903007218","外公,15506887383","舅舅,13403421430","舅妈,18807610698","姨父,13502475607","姨娘,15203950682","亲爱的,13202643551","老弟,18904538810","老妹,14701098910","小明,18802915995","小李子,13104943883","于净嵬,18804905651","Samuel Alexander,18803665704","王龙会,15702137071","张群精,15806490055","钱骥舒,13508690644","David Johnson,13600241834","王珊,18008222481","吴露国,18006202526","钮楷西,13201708061","Rosa Perez,15603665221","杨蔚念,18700716255","安津图,13803410432","李惠伟,18804000066","Clyde Sanders,18705880007","刘团彦,15700628358","项奇保,15707253156","于室,18001145490","Andrew Berry,18905933480","谢殊嘉,13203252768","马衔孝,18706222492","杨绍,13808298476","Marion Morgan,13506018083","杨畏,18007320281","何颖铁,18801230933","舒惠行,13003292116","Sean Griffin,13001697054","贺凇梧,13006702162","郑军梁,14700287845","杨声,14706504678","Michele Weaver,18707414691","程义会,13102050218"],"cpuName":"MT6750","densityDpi":320,"deviceId":"860575448267336","deviceSvn":"12","displayId":"A37-user 5.0 LRX21M e1c444eb release-keys","extraInfo":"iTV-f426","height":0,"hidePkgs":[],"hmNotes":"","hookPkgs":[],"lac":32775,"latitude":30.5955774,"line1Number":"13540411097","longitude":103.9681517,"macAddress":"42:aa:b0:70:16:33","memAvailable":129138426,"memFree":387415280,"memTotal":516553706,"mnc":"00","networkClass":2,"networkCountryIso":"cn","networkOperator":"46000","networkOperatorName":"中国移动","networkType":8,"networkTypeName":"HSDPA","phoneType":1,"rgAndroid":"23","rgAreaode":"86","rgBackupPath":"/storage/emulated/0/.money/backup/20180107/13540411097_20180107.db","rgConNames":["陈康郡"],"rgConsize":"1","rgCountry":"中国","rgDevice":"xiaomiRedmi 4X","rgIp":"119.4.252.162","rgLastLogin":1515547078772,"rgLocation":"四川省成都市 联通","rgNetType":"切换飞行模式","rgOrPhone":"13540411097","rgPhoneNo":"13540411097","rgServer":"飞行模式切换","rgTime":1515305758332,"rgVcode":"玉米(发码)","rgVersion":"1.6.0","rgWxEmail":"未绑定","rgWxError":"帐号状态异常，本次登录已失效。请尝试重新登录，并根据弹窗提示操作。","rgWxName":"陈康郡","rgWxNo":"未设置","rgWxPasswd":"Rmst@7890","rgWxQQ":"未绑定","rgWxStatus":"异常","rgWxWindows":"否","serialno":"87361a47","simCountryIso":"cn","simOperator":"46000","simOperatorName":"中国移动","simSerialNumber":"8986007110975193745","simState":5,"subscriberId":"460004426284151","type":1,"typeName":"WIFI","width":0,"wifiScan":["Tenda_1496ed,80:48:a5:fb:2f:b2,[WPA-PSK-CCMP][WPA2-PSK-CCMP][ESS],-60,2412,1630434569","TP-LINK_c1e316,4c:09:b4:6f:be:c8,[WPA2-PSK-CCMP][WPS][ESS],-94,2422,1886034907","iTV-ca75,a8:15:4d:17:2d:42,[WPA2-PSK-CCMP][ESS],-72,2462,3045030587","PHICOMM_10dafd,50:bd:5f:64:25:94,[WPA-PSK-CCMP][WPA2-PSK-CCMP][WPS][ESS],-56,2437,2207534808","FAST_696597,00:23:c9:dd:c2:28,[WPA2-PSK-CCMP][WPS][ESS],-83,2437,1493538101"]}