{"BSSID":"46:0c:35:4f:68:00","IpAddress":"192.168.86.194","P2p0Mac":"15:88:52:03:07:1d","SSID":"PHICOMM_936a9d","androidId":"df54de78f774a9f9","batteryLevel":61,"btAddress":"a7:84:7e:4e:09:8a","btName":"OPPO R7sm","buildAbi":"armeabi-v7a","buildAbi2":"armeabi","buildBoard":"p700","buildBrand":"OPPO","buildCodename":"REL","buildDescription":"R7sm-user 7.1.2 NMF26Q 83f4afdb release-keys","buildDevice":"R7sm","buildFingerprint":"OPPO/OPPO R7sm/R7sm:7.1.2/NMF26Q/83f4afdb:user/release-keys","buildHardware":"qcom","buildHost":"wcc-miui-ota-bd25","buildId":"NMF26Q","buildIncremental":"83f4afdb","buildManufacturer":"OPPO","buildModel":"OPPO R7sm","buildName":"OPPO","buildProduct":"R7sm","buildRadioVersion":"yyxlmtgqcvccane","buildRelease":"7.1.2","buildSdk":"25","buildSerialno":"43b60e9a","buildTags":"release-keys","buildType":"user","buildUser":"android","buildUtc":1472469021611,"cellScan":["33296,135243525","61703,17323","33033,118151201","33296,98494341","33296,98396801"],"ci":98396801,"contacts":["奶奶,15108447231","姑妈,15602142816","外婆,18604558768","外公,15505895384","舅舅,14700721329","舅妈,13600917341","姨父,13490674076","姨娘,15000274903","亲爱的,18005603480","老弟,18802214726","老妹,13102362942","小明,13407415340","小李子,15806285162","余谦,15100667139","Deborah Ray,15101252775","余秋,13207250045","吴行玉,15901682397","杨亚,15906790388","Manuel Duncan,15201712500","陈慎杏,15503053411","李行,13603588352","杨宏胜,18805154095","Jean Franklin,18801861543","王锐,18007257706","王佩,13203883133","陈密,13400416517","Eugene Patterson,15003878511","章随力,15200676429","王稼阁,15706134945","杨焱思,13904045176","Rita Price,13904871653","滑伟靖,15700706952","甄节翼,13505521247","东方为嵬,15903341866","Jeffrey Jones,15208270712","杨河,15208801846","景阔献,13002037324","于心,13406245349","Miguel Reynolds,15108563662","宓行谷,13490579440"],"cpuName":"Qualcomm Technologies, Inc MSM8939","densityDpi":240,"deviceId":"866942288534460","deviceSvn":"86","displayId":"R7sm-user 7.1.2 NMF26Q 83f4afdb release-keys","extraInfo":"PHICOMM_936a9d","height":0,"hidePkgs":[],"hmNotes":"","hookPkgs":[],"lac":33296,"latitude":30.7548936,"line1Number":"15198167484","longitude":104.19278,"macAddress":"9e:b5:d4:e0:09:e3","memAvailable":23419230,"memFree":70257691,"memTotal":93676921,"mnc":"00","networkClass":2,"networkCountryIso":"cn","networkOperator":"46000","networkOperatorName":"中国移动","networkType":17,"networkTypeName":"TD_SCDMA","phoneType":1,"rgAndroid":"23","rgAreaode":"86","rgBackupPath":"/storage/emulated/0/.money/backup/20180107/15198167484_20180107.db","rgConNames":["吴璎"],"rgConsize":"1","rgCountry":"中国","rgDevice":"xiaomiRedmi 4X","rgIp":"119.4.253.41","rgLastLogin":1515547215594,"rgLocation":"四川省成都市 联通","rgNetType":"切换飞行模式","rgOrPhone":"15198167484","rgPhoneNo":"15198167484","rgServer":"飞行模式切换","rgTime":1515309524325,"rgVcode":"玉米(发码)","rgVersion":"1.6.0","rgWxEmail":"未绑定","rgWxError":"帐号状态异常，本次登录已失效。请尝试重新登录，并根据弹窗提示操作。","rgWxName":"吴璎","rgWxNo":"未设置","rgWxPasswd":"Rmst@7890","rgWxQQ":"未绑定","rgWxStatus":"异常","rgWxWindows":"否","serialno":"43b60e9a","simCountryIso":"cn","simOperator":"46000","simOperatorName":"中国移动","simSerialNumber":"8986022421371436194","simState":5,"subscriberId":"460007161951874","type":1,"typeName":"WIFI","width":0,"wifiScan":["FAST_1e3252,08:10:79:86:d9:6e,[WPA2-PSK-CCMP][WPS][ESS],-76,2412,295063384","PHICOMM_ac98cb,c0:61:18:f8:87:33,[WPA-PSK-CCMP][WPA2-PSK-CCMP][WPS][ESS],-94,2437,265146381","PHICOMM_4fe226,00:23:c9:8e:d3:ad,[WPA2-PSK-CCMP][ESS],-76,2427,2786837767","Netcore_bfe2ed,08:10:78:2e:5b:b7,[WPA2-PSK-CCMP][WPS][ESS],-87,2462,529401851","FAST_597c,ec:17:2f:32:08:0e,[WPA2-PSK-CCMP][WPS][ESS],-78,2462,272420484"]}