{"BSSID":"e2:9b:92:ac:39:17","IpAddress":"192.168.67.151","P2p0Mac":"88:e5:05:24:2b:f6","SSID":"TP-LINK_ae2325","androidId":"35a81117de1d8496","batteryLevel":56,"btAddress":"1a:9c:02:3f:d1:d7","btName":"OD103","buildAbi":"armeabi-v7a","buildAbi2":"armeabi","buildBoard":"MSM8994","buildBrand":"SMARTISAN","buildCodename":"REL","buildDescription":"odin-user 7.1.2 NMF26Q dbf63d3e release-keys","buildDevice":"odin","buildFingerprint":"SMARTISAN/OD103/odin:7.1.2/NMF26Q/dbf63d3e:user/release-keys","buildHardware":"qcom","buildHost":"taishan","buildId":"NMF26Q","buildIncremental":"dbf63d3e","buildManufacturer":"smartisan","buildModel":"OD103","buildName":"SMARTISAN","buildProduct":"odin","buildRadioVersion":"kovfjpoy","buildRelease":"7.1.2","buildSdk":"25","buildSerialno":"6ed69750","buildTags":"release-keys","buildType":"user","buildUser":"jenkins","buildUtc":1455224909280,"cellScan":["61728,169163915","61717,169156678","61715,169577230","61715,8262","61717,169877574"],"ci":169156678,"contacts":["奶奶,13108790069","姑妈,13803866705","外婆,15101658755","外公,15503743898","舅舅,15500645362","舅妈,18907343085","姨父,13603557373","姨娘,18003352553","亲爱的,13604786751","老弟,13807754256","老妹,15900926704","小明,13408578485","小李子,13601383208","彭野禄,13505545495","Juan Webb,13603467164","吴泉珂,13705793105","闵颖野,15903132959","秋君夏,18708672782","Paul Bailey,18704397659","宗寿阳,18602371857","蓬秋佳,13490110421","蔡卿奇,15504454776","Gerald Wells,13103032993","王保,13106154615","王龙,13908613545","余彦,13102695055","Monica Tucker,15606821231","颜雄善,13707494993","杨嗣,15703390217","荣吉杭,13608395167","Regina Ward,13505594698","张培,13507307658","贺豪焱,15702353951","舒玉骥,15306574880","Ronald Young,13490302307","皮铁国,15901733017","李元芹,14707630804","杨棠,13705701829","Dean Ford,13606564720","龙君倩,13808357105","张恺,18900250769","杨适曜,18802473240","Nathan Arnold,18804261097","陈培,18805371269","陈吉如,15006683887","齐恺渠,15801677511","Angela Brown,15201857741","乐裕璐,18608393027","李建宣,15700046141","房星惠,13101857514","Beth Richardson,18603065266"],"cpuName":"Qualcomm Technologies, Inc MSM8953Pro","densityDpi":480,"deviceId":"865359888825746","deviceSvn":"87","displayId":"odin-user 7.1.2 NMF26Q dbf63d3e release-keys","extraInfo":"TP-LINK_ae2325","height":0,"hidePkgs":[],"hmNotes":"","hookPkgs":[],"lac":61717,"latitude":30.5310929,"line1Number":"15198157439","longitude":104.0531708,"macAddress":"df:50:17:83:27:7f","memAvailable":31226892,"memFree":62453784,"memTotal":93680676,"mnc":"00","networkClass":2,"networkCountryIso":"cn","networkOperator":"46007","networkOperatorName":"中国移动","networkType":8,"networkTypeName":"HSDPA","phoneType":1,"rgAndroid":"23","rgAreaode":"86","rgBackupPath":"/storage/emulated/0/.money/backup/20180107/15198157439_20180107.db","rgConNames":["安悠向"],"rgConsize":"1","rgCountry":"中国","rgDevice":"xiaomiRedmi 4X","rgIp":"101.206.166.174","rgLastLogin":1515547009780,"rgLocation":"四川省 联通","rgNetType":"切换飞行模式","rgOrPhone":"15198157439","rgPhoneNo":"15198157439","rgServer":"飞行模式切换","rgTime":1515304977338,"rgVcode":"玉米(发码)","rgVersion":"1.6.0","rgWxEmail":"未绑定","rgWxError":"帐号状态异常，本次登录已失效。请尝试重新登录，并根据弹窗提示操作。","rgWxName":"安悠向","rgWxNo":"未设置","rgWxPasswd":"Rmst@7890","rgWxQQ":"未绑定","rgWxStatus":"异常","rgWxWindows":"否","serialno":"6ed69750","simCountryIso":"cn","simOperator":"46007","simOperatorName":"中国移动","simSerialNumber":"8986004565127464177","simState":5,"subscriberId":"460073822767936","type":1,"typeName":"WIFI","width":0,"wifiScan":["Netcore_35386a,00:1f:6f:ff:de:0f,[WPA2-PSK-CCMP][ESS],-76,2412,402973242","MERCURY_e32638,ec:38:8f:af:ec:3c,[WPA-PSK-CCMP][WPA2-PSK-CCMP][ESS],-77,2412,600032545","MERCURY_20587b,78:eb:14:e7:9d:f6,[WPA-PSK-CCMP][WPA2-PSK-CCMP][WPS][ESS],-80,2437,2872029568","MERCURY_db86a9,d8:15:0d:f5:5f:1c,[WPA2-PSK-CCMP][ESS],-83,2462,499667804","ChainaNet_cbed,f0:eb:d0:86:f7:8f,[WPA-PSK-CCMP][WPA2-PSK-CCMP][WPS][ESS],-89,2412,1929936921"]}