{"BSSID":"55:9f:f4:39:4e:f1","IpAddress":"10.40.14.73","P2p0Mac":"20:61:5b:bb:78:2e","SSID":"MERCURY_37a965","androidId":"77d769c00e591393","batteryLevel":61,"btAddress":"25:21:55:35:3b:a1","btName":"Redmi Note 3","buildAbi":"armeabi-v7a","buildAbi2":"armeabi","buildBoard":"t1","buildBrand":"Xiaomi","buildCodename":"REL","buildDescription":"hennessy-user 7.0.0 NRD90M ca8f1b01 release-keys","buildDevice":"hennessy","buildFingerprint":"Xiaomi/Redmi Note 3/hennessy:7.0.0/NRD90M/ca8f1b01:user/release-keys","buildHardware":"qcom","buildHost":"huawei-desktop","buildId":"NRD90M","buildIncremental":"ca8f1b01","buildManufacturer":"Xiaomi","buildModel":"Redmi Note 3","buildName":"Xiaomi","buildProduct":"hennessy","buildRadioVersion":"doxonzmovkqwmlzy","buildRelease":"7.0.0","buildSdk":"24","buildSerialno":"bedc2f6e","buildTags":"release-keys","buildType":"user","buildUser":"lgmobile","buildUtc":1487278251132,"cellScan":[],"ci":0,"contacts":["奶奶,13605364524","姑妈,15207804313","外婆,13105503967","外公,15806838761","舅舅,18704564497","舅妈,18705585290","姨父,15605205707","姨娘,15804715315","亲爱的,15605351332","老弟,18902437439","老妹,15004844318","小明,15702400813","小李子,15700464504","陈镜念,13206415663","Ruth Berry,15506232345","杨廉庞,15305987829","杨鹏新,14706914477","袁儒朔,13203263912","Teresa Richardson,13001281481","任辉思,18908262123","严雪青,13202305930","吴闻江,13702537795","Rebecca Howard,13604291655","李骏演,13603161513","路霖古,13002832714","张和,15005066861","Charlotte Bryant,15208866856","宗珂岁,13802187358","余净,18600306181","杭让守,13101523439","Donald Lane,18604931670","蔡欢雷,15200244294","余慎,13906706839","尹素瑟,13804681768","Joan Porter,13703314273","邹魁星,15905042041","栾翔炬,15008564545","李魄莉,15901474533","Roy Campbell,15205404148","余伊,13604074145","李骏,15103650504","吴军,15300236953","Betty Martin,13490083005","于熙瑟,13301778753","王泉诗,15505442732","廉骥涂,18005524389","Brian Perry,13308422753","邬印同,15305411720","雷香先,18604821452"],"cpuName":"MT6795","densityDpi":560,"deviceId":"863364778406542","deviceSvn":"39","displayId":"hennessy-user 7.0.0 NRD90M ca8f1b01 release-keys","extraInfo":"uninet","height":0,"hidePkgs":[],"hmNotes":"","hookPkgs":[],"lac":0,"latitude":30.7630568,"line1Number":"18224433480","longitude":104.0716175,"macAddress":"37:77:74:e0:a5:2a","memAvailable":4109683304,"memFree":12329049914,"memTotal":16438733218,"mnc":"00","networkClass":2,"networkCountryIso":"cn","networkOperator":"46000","networkOperatorName":"中国移动","networkType":8,"networkTypeName":"HSDPA","phoneType":1,"rgAndroid":"23","rgAreaode":"86","rgBackupPath":"/storage/emulated/0/.money/backup/20180107/18224433480_20180107.db","rgConNames":[],"rgCountry":"中国","rgDevice":"xiaomiRedmi 4X","rgIp":"119.4.254.1","rgLastLogin":1515375128968,"rgLocation":"四川省成都市 联通","rgNetType":"切换飞行模式","rgOrPhone":"18224433480","rgPhoneNo":"18224433480","rgServer":"飞行模式切换","rgTime":1515312956915,"rgVcode":"玉米(发码)","rgVersion":"1.6.0","rgWxError":"帐号状态异常，本次登录已失效。请尝试重新登录，并根据弹窗提示操作。","rgWxName":"顾古惠","rgWxPasswd":"Rmst@7890","rgWxStatus":"异常","rgWxWindows":"否","serialno":"bedc2f6e","simCountryIso":"cn","simOperator":"46000","simOperatorName":"中国移动","simSerialNumber":"8986002188159617308","simState":5,"subscriberId":"460009060856333","type":0,"typeName":"MOBILE","width":0,"wifiScan":["Tenda_adafe9,c6:e3:d6:2d:a4:53,[WPA2-PSK-CCMP][WPS][ESS],-56,2462,467122005","MERCURY_bf76a9,b8:00:1b:c7:0a:00,[WPA2-PSK-CCMP][WPS][ESS],-67,2472,195999074","Netcore_95487a,3f:56:de:21:43:42,[WPA-PSK-CCMP][WPA2-PSK-CCMP][WPS][ESS],-94,2437,369071844","Netcore_f2fe20,45:29:0a:c9:6d:90,[WPA-PSK-CCMP][WPA2-PSK-CCMP][ESS],-89,2437,1953635311","PHICOMM_7436a9,74:9d:cb:61:23:94,[WPA2-PSK-CCMP][WPS][ESS],-86,2437,255841441"]}