{"BSSID":"21:ac:68:6f:67:c3","IpAddress":"192.168.71.9","P2p0Mac":"a4:29:a9:3a:df:27","SSID":"FAST_e25ed1","androidId":"09361882cd3e4036","batteryLevel":53,"btAddress":"d0:d4:3b:46:02:2e","btName":"MI 5","buildAbi":"armeabi-v7a","buildAbi2":"armeabi","buildBoard":"n1","buildBrand":"Xiaomi","buildCodename":"REL","buildDescription":"gemini-user 5.1.1 LMY48G f7b786b4 release-keys","buildDevice":"gemini","buildFingerprint":"Xiaomi/MI 5/gemini:5.1.1/LMY48G/f7b786b4:user/release-keys","buildHardware":"qcom","buildHost":"SEP-68","buildId":"LMY48G","buildIncremental":"f7b786b4","buildManufacturer":"Xiaomi","buildModel":"MI 5","buildName":"Xiaomi","buildProduct":"gemini","buildRadioVersion":"ohgkrakv","buildRelease":"5.1.1","buildSdk":"22","buildSerialno":"b9b29985","buildTags":"release-keys","buildType":"user","buildUser":"Server","buildUtc":1511542934000,"cellScan":["33300,97230211","33300,13862","33300,12921","33300,63353","33300,12923"],"ci":97230211,"contacts":["奶奶,18704905471","姑妈,18701808191","外婆,18705395048","外公,13490181295","舅舅,15506794269","舅妈,13904993662","姨父,18000531685","姨娘,13608225846","亲爱的,15308285471","老弟,15607276220","老妹,13500938679","小明,15500107099","小李子,13107704832","陆进献,13903075575","Jonathan Wagner,13602006066","吴骥年,15800150683","李乐,15003414251","贾耀可,18704159030","Patrick Torres,14700220320","暴勇骥,15304777807","李如,13305160131","吴剑,15002623798","Erica Smith,15808671920","吴旺俊,18001843834","王俊,15105276407","李昱,14707150165","Jose Pierce,15703438684","李翰,15707606493","李坚佳,15308503650","杜若由,13490418421","Sara Wagner,13490828257","王广,13608647441","李虹杏,13000586129","梅可欢,18908056572","Elsie Gardner,15301331591","余屏,13802572337","袁联佳,15702636949","陆昱秀,18705573754","Louis Hudson,14701021923","项峻雪,13301297470","干驹怡,15802726573","窦水礼,18902811208","Zachary Austin,18005807032","王声印,14704611604","殷璇竞,18602967421","李石诗,13490309832","Donald Scott,15305697429","谢阔璇,15607343078"],"cpuName":"Qualcomm Technologies, Inc MSM8996","densityDpi":480,"deviceId":"860374014502312","deviceSvn":"76","displayId":"gemini-user 5.1.1 LMY48G f7b786b4 release-keys","extraInfo":"FAST_e25ed1","height":0,"hidePkgs":[],"hmNotes":"","hookPkgs":[],"lac":33300,"latitude":30.8056857,"line1Number":"18224446458","longitude":103.8188484,"macAddress":"d4:86:2f:b0:bb:6a","memAvailable":937647765,"memFree":2812943298,"memTotal":3750591063,"mnc":"00","networkClass":3,"networkCountryIso":"cn","networkOperator":"46000","networkOperatorName":"中国移动","networkType":13,"networkTypeName":"LTE","phoneType":1,"rgAndroid":"23","rgAreaode":"86","rgBackupPath":"/storage/emulated/0/.money/backup/20180107/18224446458_20180107.db","rgConNames":[],"rgCountry":"中国","rgDevice":"xiaomiRedmi 4X","rgIp":"119.4.254.129","rgLastLogin":1515374457642,"rgLocation":"四川省成都市 联通","rgNetType":"切换飞行模式","rgOrPhone":"18224446458","rgPhoneNo":"18224446458","rgServer":"飞行模式切换","rgTime":1515306044866,"rgVcode":"玉米(发码)","rgVersion":"1.6.0","rgWxError":"帐号状态异常，本次登录已失效。请尝试重新登录，并根据弹窗提示操作。","rgWxName":"陈俊曜","rgWxPasswd":"Rmst@7890","rgWxStatus":"异常","rgWxWindows":"否","serialno":"b9b29985","simCountryIso":"cn","simOperator":"46000","simOperatorName":"中国移动","simSerialNumber":"8986025113470128236","simState":5,"subscriberId":"460002492740149","type":1,"typeName":"WIFI","width":0,"wifiScan":["MERCURY_3832,8c:f2:28:8f:24:ca,[WPA2-PSK-CCMP][ESS],-84,2462,1771530001","TP-LINK_fda9,8c:f2:28:03:10:a4,[WPA-PSK-CCMP][WPA2-PSK-CCMP][ESS],-75,2452,2411236976","PHICOMM_3f4275,9c:21:6a:37:4d:ce,[WPA2-PSK-CCMP][WPS][ESS],-91,2437,272608426","MERCURY_8498cb,98:2f:3c:40:fa:d2,[WPA-PSK-CCMP][WPA2-PSK-CCMP][WPS][ESS],-76,2432,452129183","PHICOMM_eb9d10,fc:d7:33:71:0b:0c,[WPA2-PSK-CCMP][WPS][ESS],-93,2412,381549137"]}