{"BSSID":"0f:d2:c5:00:bc:e2","IpAddress":"10.79.33.21","P2p0Mac":"3a:62:60:2e:d6:39","SSID":"Tenda_caed10","androidId":"aa48a735ba67fb4c","batteryLevel":46,"btAddress":"df:2d:5f:39:20:ca","btName":"H30-T00","buildAbi":"armeabi-v7a","buildAbi2":"armeabi","buildBoard":"msm8916","buildBrand":"HUAWEI","buildCodename":"REL","buildDescription":"H30-T00-user 7.1.2 NMF26Q e69ad5ff release-keys","buildDevice":"H30-T00","buildFingerprint":"HUAWEI/H30-T00/H30-T00:7.1.2/NMF26Q/e69ad5ff:user/release-keys","buildHardware":"qcom","buildHost":"huawei-desktop","buildId":"NMF26Q","buildIncremental":"e69ad5ff","buildManufacturer":"HUAWEI","buildModel":"H30-T00","buildName":"HUAWEI","buildProduct":"H30-T00","buildRadioVersion":"mtnjbbvysjwzj","buildRelease":"7.1.2","buildSdk":"25","buildSerialno":"80435ee3","buildTags":"release-keys","buildType":"user","buildUser":"jenkins","buildUtc":1453975298741,"cellScan":[],"ci":0,"contacts":["奶奶,18706932336","姑妈,18804035451","外婆,13306556863","外公,13000814478","舅舅,13401493211","舅妈,13204601712","姨父,15302464134","姨娘,13490313699","亲爱的,13303885652","老弟,15604751648","老妹,13506025138","小明,15604672970","小李子,18802986780","董守超,18904750902","Janice Gonzales,13302418169","杨校生,18703627791","杨璎,18706775761","奚惠万,18002375592","Jean Brown,15300445155","杨佩,15906033624","余森霖,15200372954","于瑕鹄,18007160503","Kelly Robertson,13490527831","陈郡,13800088388","欧阳阁诗,18602093082","李郡,15300058674","Marjorie Harrison,13490235198","杨迅岭,15302975741","王雷郁,13502802509","王素茜,18005753976","Melvin Long,15300091656","李耕,18802795043","吴蔚,13005824689","余羡,13505835032","Joseph Andrews,13806832289","殷渠荣,15806800226","窦信卿,18703401340","阮幸魁,14701277225","Bradley Chavez,14706991493","王生,13108261654","郝界余,13507018797","倪康威,18904822355","Doris Lewis,13301701580","王颂湘,15802622667","王佳,13490252184","余胜,15003241429","Frank Reed,15903714438"],"cpuName":"MT6582","densityDpi":560,"deviceId":"862220560322134","deviceSvn":"44","displayId":"H30-T00-user 7.1.2 NMF26Q e69ad5ff release-keys","extraInfo":"cmnet","height":0,"hidePkgs":[],"hmNotes":"","hookPkgs":[],"lac":0,"latitude":30.7316847,"line1Number":"18280415715","longitude":104.1522249,"macAddress":"bd:4d:7b:38:41:92","memAvailable":31224687,"memFree":62449375,"memTotal":93674062,"mnc":"00","networkClass":2,"networkCountryIso":"cn","networkOperator":"46007","networkOperatorName":"中国移动","networkType":8,"networkTypeName":"HSDPA","phoneType":1,"rgAndroid":"23","rgAreaode":"86","rgBackupPath":"/storage/emulated/0/.money/backup/20180107/18280415715_20180107.db","rgConNames":[],"rgCountry":"中国","rgDevice":"xiaomiRedmi 4X","rgIp":"119.4.255.142","rgLastLogin":1515374723213,"rgLocation":"四川省成都市 联通","rgNetType":"切换飞行模式","rgOrPhone":"18280415715","rgPhoneNo":"18280415715","rgServer":"飞行模式切换","rgTime":1515308657243,"rgVcode":"玉米(发码)","rgVersion":"1.6.0","rgWxError":"帐号状态异常，本次登录已失效。请尝试重新登录，并根据弹窗提示操作。","rgWxName":"陈璐","rgWxPasswd":"Rmst@7890","rgWxStatus":"异常","rgWxWindows":"否","serialno":"80435ee3","simCountryIso":"cn","simOperator":"46007","simOperatorName":"中国移动","simSerialNumber":"8986028651962704671","simState":5,"subscriberId":"460074168830363","type":0,"typeName":"MOBILE","width":0,"wifiScan":["Tenda_24380e,f6:b2:a5:ba:00:39,[WPA-PSK-CCMP][WPA2-PSK-CCMP][ESS],-71,2437,316037497","FAST_c032,36:4e:5e:7c:ad:2b,[WPA-PSK-CCMP][WPA2-PSK-CCMP][ESS],-84,2412,324892818","Netcore_7a9ec9,e3:97:f7:1a:6a:fd,[WPA-PSK-CCMP][WPA2-PSK-CCMP][WPS][ESS],-66,2412,3630627895","TP-LINK_9ecfe8,e1:2c:00:55:57:d6,[WPA2-PSK-CCMP][WPS][ESS],-84,2412,464118016","iTV-8cb9,83:c9:d4:c9:72:a5,[WPA2-PSK-CCMP][ESS],-60,2412,306764492","Tenda_bec97c,38:6d:25:8d:49:0d,[WPA-PSK-CCMP][WPA2-PSK-CCMP][ESS],-72,2412,520919477","TP-LINK_cfebae,b6:9d:fd:bd:23:80,[WPA2-PSK-CCMP][ESS],-85,2447,361945011","TP-LINK_640438,b5:55:27:e8:80:0e,[WPA2-PSK-CCMP][WPS][ESS],-89,2447,2040028308"]}