{"BSSID":"23:d9:8a:96:aa:12","IpAddress":"192.168.96.52","P2p0Mac":"4d:26:94:81:16:6c","SSID":"MERCURY_864266","androidId":"4ac1fe38cf708ccf","batteryLevel":67,"btAddress":"8a:c4:0b:e4:9b:e9","btName":"R9sk","buildAbi":"armeabi-v7a","buildAbi2":"armeabi","buildBoard":"flounder","buildBrand":"OPPO","buildCodename":"REL","buildDescription":"R9sk-user 7.1.2 NMF26Q bf39e475 release-keys","buildDevice":"R9sk","buildFingerprint":"OPPO/R9sk/R9sk:7.1.2/NMF26Q/bf39e475:user/release-keys","buildHardware":"qcom","buildHost":"mine","buildId":"NMF26Q","buildIncremental":"bf39e475","buildManufacturer":"OPPO","buildModel":"R9sk","buildName":"OPPO","buildProduct":"R9sk","buildRadioVersion":"mouuqhykswnk","buildRelease":"7.1.2","buildSdk":"25","buildSerialno":"26ba3867","buildTags":"release-keys","buildType":"user","buildUser":"android","buildUtc":1487780368056,"cellScan":["32844,19671","32768,60533","32768,60536","61729,5803","32844,23654"],"ci":5803,"contacts":["奶奶,15708015091","姑妈,13106510942","外婆,14706811685","外公,13604693275","舅舅,18004987376","舅妈,15608110276","姨父,18708533267","姨娘,14702216716","亲爱的,13603006425","老弟,13103089095","老妹,13802483226","小明,15704880137","小李子,15706294727","李和,18608604517","Alexander Butler,15604695382","谢宇适,15102137788","杨向,13906063032","张锦玉,13001743086","Kathy Torres,15604733390","李奇伊,18006090739","毕曜愚,18607159018","何友驹,15204137976","Margaret Diaz,15102502170","景衔龙,15807333624","夏晟启,15104928275","王勇双,15007754043","Emma Matthews,15003462808","江逸微,14708585314","余雄元,13407115441","王吾,18007673383","Peggy Marshall,18000816432","岑情星,18806140322","宗驹秀,15702920536","史逸竞,14703622229","Carrie Smith,18803887476","陈孝,15206531420","杨午,18800302507","缪秋松,15708834316","Joyce Lopez,18701160124","封江惠,18002782987","伍隆仙,13903303556","高闻游,13005986427","Gladys Webb,15501015964","余微,13601134670","张卫,18802146981","李耕,13804501756","Warren Matthews,13503392770"],"cpuName":"Qualcomm Technologies, Inc MSM8953","densityDpi":240,"deviceId":"860864417665203","deviceSvn":"27","displayId":"R9sk-user 7.1.2 NMF26Q bf39e475 release-keys","extraInfo":"MERCURY_864266","height":0,"hidePkgs":[],"hmNotes":"","hookPkgs":[],"lac":61729,"latitude":30.6769116,"line1Number":"18280417871","longitude":103.9035182,"macAddress":"f2:08:5a:e2:32:62","memAvailable":1250184439,"memFree":2500368879,"memTotal":3750553318,"mnc":"00","networkClass":1,"networkCountryIso":"cn","networkOperator":"46007","networkOperatorName":"中国移动","networkType":2,"networkTypeName":"EDGE","phoneType":1,"rgAndroid":"23","rgAreaode":"86","rgBackupPath":"/storage/emulated/0/.money/backup/20180107/18280417871_20180107.db","rgConNames":[],"rgCountry":"中国","rgDevice":"xiaomiRedmi 4X","rgIp":"101.206.166.131","rgLastLogin":1515374655364,"rgLocation":"四川省 联通","rgNetType":"切换飞行模式","rgOrPhone":"18280417871","rgPhoneNo":"18280417871","rgServer":"飞行模式切换","rgTime":1515307562166,"rgVcode":"玉米(发码)","rgVersion":"1.6.0","rgWxError":"帐号状态异常，本次登录已失效。请尝试重新登录，并根据弹窗提示操作。","rgWxName":"荣珂贵","rgWxPasswd":"Rmst@7890","rgWxStatus":"异常","rgWxWindows":"否","serialno":"26ba3867","simCountryIso":"cn","simOperator":"46007","simOperatorName":"中国移动","simSerialNumber":"8986006573590938123","simState":5,"subscriberId":"460077683534387","type":1,"typeName":"WIFI","width":0,"wifiScan":["FAST_bdc0,80:48:a5:d3:c1:1a,[WPA-PSK-CCMP][WPA2-PSK-CCMP][WPS][ESS],-89,2437,372268827","PHICOMM_7beda9,80:48:a5:d3:c5:0a,[WPA2-PSK-CCMP][ESS],-73,2462,2872726551","MERCURY_30e215,1c:60:de:d1:f3:8c,[WPA-PSK-CCMP][WPA2-PSK-CCMP][WPS][ESS],-77,2442,208114210","Netcore_265984,74:a7:8e:b0:9c:fd,[WPA-PSK-CCMP][WPA2-PSK-CCMP][WPS][ESS],-81,2472,402936908","TP-LINK_dbadb0,a8:57:4e:4e:6d:a4,[WPA2-PSK-CCMP][WPS][ESS],-93,2412,546526609"]}