{"BSSID":"5b:86:e1:c1:5a:0f","IpAddress":"10.57.25.101","P2p0Mac":"0b:1d:ef:fe:5b:f0","SSID":"PHICOMM_60536b","androidId":"e31017d62b6484b0","batteryLevel":71,"btAddress":"b3:59:2a:5d:61:84","btName":"2014811","buildAbi":"armeabi-v7a","buildAbi2":"armeabi","buildBoard":"t1","buildBrand":"Xiaomi","buildCodename":"REL","buildDescription":"HM2014811-user 7.1.2 NMF26Q 3d0e18e3 release-keys","buildDevice":"HM2014811","buildFingerprint":"Xiaomi/2014811/HM2014811:7.1.2/NMF26Q/3d0e18e3:user/release-keys","buildHardware":"qcom","buildHost":"qh-miui-ota-bd51","buildId":"NMF26Q","buildIncremental":"3d0e18e3","buildManufacturer":"Xiaomi","buildModel":"2014811","buildName":"Xiaomi","buildProduct":"HM2014811","buildRadioVersion":"sjcmkgprzfkcgfurs","buildRelease":"7.1.2","buildSdk":"25","buildSerialno":"5bf8d4d1","buildTags":"release-keys","buildType":"user","buildUser":"Server","buildUtc":1455389771423,"cellScan":["33312,250241920","33028,27974","61717,169176207","61715,169047177","61717,169176208"],"ci":27974,"contacts":["奶奶,18608004941","姑妈,15306933964","外婆,14700531392","外公,13490441140","舅舅,13106067439","舅妈,15906773890","姨父,13807933350","姨娘,13200508372","亲爱的,13803807023","老弟,18706325431","老妹,13104327853","小明,15700810165","小李子,18905295776","李茂河,13800112070","Frederick Snyder,13500161513","杨雷,13907421643","于惠,15906496127","王骏守,14706476532","Joshua Ramirez,14706890945","平锐冠,13901061134","张卫欢,15901690066","姜鹄怀,18707695016","Norma Phillips,14703090798","戚让荣,15301851227","龙隆遇,13102714736","余烈,15707007659","Alfred Torres,18801582115","姚泉杏,18005311254","霍享净,13805272697","于涂印,13708806593","Chad Stevens,13502261609","祖木思,15802554991","杨元冠,13603546813","柏行瑜,13001953758","Joyce Mitchell,15506019097","陈礼洋,18905443633","郑琦,13205301000","徐绍梁,13505613163","Michele Perry,13608180784","杨宫胜,15506632771","李守影,13108738110","景阔心,13103576969","Christopher Webb,13200314962","杨木,18805132142"],"cpuName":"Qualcomm Technologies, Inc MSM8916","densityDpi":240,"deviceId":"862405138561533","deviceSvn":"13","displayId":"HM2014811-user 7.1.2 NMF26Q 3d0e18e3 release-keys","extraInfo":"cmwap","height":0,"hidePkgs":[],"hmNotes":"","hookPkgs":[],"lac":33028,"latitude":30.4312649,"line1Number":"18280426517","longitude":104.0843388,"macAddress":"73:27:83:ed:07:f3","memAvailable":611182387,"memFree":1222364776,"memTotal":1833547163,"mnc":"00","networkClass":2,"networkCountryIso":"cn","networkOperator":"46007","networkOperatorName":"中国移动","networkType":17,"networkTypeName":"TD_SCDMA","phoneType":1,"rgAndroid":"23","rgAreaode":"86","rgBackupPath":"/storage/emulated/0/.money/backup/20180107/18280426517_20180107.db","rgConNames":["李华灵"],"rgConsize":"1","rgCountry":"中国","rgDevice":"xiaomiRedmi 4X","rgIp":"101.206.166.188","rgLastLogin":1515546943520,"rgLocation":"四川省 联通","rgNetType":"切换飞行模式","rgOrPhone":"18280426517","rgPhoneNo":"18280426517","rgServer":"飞行模式切换","rgTime":1515304505366,"rgVcode":"玉米(发码)","rgVersion":"1.6.0","rgWxEmail":"未绑定","rgWxError":"帐号状态异常，本次登录已失效。请尝试重新登录，并根据弹窗提示操作。","rgWxName":"李华灵","rgWxNo":"未设置","rgWxPasswd":"Rmst@7890","rgWxQQ":"未绑定","rgWxStatus":"异常","rgWxWindows":"否","serialno":"5bf8d4d1","simCountryIso":"cn","simOperator":"46007","simOperatorName":"中国移动","simSerialNumber":"8986024583070266917","simState":5,"subscriberId":"460077312456796","type":0,"typeName":"MOBILE","width":0,"wifiScan":["TP-LINK_0042,34:80:b3:bb:9a:b6,[WPA2-PSK-CCMP][ESS],-67,2437,3458830767","Tenda_45265a,e4:d3:32:cc:ce:86,[WPA2-PSK-CCMP][ESS],-84,2437,3050428482","Netcore_610538,bc:d1:77:56:ae:ee,[WPA2-PSK-CCMP][WPS][ESS],-95,2437,235802080","MERCURY_ed1530,00:5a:39:e1:9b:63,[WPA-PSK-CCMP][WPA2-PSK-CCMP][WPS][ESS],-82,2462,3160326750","PHICOMM_d9dc1f,f4:b7:e2:01:31:bc,[WPA-PSK-CCMP][WPA2-PSK-CCMP][WPS][ESS],-54,2412,386048692"]}