{"BSSID":"6e:cd:58:68:75:f6","IpAddress":"192.168.55.110","P2p0Mac":"78:12:29:2a:bc:ea","SSID":"MERCURY_fecf42","androidId":"ccb1f40226f8fa30","batteryLevel":70,"btAddress":"8b:3b:21:f7:b4:0f","btName":"MI 5","buildAbi":"armeabi-v7a","buildAbi2":"armeabi","buildBoard":"moorefield","buildBrand":"Xiaomi","buildCodename":"REL","buildDescription":"MI 5-user 7.1.2 NMF26Q 0decd2e9 release-keys","buildDevice":"MI 5","buildFingerprint":"Xiaomi/MI 5/MI 5:7.1.2/NMF26Q/0decd2e9:user/release-keys","buildHardware":"qcom","buildHost":"Android-server","buildId":"NMF26Q","buildIncremental":"0decd2e9","buildManufacturer":"Xiaomi","buildModel":"MI 5","buildName":"Xiaomi","buildProduct":"MI 5","buildRadioVersion":"zzsezbfydw","buildRelease":"7.1.2","buildSdk":"25","buildSerialno":"b41ae703","buildTags":"release-keys","buildType":"user","buildUser":"lgmobile","buildUtc":1492483869051,"cellScan":[],"ci":0,"contacts":["奶奶,18807433379","姑妈,14700116471","外婆,15606220379","外公,13203155169","舅舅,18800127738","舅妈,18001096615","姨父,15304405007","姨娘,15006506049","亲爱的,15702734291","老弟,18708725851","老妹,15500341843","小明,18804591440","小李子,15104970772","雷团瑟,18902920667","Scott King,13305635311","杨君,15607319081","於秀禄,15707802889","高三雄,13607537312","Vincent Mason,13600016804","陈渠,15300923759","公孙岩恒,18005843850","张炫怒,15202521637","Cathy Reed,15901238623","臧恒璇,15900025105","严稼心,13905942942","殷心幸,18608342483","Maria Franklin,13106512466","杨砚三,13005507761","莫立彦,15601255036","王信,13900037440","Leroy Stone,13704972299","穆梧岳,15602225720","魏茜玮,13601362532","李盛,18700375760","Carolyn Holmes,18801413780","吴任,13302420445","卢明庞,18605593152","杨心亚,13907558749","Carrie Lee,13504842588","杨兴土,13007605294","王绍,13605205254","杨利璇,13490068650","Lester Stephens,15305210157","张涂,15704401239","骆楷三,13905541986","羊举万,13906917689","Anna Greene,13704703858","松坚萱,15503198328","贝威乾,18805515999","皮夜苡,13207933722","Joel Davis,18605543330","张廉瑟,13705307832"],"cpuName":"Qualcomm Technologies, Inc MSM8996","densityDpi":240,"deviceId":"860587782214956","deviceSvn":"39","displayId":"MI 5-user 7.1.2 NMF26Q 0decd2e9 release-keys","extraInfo":"MERCURY_fecf42","height":0,"hidePkgs":[],"hmNotes":"","hookPkgs":[],"lac":0,"latitude":30.6979628,"line1Number":"18280427585","longitude":104.3489989,"macAddress":"95:6d:2c:35:f0:3d","memAvailable":68205540,"memFree":136411081,"memTotal":204616621,"mnc":"00","networkClass":2,"networkCountryIso":"cn","networkOperator":"46002","networkOperatorName":"中国移动","networkType":8,"networkTypeName":"HSDPA","phoneType":1,"rgAndroid":"23","rgAreaode":"86","rgBackupPath":"/storage/emulated/0/.money/backup/20180107/18280427585_20180107.db","rgConNames":[],"rgCountry":"中国","rgDevice":"xiaomiRedmi 4X","rgIp":"119.4.255.52","rgLastLogin":1515374926549,"rgLocation":"四川省成都市 联通","rgNetType":"切换飞行模式","rgOrPhone":"18280427585","rgPhoneNo":"18280427585","rgServer":"飞行模式切换","rgTime":1515311437270,"rgVcode":"玉米(发码)","rgVersion":"1.6.0","rgWxError":"帐号状态异常，本次登录已失效。请尝试重新登录，并根据弹窗提示操作。","rgWxName":"封和韶","rgWxPasswd":"Rmst@7890","rgWxStatus":"异常","rgWxWindows":"否","serialno":"b41ae703","simCountryIso":"cn","simOperator":"46002","simOperatorName":"中国移动","simSerialNumber":"8986024815922828351","simState":5,"subscriberId":"460023463524571","type":1,"typeName":"WIFI","width":0,"wifiScan":["MERCURY_c032ed,fe:39:95:f9:a9:dd,[WPA2-PSK-CCMP][ESS],-71,2412,3537931684","FAST_86aec9,27:71:00:12:84:5a,[WPA-PSK-CCMP][WPA2-PSK-CCMP][WPS][ESS],-80,2462,448293432","ChainaNet_2e31,0d:3e:53:ca:87:be,[WPA-PSK-CCMP][WPA2-PSK-CCMP][WPS][ESS],-72,2417,2545527078","Netcore_753143,9e:02:77:b4:cb:57,[WPA-PSK-CCMP][WPA2-PSK-CCMP][ESS],-91,2462,496840193","PHICOMM_149743,51:88:fa:8d:49:a3,[WPA2-PSK-CCMP][WPS][ESS],-80,2412,1550838242","Netcore_14376a,86:77:fb:2e:01:3c,[WPA2-PSK-CCMP][WPS][ESS],-60,2412,360733977","FAST_dc1db0,0d:ce:2c:1b:ff:7b,[WPA-PSK-CCMP][WPA2-PSK-CCMP][ESS],-85,2437,517642812"]}