{"BSSID":"b0:82:a3:f9:8f:a0","IpAddress":"192.168.18.84","P2p0Mac":"a4:2a:1e:b3:16:f7","SSID":"Netcore_1dcb0e","androidId":"494a32ef2a01df73","batteryLevel":67,"btAddress":"46:5e:5d:43:a9:60","btName":"OPPO A33m","buildAbi":"armeabi-v7a","buildAbi2":"armeabi","buildBoard":"spyder","buildBrand":"OPPO","buildCodename":"REL","buildDescription":"OPPO A33m-user 7.0.0 NRD90M 78fdec99 release-keys","buildDevice":"OPPO A33m","buildFingerprint":"OPPO/OPPO A33m/OPPO A33m:7.0.0/NRD90M/78fdec99:user/release-keys","buildHardware":"qcom","buildHost":"ubuntu","buildId":"NRD90M","buildIncremental":"78fdec99","buildManufacturer":"OPPO","buildModel":"OPPO A33m","buildName":"OPPO","buildProduct":"OPPO A33m","buildRadioVersion":"auntncjte","buildRelease":"7.0.0","buildSdk":"24","buildSerialno":"42ec0147","buildTags":"release-keys","buildType":"user","buildUser":"builder","buildUtc":1509509006315,"cellScan":["33292,17446","33292,96715393","33042,118026785","33042,118021921","33292,50072"],"ci":96715393,"contacts":["奶奶,13490094253","姑妈,13902353101","外婆,15303128052","外公,15306203093","舅舅,13001468464","舅妈,13490442765","姨父,13505392444","姨娘,13302074818","亲爱的,18805913072","老弟,15006048476","老妹,13207711859","小明,15501173777","小李子,18705388409","王顺,13900164388","Sylvia Olson,13803282499","陈立,18908550011","邹影奎,18707503463","李阳,15303843445","Roy Hill,15306778158","李宁,13702598475","杨洋精,13490116799","吴三,13404775665","Monica Jenkins,15204853333","余艺能,15603254514","杨瑞殊,15905373903","余学勇,15303293973","Marie Morgan,13490635091","樊先桐,13490644054","李茂情,13201543799","储涂虎,18708396277","Todd Myers,15708612043","韩全,13006153480","王界,18705773574","魏念烁,18001145917","Floyd Butler,18001208130","李弘印,13607973963","王顺,13301926634","李君,18708551582","Erica Lawson,18702294803","赵郡砚,18007851911","张旺,13490585671","李香,18804396721","Ricky Perkins,18708088855","解野游,15708771040"],"cpuName":"Qualcomm Technologies, Inc MSM8916","densityDpi":560,"deviceId":"861352028706177","deviceSvn":"13","displayId":"OPPO A33m-user 7.0.0 NRD90M 78fdec99 release-keys","extraInfo":"Netcore_1dcb0e","height":0,"hidePkgs":[],"hmNotes":"","hookPkgs":[],"lac":33292,"latitude":30.4556626,"line1Number":"18328729940","longitude":103.9733269,"macAddress":"f2:67:50:f4:6b:cb","memAvailable":458274552,"memFree":1374823659,"memTotal":1833098211,"mnc":"00","networkClass":3,"networkCountryIso":"cn","networkOperator":"46007","networkOperatorName":"中国移动","networkType":13,"networkTypeName":"LTE","phoneType":1,"rgAndroid":"23","rgAreaode":"86","rgBackupPath":"/storage/emulated/0/.money/backup/20180107/18328729940_20180107.db","rgConNames":["张嵬"],"rgConsize":"1","rgCountry":"中国","rgDevice":"xiaomiRedmi 4X","rgIp":"119.4.254.159","rgLastLogin":1515547147680,"rgLocation":"四川省成都市 联通","rgNetType":"切换飞行模式","rgOrPhone":"18328729940","rgPhoneNo":"18328729940","rgServer":"飞行模式切换","rgTime":1515306868589,"rgVcode":"玉米(发码)","rgVersion":"1.6.0","rgWxEmail":"未绑定","rgWxError":"帐号状态异常，本次登录已失效。请尝试重新登录，并根据弹窗提示操作。","rgWxName":"张嵬","rgWxNo":"未设置","rgWxPasswd":"Rmst@7890","rgWxQQ":"未绑定","rgWxStatus":"异常","rgWxWindows":"否","serialno":"42ec0147","simCountryIso":"cn","simOperator":"46007","simOperatorName":"中国移动","simSerialNumber":"8986028630361938878","simState":5,"subscriberId":"460074859966621","type":1,"typeName":"WIFI","width":0,"wifiScan":["MERCURY_d9ec0f,78:d3:8d:a6:f5:f0,[WPA2-PSK-CCMP][WPS][ESS],-75,2412,808033498"]}