{"BSSID":"35:b9:ed:4c:cd:16","IpAddress":"192.168.25.58","P2p0Mac":"c5:3a:14:c2:37:12","SSID":"MERCURY_6a7437","androidId":"5fa4744ec9193b80","batteryLevel":87,"btAddress":"09:53:c0:79:7d:81","btName":"Redmi Note 3","buildAbi":"armeabi-v7a","buildAbi2":"armeabi","buildBoard":"p3","buildBrand":"Xiaomi","buildCodename":"REL","buildDescription":"hennessy-user 5.0 LRX21M cad6bbd3 release-keys","buildDevice":"hennessy","buildFingerprint":"Xiaomi/Redmi Note 3/hennessy:5.0/LRX21M/cad6bbd3:user/release-keys","buildHardware":"qcom","buildHost":"qh-miui-ota-bd54","buildId":"LRX21M","buildIncremental":"cad6bbd3","buildManufacturer":"Xiaomi","buildModel":"Redmi Note 3","buildName":"Xiaomi","buildProduct":"hennessy","buildRadioVersion":"ommsnskntxsyhpo","buildRelease":"5.0","buildSdk":"21","buildSerialno":"cdf52d47","buildTags":"release-keys","buildType":"user","buildUser":"MarkBuild","buildUtc":1493220363082,"cellScan":[],"ci":0,"contacts":["奶奶,13805643794","姑妈,18007736391","外婆,18800331611","外公,18800044288","舅舅,18703778583","舅妈,13504777703","姨父,18800255552","姨娘,13501768019","亲爱的,15801448777","老弟,13406233582","老妹,15807908864","小明,13007446676","小李子,15802816594","严设舒,18603843343","James Mcdonald,18608460106","杨皓,15306278118","常倩宫,15702752764","陶平瑛,18802091719","Oscar Butler,15706959094","支雅万,13105065159","张灵,18703786837","李荃义,15305978424","Kimberly Murray,13490204260","平书铭,18901103129","陶泰汉,15002555349","宗景皓,18800408118","Brent Taylor,15705765297","毕静桐,13005727354","李雄宫,15801863594","吴隆烁,13206334345","Jacob Simpson,18607240989","杨若,13208594970","张业吾,14700346837","杨松贺,15707104625","Ray Dunn,14706861757","张苡,13507988663","贲平吉,13306117613","邹双钰,13004705746","Lois Crawford,15606665192","王似,15007341019","麻实茜,13103251306","杨盈,15500202077","Brandon Knight,15504856049","吕靖印,15200743663","酆欣鹏,13302147786","张许印,13300761206","Larry Adams,15303805606"],"cpuName":"Qualcomm Technologies, Inc MSM8956","densityDpi":480,"deviceId":"861249772214731","deviceSvn":"43","displayId":"hennessy-user 5.0 LRX21M cad6bbd3 release-keys","extraInfo":"MERCURY_6a7437","height":0,"hidePkgs":[],"hmNotes":"","hookPkgs":[],"lac":0,"latitude":30.8783496,"line1Number":"18328702410","longitude":103.9432349,"macAddress":"31:25:0f:f1:6f:91","memAvailable":23645040,"memFree":70935122,"memTotal":94580162,"mnc":"00","networkClass":2,"networkCountryIso":"cn","networkOperator":"46007","networkOperatorName":"中国移动","networkType":8,"networkTypeName":"HSDPA","phoneType":1,"rgAndroid":"23","rgAreaode":"86","rgBackupPath":"/storage/emulated/0/.money/backup/20180107/18328702410_20180107.db","rgConNames":["赵石"],"rgConsize":"1","rgCountry":"中国","rgDevice":"xiaomiRedmi 4X","rgIp":"119.4.254.104","rgLastLogin":1515547281870,"rgLocation":"四川省成都市 联通","rgNetType":"切换飞行模式","rgOrPhone":"18328702410","rgPhoneNo":"18328702410","rgServer":"飞行模式切换","rgTime":1515312215785,"rgVcode":"玉米(发码)","rgVersion":"1.6.0","rgWxEmail":"未绑定","rgWxError":"帐号状态异常，本次登录已失效。请尝试重新登录，并根据弹窗提示操作。","rgWxName":"赵石","rgWxNo":"未设置","rgWxPasswd":"Rmst@7890","rgWxQQ":"未绑定","rgWxStatus":"异常","rgWxWindows":"否","serialno":"cdf52d47","simCountryIso":"cn","simOperator":"46007","simOperatorName":"中国移动","simSerialNumber":"8986001446215423257","simState":5,"subscriberId":"460076482882769","type":1,"typeName":"WIFI","width":0,"wifiScan":["Netcore_f20537,3e:77:ad:8a:73:88,[WPA2-PSK-CCMP][WPS][ESS],-78,2437,501681142","FAST_d9dc0f,ee:22:d7:e6:c5:e5,[WPA2-PSK-CCMP][WPS][ESS],-88,2412,467782435","FAST_51f426,f3:62:dc:f4:77:42,[WPA2-PSK-CCMP][WPS][ESS],-95,2412,1844337476","MERCURY_cafeb9,cf:6a:b3:cc:03:2b,[WPA2-PSK-CCMP][WPS][ESS],-74,2462,2495532074","ChainaNet_2659,48:99:5a:2b:50:6a,[WPA-PSK-CCMP][WPA2-PSK-CCMP][WPS][ESS],-73,2437,279598354","PHICOMM_2098cb,26:b8:78:36:7c:8f,[WPA2-PSK-CCMP-preauth][ESS],-86,2427,1794133710","Tenda_cb87a9,42:bd:fb:f1:a0:77,[WPS][ESS],-89,2447,346466244","TP-LINK_9597ca,e4:98:ab:da:64:b8,[WPA-PSK-CCMP][WPA2-PSK-CCMP][ESS],-86,2412,389837848"]}