{"BSSID":"83:f7:1f:ec:32:d2","IpAddress":"10.41.4.231","P2p0Mac":"03:70:8f:ef:e6:00","SSID":"Netcore_35476a","androidId":"11d1c2dcc81e5c5b","batteryLevel":87,"btAddress":"f0:45:c9:e3:4f:90","btName":"samsung GT-I9208","buildAbi":"armeabi-v7a","buildAbi2":"armeabi","buildBoard":"MAKO","buildBrand":"samsung","buildCodename":"REL","buildDescription":"samsung GT-I9208-user 5.0 LRX21M 54a77fd2 release-keys","buildDevice":"samsung GT-I9208","buildFingerprint":"samsung/samsung GT-I9208/samsung GT-I9208:5.0/LRX21M/54a77fd2:user/release-keys","buildHardware":"qcom","buildHost":"wcc-miui-ota-bd25","buildId":"LRX21M","buildIncremental":"54a77fd2","buildManufacturer":"samsung","buildModel":"samsung GT-I9208","buildName":"samsung","buildProduct":"samsung GT-I9208","buildRadioVersion":"hsebgshotgxnh","buildRelease":"5.0","buildSdk":"21","buildSerialno":"6a356fb0","buildTags":"release-keys","buildType":"user","buildUser":"buildHost","buildUtc":1476536815045,"cellScan":[],"ci":0,"contacts":["奶奶,13300860171","姑妈,13901834342","外婆,13506298240","外公,13602914244","舅舅,15305052867","舅妈,15808355191","姨父,15706645245","姨娘,13806507310","亲爱的,15203867777","老弟,13408438240","老妹,15604321643","小明,15507276799","小李子,14705064992","严适湘,15001082745","Annie Wallace,13407432199","杨学,15302068482","何炬乐,13404380333","李启万,15605965854","Alan Wells,13205884922","李康,18707481434","余俊,15207804204","王胤,15902330786","Joseph Austin,15102582182","杨佩,15803640674","司徒铭鹏,13003468680","杨雍盈,15801834828","Alicia Gibson,15001492081","王硕,13105862585","雷辉欣,13906703436","弓宁颖,18805853923","Peggy Ray,18801990790","顾瑜寿,18800892702","余印广,13705355388","杨旭校,13601477403","Florence Clark,13901982379","弓生三,15901213544","章友龙,13101561610","余魄玉,18702404024","Marilyn Jackson,15703363974","石洋虎,15808561220","于峻辉,15003626328"],"cpuName":"Qualcomm Technologies, Inc MSM8960","densityDpi":480,"deviceId":"863651664566102","deviceSvn":"38","displayId":"samsung GT-I9208-user 5.0 LRX21M 54a77fd2 release-keys","extraInfo":"3gnet","height":0,"hidePkgs":[],"hmNotes":"","hookPkgs":[],"lac":0,"latitude":30.4505438,"line1Number":"13458618440","longitude":104.2352155,"macAddress":"95:80:b7:7f:81:84","memAvailable":935434917,"memFree":1870869836,"memTotal":2806304753,"mnc":"00","networkClass":2,"networkCountryIso":"cn","networkOperator":"46007","networkOperatorName":"中国移动","networkType":8,"networkTypeName":"HSDPA","phoneType":1,"rgAndroid":"23","rgAreaode":"86","rgConNames":["杨启瑛"],"rgConsize":"1","rgCountry":"中国","rgDevice":"xiaomiRedmi 4X","rgIp":"119.4.255.63","rgLastLogin":1516244507847,"rgLocation":"四川省成都市 联通","rgNetType":"切换飞行模式","rgOrPhone":"13458618440","rgPhoneNo":"13458618440","rgServer":"飞行模式切换","rgTime":1515487953558,"rgVcode":"玉米(发码)","rgVersion":"1.6.0","rgWxEmail":"未绑定","rgWxError":"该微信帐号因批量或者使用非法软件注册被限制登录，如需继续使用，请轻触“确定”申请解除限制。","rgWxName":"杨启瑛","rgWxNo":"未设置","rgWxPasswd":"Rmst@7890","rgWxQQ":"未绑定","rgWxStatus":"异常","rgWxWindows":"否","serialno":"6a356fb0","simCountryIso":"cn","simOperator":"46007","simOperatorName":"中国移动","simSerialNumber":"8986022022053620051","simState":5,"subscriberId":"460077078379562","type":0,"typeName":"MOBILE","width":0,"wifiScan":["Netcore_258db7,15:e1:fc:91:1d:80,[WPA-PSK-CCMP][WPA2-PSK-CCMP][WPS][ESS],-81,2412,509200822","TP-LINK_85a9,ea:6d:33:d2:93:a8,[WPA-PSK-CCMP][WPA2-PSK-CCMP][WPS][ESS],-92,2412,1957735909","MERCURY_b9d6,d6:3e:d2:7c:a5:59,[WPA2-PSK-CCMP][WPS][ESS],-79,2417,218314587","ChainaNet_2f20,28:f2:bc:40:21:17,[WPA-PSK-CCMP][WPA2-PSK-CCMP][WPS][ESS],-68,2437,3563229012","PHICOMM_86a969,be:85:7c:76:41:ba,[WPA2-PSK-CCMP][WPS][ESS],-51,2412,2263436071"]}