{"BSSID":"91:4e:d7:88:1c:0d","IpAddress":"192.168.27.10","P2p0Mac":"a7:d1:13:96:da:0a","SSID":"PHICOMM_9fd1ed","androidId":"2b7dc16c59d5f296","batteryLevel":79,"btAddress":"f4:29:d1:60:e4:4a","btName":"GT-I9158P","buildAbi":"armeabi-v7a","buildAbi2":"armeabi","buildBoard":"m7","buildBrand":"samsung","buildCodename":"REL","buildDescription":"GT-I9158P-user 5.1.1 LMY48G ad8c82c5 release-keys","buildDevice":"GT-I9158P","buildFingerprint":"samsung/GT-I9158P/GT-I9158P:5.1.1/LMY48G/ad8c82c5:user/release-keys","buildHardware":"qcom","buildHost":"SCL_XA241_102","buildId":"LMY48G","buildIncremental":"ad8c82c5","buildManufacturer":"samsung","buildModel":"GT-I9158P","buildName":"samsung","buildProduct":"GT-I9158P","buildRadioVersion":"iqnhjmok","buildRelease":"5.1.1","buildSdk":"22","buildSerialno":"629f546f","buildTags":"release-keys","buildType":"user","buildUser":"MarkBuild","buildUtc":1483593555454,"cellScan":[],"ci":0,"contacts":["奶奶,18702697381","姑妈,18602622330","外婆,13308554198","外公,15802410174","舅舅,18006845922","舅妈,13008030658","姨父,13507245958","姨娘,18006441322","亲爱的,14707486465","老弟,13004578128","老妹,15004700835","小明,18707463057","小李子,13802323037","张然杏,18806312533","Tommy Carroll,18805424827","云薇团,13204860358","钮演遇,13001827691","柳瑜超,13605801346","Marie Ward,13505305915","惠豪逵,13600186246","奚密业,14704572668","萧惠立,18605743628","Marvin Hart,13004528299","于游,18606632735","余向,18802223661","杨仁玮,18707123491","Lester Morris,18802533061","于佑骥,15107383413","侯静亚,13804958410","吴精,13206170683","Gail Davis,13107352199","于恺,18002647079","吴韶,15307961600","裘慎乐,13805840203","Lillian Rivera,13704393118","杨水庞,13490763453","茅冠午,15501143651","仇永虎,13500910830","Holly Butler,13607080401","贺怡联,15708753277","金峻能,18908864594","田敬三,13105880266","Bonnie Griffin,13208117099","吴立同,13490309218","孔吾禄,18007420419","李祥宁,13500707166","Jill Weaver,13800782183","于旺游,13507654126","车卫卿,13804275225","杨露,13402320750","Tim Daniels,13407468584","暴军克,13203818500"],"cpuName":"Qualcomm MSM 8226 (Flattened Device Tree)","densityDpi":560,"deviceId":"861695759366854","deviceSvn":"15","displayId":"GT-I9158P-user 5.1.1 LMY48G ad8c82c5 release-keys","extraInfo":"PHICOMM_9fd1ed","height":0,"hidePkgs":[],"hmNotes":"","hookPkgs":[],"lac":0,"latitude":30.8978084,"line1Number":"13548121148","longitude":103.7664968,"macAddress":"e2:50:f2:72:a1:78","memAvailable":32153341,"memFree":64306683,"memTotal":96460024,"mnc":"00","networkClass":2,"networkCountryIso":"cn","networkOperator":"46007","networkOperatorName":"中国移动","networkType":17,"networkTypeName":"TD_SCDMA","phoneType":1,"rgAndroid":"23","rgAreaode":"86","rgConNames":[],"rgCountry":"中国","rgDevice":"xiaomiRedmi 4X","rgIp":"119.4.254.209","rgLastLogin":1516244629118,"rgLocation":"四川省成都市 联通","rgNetType":"切换飞行模式","rgOrPhone":"13548121148","rgPhoneNo":"13548121148","rgServer":"飞行模式切换","rgTime":1515493159973,"rgVcode":"玉米(发码)","rgVersion":"1.6.0","rgWxError":"帐号或密码错误，请重新填写。","rgWxName":"李棠嵬","rgWxPasswd":"Rmst@7890","rgWxStatus":"异常","rgWxWindows":"否","serialno":"629f546f","simCountryIso":"cn","simOperator":"46007","simOperatorName":"中国移动","simSerialNumber":"8986026652322756024","simState":5,"subscriberId":"460077741490797","type":1,"typeName":"WIFI","width":0,"wifiScan":["TP-LINK_cfa9d0,b5:31:07:d6:1a:77,[WPA-PSK-CCMP][WPA2-PSK-CCMP][ESS],-80,2447,1353328783","PHICOMM_8b9c98,ce:c3:11:39:18:10,[WPA2-PSK-TKIP+CCMP][WPS][ESS],-89,2412,394804949","FAST_8587c0,d7:f2:96:e3:61:03,[WPA-PSK-CCMP][WPA2-PSK-CCMP][WPS][ESS],-91,2412,1495628894","Tenda_d2043e,3a:11:ec:d1:f9:9b,[WPA2-PSK-CCMP][WPS][ESS],-57,2412,219785729","Netcore_15487c,b9:b6:7a:f8:8e:82,[WPA-PSK-CCMP][WPA2-PSK-CCMP][ESS],-64,2422,531237257"]}