{"BSSID":"fb:5b:8f:58:49:28","IpAddress":"192.168.21.245","P2p0Mac":"e1:83:1c:e6:59:01","SSID":"Netcore_1510f2","androidId":"5f9011ba92334d6d","batteryLevel":78,"btAddress":"e6:4a:ea:b2:65:89","btName":"MI 3","buildAbi":"armeabi-v7a","buildAbi2":"armeabi","buildBoard":"shamu","buildBrand":"Xiaomi","buildCodename":"REL","buildDescription":"Kenzo-user 5.1.1 LMY48G 43848f47 release-keys","buildDevice":"Kenzo","buildFingerprint":"Xiaomi/MI 3/Kenzo:5.1.1/LMY48G/43848f47:user/release-keys","buildHardware":"qcom","buildHost":"bs213","buildId":"LMY48G","buildIncremental":"43848f47","buildManufacturer":"Xiaomi","buildModel":"MI 3","buildName":"Xiaomi","buildProduct":"Kenzo","buildRadioVersion":"uhhnqdgda","buildRelease":"5.1.1","buildSdk":"22","buildSerialno":"b82d25e9","buildTags":"release-keys","buildType":"user","buildUser":"buildHost","buildUtc":1465308123904,"cellScan":[],"ci":0,"contacts":["奶奶,18803116788","姑妈,13606283798","外婆,13801288489","外公,15506662648","舅舅,15803838125","舅妈,18907833075","姨父,13600448543","姨娘,15808681075","亲爱的,13506232278","老弟,15605857191","老妹,15505762734","小明,18708192663","小李子,13202373833","施竞瑟,13100350057","Frank Armstrong,13101331262","余郁炎,13303391540","李景余,13605592860","骆欣逵,13300260918","Megan Harrison,18002362259","李卫,13406083967","阮奎星,13804799041","蔡雅伊,15308777611","Danny Ferguson,15302091081","张嘉,13706663478","李渠璐,14706961330","平享颂,18600994994","Larry Elliott,13201917843","张商雪,14707756707","王恺,15304554910","束儒秀,13306596514","Jane Franklin,15306951009","江愚雍,18701170038","王勇航,13906996741","穆保勇,18708270981","Laura Turner,15704586315","张翔银,13800342276","华平静,15105004421","闵颖任,18904984432","Robert Riley,15300432798","俞盈麟,18704633015","杨豪,15104102423","杨逵木,15702785476","Angela Gonzalez,18807417294","高雷水,13703965543","李阳红,18808501670","吴瑕琦,13804683226","Emma Campbell,13503796299","杨能,13301014866","米珊盈,15903961772","张翼,18005061511","Peter Rice,18900162719"],"cpuName":"Qualcomm MSM8974PRO-AB","densityDpi":480,"deviceId":"865793070545524","deviceSvn":"39","displayId":"Kenzo-user 5.1.1 LMY48G 43848f47 release-keys","extraInfo":"Netcore_1510f2","height":0,"hidePkgs":[],"hmNotes":"","hookPkgs":[],"lac":0,"latitude":30.3991789,"line1Number":"13540194986","longitude":104.355716,"macAddress":"0a:5e:8c:24:75:1c","memAvailable":24192208,"memFree":72576625,"memTotal":96768833,"mnc":"00","networkClass":1,"networkCountryIso":"cn","networkOperator":"46002","networkOperatorName":"中国移动","networkType":2,"networkTypeName":"EDGE","phoneType":1,"rgAndroid":"23","rgAreaode":"86","rgConNames":["杨鑫"],"rgConsize":"1","rgCountry":"中国","rgDevice":"xiaomiRedmi 4X","rgIp":"119.4.254.102","rgLastLogin":1516244358599,"rgLocation":"四川省成都市 联通","rgNetType":"切换飞行模式","rgOrPhone":"13540194986","rgPhoneNo":"13540194986","rgServer":"飞行模式切换","rgTime":1515481180459,"rgVcode":"玉米(发码)","rgVersion":"1.6.0","rgWxEmail":"未绑定","rgWxError":"该微信帐号因批量或者使用非法软件注册被限制登录，如需继续使用，请轻触“确定”申请解除限制。","rgWxName":"杨鑫","rgWxNo":"未设置","rgWxPasswd":"Rmst@7890","rgWxQQ":"未绑定","rgWxStatus":"异常","rgWxWindows":"否","serialno":"b82d25e9","simCountryIso":"cn","simOperator":"46002","simOperatorName":"中国移动","simSerialNumber":"8986008977475326675","simState":5,"subscriberId":"460027053528834","type":1,"typeName":"WIFI","width":0,"wifiScan":["FAST_027520,02:60:8e:7e:37:77,[WPA2-PSK-CCMP-preauth][ESS],-58,2462,558036403","ChainaNet_0e21,e7:dd:96:0b:16:c2,[WPA-PSK-CCMP][WPA2-PSK-CCMP][WPS][ESS],-63,2412,538074261","MERCURY_b7bf,5a:c5:ba:03:27:07,[WPA-PSK-CCMP][WPA2-PSK-CCMP][ESS],-75,2412,219651639","Netcore_226205,85:1c:34:4b:d2:57,[WPA2-PSK-CCMP][WPS][ESS],-84,2437,311484664","TP-LINK_0faed1,cd:3d:8e:f1:3e:eb,[WPA2-PSK-CCMP][ESS],-61,2437,512798269"]}