{"BSSID":"a9:3f:ae:22:7e:b3","IpAddress":"10.62.46.80","P2p0Mac":"a7:60:b0:9c:a7:6b","SSID":"FAST_e54832","androidId":"f47f19dc75195c7c","batteryLevel":37,"btAddress":"bd:06:c7:af:4b:d6","btName":"m3 note","buildAbi":"armeabi-v7a","buildAbi2":"armeabi","buildBoard":"msm8996","buildBrand":"Meizu","buildCodename":"REL","buildDescription":"m3note-user 5.1.1 LMY48G 01d758aa release-keys","buildDevice":"m3note","buildFingerprint":"Meizu/m3 note/m3note:5.1.1/LMY48G/01d758aa:user/release-keys","buildHardware":"qcom","buildHost":"qh-miui-ota-bd51","buildId":"LMY48G","buildIncremental":"01d758aa","buildManufacturer":"Meizu","buildModel":"m3 note","buildName":"Meizu","buildProduct":"m3note","buildRadioVersion":"jaowmtzodtpboxv","buildRelease":"5.1.1","buildSdk":"22","buildSerialno":"163dfb77","buildTags":"release-keys","buildType":"user","buildUser":"lgmobile","buildUtc":1465018862165,"cellScan":[],"ci":0,"contacts":["奶奶,13490663133","姑妈,13601272064","外婆,18903056172","外公,18804045976","舅舅,15903559026","舅妈,13706843539","姨父,13490312731","姨娘,15005373897","亲爱的,15104397841","老弟,18805964937","老妹,15101364454","小明,13204780805","小李子,15301553341","华行彤,18800945921","Lois Henry,18708284071","吴默,13402833986","暴立随,18804554880","杨亚,15501400585","Brian Howard,13001375145","王耀陵,13900467417","杨苡,15107506110","卢妙书,13302379055","Dolores Clark,18004446832","沈河钰,18906838771","长孙信梁,13105074583","宫联烁,18002768722","Joel Olson,13308484533","李玺木,15205370765","惠宁瑕,13504003819","周诗,15101635603","Katherine Myers,15106593946","张甲,13704598513","李秋,18001260214","张曜广,18800018400","Eugene Shaw,15700376191","王时蔚,13301992420","施培屏,18000871538","万屏欢,18003256466","Allen Snyder,13301876201","葛伟联,13906555719","邱异恺,13108595536","陈岳,15903584444","Nancy Simpson,15902690740","厉浩佳,13807913007"],"cpuName":"MT6750","densityDpi":240,"deviceId":"860051296432919","deviceSvn":"76","displayId":"m3note-user 5.1.1 LMY48G 01d758aa release-keys","extraInfo":"3gnet","height":0,"hidePkgs":[],"hmNotes":"","hookPkgs":[],"lac":0,"latitude":30.5738857,"line1Number":"15884596140","longitude":104.2367558,"macAddress":"59:36:80:90:22:16","memAvailable":51195476,"memFree":153586428,"memTotal":204781904,"mnc":"00","networkClass":1,"networkCountryIso":"cn","networkOperator":"46000","networkOperatorName":"中国移动","networkType":2,"networkTypeName":"EDGE","phoneType":1,"rgAndroid":"23","rgAreaode":"86","rgConNames":["支晟秀"],"rgConsize":"1","rgCountry":"中国","rgDevice":"xiaomiRedmi 4X","rgIp":"119.4.253.34","rgLastLogin":1516244555276,"rgLocation":"四川省成都市 联通","rgNetType":"切换飞行模式","rgOrPhone":"15884596140","rgPhoneNo":"15884596140","rgServer":"飞行模式切换","rgTime":1515488493823,"rgVcode":"玉米(发码)","rgVersion":"1.6.0","rgWxEmail":"未绑定","rgWxError":"该微信帐号因批量或者使用非法软件注册被限制登录，如需继续使用，请轻触“确定”申请解除限制。","rgWxName":"支晟秀","rgWxNo":"未设置","rgWxPasswd":"Rmst@7890","rgWxQQ":"未绑定","rgWxStatus":"异常","rgWxWindows":"否","serialno":"163dfb77","simCountryIso":"cn","simOperator":"46000","simOperatorName":"中国移动","simSerialNumber":"8986024285086989969","simState":5,"subscriberId":"460009626135307","type":0,"typeName":"MOBILE","width":0,"wifiScan":["MERCURY_fd11,8c:21:0a:56:26:cc,[WPA2-PSK-CCMP][WPS][ESS],-69,2412,444179667","PHICOMM_fd2104,74:a7:8e:a2:63:81,[WPA2-PSK-CCMP][WPS][ESS],-93,2437,200147070","TP-LINK_dcc0e3,d8:15:0d:1a:37:e2,[WPA2-PSK-CCMP][ESS],-72,2437,473037764","Netcore_bbffba,c8:e7:d8:3b:c3:78,[WPA-PSK-CCMP][WPA2-PSK-CCMP][ESS],-74,2437,769337767","MERCURY_ddb87b,78:a1:06:61:0e:3e,[WPA-PSK-CCMP][WPA2-PSK-CCMP][WPS][ESS],-55,2412,248148598"]}