{"BSSID":"6e:ad:3a:8b:4c:b3","IpAddress":"192.168.14.250","P2p0Mac":"95:78:a6:74:cc:da","SSID":"Netcore_c325a8","androidId":"79bed5f68531fdf8","batteryLevel":79,"btAddress":"fc:67:d3:98:5f:8e","btName":"GN5001S","buildAbi":"armeabi-v7a","buildAbi2":"armeabi","buildBoard":"MSM8916","buildBrand":"GiONEE","buildCodename":"REL","buildDescription":"GN5001S-user 5.0 LRX21M 0d2e25ee release-keys","buildDevice":"GN5001S","buildFingerprint":"GiONEE/GN5001S/GN5001S:5.0/LRX21M/0d2e25ee:user/release-keys","buildHardware":"qcom","buildHost":"shws40","buildId":"LRX21M","buildIncremental":"0d2e25ee","buildManufacturer":"GiONEE","buildModel":"GN5001S","buildName":"GiONEE","buildProduct":"GN5001S","buildRadioVersion":"apwsinkzoo","buildRelease":"5.0","buildSdk":"21","buildSerialno":"2abb5bf5","buildTags":"release-keys","buildType":"user","buildUser":"Server","buildUtc":1496959325530,"cellScan":[],"ci":0,"contacts":["奶奶,13902434701","姑妈,13703544133","外婆,14707990795","外公,13901547349","舅舅,13490511870","舅妈,18808101647","姨父,18607387750","姨娘,13300010624","亲爱的,18608615258","老弟,18000311571","老妹,15108167149","小明,13490729697","小李子,18604064278","杨岁默,15203447550","Kevin Reyes,15000166593","李凇,15506853451","酆双如,15203514691","伏古情,13501428172","Dustin Snyder,13506018948","吴乾烁,18704095554","钭精演,15806534777","史甲商,15708155270","Edwin Berry,15707347139","於乐棠,18904712685","王殊玉,13906302133","宓璎校,13007627997","Miguel Roberts,15606296021","王西鹄,15801677025","余商,15603964493","杨商,14704770186","Carol Baker,18808413739","杨团珀,13403008177","周升,15803940606","雷杏妙,13304808368","Earl Long,15302573382","余渠,15206421622","贲友阁,13490718302","司马康昆,18803375175","Gilbert Murphy,18706238880","甘冠骥,18900403261","杨逸罗,15607938196","杨经殊,13302363067","Frank Watson,15303683140","蒋勋,13807924568","余石梁,15907255344"],"cpuName":"MT6735","densityDpi":240,"deviceId":"861335439829464","deviceSvn":"12","displayId":"GN5001S-user 5.0 LRX21M 0d2e25ee release-keys","extraInfo":"Netcore_c325a8","height":0,"hidePkgs":[],"hmNotes":"","hookPkgs":[],"lac":0,"latitude":30.7186541,"line1Number":"18224449368","longitude":104.1885902,"macAddress":"42:81:24:bb:33:91","memAvailable":935695919,"memFree":1871391839,"memTotal":2807087758,"mnc":"00","networkClass":1,"networkCountryIso":"cn","networkOperator":"46000","networkOperatorName":"中国移动","networkType":2,"networkTypeName":"EDGE","phoneType":1,"rgAndroid":"23","rgAreaode":"86","rgBackupPath":"/storage/emulated/0/.money/backup/20180109/18224449368_20180109.db","rgConNames":[],"rgCountry":"中国","rgDevice":"xiaomiRedmi 4X","rgIp":"119.4.254.71","rgLastLogin":1515550471334,"rgLocation":"四川省成都市 联通","rgNetType":"切换飞行模式","rgOrPhone":"18224449368","rgPhoneNo":"18224449368","rgServer":"飞行模式切换","rgTime":1515486971501,"rgVcode":"玉米(发码)","rgVersion":"1.6.0","rgWxError":"帐号状态异常，本次登录已失效。请尝试重新登录，并根据弹窗提示操作。","rgWxName":"李业涂","rgWxPasswd":"Rmst@7890","rgWxStatus":"异常","rgWxWindows":"否","serialno":"2abb5bf5","simCountryIso":"cn","simOperator":"46000","simOperatorName":"中国移动","simSerialNumber":"8986009617989384746","simState":5,"subscriberId":"460001719125250","type":1,"typeName":"WIFI","width":0,"wifiScan":["PHICOMM_f76a96,63:13:f4:29:a1:6c,[WPA2-PSK-CCMP][WPS][ESS],-83,2437,2889631308","TP-LINK_bed2,f9:59:8e:ed:b4:15,[WPS][ESS],-51,2462,1156527092","Netcore_87ba7a,9b:8e:29:8b:aa:86,[WPA2-PSK-CCMP][WPS][ESS],-64,2472,331644501","MERCURY_e21631,a2:1c:22:f9:de:ec,[WPA-PSK-CCMP][WPA2-PSK-CCMP][WPS][ESS],-81,2462,1294335166","MERCURY_8dbfdb,9a:7c:ce:dc:13:e6,[WPA-PSK-CCMP][WPA2-PSK-CCMP][ESS],-90,2437,281750738","TP-LINK_5980f4,dd:63:21:e5:11:86,[WPA2-PSK-CCMP][ESS],-64,2447,406312601","PHICOMM_8bafda,ff:61:84:17:0d:ee,[WPA2-PSK-CCMP][WPS][ESS],-81,2412,961935315"]}