{"BSSID":"4d:03:26:b8:10:a0","IpAddress":"192.168.40.212","P2p0Mac":"e6:0d:42:cb:39:d6","SSID":"Netcore_140337","androidId":"c88544869a14ee28","batteryLevel":45,"btAddress":"e1:cc:42:d7:e9:ed","btName":"M5 Note","buildAbi":"armeabi-v7a","buildAbi2":"armeabi","buildBoard":"MSM8226","buildBrand":"Meizu","buildCodename":"REL","buildDescription":"M5 Note-user 7.1.2 NMF26Q 2af8eff7 release-keys","buildDevice":"M5 Note","buildFingerprint":"Meizu/M5 Note/M5 Note:7.1.2/NMF26Q/2af8eff7:user/release-keys","buildHardware":"qcom","buildHost":"ubuntu","buildId":"NMF26Q","buildIncremental":"2af8eff7","buildManufacturer":"Meizu","buildModel":"M5 Note","buildName":"Meizu","buildProduct":"M5 Note","buildRadioVersion":"estmoboc","buildRelease":"7.1.2","buildSdk":"25","buildSerialno":"3b388210","buildTags":"release-keys","buildType":"user","buildUser":"MarkBuild","buildUtc":1489279650834,"cellScan":["32805,20953","32805,97064064","61715,27954","32805,97064066","32805,139790594"],"ci":139790594,"contacts":["奶奶,15203755571","姑妈,18805700024","外婆,13803048652","外公,13202887553","舅舅,13807713774","舅妈,13502542633","姨父,13801529016","姨娘,15306365657","亲爱的,18906846111","老弟,15808834333","老妹,15002128168","小明,15701396507","小李子,18900200345","于媛,18004394095","George Cooper,13302555942","安秀静,13490457498","李铭炎,18907904370","徐璎行,18604738966","Ruth Hill,13103067256","杨介,13504449028","东方先砚,18801983572","汤若梦,13501832219","Ryan Walker,13806945914","焦驹双,13004393185","滑念木,13702682144","翁郡虎,15508481230","Shannon Miller,13200220892","范午彦,15307757194","秋保耕,18800478156","魏欢余,15207563966","Ana Sims,15904362476","吴江,15902366999","杨新蔚,18804057223","车璎兴,13408678938","Joseph Hudson,15005904407","齐艺雷,13206675792","吴似麟,13008847002","卫稼,13401220397","Sherry Allen,13404141772","杨和游,13007420621","陈广露,13301478418","王荣校,15907622147","Jeanne Alexander,15107753663","王先观,15702152557"],"cpuName":"MT6755M","densityDpi":320,"deviceId":"861542259612793","deviceSvn":"15","displayId":"M5 Note-user 7.1.2 NMF26Q 2af8eff7 release-keys","extraInfo":"Netcore_140337","height":0,"hidePkgs":[],"hmNotes":"","hookPkgs":[],"lac":32805,"latitude":30.4066928,"line1Number":"18280414860","longitude":104.0559062,"macAddress":"af:d1:65:2a:e1:ba","memAvailable":128972816,"memFree":386918450,"memTotal":515891266,"mnc":"00","networkClass":3,"networkCountryIso":"cn","networkOperator":"46002","networkOperatorName":"中国移动","networkType":13,"networkTypeName":"LTE","phoneType":1,"rgAndroid":"23","rgAreaode":"86","rgBackupPath":"/storage/emulated/0/.money/backup/20180109/18280414860_20180109.db","rgConNames":[],"rgCountry":"中国","rgDevice":"xiaomiRedmi 4X","rgIp":"101.206.166.234","rgLastLogin":1515550807092,"rgLocation":"四川省 联通","rgNetType":"切换飞行模式","rgOrPhone":"18280414860","rgPhoneNo":"18280414860","rgServer":"飞行模式切换","rgTime":1515489522082,"rgVcode":"玉米(发码)","rgVersion":"1.6.0","rgWxError":"帐号状态异常，本次登录已失效。请尝试重新登录，并根据弹窗提示操作。","rgWxName":"潘铭伟","rgWxPasswd":"Rmst@7890","rgWxStatus":"异常","rgWxWindows":"否","serialno":"3b388210","simCountryIso":"cn","simOperator":"46002","simOperatorName":"中国移动","simSerialNumber":"8986008041939278899","simState":5,"subscriberId":"460029330613921","type":1,"typeName":"WIFI","width":0,"wifiScan":["FAST_385386,00:5a:39:07:3d:ae,[WPA-PSK-CCMP][WPA2-PSK-CCMP][ESS],-92,2412,3172932404"]}