{"BSSID":"e0:fc:98:8c:d8:43","IpAddress":"10.25.12.95","P2p0Mac":"2c:70:44:ce:12:9b","SSID":"PHICOMM_7d1fcb","androidId":"08e005b1b5efc544","batteryLevel":50,"btAddress":"26:95:c3:6e:75:9d","btName":"X5","buildAbi":"armeabi-v7a","buildAbi2":"armeabi","buildBoard":"qcom","buildBrand":"vivo","buildCodename":"REL","buildDescription":"X5-user 7.1.2 NMF26Q f18815cd release-keys","buildDevice":"X5","buildFingerprint":"vivo/X5/X5:7.1.2/NMF26Q/f18815cd:user/release-keys","buildHardware":"qcom","buildHost":"linux-user","buildId":"NMF26Q","buildIncremental":"f18815cd","buildManufacturer":"vivo","buildModel":"X5","buildName":"vivo","buildProduct":"X5","buildRadioVersion":"ifxqvckbgr","buildRelease":"7.1.2","buildSdk":"25","buildSerialno":"16176fb8","buildTags":"release-keys","buildType":"user","buildUser":"buildHost","buildUtc":1459225280434,"cellScan":[],"ci":0,"contacts":["奶奶,15707856361","姑妈,14707230910","外婆,13406093582","外公,13007633011","舅舅,15707218679","舅妈,15901096145","姨父,15602590882","姨娘,14708395864","亲爱的,14704227632","老弟,13501000879","老妹,18706933594","小明,15903022894","小李子,15304117833","吴望嗣,18704308078","Kevin Morgan,18708466515","孔岩杏,13107750253","卫倩,13708183326","强影广,15902578436","Bertha Sanchez,15803822086","张梦,15000034546","杨协,13801627035","家可思,13502746175","Louis Ray,13707793899","王奎凇,13604276595","解寿骏,15105575221","詹生雄,13490177705","Curtis Harris,15304688226","吴佑,15902155076","杨平,18806423211","平国雨,18008765911","Robin Walker,13300141995","李水,15605225268","李素,15602352352","方稼海,13604917357","Aaron Burns,13801278633","纪先耕,13002175064","龙屏彦,15306755790","王贺净,13303577122","Margaret Henry,18004344578","冯贺求,13408153788","李惠厚,13105981031","成精微,18007448656","John Sanders,13301940999","杨薇随,15101014597","戚衔颂,15702676890","应室羡,15100806132","Jeremy Johnson,13404127036"],"cpuName":"MT6592","densityDpi":480,"deviceId":"860362218100215","deviceSvn":"42","displayId":"X5-user 7.1.2 NMF26Q f18815cd release-keys","extraInfo":"ctlte","height":0,"hidePkgs":[],"hmNotes":"","hookPkgs":[],"lac":0,"latitude":30.6735874,"line1Number":"18280424316","longitude":104.0536385,"macAddress":"f1:78:7c:d6:6c:88","memAvailable":32142364,"memFree":64284730,"memTotal":96427094,"mnc":"00","networkClass":1,"networkCountryIso":"cn","networkOperator":"46000","networkOperatorName":"中国移动","networkType":2,"networkTypeName":"EDGE","phoneType":1,"rgAndroid":"23","rgAreaode":"86","rgBackupPath":"/storage/emulated/0/.money/backup/20180109/18280424316_20180109.db","rgConNames":[],"rgCountry":"中国","rgDevice":"xiaomiRedmi 4X","rgIp":"119.4.252.237","rgLastLogin":1515550135462,"rgLocation":"四川省成都市 联通","rgNetType":"切换飞行模式","rgOrPhone":"18280424316","rgPhoneNo":"18280424316","rgServer":"飞行模式切换","rgTime":1515483150720,"rgVcode":"玉米(发码)","rgVersion":"1.6.0","rgWxError":"帐号状态异常，本次登录已失效。请尝试重新登录，并根据弹窗提示操作。","rgWxName":"吴仙","rgWxPasswd":"Rmst@7890","rgWxStatus":"异常","rgWxWindows":"否","serialno":"16176fb8","simCountryIso":"cn","simOperator":"46000","simOperatorName":"中国移动","simSerialNumber":"8986007039212459161","simState":5,"subscriberId":"460002947433381","type":0,"typeName":"MOBILE","width":0,"wifiScan":["Netcore_510433,66:41:9a:68:65:47,[WPS][ESS],-94,2437,2832336146","Netcore_94386a,8d:90:0a:00:6e:94,[WPA2-PSK-CCMP][WPS][ESS],-73,2412,2036334564","Netcore_4871ff,1b:6a:cf:a1:3c:92,[WPA-PSK-CCMP][WPA2-PSK-CCMP][ESS],-77,2442,3448827856","MERCURY_44275f,2a:59:4d:40:78:f5,[WPA2-PSK-CCMP][ESS],-65,2427,480701519","TP-LINK_ca77ba,b4:59:16:76:1d:7f,[WPA-PSK-CCMP][WPA2-PSK-CCMP][WPS][ESS],-71,2412,1638832705","Tenda_352104,3d:7f:a2:3e:55:8f,[WPA2-PSK-CCMP][WPS][ESS],-67,2472,709727932","Netcore_215597,62:c7:3b:81:bb:82,[WPA2-PSK-CCMP][WPS][ESS],-73,2437,1304230437","PHICOMM_98db88,1b:73:03:58:d8:59,[WPA2-PSK-CCMP][ESS],-79,2457,192632750"]}