{"BSSID":"ca:ed:74:56:22:c3","IpAddress":"10.56.56.169","P2p0Mac":"57:62:06:3b:aa:8b","SSID":"FAST_9ebfe2","androidId":"0a926cfae07446b6","batteryLevel":75,"btAddress":"89:7c:df:fb:39:dc","btName":"Redmi Note 2","buildAbi":"armeabi-v7a","buildAbi2":"armeabi","buildBoard":"encore","buildBrand":"Xiaomi","buildCodename":"REL","buildDescription":"hermes-user 7.0.0 NRD90M f3baab0f release-keys","buildDevice":"hermes","buildFingerprint":"Xiaomi/Redmi Note 2/hermes:7.0.0/NRD90M/f3baab0f:user/release-keys","buildHardware":"qcom","buildHost":"glsrv4","buildId":"NRD90M","buildIncremental":"f3baab0f","buildManufacturer":"Xiaomi","buildModel":"Redmi Note 2","buildName":"Xiaomi","buildProduct":"hermes","buildRadioVersion":"yyplolcuhgoasls","buildRelease":"7.0.0","buildSdk":"24","buildSerialno":"a0123b8e","buildTags":"release-keys","buildType":"user","buildUser":"MarkBuild","buildUtc":1460637827116,"cellScan":[],"ci":0,"contacts":["奶奶,13904064135","姑妈,18705103625","外婆,13401265716","外公,13101121757","舅舅,13908705615","舅妈,13106033661","姨父,15804297304","姨娘,18008010137","亲爱的,13200090323","老弟,13604098533","老妹,13600760122","小明,14708185791","小李子,13490209503","巫声魄,18905080572","Norman Cox,18001844115","王易,18800013055","於然帅,15808233781","祖星杭,18801345872","Ralph Nichols,18708350978","李耕,14700156444","杨翔湘,15606840197","尹嗣魄,15502185780","Corey Miller,13107648329","刘航烁,13803027855","李曜秀,15508786221","李硕,15105828887","Ashley Gonzales,15803457221","周超阔,18907218219","张译凇,14702900058","杨兴观,18606250371","Wendy Stevens,15606517040","杨能室,13803926498","甘信乐,13505982217","陈孝,15608628856","Jonathan Rice,15502260786","杨珀翔,18902941534","吴雅,13506457400","吕萱青,15607360901","Roger Perez,13105436950","张烁茂,13300975948","王薇木,15907441752","杨图梁,15704563141","Russell Wells,18805798258"],"cpuName":"MT6795","densityDpi":240,"deviceId":"862910031524033","deviceSvn":"47","displayId":"hermes-user 7.0.0 NRD90M f3baab0f release-keys","extraInfo":"3gwap","height":0,"hidePkgs":[],"hmNotes":"","hookPkgs":[],"lac":0,"latitude":30.6581387,"line1Number":"18302848167","longitude":104.332776,"macAddress":"9c:42:c1:e5:1d:d1","memAvailable":24128169,"memFree":72384510,"memTotal":96512679,"mnc":"00","networkClass":3,"networkCountryIso":"cn","networkOperator":"46007","networkOperatorName":"中国移动","networkType":13,"networkTypeName":"LTE","phoneType":1,"rgAndroid":"23","rgAreaode":"86","rgBackupPath":"/storage/emulated/0/.money/backup/20180109/18302848167_20180109.db","rgConNames":[],"rgCountry":"中国","rgDevice":"xiaomiRedmi 4X","rgIp":"119.4.254.7","rgLastLogin":1515550067001,"rgLocation":"四川省成都市 联通","rgNetType":"切换飞行模式","rgOrPhone":"18302848167","rgPhoneNo":"18302848167","rgServer":"飞行模式切换","rgTime":1515481729141,"rgVcode":"玉米(发码)","rgVersion":"1.6.0","rgWxError":"帐号状态异常，本次登录已失效。请尝试重新登录，并根据弹窗提示操作。","rgWxName":"钟仁贺","rgWxPasswd":"Rmst@7890","rgWxStatus":"异常","rgWxWindows":"否","serialno":"a0123b8e","simCountryIso":"cn","simOperator":"46007","simOperatorName":"中国移动","simSerialNumber":"8986026600024892502","simState":5,"subscriberId":"460079435371317","type":0,"typeName":"MOBILE","width":0,"wifiScan":["Tenda_031fc1,1b:f4:fc:78:12:91,[WPA2-PSK-CCMP][ESS],-72,2412,537138822","FAST_0e3651,78:10:cf:14:ef:27,[WPA2-PSK-CCMP][WPS][ESS],-74,2437,408948260","Netcore_053742,ed:fe:88:39:f9:95,[WPA-PSK-CCMP][WPA2-PSK-CCMP][WPS][ESS],-81,2442,532616039","Netcore_dc0f21,79:1f:fc:5b:95:89,[WPA-PSK-CCMP][WPA2-PSK-CCMP][ESS],-74,2437,250469732","iTV-2548,9c:80:a0:9d:57:7f,[WPA-PSK-CCMP][WPA2-PSK-CCMP][WPS][ESS],-75,2412,508193471","Netcore_e16510,55:a1:e9:0b:d5:5f,[WPA2-PSK-CCMP][WPS][ESS],-54,2452,2241635668"]}