{"BSSID":"89:2f:b1:e4:4c:ca","IpAddress":"10.99.42.58","P2p0Mac":"5e:b8:75:da:42:f6","SSID":"MERCURY_e1ec1e","androidId":"b7974267185a7e03","batteryLevel":83,"btAddress":"ce:ea:48:fc:2c:13","btName":"Redmi Note 3","buildAbi":"armeabi-v7a","buildAbi2":"armeabi","buildBoard":"m4","buildBrand":"Xiaomi","buildCodename":"REL","buildDescription":"Kenzo-user 7.1.2 NMF26Q a94029cf release-keys","buildDevice":"Kenzo","buildFingerprint":"Xiaomi/Redmi Note 3/Kenzo:7.1.2/NMF26Q/a94029cf:user/release-keys","buildHardware":"qcom","buildHost":"shws40","buildId":"NMF26Q","buildIncremental":"a94029cf","buildManufacturer":"Xiaomi","buildModel":"Redmi Note 3","buildName":"Xiaomi","buildProduct":"Kenzo","buildRadioVersion":"tkqolojrmuxr","buildRelease":"7.1.2","buildSdk":"25","buildSerialno":"51b92893","buildTags":"release-keys","buildType":"user","buildUser":"builder","buildUtc":1474403215815,"cellScan":["61712,169973271","32847,96915075","32847,134947589","33046,118060064","32847,22982"],"ci":134947589,"contacts":["奶奶,15804673760","姑妈,13601341461","外婆,13705642937","外公,13800238000","舅舅,13304694901","舅妈,15205902599","姨父,13202592495","姨娘,15503023986","亲爱的,15805592883","老弟,15804515822","老妹,18804528357","小明,18002702342","小李子,13008034227","束雷颖,13008750789","Lynn Morgan,13200431322","王翔寅,15501661033","昌联思,13100284583","王乐印,15703134251","Kathryn Parker,15703208018","家西保,15702132142","杨薇联,13490455539","葛思兴,13608045951","Eugene Cunningham,13903094312","李蔚,13703936981","喻同仁,18007646954","张世,13490237339","Leon Simmons,18008154233","李演,15102110084","张香秋,15901447450","余实荃,18705813307","Deborah Ramirez,15705970554","奚仙璇,15202442907","余耀桐,13704795442","左佳祥,15700102171","Thomas Hughes,18807131449","危骏野,15902166393","羿绍迅,18606465647","张军生,15606324362","Anita Rodriguez,15501026776","杨超灵,14707522724","王建广,13304911188","杨熙,13401849002","Rick Cole,15105408577","杨佩杭,18708433744","王望,13490495277","郗夏朋,15902941110","Ryan West,15908778567","穆愚西,18001331204"],"cpuName":"Qualcomm Technologies, Inc MSM8956","densityDpi":320,"deviceId":"863835544793842","deviceSvn":"77","displayId":"Kenzo-user 7.1.2 NMF26Q a94029cf release-keys","extraInfo":"cmnet","height":0,"hidePkgs":[],"hmNotes":"","hookPkgs":[],"lac":32847,"latitude":30.6643011,"line1Number":"18349270523","longitude":103.7587288,"macAddress":"d8:8d:e2:de:46:b3","memAvailable":24150215,"memFree":72450645,"memTotal":96600860,"mnc":"00","networkClass":1,"networkCountryIso":"cn","networkOperator":"46000","networkOperatorName":"中国移动","networkType":2,"networkTypeName":"EDGE","phoneType":1,"rgAndroid":"23","rgAreaode":"86","rgConNames":["吴密"],"rgConsize":"1","rgCountry":"中国","rgDevice":"xiaomiRedmi 4X","rgIp":"101.206.166.216","rgLastLogin":1516244415404,"rgLocation":"四川省 联通","rgNetType":"切换飞行模式","rgOrPhone":"18349270523","rgPhoneNo":"18349270523","rgServer":"飞行模式切换","rgTime":1515483743432,"rgVcode":"玉米(发码)","rgVersion":"1.6.0","rgWxEmail":"未绑定","rgWxError":"该微信帐号因批量或者使用非法软件注册被限制登录，如需继续使用，请轻触“确定”申请解除限制。","rgWxName":"吴密","rgWxNo":"未设置","rgWxPasswd":"Rmst@7890","rgWxQQ":"未绑定","rgWxStatus":"异常","rgWxWindows":"否","serialno":"51b92893","simCountryIso":"cn","simOperator":"46000","simOperatorName":"中国移动","simSerialNumber":"8986005921682899792","simState":5,"subscriberId":"460001339612827","type":0,"typeName":"MOBILE","width":0,"wifiScan":["MERCURY_d13742,bc:85:56:b6:de:1d,[WPA-PSK-CCMP][WPA2-PSK-CCMP][WPS][ESS],-66,2462,724430453","Netcore_cfe204,a8:57:4e:e8:18:3a,[WPA-PSK-CCMP][WPA2-PSK-CCMP][WPS][ESS],-85,2412,1907534510","TP-LINK_a854,38:d8:2f:aa:b7:c1,[WPA2-PSK-CCMP][WPS][ESS],-89,2437,536762410","Netcore_a8c0fc,1c:fa:68:74:3d:10,[WPA-PSK-CCMP][WPA2-PSK-CCMP][ESS],-84,2472,2758731950","FAST_fcbee1,64:5d:92:4f:b1:51,[WPA-PSK-CCMP][WPA2-PSK-CCMP][ESS],-71,2462,1034530001"]}