{"BSSID":"6e:2a:b4:57:67:34","IpAddress":"10.83.74.31","P2p0Mac":"f2:09:e6:b3:a3:f6","SSID":"Tenda_151048","androidId":"dc0695eb084ea8e0","batteryLevel":62,"btAddress":"b9:3a:8f:8c:44:df","btName":"OPPO R9tm","buildAbi":"armeabi-v7a","buildAbi2":"armeabi","buildBoard":"galbi","buildBrand":"OPPO","buildCodename":"REL","buildDescription":"R9tm-user 7.0.0 NRD90M b506e718 release-keys","buildDevice":"R9","buildFingerprint":"OPPO/OPPO R9tm/R9:7.0.0/NRD90M/b506e718:user/release-keys","buildHardware":"qcom","buildHost":"mine","buildId":"NRD90M","buildIncremental":"b506e718","buildManufacturer":"OPPO","buildModel":"OPPO R9tm","buildName":"OPPO","buildProduct":"R9tm","buildRadioVersion":"ybvadnkwcd","buildRelease":"7.0.0","buildSdk":"24","buildSerialno":"4dcfd05b","buildTags":"release-keys","buildType":"user","buildUser":"android","buildUtc":1481880067458,"cellScan":[],"ci":0,"contacts":["奶奶,13405053879","姑妈,15202736153","外婆,15302802278","外公,18808769016","舅舅,18807095526","舅妈,18907815878","姨父,15605112198","姨娘,13301280435","亲爱的,13205328143","老弟,13404251476","老妹,18704147697","小明,18001083060","小李子,18704778462","吴熙雷,13508317403","Marvin Peterson,13804218829","费炎相,15503143008","杨屏相,13701423539","诸葛儒嗣,15806596167","Christina Ramirez,15907646299","单媛雍,15501752959","柳勇罗,13205146648","窦铜庞,15001518696","Darrell Bryant,13400460265","杨洋游,15802908012","李瑛,13304995152","郭帅培,15508353399","Jeffery Evans,15502371391","于阔,13505974055","全楷敬,13490111365","宗铭雅,13903606686","Kevin Carroll,13604813153","杨阁坚,18808615611","计京瑛,15508366896","李豪余,15101013326","Henry Ramirez,15208333556","余莉年,18702478130","李君扬,18005329007","施进胤,15501640065","Jon Jordan,13203685866","吴泰,14701391607","高元泉,13702842361"],"cpuName":"MT6755","densityDpi":480,"deviceId":"866733093016516","deviceSvn":"80","displayId":"R9tm-user 7.0.0 NRD90M b506e718 release-keys","extraInfo":"3gnet","height":0,"hidePkgs":[],"hmNotes":"","hookPkgs":[],"lac":0,"latitude":30.5496245,"line1Number":"18428351448","longitude":104.0616828,"macAddress":"6c:76:8c:f4:68:96","memAvailable":701656805,"memFree":2104970416,"memTotal":2806627221,"mnc":"00","networkClass":2,"networkCountryIso":"cn","networkOperator":"46007","networkOperatorName":"中国移动","networkType":17,"networkTypeName":"TD_SCDMA","phoneType":1,"rgAndroid":"23","rgAreaode":"86","rgConNames":["吴联伊"],"rgConsize":"1","rgCountry":"中国","rgDevice":"xiaomiRedmi 4X","rgIp":"119.4.252.101","rgLastLogin":1516244462939,"rgLocation":"四川省成都市 联通","rgNetType":"切换飞行模式","rgOrPhone":"18428351448","rgPhoneNo":"18428351448","rgServer":"飞行模式切换","rgTime":1515484114806,"rgVcode":"玉米(发码)","rgVersion":"1.6.0","rgWxEmail":"未绑定","rgWxError":"该微信帐号因批量或者使用非法软件注册被限制登录，如需继续使用，请轻触“确定”申请解除限制。","rgWxName":"吴联伊","rgWxNo":"未设置","rgWxPasswd":"Rmst@7890","rgWxQQ":"未绑定","rgWxStatus":"异常","rgWxWindows":"否","serialno":"4dcfd05b","simCountryIso":"cn","simOperator":"46007","simOperatorName":"中国移动","simSerialNumber":"8986003374245694251","simState":5,"subscriberId":"460076217754801","type":0,"typeName":"MOBILE","width":0,"wifiScan":["TP-LINK_e20d,68:e4:9b:61:de:1b,[WPA2-PSK-CCMP][ESS],-77,2452,3696330698","MERCURY_c10b0f,00:8d:50:ef:36:5e,[WPA-PSK-CCMP][WPA2-PSK-CCMP][WPS][ESS],-77,2432,1483835653","MERCURY_215376,e3:84:65:36:d4:16,[WPA2-PSK-CCMP][WPS][ESS],-92,2437,340133421","FAST_a9d98c,73:f6:f8:f4:3e:50,[WPA2-PSK-CCMP][ESS],-93,2462,518910753","Netcore_30ec1f,e0:b5:83:e2:a5:36,[WPA2-PSK-CCMP][WPS][ESS],-88,2462,1161632594","FAST_db86ba,d4:a8:d8:84:5a:0a,[WPA2-PSK-CCMP][WPS][ESS],-93,2412,1265637680","MERCURY_1043,a5:13:c3:a0:60:b4,[WPA-PSK-CCMP][WPA2-PSK-CCMP][WPS][ESS],-91,2437,256868160"]}