{"BSSID":"c0:7a:ab:80:22:1e","IpAddress":"192.168.54.113","P2p0Mac":"bf:b0:de:8d:d8:88","SSID":"TP-LINK_65476a","androidId":"6e770e2afbf5bec1","batteryLevel":30,"btAddress":"1c:2a:cf:ad:cb:92","btName":"OD103","buildAbi":"armeabi-v7a","buildAbi2":"armeabi","buildBoard":"angler","buildBrand":"SMARTISAN","buildCodename":"REL","buildDescription":"odin-user 7.1.2 NMF26Q 06fbdcdb release-keys","buildDevice":"odin","buildFingerprint":"SMARTISAN/OD103/odin:7.1.2/NMF26Q/06fbdcdb:user/release-keys","buildHardware":"qcom","buildHost":"glsrv4","buildId":"NMF26Q","buildIncremental":"06fbdcdb","buildManufacturer":"smartisan","buildModel":"OD103","buildName":"SMARTISAN","buildProduct":"odin","buildRadioVersion":"fwycasdrydgccdpuk","buildRelease":"7.1.2","buildSdk":"25","buildSerialno":"d843ec3c","buildTags":"release-keys","buildType":"user","buildUser":"buildHost","buildUtc":1509025574902,"cellScan":["39938,163850035","61700,28804","61700,171774907","61700,10916","32773,8312"],"ci":28804,"contacts":["奶奶,18000537003","姑妈,15300978154","外婆,15501417349","外公,13504058450","舅舅,13490447674","舅妈,13490306724","姨父,18004456298","姨娘,15300784301","亲爱的,15306195636","老弟,15806646396","老妹,15102145147","小明,13707167510","小李子,13107325804","施嘉慎,14706078908","Lillian Long,18802351439","夏兴国,13005271480","贝镜雪,13702830446","巫剑胤,14702043331","Patrick Sanchez,15705724158","于畏,15708333750","柳设硕,14705848709","李悠,15701091270","Rose Harper,18803488652","韦翔裕,13490853384","余晟,15105295739","李尚能,14701810965","Ruby Morales,18707306813","杨谷,15305545471","张宇为,15305296841","汤律岩,13100276656","Jason Shaw,13102553690","靳河克,13404382375","杨相韶,15708585671","杨协,15104984212","Thelma Ortiz,15102846943","惠为西,18808336879","李华驹,14705481303","李铁杭,18601724360","Justin Ford,13108361194","暴伊童,13202440185","杨瑜,15303038967","宁湘楷,15701260546","Zachary Lopez,15708018581","王勋,18700112626","董业迅,18805026410"],"cpuName":"ualcomm Technologies, Inc MSM8953Pro","densityDpi":480,"deviceId":"863149945086933","deviceSvn":"65","displayId":"odin-user 7.1.2 NMF26Q 06fbdcdb release-keys","extraInfo":"TP-LINK_65476a","height":0,"hidePkgs":[],"hmNotes":"","hookPkgs":[],"lac":61700,"latitude":30.8004566,"line1Number":"13541084987","longitude":104.2033282,"macAddress":"50:18:0a:fc:3f:74","memAvailable":611096274,"memFree":1222192549,"memTotal":1833288823,"mnc":"00","networkClass":3,"networkCountryIso":"cn","networkOperator":"46007","networkOperatorName":"中国移动","networkType":13,"networkTypeName":"LTE","phoneType":1,"rgAndroid":"23","rgAreaode":"86","rgConNames":["杨屏"],"rgConsize":"1","rgCountry":"中国","rgDevice":"xiaomiRedmi 4X","rgIp":"101.206.166.205","rgLastLogin":1516244037068,"rgLocation":"四川省 联通","rgNetType":"切换飞行模式","rgOrPhone":"13541084987","rgPhoneNo":"13541084987","rgServer":"飞行模式切换","rgTime":1515401236112,"rgVcode":"玉米(发码)","rgVersion":"1.6.0","rgWxEmail":"未绑定","rgWxError":"该微信帐号因批量或者使用非法软件注册被限制登录，如需继续使用，请轻触“确定”申请解除限制。","rgWxName":"杨屏","rgWxNo":"未设置","rgWxPasswd":"Rmst@7890","rgWxQQ":"未绑定","rgWxStatus":"异常","rgWxWindows":"否","serialno":"d843ec3c","simCountryIso":"cn","simOperator":"46007","simOperatorName":"中国移动","simSerialNumber":"8986022843140709467","simState":5,"subscriberId":"460073925222967","type":1,"typeName":"WIFI","width":0,"wifiScan":["PHICOMM_8beda8,ec:26:ca:f4:09:28,[WPA-PSK-CCMP][WPA2-PSK-CCMP][WPS][ESS],-87,2462,2022933391","PHICOMM_154874,54:22:f8:82:28:98,[WPA2-PSK-CCMP][WPS][ESS],-80,2462,531423458","TP-LINK_0f215d,fc:d7:33:38:0a:6e,[WPA2-PSK-CCMP][WPS][ESS],-76,2412,869729270","MERCURY_4165,9c:21:6a:1f:20:1a,[WPA2-PSK-CCMP][ESS],-84,2462,409594720","FAST_a9d0,c4:05:28:b5:fa:70,[WPA-PSK-CCMP][WPA2-PSK-CCMP][WPS][ESS],-85,2422,404098682"]}