{"BSSID":"22:6d:07:51:78:d7","IpAddress":"192.168.4.202","P2p0Mac":"a5:c4:0d:8c:59:cc","SSID":"FAST_c76bec","androidId":"7ac7a0047e1d5a1e","batteryLevel":36,"btAddress":"93:1a:be:29:c8:58","btName":"OPPO A37m","buildAbi":"armeabi-v7a","buildAbi2":"armeabi","buildBoard":"universal5433","buildBrand":"OPPO","buildCodename":"REL","buildDescription":"A37m-user 5.1.1 LMY48G 03d3f94c release-keys","buildDevice":"A37","buildFingerprint":"OPPO/OPPO A37m/A37:5.1.1/LMY48G/03d3f94c:user/release-keys","buildHardware":"qcom","buildHost":"huangshan","buildId":"LMY48G","buildIncremental":"03d3f94c","buildManufacturer":"OPPO","buildModel":"OPPO A37m","buildName":"OPPO","buildProduct":"A37m","buildRadioVersion":"wouaouwt","buildRelease":"5.1.1","buildSdk":"22","buildSerialno":"5046494a","buildTags":"release-keys","buildType":"user","buildUser":"android","buildUtc":1452219091367,"cellScan":["33035,118397472","32768,21835","32768,63685","61710,30182","32768,58892"],"ci":30182,"contacts":["奶奶,18704972061","姑妈,14708368667","外婆,18802665982","外公,18700917605","舅舅,13700895084","舅妈,15900361244","姨父,13002722746","姨娘,15800931948","亲爱的,15606698698","老弟,13901105085","老妹,13307137047","小明,13608721622","小李子,14701971991","段节朔,13005934134","Connie Mills,15608876881","山甲梧,13600922271","潘仕保,13308776655","封惠颂,15501223379","Alexander James,15600138598","范异静,13408776789","山节商,15207948740","杨良,13102485542","Roy Bell,13002336571","李宏权,13005426244","戚屏银,15200287761","柯楷利,13307235656","Carmen Burns,18003101881","羿玺嗣,13202643962","杨向,13504753163","余嗣,13907282563","Betty Ferguson,13501997417","杨璞嘉,15707422093","杨仙野,15301074425","狄让伊,14705333509","April Cole,18708240615","杨立罗,15006021447","杨衔玉,18008542959","杨威念,18705394937","Bernice Green,18706554963","杨昱吾,18003642998","贺妙泰,18702135369","卫康,13401941429","Andrew Ruiz,15004758119","吴嘉璎,13508717961"],"cpuName":"MT6750","densityDpi":320,"deviceId":"863906142804420","deviceSvn":"76","displayId":"A37m-user 5.1.1 LMY48G 03d3f94c release-keys","extraInfo":"FAST_c76bec","height":0,"hidePkgs":[],"hmNotes":"","hookPkgs":[],"lac":61710,"latitude":30.680937,"line1Number":"13548101542","longitude":103.971163,"macAddress":"02:c3:8a:6b:01:fc","memAvailable":937413992,"memFree":2812241979,"memTotal":3749655971,"mnc":"00","networkClass":3,"networkCountryIso":"cn","networkOperator":"46002","networkOperatorName":"中国移动","networkType":13,"networkTypeName":"LTE","phoneType":1,"rgAndroid":"23","rgAreaode":"86","rgConNames":["郎虎芹"],"rgConsize":"1","rgCountry":"中国","rgDevice":"xiaomiRedmi 4X","rgIp":"119.4.252.131","rgLastLogin":1516243805273,"rgLocation":"四川省成都市 联通","rgNetType":"切换飞行模式","rgOrPhone":"13548101542","rgPhoneNo":"13548101542","rgServer":"飞行模式切换","rgTime":1515394845276,"rgVcode":"玉米(发码)","rgVersion":"1.6.0","rgWxEmail":"未绑定","rgWxError":"该微信帐号因批量或者使用非法软件注册被限制登录，如需继续使用，请轻触“确定”申请解除限制。","rgWxName":"郎虎芹","rgWxNo":"未设置","rgWxPasswd":"Rmst@7890","rgWxQQ":"未绑定","rgWxStatus":"异常","rgWxWindows":"否","serialno":"5046494a","simCountryIso":"cn","simOperator":"46002","simOperatorName":"中国移动","simSerialNumber":"8986001304639472335","simState":5,"subscriberId":"460028176810271","type":1,"typeName":"WIFI","width":0,"wifiScan":["FAST_e05476,e4:d3:32:34:6a:6c,[WPA2-PSK-CCMP][ESS],-76,2437,3441827883","FAST_d1fdb0,80:81:00:12:90:48,[WPA2-PSK-CCMP][WPS][ESS],-53,2462,455067834","ChainaNet_7a86,c4:66:99:43:f9:22,[WPA-PSK-CCMP][WPA2-PSK-CCMP][ESS],-90,2427,536493316","FAST_375a,00:23:c9:72:47:3d,[WPA-PSK-CCMP][WPA2-PSK-CCMP][WPS][ESS],-71,2437,3686431384","MERCURY_aeca8c,00:6b:8e:3f:56:20,[WPA2-PSK-CCMP][ESS],-78,2412,2479537017"]}