{"BSSID":"c3:e4:66:74:1a:e0","IpAddress":"10.81.63.253","P2p0Mac":"3d:c8:20:03:33:14","SSID":"Tenda_2cf316","androidId":"44a3b184573e3ba3","batteryLevel":41,"btAddress":"f9:70:1e:46:6e:67","btName":"2014501","buildAbi":"armeabi-v7a","buildAbi2":"armeabi","buildBoard":"MSM8960","buildBrand":"Xiaomi","buildCodename":"REL","buildDescription":"2014501-user 7.1.2 NMF26Q df4f6bf4 release-keys","buildDevice":"HM2014501","buildFingerprint":"Xiaomi/2014501/HM2014501:7.1.2/NMF26Q/df4f6bf4:user/release-keys","buildHardware":"qcom","buildHost":"linux-user","buildId":"NMF26Q","buildIncremental":"df4f6bf4","buildManufacturer":"Xiaomi","buildModel":"2014501","buildName":"Xiaomi","buildProduct":"2014501","buildRadioVersion":"lighrfvh","buildRelease":"7.1.2","buildSdk":"25","buildSerialno":"6d3f0398","buildTags":"release-keys","buildType":"user","buildUser":"android","buildUtc":1493700202576,"cellScan":["33044,118021663","33292,44422","33292,14514","33292,19984","33292,217900291"],"ci":217900291,"contacts":["奶奶,15303666098","姑妈,15505352390","外婆,15304085781","外公,15502056321","舅舅,13407481985","舅妈,13000180519","姨父,18007763194","姨娘,15804982551","亲爱的,13803165583","老弟,15500795052","老妹,18604046079","小明,13902251710","小李子,13105801574","王华屏,15701170476","Joshua Hall,14700575508","李珊似,13704207921","王甲如,13208207033","窦诗守,13601882738","Diane Powell,13506940497","杨轩,13008188389","杨驹,13503340184","李绍胤,15008212749","Manuel Perkins,15900158397","孙克,18800801684","邹雅嵬,18004233281","邓惠佩,13490390481","Michele Olson,13490270478","鲍雍行,13490753433","雷灵雅,15504571590","嵇轩贵,13101497464","Lee Ramirez,13005655497","杨森,15708348863","顾瑟君,14702844245","厉庞泰,13106717807","Wayne Ellis,13206253722","孙竞,18901622834","杨津,18907013853","杨浩,13903214272","Shane Reynolds,13604235574","王泉,18805114753","余联岩,18703414856","王净松,13702612189","Bobby Walker,13702135713","潘默谦,13405568902","吴双,13107222924"],"cpuName":"MT6582","densityDpi":480,"deviceId":"862199037518229","deviceSvn":"16","displayId":"2014501-user 7.1.2 NMF26Q df4f6bf4 release-keys","extraInfo":"cmwap","height":0,"hidePkgs":[],"hmNotes":"","hookPkgs":[],"lac":33292,"latitude":30.4785166,"line1Number":"15114046939","longitude":103.986429,"macAddress":"b9:27:e6:89:c5:86","memAvailable":935599436,"memFree":1871198873,"memTotal":2806798309,"mnc":"00","networkClass":2,"networkCountryIso":"cn","networkOperator":"46000","networkOperatorName":"中国移动","networkType":17,"networkTypeName":"TD_SCDMA","phoneType":1,"rgAndroid":"23","rgAreaode":"86","rgConNames":["林雅为"],"rgConsize":"1","rgCountry":"中国","rgDevice":"xiaomiRedmi 4X","rgIp":"101.206.166.30","rgLastLogin":1516243852791,"rgLocation":"四川省 联通","rgNetType":"切换飞行模式","rgOrPhone":"15114046939","rgPhoneNo":"15114046939","rgServer":"飞行模式切换","rgTime":1515395081737,"rgVcode":"玉米(发码)","rgVersion":"1.6.0","rgWxEmail":"未绑定","rgWxError":"该微信帐号因批量或者使用非法软件注册被限制登录，如需继续使用，请轻触“确定”申请解除限制。","rgWxName":"林雅为","rgWxNo":"未设置","rgWxPasswd":"Rmst@7890","rgWxQQ":"未绑定","rgWxStatus":"异常","rgWxWindows":"否","serialno":"6d3f0398","simCountryIso":"cn","simOperator":"46000","simOperatorName":"中国移动","simSerialNumber":"8986007202684820978","simState":5,"subscriberId":"460006380720888","type":0,"typeName":"MOBILE","width":0,"wifiScan":["FAST_e21538,60:6c:66:a5:d8:91,[WPA2-PSK-CCMP][ESS],-84,2462,189230672","FAST_cbfd22,10:2a:b3:78:9c:8f,[WPA2-PSK-CCMP][WPS][ESS],-51,2447,2737535833","TP-LINK_bae742,18:3a:2d:75:dc:5d,[WPA-PSK-CCMP][WPA2-PSK-CCMP][WPS][ESS],-94,2462,1325532923","TP-LINK_6eb9,88:25:93:65:e0:7f,[WPA-PSK-CCMP][WPA2-PSK-CCMP][WPS][ESS],-57,2462,213513610","FAST_1f2265,34:00:a3:28:64:94,[WPA2-PSK-CCMP][WPS][ESS],-78,2462,191720055"]}