{"BSSID":"6b:ae:3a:f1:4e:4c","IpAddress":"10.83.77.52","P2p0Mac":"10:6d:ef:40:92:fe","SSID":"iTV-e3fe","androidId":"76dbafff353a65c5","batteryLevel":55,"btAddress":"56:67:34:e4:00:5b","btName":"HUAWEI GRA-CL10","buildAbi":"armeabi-v7a","buildAbi2":"armeabi","buildBoard":"m7","buildBrand":"HUAWEI","buildCodename":"REL","buildDescription":"GRA-CL10-user 5.1.1 LMY48G d13a8d37 release-keys","buildDevice":"HWGRA","buildFingerprint":"HUAWEI/HUAWEI GRA-CL10/HWGRA:5.1.1/LMY48G/d13a8d37:user/release-keys","buildHardware":"qcom","buildHost":"SEP-68","buildId":"LMY48G","buildIncremental":"d13a8d37","buildManufacturer":"HUAWEI","buildModel":"HUAWEI GRA-CL10","buildName":"HUAWEI","buildProduct":"GRA-CL10","buildRadioVersion":"khwtpnjwbocvisk","buildRelease":"5.1.1","buildSdk":"22","buildSerialno":"41dbc652","buildTags":"release-keys","buildType":"user","buildUser":"lgmobile","buildUtc":1505375850042,"cellScan":[],"ci":0,"contacts":["奶奶,18002404105","姑妈,15908466733","外婆,13703532427","外公,13903618150","舅舅,18607295375","舅妈,18800774163","姨父,18001953187","姨娘,15804060757","亲爱的,15900887913","老弟,13308407092","老妹,18806064686","小明,13604510925","小李子,14708865222","孔佩适,15204842576","Joshua Henry,15102402559","东方廉游,18002106392","余伟悠,15502787279","李英,18706034606","Samuel Martinez,15704532302","吴星景,15304547135","李香由,13207383826","靳梧永,13701374674","Manuel Powell,13803098168","李石,15108443630","邱杭楷,18806202611","诸玺升,15505008062","Richard Simpson,15605816917","李念彦,13401646605","余尚,18903506724","杨勇渠,15708444224","Jerome Alexander,18702917921","李敬实,13601465446","杨先明,13203322676","杨耕筱,13490840214","Tammy Smith,13490824039","祖冠微,13803834883","邵露炯,18808745953","皮烁魁,15600351663","Heather James,13101917623","李嵬,18708323211","杨泉灵,13506637620"],"cpuName":":0","densityDpi":560,"deviceId":"860088283313512","deviceSvn":"32","displayId":"GRA-CL10-user 5.1.1 LMY48G d13a8d37 release-keys","extraInfo":"ctlte","height":0,"hidePkgs":[],"hmNotes":"","hookPkgs":[],"lac":0,"latitude":30.8000059,"line1Number":"15198172174","longitude":104.039738,"macAddress":"dc:2c:3f:e5:96:53","memAvailable":31524541,"memFree":63049083,"memTotal":94573624,"mnc":"00","networkClass":2,"networkCountryIso":"cn","networkOperator":"46007","networkOperatorName":"中国移动","networkType":8,"networkTypeName":"HSDPA","phoneType":1,"rgAndroid":"23","rgAreaode":"86","rgConNames":["吴国"],"rgConsize":"1","rgCountry":"中国","rgDevice":"xiaomiRedmi 4X","rgIp":"119.4.254.35","rgLastLogin":1516243900029,"rgLocation":"四川省成都市 联通","rgNetType":"切换飞行模式","rgOrPhone":"15198172174","rgPhoneNo":"15198172174","rgServer":"飞行模式切换","rgTime":1515397879409,"rgVcode":"玉米(发码)","rgVersion":"1.6.0","rgWxEmail":"未绑定","rgWxError":"该微信帐号因批量或者使用非法软件注册被限制登录，如需继续使用，请轻触“确定”申请解除限制。","rgWxName":"吴国","rgWxNo":"未设置","rgWxPasswd":"Rmst@7890","rgWxQQ":"未绑定","rgWxStatus":"异常","rgWxWindows":"否","serialno":"41dbc652","simCountryIso":"cn","simOperator":"46007","simOperatorName":"中国移动","simSerialNumber":"8986021811910348870","simState":5,"subscriberId":"460077319234881","type":0,"typeName":"MOBILE","width":0,"wifiScan":["MERCURY_9db432,67:b3:77:af:33:ee,[WPA2-PSK-CCMP][ESS],-88,2472,1146430603","TP-LINK_0ccf,e5:ec:e4:b1:fd:e0,[WPA2-PSK-CCMP][WPS][ESS],-90,2462,1978626984","Netcore_9dc0f3,d6:59:bc:89:a4:c7,[WPA2-PSK-CCMP][WPS][ESS],-87,2437,204071710","MERCURY_255377,7b:23:f5:46:d1:6b,[WPA2-PSK-CCMP][WPS][ESS],-89,2412,482500714","Tenda_8dd533,c0:5a:77:5e:18:df,[WPA-PSK-CCMP][WPA2-PSK-CCMP][ESS],-76,2437,221805778"]}