{"BSSID":"8d:20:82:18:64:c5","IpAddress":"10.66.60.12","P2p0Mac":"45:69:53:c8:92:1d","SSID":"Netcore_59c8a2","androidId":"1ed25341cbeccec8","batteryLevel":47,"btAddress":"c0:90:80:02:99:33","btName":"m3 note","buildAbi":"armeabi-v7a","buildAbi2":"armeabi","buildBoard":"pyramid","buildBrand":"Meizu","buildCodename":"REL","buildDescription":"m3note-user 5.0 LRX21M 5c0559b0 release-keys","buildDevice":"m3note","buildFingerprint":"Meizu/m3 note/m3note:5.0/LRX21M/5c0559b0:user/release-keys","buildHardware":"qcom","buildHost":"mine","buildId":"LRX21M","buildIncremental":"5c0559b0","buildManufacturer":"Meizu","buildModel":"m3 note","buildName":"Meizu","buildProduct":"m3note","buildRadioVersion":"ywiiqfnglfvpmnbn","buildRelease":"5.0","buildSdk":"21","buildSerialno":"5cc0cbd5","buildTags":"release-keys","buildType":"user","buildUser":"builder","buildUtc":1468065391649,"cellScan":[],"ci":0,"contacts":["奶奶,13107195320","姑妈,18704012101","外婆,14703146294","外公,18001447738","舅舅,18902228900","舅妈,13600317171","姨父,15308875213","姨娘,13005588833","亲爱的,15003188598","老弟,15905805814","老妹,15307710085","小明,15006372040","小李子,13404442521","臧卫权,13904490437","Geraldine Powell,13904300300","松精译,13600618105","陈江,15107323452","杨思,15104362186","Mark Adams,15104061817","秋卿森,18904390099","陈异艺,18806492433","张世,15704026595","Paula Duncan,18801788823","杨力怡,13701677307","于阳妙,14704801314","惠琴嘉,15206295886","Sharon Alexander,15002763296","吴权吾,15006401146","于骥,13103078886","吕节立,18700327301","Rebecca Evans,15705795294","史恺如,18606698842","惠秋升,13401524726","李谦,13003783788","Dustin Owens,18600748170","计泰贵,13803261521","阮静可,15507189039","王声梧,13306062270","Wesley Henderson,13308745694","宗胤靖,15301338702","李素义,15306248213","王宣,13802625448","Yolanda Richardson,13905612581","于威,13501743488"],"cpuName":"MT6750","densityDpi":480,"deviceId":"864320362272814","deviceSvn":"23","displayId":"m3note-user 5.0 LRX21M 5c0559b0 release-keys","extraInfo":"cmwap","height":0,"hidePkgs":[],"hmNotes":"","hookPkgs":[],"lac":0,"latitude":30.6237218,"line1Number":"15708412443","longitude":104.2365246,"macAddress":"ee:89:19:bc:db:e5","memAvailable":4109799168,"memFree":12329397506,"memTotal":16439196674,"mnc":"00","networkClass":2,"networkCountryIso":"cn","networkOperator":"46007","networkOperatorName":"中国移动","networkType":8,"networkTypeName":"HSDPA","phoneType":1,"rgAndroid":"23","rgAreaode":"86","rgConNames":["薛观禄"],"rgConsize":"1","rgCountry":"中国","rgDevice":"xiaomiRedmi 4X","rgIp":"119.4.253.44","rgLastLogin":1516244312914,"rgLocation":"四川省成都市 联通","rgNetType":"切换飞行模式","rgOrPhone":"15708412443","rgPhoneNo":"15708412443","rgServer":"飞行模式切换","rgTime":1515406876142,"rgVcode":"玉米(发码)","rgVersion":"1.6.0","rgWxEmail":"未绑定","rgWxError":"该微信帐号因批量或者使用非法软件注册被限制登录，如需继续使用，请轻触“确定”申请解除限制。","rgWxName":"薛观禄","rgWxNo":"未设置","rgWxPasswd":"Rmst@7890","rgWxQQ":"未绑定","rgWxStatus":"异常","rgWxWindows":"否","serialno":"5cc0cbd5","simCountryIso":"cn","simOperator":"46007","simOperatorName":"中国移动","simSerialNumber":"8986024241400151687","simState":5,"subscriberId":"460075792919443","type":0,"typeName":"MOBILE","width":0,"wifiScan":["MERCURY_0c0e31,15:9d:d9:1a:ba:d8,[WPA2-PSK-CCMP][ESS],-84,2437,481144006","MERCURY_40f216,fb:48:6e:e3:5b:d2,[WPA-PSK-CCMP][WPA2-PSK-CCMP][ESS],-74,2457,1728526613","Netcore_15496b,25:0e:d1:c6:34:66,[WPA-PSK-TKIP+CCMP][WPA2-PSK-TKIP+CCMP][ESS],-65,2437,480354073","MERCURY_0e10d1,e8:43:7f:fb:74:91,[WPA-PSK-CCMP][WPA2-PSK-CCMP][ESS],-87,2462,3449036061","MERCURY_1587ba,e2:6a:04:76:33:2f,[WPA-PSK-CCMP][WPA2-PSK-CCMP][WPS][ESS],-72,2437,510884464","TP-LINK_e1531f,ad:83:e6:bb:a1:62,[WPA-PSK-CCMP][WPA2-PSK-CCMP][ESS],-75,2462,391919973"]}