{"BSSID":"d2:b0:7c:6c:4b:e0","IpAddress":"192.168.57.148","P2p0Mac":"9a:fc:d6:6f:31:e5","SSID":"iTV-3b9e","androidId":"bcd4fd228482442a","batteryLevel":73,"btAddress":"8f:ca:86:87:fe:21","btName":"Redmi 3","buildAbi":"armeabi-v7a","buildAbi2":"armeabi","buildBoard":"m4","buildBrand":"Xiaomi","buildCodename":"REL","buildDescription":"ido-user 6.0.1 MMB29T fd3b9735 release-keys","buildDevice":"ido","buildFingerprint":"Xiaomi/Redmi 3/ido:6.0.1/MMB29T/fd3b9735:user/release-keys","buildHardware":"qcom","buildHost":"huawei-desktop","buildId":"MMB29T","buildIncremental":"fd3b9735","buildManufacturer":"Xiaomi","buildModel":"Redmi 3","buildName":"Xiaomi","buildProduct":"ido","buildRadioVersion":"lpmdheevg","buildRelease":"6.0.1","buildSdk":"23","buildSerialno":"c8eed67a","buildTags":"release-keys","buildType":"user","buildUser":"lgmobile","buildUtc":1473336538965,"cellScan":[],"ci":0,"contacts":["奶奶,15207444999","姑妈,13901592656","外婆,13708838771","外公,13490863151","舅舅,13207840603","舅妈,13001562384","姨父,18606733225","姨娘,14708710440","亲爱的,14704743390","老弟,13906108117","老妹,13508375213","小明,13700320049","小李子,13707377677","张轩,13490791402","Dustin Armstrong,13490082254","陈团景,18708014205","杨宽瑕,14701127243","王衔,18806478631","Chad Mcdonald,18700077359","吕若新,13601303011","杨桐,15606105822","于盈,18703171455","Audrey Warren,15701585996","郑文,15306955512","张如,18805051452","李屏岳,13708750056","Keith Kelly,13604786271","窦顺畏,18707692654","王秋雄,13405354957","宣玮卿,13490309005","Samantha Stevens,18002071365","李龙新,15107767261","宁镜渠,15504832639","于琴,13490172006","Linda Griffin,18006287187","宣巍皓,13008497143","甄阁轩,13203935507","陈羡,13490132881","Kelly Myers,18004033226","水轩仪,15901734800","余律烁,13203444219","邹室璞,13204836859","Lee Roberts,13107415550","俞设韶,18004948420","吴津,13302804967","杨嗣萱,15002214514","Brenda Reynolds,15904650105"],"cpuName":"Qualcomm Technologies, Inc MSM8939","densityDpi":320,"deviceId":"861120683972818","deviceSvn":"20","displayId":"ido-user 6.0.1 MMB29T fd3b9735 release-keys","extraInfo":"iTV-3b9e","height":0,"hidePkgs":[],"hmNotes":"","hookPkgs":[],"lac":0,"latitude":30.6275861,"line1Number":"18224019187","longitude":104.0030801,"macAddress":"0c:39:a8:33:9c:ef","memAvailable":4109809008,"memFree":12329427027,"memTotal":16439236035,"mnc":"00","networkClass":3,"networkCountryIso":"cn","networkOperator":"46000","networkOperatorName":"中国移动","networkType":13,"networkTypeName":"LTE","phoneType":1,"rgAndroid":"23","rgAreaode":"86","rgConNames":["盛启瑕"],"rgConsize":"1","rgCountry":"中国","rgDevice":"xiaomiRedmi 4X","rgIp":"119.4.255.125","rgLastLogin":1516243760578,"rgLocation":"四川省成都市 联通","rgNetType":"切换飞行模式","rgOrPhone":"18224019187","rgPhoneNo":"18224019187","rgServer":"飞行模式切换","rgTime":1515394443090,"rgVcode":"玉米(发码)","rgVersion":"1.6.0","rgWxEmail":"未绑定","rgWxError":"该微信帐号因批量或者使用非法软件注册被限制登录，如需继续使用，请轻触“确定”申请解除限制。","rgWxName":"盛启瑕","rgWxNo":"未设置","rgWxPasswd":"Rmst@7890","rgWxQQ":"未绑定","rgWxStatus":"异常","rgWxWindows":"否","serialno":"c8eed67a","simCountryIso":"cn","simOperator":"46000","simOperatorName":"中国移动","simSerialNumber":"8986025106377580226","simState":5,"subscriberId":"460009181293563","type":1,"typeName":"WIFI","width":0,"wifiScan":["Netcore_68549c,a2:2b:a5:2a:24:a0,[WPA-PSK-CCMP][WPA2-PSK-CCMP][WPS][ESS],-83,2462,3318426807","Netcore_498b96,a5:60:9d:1c:89:bb,[WPA-PSK-CCMP][WPA2-PSK-CCMP][WPS][ESS],-74,2412,447933655","Tenda_30f265,80:ca:52:22:56:22,[WPA2-PSK-CCMP][WPS][ESS],-92,2462,1189829124","Netcore_dafd20,b8:b5:4e:64:a5:ea,[WPA2-PSK-TKIP+CCMP][WPS][ESS],-76,2412,207633803","TP-LINK_048627,5f:12:20:0a:b7:84,[WPA2-PSK-CCMP][ESS],-91,2437,442721325","FAST_e32698,20:e1:d0:c1:a2:8a,[WPA-PSK-CCMP][WPA2-PSK-CCMP][ESS],-88,2417,319308435"]}