{"BSSID":"96:7d:0a:aa:ac:0c","IpAddress":"192.168.33.194","P2p0Mac":"53:2b:0e:e8:ab:23","SSID":"MERCURY_db7b","androidId":"fd28f396a4ae582d","batteryLevel":76,"btAddress":"26:a6:2b:ff:b2:4e","btName":"Redmi Note 5A","buildAbi":"armeabi-v7a","buildAbi2":"armeabi","buildBoard":"MSM8960","buildBrand":"Xiaomi","buildCodename":"REL","buildDescription":"ugglite-user 5.0 LRX21M 8e0f1dee release-keys","buildDevice":"ugglite","buildFingerprint":"Xiaomi/Redmi Note 5A/ugglite:5.0/LRX21M/8e0f1dee:user/release-keys","buildHardware":"qcom","buildHost":"qh-miui-ota-bd51","buildId":"LRX21M","buildIncremental":"8e0f1dee","buildManufacturer":"Xiaomi","buildModel":"Redmi Note 5A","buildName":"Xiaomi","buildProduct":"ugglite","buildRadioVersion":"rnfujdrj","buildRelease":"5.0","buildSdk":"21","buildSerialno":"55e19b57","buildTags":"release-keys","buildType":"user","buildUser":"Server","buildUtc":1511966868876,"cellScan":[],"ci":0,"contacts":["奶奶,15601953113","姑妈,13908102226","外婆,15700211714","外公,13905164578","舅舅,15305736834","舅妈,15504913514","姨父,13804777934","姨娘,15506535587","亲爱的,13502696521","老弟,18008821058","老妹,13705685635","小明,15208111989","小李子,14706984260","杨瑕,18902426385","Sarah Thomas,13490772427","诸葛恺郁,13408844790","于汉生,13406962261","杨影永,15800920128","David Stephens,15001478530","施盈奇,14703848624","于衔义,18700028969","伍旭尚,15504486529","Joann Torres,15603793109","梅宁义,14702361295","樊添舒,14705168478","高薇霖,18003014406","Amber Payne,13490221617","齐玮彤,13805715110","李嗣,15601945731","司徒伊吉,13707467306","Peggy Palmer,13608380694","王绣鹏,13708813895","于诗,18905561324","杨瑞殊,15802570598","Bonnie Hunter,15104836149","施尚思,14702401382","王玮魄,13908476773","堪帅伊,13601240735","Joanne Gibson,13702604050","邬舒相,13000850248","裘仙怀,18907400140","李誓罗,13004454426","Juanita Weaver,15500512560","李锐行,13502755548","王楷,15705047530","宓帅然,15507593222","Erin Carpenter,13108534106","杨豪,15601613601","钭由明,18806818751","王镜,15004540598","Linda Evans,15104551358"],"cpuName":"Qualcomm Technologies, Inc MSM8917","densityDpi":320,"deviceId":"861651027109659","deviceSvn":"42","displayId":"ugglite-user 5.0 LRX21M 8e0f1dee release-keys","extraInfo":"MERCURY_db7b","height":0,"hidePkgs":[],"hmNotes":"","hookPkgs":[],"lac":0,"latitude":30.8600653,"line1Number":"18224441179","longitude":103.8636468,"macAddress":"a3:c3:db:96:5d:ec","memAvailable":458342120,"memFree":1375026361,"memTotal":1833368481,"mnc":"00","networkClass":2,"networkCountryIso":"cn","networkOperator":"46002","networkOperatorName":"中国移动","networkType":8,"networkTypeName":"HSDPA","phoneType":1,"rgAndroid":"23","rgAreaode":"86","rgBackupPath":"/storage/emulated/0/.money/backup/20180108/18224441179_20180108.db","rgConNames":[],"rgCountry":"中国","rgDevice":"xiaomiRedmi 4X","rgIp":"119.4.255.67","rgLastLogin":1515465950014,"rgLocation":"四川省成都市 联通","rgNetType":"切换飞行模式","rgOrPhone":"18224441179","rgPhoneNo":"18224441179","rgServer":"飞行模式切换","rgTime":1515401641140,"rgVcode":"玉米(发码)","rgVersion":"1.6.0","rgWxError":"帐号状态异常，本次登录已失效。请尝试重新登录，并根据弹窗提示操作。","rgWxName":"余伟雷","rgWxPasswd":"Rmst@7890","rgWxStatus":"异常","rgWxWindows":"否","serialno":"55e19b57","simCountryIso":"cn","simOperator":"46002","simOperatorName":"中国移动","simSerialNumber":"8986003103951576171","simState":5,"subscriberId":"460024544325786","type":1,"typeName":"WIFI","width":0,"wifiScan":["PHICOMM_a6497b,57:12:28:f9:29:fe,[WPA-PSK-CCMP][WPA2-PSK-CCMP][WPS][ESS],-67,2462,335660320","PHICOMM_742659,38:38:d8:2b:be:0f,[WPA-PSK-CCMP][WPA2-PSK-CCMP][WPS][ESS],-76,2412,3491534458","FAST_0e3262,b2:4d:32:69:1d:e6,[WPA2-PSK-CCMP][ESS],-77,2412,909132203","Tenda_b9ed0e,8d:b8:bd:84:bd:a0,[WPA-PSK-CCMP][WPA2-PSK-CCMP][ESS],-89,2437,260035969","PHICOMM_d04265,e5:df:f1:d8:ef:f5,[WPA2-PSK-CCMP][WPS][ESS],-71,2417,907728460","MERCURY_d10caf,a5:4e:fb:73:13:b8,[WPA-PSK-CCMP][WPA2-PSK-CCMP][WPS][ESS],-89,2462,216721079"]}