{"BSSID":"25:5b:59:9e:bf:d6","IpAddress":"192.168.52.210","P2p0Mac":"d1:2d:4b:b9:4f:c7","SSID":"iTV-c0f3","androidId":"845773f06d363166","batteryLevel":44,"btAddress":"89:21:a1:88:b4:35","btName":"Xperia Z Ultra","buildAbi":"armeabi-v7a","buildAbi2":"armeabi","buildBoard":"deb","buildBrand":"Sony","buildCodename":"REL","buildDescription":"Xperia Z Ultra-user 5.1.1 LMY48G 5774fa73 release-keys","buildDevice":"Xperia Z Ultra","buildFingerprint":"Sony/Xperia Z Ultra/Xperia Z Ultra:5.1.1/LMY48G/5774fa73:user/release-keys","buildHardware":"qcom","buildHost":"mz-buider-4","buildId":"LMY48G","buildIncremental":"5774fa73","buildManufacturer":"Sony","buildModel":"Xperia Z Ultra","buildName":"Sony","buildProduct":"Xperia Z Ultra","buildRadioVersion":"buwsxsjztgubperv","buildRelease":"5.1.1","buildSdk":"22","buildSerialno":"ad85c74c","buildTags":"release-keys","buildType":"user","buildUser":"Server","buildUtc":1503242089795,"cellScan":[],"ci":0,"contacts":["奶奶,18003547053","姑妈,15700486569","外婆,13900492780","外公,15602253390","舅舅,15503157609","舅妈,18005231273","姨父,15704367005","姨娘,15301955446","亲爱的,15604411275","老弟,15907506623","老妹,13490362043","小明,14704815739","小李子,13902706139","张向宁,18908421517","Andrew Sullivan,18901783779","干宁琦,13501126867","杨仙,13705463377","王权念,13300826810","Gregory Greene,13490079566","欧阳石奇,13490085450","陈密炬,18904507174","杨嘉,13708166877","Tracy Phillips,13905968129","陈乐,13304247367","谈露情,13104173893","王谷,18804057695","Gene Hunt,14706033102","姜厚浩,13490697362","吴校佩,13490457053","王巍苡,13106995248","Melissa Williams,13006161236","王嘉,18004091953","欧阳广彤,15107301827","季如宣,13007406014","Holly Tucker,18600540338","沈实游,15707453406","吴学廉,15502818020","吴景媛,15500476699","Bruce Campbell,15504181212","吴镜桂,13006347764","尤誓雪,15808323112","李彤罗,15101401749","Ricardo Carter,15004462375"],"cpuName":"Qualcomm MSM8974","densityDpi":320,"deviceId":"860240791364319","deviceSvn":"29","displayId":"Xperia Z Ultra-user 5.1.1 LMY48G 5774fa73 release-keys","extraInfo":"iTV-c0f3","height":0,"hidePkgs":[],"hmNotes":"","hookPkgs":[],"lac":0,"latitude":30.8459,"line1Number":"18224082006","longitude":104.2651475,"macAddress":"bf:dc:00:7f:2f:80","memAvailable":24119691,"memFree":72359074,"memTotal":96478765,"mnc":"00","networkClass":2,"networkCountryIso":"cn","networkOperator":"46000","networkOperatorName":"中国移动","networkType":8,"networkTypeName":"HSDPA","phoneType":1,"rgAndroid":"23","rgAreaode":"86","rgConNames":["费生行"],"rgConsize":"1","rgCountry":"中国","rgDevice":"xiaomiRedmi 4X","rgIp":"119.4.254.53","rgLastLogin":1516244126911,"rgLocation":"四川省成都市 联通","rgNetType":"切换飞行模式","rgOrPhone":"18224082006","rgPhoneNo":"18224082006","rgServer":"飞行模式切换","rgTime":1515403741146,"rgVcode":"玉米(发码)","rgVersion":"1.6.0","rgWxEmail":"未绑定","rgWxError":"该微信帐号因批量或者使用非法软件注册被限制登录，如需继续使用，请轻触“确定”申请解除限制。","rgWxName":"费生行","rgWxNo":"未设置","rgWxPasswd":"Rmst@7890","rgWxQQ":"未绑定","rgWxStatus":"异常","rgWxWindows":"否","serialno":"ad85c74c","simCountryIso":"cn","simOperator":"46000","simOperatorName":"中国移动","simSerialNumber":"8986023860368989147","simState":5,"subscriberId":"460005062654167","type":1,"typeName":"WIFI","width":0,"wifiScan":["TP-LINK_e1650f,de:34:ca:86:3b:22,[WPA2-PSK-CCMP][WPS][ESS],-95,2412,3449435258","ChainaNet_e103,f1:43:1a:18:39:3c,[WPA-PSK-CCMP][WPA2-PSK-CCMP][WPS][ESS],-93,2412,476859715","TP-LINK_cfe3,f3:7f:9e:15:da:c5,[WPA-PSK-CCMP][WPA2-PSK-CCMP][WPS][ESS],-90,2412,3421736433","Tenda_b276a9,0e:25:69:f1:67:8b,[WPA2-PSK-CCMP][ESS],-76,2417,311136678","Netcore_c0f437,41:8c:5f:84:98:bf,[WPA-PSK-CCMP][WPA2-PSK-CCMP][ESS],-93,2422,823028526","PHICOMM_e32638,d9:1d:54:3f:3e:76,[WPA-PSK-CCMP][WPA2-PSK-CCMP][WPS][ESS],-83,2412,1985034937"]}