{"BSSID":"1c:e8:8d:a7:92:a5","IpAddress":"10.59.11.213","P2p0Mac":"f6:6a:a3:02:69:5d","SSID":"Tenda_d0fcae","androidId":"16ca597262ebf44e","batteryLevel":44,"btAddress":"ed:36:7f:16:8a:ea","btName":"Redmi Note 2","buildAbi":"armeabi-v7a","buildAbi2":"armeabi","buildBoard":"maserati","buildBrand":"Xiaomi","buildCodename":"REL","buildDescription":"Redmi Note 2-user 5.0 LRX21M 6690f465 release-keys","buildDevice":"Redmi Note 2","buildFingerprint":"Xiaomi/Redmi Note 2/Redmi Note 2:5.0/LRX21M/6690f465:user/release-keys","buildHardware":"qcom","buildHost":"taishan","buildId":"LRX21M","buildIncremental":"6690f465","buildManufacturer":"Xiaomi","buildModel":"Redmi Note 2","buildName":"Xiaomi","buildProduct":"Redmi Note 2","buildRadioVersion":"dcbxsajdxmqdfdd","buildRelease":"5.0","buildSdk":"21","buildSerialno":"27119257","buildTags":"release-keys","buildType":"user","buildUser":"builder","buildUtc":1500283582805,"cellScan":[],"ci":0,"contacts":["奶奶,13901280019","姑妈,15505961010","外婆,15201328826","外公,13106254622","舅舅,13804918504","舅妈,15300097423","姨父,13800213184","姨娘,13806274617","亲爱的,15900370669","老弟,15702678251","老妹,18603480398","小明,18606980132","小李子,15208676151","井胜璎,13504362449","Stanley Smith,13703180990","嵇效商,13208886973","江石瑕,15902156494","方楷宽,15001290196","Chad Cruz,15003123748","巫献礼,15600884101","危骥茜,13806873608","张升熙,15708421585","Gloria Parker,18701118816","廉向瑜,14705624198","蓬璞岭,13408582911","李梧,15700122087","Pedro Long,18703195929","花献珀,15005860143","龚冠梦,15106546798","窦设竞,13505093756","Joyce Butler,13805391975","王许怒,13108064102","左献英,15305947101","凤若念,15008101036","Joe Ortiz,15800761660","柳节梧,13490280181","于蔚,13503728181","平虎游,13490213470","Barry Turner,18001107258","傅同添,15703138127","吴兴,18807947628","杨瑛,14707761387","Bill Mills,15700145180","凌设秀,13205084571","王耕,15908060845","张夜恺,18605514600","Janice Ford,15504535917","李绵野,13506252545"],"cpuName":"MT6795","densityDpi":320,"deviceId":"861897465189808","deviceSvn":"18","displayId":"Redmi Note 2-user 5.0 LRX21M 6690f465 release-keys","extraInfo":"3gwap","height":0,"hidePkgs":[],"hmNotes":"","hookPkgs":[],"lac":0,"latitude":30.7513201,"line1Number":"18244213489","longitude":104.1435027,"macAddress":"8f:50:b8:cf:ed:0d","memAvailable":611155184,"memFree":1222310368,"memTotal":1833465552,"mnc":"00","networkClass":3,"networkCountryIso":"cn","networkOperator":"46000","networkOperatorName":"中国移动","networkType":13,"networkTypeName":"LTE","phoneType":1,"rgAndroid":"23","rgAreaode":"86","rgBackupPath":"/storage/emulated/0/.money/backup/20180108/18244213489_20180108.db","rgConNames":[],"rgCountry":"中国","rgDevice":"xiaomiRedmi 4X","rgIp":"119.4.252.185","rgLastLogin":1515466969443,"rgLocation":"四川省成都市 联通","rgNetType":"切换飞行模式","rgOrPhone":"18244213489","rgPhoneNo":"18244213489","rgServer":"飞行模式切换","rgTime":1515409611985,"rgVcode":"玉米(发码)","rgVersion":"1.6.0","rgWxError":"帐号状态异常，本次登录已失效。请尝试重新登录，并根据弹窗提示操作。","rgWxName":"粱欢寅","rgWxPasswd":"Rmst@7890","rgWxStatus":"异常","rgWxWindows":"否","serialno":"27119257","simCountryIso":"cn","simOperator":"46000","simOperatorName":"中国移动","simSerialNumber":"8986025156489957718","simState":5,"subscriberId":"460001103618278","type":0,"typeName":"MOBILE","width":0,"wifiScan":["TP-LINK_253879,91:24:b5:cf:50:8e,[WPA2-PSK-CCMP][WPS][ESS],-73,2437,322786243","MERCURY_1441f3,aa:c5:86:c6:aa:30,[WPA-PSK-CCMP][WPA2-PSK-CCMP][ESS],-93,2442,207190196","Tenda_64a8cb,e6:85:ca:e2:48:3d,[WPA2-PSK-CCMP][ESS],-79,2412,3000333121","Netcore_fcaaed,a3:a0:0a:e0:b8:9f,[WPA-PSK-CCMP][WPA2-PSK-CCMP][ESS],-74,2412,234678808","PHICOMM_104377,17:b4:1d:b1:84:62,[WPA2-PSK-CCMP][WPS][ESS],-89,2412,1510134082"]}