{"BSSID":"f9:99:4b:12:a1:e9","IpAddress":"192.168.43.137","P2p0Mac":"23:03:08:5e:2a:64","SSID":"Netcore_23bae1","androidId":"23ec72e408c5692d","batteryLevel":77,"btAddress":"4b:6e:3e:76:d0:a2","btName":"2014501","buildAbi":"armeabi-v7a","buildAbi2":"armeabi","buildBoard":"bullhead","buildBrand":"Xiaomi","buildCodename":"REL","buildDescription":"HM2014501-user 5.0 LRX21M b99c9775 release-keys","buildDevice":"HM2014501","buildFingerprint":"Xiaomi/2014501/HM2014501:5.0/LRX21M/b99c9775:user/release-keys","buildHardware":"qcom","buildHost":"SCL_XA241_102","buildId":"LRX21M","buildIncremental":"b99c9775","buildManufacturer":"Xiaomi","buildModel":"2014501","buildName":"Xiaomi","buildProduct":"HM2014501","buildRadioVersion":"hlnnlkrgaxwazll","buildRelease":"5.0","buildSdk":"21","buildSerialno":"9c2253dc","buildTags":"release-keys","buildType":"user","buildUser":"jenkins","buildUtc":1499937671735,"cellScan":[],"ci":0,"contacts":["奶奶,13490120191","姑妈,15108507512","外婆,13101915195","外公,18701575958","舅舅,18805782732","舅妈,13202021532","姨父,15102588364","姨娘,14706300931","亲爱的,13208411186","老弟,18607547073","老妹,15006133423","小明,15605176886","小李子,13507034844","李阳,15001731488","Randy Hudson,15800330303","吴雅,15607868579","余然,13706234191","费景素,15806432908","Tammy Snyder,13401460837","郝铭和,13702704855","孙旺,15501322176","牧水明,13490233674","Calvin West,13304805432","杨培,15704224382","杨铜,18805041557","龚玉儒,15605625677","Maria Morales,15607588592","贺逵逸,15502592295","吴卿,15300412251","李郁利,13203708849","Emma Moore,18605280091","段翰罗,13490493776","费适浩,13903385540","魏伊明,13701087335","Lois Thompson,13905252621","杨念向,13490534567","毛建灵,13201044668","吴妙似,15603353948","Emma Sanders,15607058475","余豪克,15705926894","章惠幸,15501080528","姚乐秋,15805263022","Randy Riley,15001141414","邱瑜炎,13104384738","平设盛,18704848286","张培,13506492810","Sharon Shaw,13901885157","王守,15005363199","蒋京,13904968894","杨奇西,15606074662","Cheryl Lewis,15506851227"],"cpuName":"MT6582","densityDpi":480,"deviceId":"865257066681495","deviceSvn":"10","displayId":"HM2014501-user 5.0 LRX21M b99c9775 release-keys","extraInfo":"Netcore_23bae1","height":0,"hidePkgs":[],"hmNotes":"","hookPkgs":[],"lac":0,"latitude":30.582499,"line1Number":"18280421746","longitude":103.9557078,"macAddress":"54:4c:c0:23:c3:0b","memAvailable":701676405,"memFree":2105029218,"memTotal":2806705623,"mnc":"00","networkClass":2,"networkCountryIso":"cn","networkOperator":"46007","networkOperatorName":"中国移动","networkType":8,"networkTypeName":"HSDPA","phoneType":1,"rgAndroid":"23","rgAreaode":"86","rgBackupPath":"/storage/emulated/0/.money/backup/20180108/18280421746_20180108.db","rgConNames":[],"rgCountry":"中国","rgDevice":"xiaomiRedmi 4X","rgIp":"119.4.253.141","rgLastLogin":1515466900391,"rgLocation":"四川省成都市 联通","rgNetType":"切换飞行模式","rgOrPhone":"18280421746","rgPhoneNo":"18280421746","rgServer":"飞行模式切换","rgTime":1515409035398,"rgVcode":"玉米(发码)","rgVersion":"1.6.0","rgWxError":"帐号状态异常，本次登录已失效。请尝试重新登录，并根据弹窗提示操作。","rgWxName":"何宽永","rgWxPasswd":"Rmst@7890","rgWxStatus":"异常","rgWxWindows":"否","serialno":"9c2253dc","simCountryIso":"cn","simOperator":"46007","simOperatorName":"中国移动","simSerialNumber":"8986001172132520500","simState":5,"subscriberId":"460075064845516","type":1,"typeName":"WIFI","width":0,"wifiScan":["Netcore_254886,3b:64:da:02:4f:9c,[WPA2-PSK-CCMP][WPS][ESS],-80,2437,195592624","MERCURY_cc88ca,19:97:76:a4:54:a2,[WPA-PSK-CCMP][WPA2-PSK-CCMP][WPS][ESS],-82,2437,535527414","ChainaNet_99db,1d:3b:1a:ae:2d:54,[WPA2-PSK-CCMP][WPS][ESS],-73,2412,439727865","TP-LINK_2cafed,a1:7c:f8:93:4f:4b,[WPA2-PSK-CCMP][WPS][ESS],-89,2452,2405735654","Tenda_55310f,63:36:78:6c:23:ef,[WPA-PSK-CCMP][WPA2-PSK-CCMP][WPS][ESS],-74,2412,2647234264","MERCURY_64a88c,7d:b0:e3:99:8e:c4,[WPA-PSK-CCMP][WPA2-PSK-CCMP][WPS][ESS],-66,2437,2273331251","TP-LINK_dbff77,89:fb:79:12:bb:f0,[WPA2-PSK-CCMP][WPS][ESS],-69,2437,350637699","Netcore_d00dbb,06:b4:68:23:6f:4a,[WPA2-PSK-CCMP][ESS],-85,2437,982831659"]}