{"BSSID":"f4:93:8d:06:d2:2d","IpAddress":"10.50.39.160","P2p0Mac":"9c:63:03:fe:a9:91","SSID":"Tenda_4ac8cf","androidId":"77335949173628f1","batteryLevel":54,"btAddress":"98:56:76:b9:e7:40","btName":"m2 note","buildAbi":"armeabi-v7a","buildAbi2":"armeabi","buildBoard":"MSM8992","buildBrand":"Meizu","buildCodename":"REL","buildDescription":"m2 note-user 5.0 LRX21M 4d827957 release-keys","buildDevice":"m2 note","buildFingerprint":"Meizu/m2 note/m2 note:5.0/LRX21M/4d827957:user/release-keys","buildHardware":"qcom","buildHost":"Android-server","buildId":"LRX21M","buildIncremental":"4d827957","buildManufacturer":"Meizu","buildModel":"m2 note","buildName":"Meizu","buildProduct":"m2 note","buildRadioVersion":"loecvyxtvdlcubnbq","buildRelease":"5.0","buildSdk":"21","buildSerialno":"b45baabc","buildTags":"release-keys","buildType":"user","buildUser":"Server","buildUtc":1476855762267,"cellScan":[],"ci":0,"contacts":["奶奶,14707890994","姑妈,15703814199","外婆,18804718759","外公,15106315782","舅舅,18801726888","舅妈,18707881189","姨父,18901833295","姨娘,13001631622","亲爱的,13607258864","老弟,18901433478","老妹,15305058060","小明,13106717018","小李子,15008358863","杨廉,18007265665","Brent Hicks,18907320534","靳坚胜,13907494929","李露,18603651788","杨启耀,13490494904","Thomas Ellis,18905991279","李珊,13605616433","霍欢雪,18001293042","王效,15807106532","Glen Holmes,15105667682","余莉王,18706206702","张星,18805466128","杨梧璐,13402308055","Ana Fox,15205264354","杨昱,14708054156","王璐,15707483571","刁倩阳,15508812263","Denise Weaver,13201824542","井隆贤,13007740465","李辉,18007841989","戴绣雍,15202257615","Betty Peterson,15108682059","张兴,15202542495","王谷盈,15305721451","华虎岳,13108245497","Lauren Ortiz,15503841210","张节嘉,13701434812","杨乾,15800290671"],"cpuName":"MT6753","densityDpi":560,"deviceId":"861872740781299","deviceSvn":"15","displayId":"m2 note-user 5.0 LRX21M 4d827957 release-keys","extraInfo":"cmwap","height":0,"hidePkgs":[],"hmNotes":"","hookPkgs":[],"lac":0,"latitude":30.7262574,"line1Number":"18280410023","longitude":103.9583548,"macAddress":"60:f4:63:19:db:21","memAvailable":31387036,"memFree":62774072,"memTotal":94161108,"mnc":"00","networkClass":3,"networkCountryIso":"cn","networkOperator":"46007","networkOperatorName":"中国移动","networkType":13,"networkTypeName":"LTE","phoneType":1,"rgAndroid":"23","rgAreaode":"86","rgBackupPath":"/storage/emulated/0/.money/backup/20180108/18280410023_20180108.db","rgConNames":[],"rgCountry":"中国","rgDevice":"xiaomiRedmi 4X","rgIp":"119.4.252.120","rgLastLogin":1515466018597,"rgLocation":"四川省成都市 联通","rgNetType":"切换飞行模式","rgOrPhone":"18280410023","rgPhoneNo":"18280410023","rgServer":"飞行模式切换","rgTime":1515402732161,"rgVcode":"玉米(发码)","rgVersion":"1.6.0","rgWxError":"帐号状态异常，本次登录已失效。请尝试重新登录，并根据弹窗提示操作。","rgWxName":"尤盛和","rgWxPasswd":"Rmst@7890","rgWxStatus":"异常","rgWxWindows":"否","serialno":"b45baabc","simCountryIso":"cn","simOperator":"46007","simOperatorName":"中国移动","simSerialNumber":"8986026503582747796","simState":5,"subscriberId":"460075669242889","type":0,"typeName":"MOBILE","width":0,"wifiScan":["MERCURY_d0f311,cb:16:bb:dc:2c:7b,[WPA-PSK-CCMP][WPA2-PSK-CCMP][ESS],-76,2462,2682236750","Netcore_59dcbf,89:f0:15:5a:e6:39,[WPA2-PSK-CCMP][WPS][ESS],-83,2437,192602420","FAST_215420,68:5c:84:7f:64:e7,[WPA-PSK-CCMP][WPA2-PSK-CCMP][WPS][ESS],-63,2462,196755089","PHICOMM_99ddb0,48:df:9e:8d:88:26,[WPA2-PSK-CCMP][WPS][ESS],-88,2427,3144234510","Netcore_fed10d,63:8d:59:eb:b2:45,[WPA2-PSK-CCMP][WPS][ESS],-76,2437,277510586","TP-LINK_220edc,f3:9b:06:37:f7:d7,[WPA2-PSK-CCMP][ESS],-57,2442,464652937","MERCURY_331754,c8:2b:32:f2:fa:4c,[WPA-PSK-CCMP][WPA2-PSK-CCMP][ESS],-89,2457,596933480"]}