{"BSSID":"50:73:c6:d6:92:db","IpAddress":"10.11.57.0","P2p0Mac":"82:29:f7:5b:36:27","SSID":"iTV-d1db","androidId":"20a96968c7747c22","batteryLevel":52,"btAddress":"9d:0b:90:15:b2:a8","btName":"HUAWEI GRA-CL10","buildAbi":"armeabi-v7a","buildAbi2":"armeabi","buildBoard":"ventana","buildBrand":"HUAWEI","buildCodename":"REL","buildDescription":"GRA-CL10-user 7.1.2 NMF26Q c5f6743e release-keys","buildDevice":"HWGRA","buildFingerprint":"HUAWEI/HUAWEI GRA-CL10/HWGRA:7.1.2/NMF26Q/c5f6743e:user/release-keys","buildHardware":"qcom","buildHost":"Android-server","buildId":"NMF26Q","buildIncremental":"c5f6743e","buildManufacturer":"HUAWEI","buildModel":"HUAWEI GRA-CL10","buildName":"HUAWEI","buildProduct":"GRA-CL10","buildRadioVersion":"qrjfvbghbxjpitx","buildRelease":"7.1.2","buildSdk":"25","buildSerialno":"4fa49914","buildTags":"release-keys","buildType":"user","buildUser":"buildHost","buildUtc":1504236850197,"cellScan":[],"ci":0,"contacts":["奶奶,15902147255","姑妈,18603577978","外婆,13605958218","外公,13304098556","舅舅,13490360208","舅妈,13506715969","姨父,13905913221","姨娘,18700114731","亲爱的,13303638041","老弟,13307921748","老妹,13505585815","小明,18904531649","小李子,15200876873","喻龙荃,13490794634","Darlene Hunter,18006156292","席阳扬,15706233641","黄鹄茜,13504445632","左茜佩,18701706603","Loretta Rogers,15706413936","李可,15503537908","汤铭慎,15608045539","纪魄义,13305142649","Susan Shaw,15302360719","李茜露,15106011422","夏涂净,14702776656","杨妙,15506654980","Antonio Rice,15602140617","厉冠礼,13907010623","李可胜,13806917594","李贺,13490586318","Loretta Bradley,13490299481","童守渠,13004363373","臧校镜,14703852617","钮弘恺,13490089049","Stephanie Cunningham,13490764568","杨商,13306613994","李峻京,14700743715","汲任由,13804872673","Marvin Brooks,13508421770","熊佩豪,15306328456","钮帅铭,15208578571","张勇,15001080743","Frederick Washington,15000457246","王硕王,15503812673","杨璞,13305712284","羊莉郡,13003360212","Tim Hart,13102645638"],"cpuName":"Kirin935","densityDpi":240,"deviceId":"860996612512747","deviceSvn":"46","displayId":"GRA-CL10-user 7.1.2 NMF26Q c5f6743e release-keys","extraInfo":"cmnet","height":0,"hidePkgs":[],"hmNotes":"","hookPkgs":[],"lac":0,"latitude":30.7438976,"line1Number":"18280428747","longitude":104.3870023,"macAddress":"26:7f:39:6d:e1:9a","memAvailable":701659620,"memFree":2104978861,"memTotal":2806638481,"mnc":"00","networkClass":2,"networkCountryIso":"cn","networkOperator":"46007","networkOperatorName":"中国移动","networkType":17,"networkTypeName":"TD_SCDMA","phoneType":1,"rgAndroid":"23","rgAreaode":"86","rgConNames":["杨素"],"rgConsize":"1","rgCountry":"中国","rgDevice":"xiaomiRedmi 4X","rgIp":"119.4.255.229","rgLastLogin":1516243989344,"rgLocation":"四川省成都市 联通","rgNetType":"切换飞行模式","rgOrPhone":"18280428747","rgPhoneNo":"18280428747","rgServer":"飞行模式切换","rgTime":1515400209080,"rgVcode":"玉米(发码)","rgVersion":"1.6.0","rgWxEmail":"未绑定","rgWxError":"该微信帐号因批量或者使用非法软件注册被限制登录，如需继续使用，请轻触“确定”申请解除限制。","rgWxName":"杨素","rgWxNo":"未设置","rgWxPasswd":"Rmst@7890","rgWxQQ":"未绑定","rgWxStatus":"异常","rgWxWindows":"否","serialno":"4fa49914","simCountryIso":"cn","simOperator":"46007","simOperatorName":"中国移动","simSerialNumber":"8986023775135988175","simState":5,"subscriberId":"460075828533313","type":0,"typeName":"MOBILE","width":0,"wifiScan":["MERCURY_fbed20,f7:63:c1:85:74:82,[WPA-PSK-CCMP][WPA2-PSK-CCMP][WPS][ESS],-64,2412,295242523","MERCURY_3659cb,ea:4a:b2:a4:3c:5b,[WPA2-PSK-CCMP][WPS][ESS],-51,2412,515858117","FAST_410386,a4:71:cc:31:08:67,[WPA2-PSK-CCMP][ESS],-75,2437,1391727426","TP-LINK_043c9d,8e:f1:1e:cd:47:6d,[WPA2-PSK-CCMP][ESS],-95,2447,262721434","TP-LINK_8586,88:2c:2a:f5:91:96,[WPA2-PSK-CCMP][WPS][ESS],-55,2437,474852563","MERCURY_7caec1,bf:3a:44:97:76:1e,[WPA2-PSK-CCMP][ESS],-94,2462,3599129088"]}