{"BSSID":"37:17:8c:90:fe:23","IpAddress":"192.168.35.137","P2p0Mac":"b6:f8:27:ca:88:d5","SSID":"Netcore_d1530f","androidId":"5656aa21eb2f4ecb","batteryLevel":62,"btAddress":"55:77:5a:e8:e1:1b","btName":"MI 3","buildAbi":"armeabi-v7a","buildAbi2":"armeabi","buildBoard":"encore","buildBrand":"Xiaomi","buildCodename":"REL","buildDescription":"Kenzo-user 5.1.1 LMY48G 12625984 release-keys","buildDevice":"Kenzo","buildFingerprint":"Xiaomi/MI 3/Kenzo:5.1.1/LMY48G/12625984:user/release-keys","buildHardware":"qcom","buildHost":"zc-miui-ota-bd39.bj","buildId":"LMY48G","buildIncremental":"12625984","buildManufacturer":"Xiaomi","buildModel":"MI 3","buildName":"Xiaomi","buildProduct":"Kenzo","buildRadioVersion":"itdnfgourp","buildRelease":"5.1.1","buildSdk":"22","buildSerialno":"a48e6601","buildTags":"release-keys","buildType":"user","buildUser":"buildHost","buildUtc":1508505677714,"cellScan":[],"ci":0,"contacts":["奶奶,13902775191","姑妈,13505680145","外婆,18605066998","外公,13001822566","舅舅,18006725216","舅妈,13805182399","姨父,18605464567","姨娘,18808088216","亲爱的,15105786367","老弟,13501015304","老妹,13102692780","小明,18706261417","小李子,13503001257","李翼,13490860397","Jerome Anderson,18902690316","束时适,15501082076","时保绵,15500790312","韦铜瑕,15007165232","Jim Wood,15803135615","屈朋驹,15703261870","方岩鹏,15101563522","班书梦,13903303459","Gary Brown,13804416574","公孙午明,18001852047","杨设,18003015463","王心迅,13307931703","Rebecca Harper,15304861822","长孙似浩,13601075726","傅克异,15105087866","吴嗣珀,13908234213","Donna Allen,13701458804","王香,18004861601","山献嘉,13206354993","万鹄渠,13702660270","Darrell Bryant,13606055175","杨儒,18000371188","吴校贵,18607015499","丁青殊,13505722780","Randy Stewart,13708150252","于瑕镜,18701428913","李岁西,15608532477"],"cpuName":"Qualcomm MSM8974PRO-AB","densityDpi":480,"deviceId":"860086025207968","deviceSvn":"82","displayId":"Kenzo-user 5.1.1 LMY48G 12625984 release-keys","extraInfo":"Netcore_d1530f","height":0,"hidePkgs":[],"hmNotes":"","hookPkgs":[],"lac":0,"latitude":30.550339,"line1Number":"18328722641","longitude":103.854209,"macAddress":"3d:48:e6:28:46:22","memAvailable":701572563,"memFree":2104717690,"memTotal":2806290253,"mnc":"00","networkClass":1,"networkCountryIso":"cn","networkOperator":"46002","networkOperatorName":"中国移动","networkType":2,"networkTypeName":"EDGE","phoneType":1,"rgAndroid":"23","rgAreaode":"86","rgConNames":["王耀熙"],"rgConsize":"1","rgCountry":"中国","rgDevice":"xiaomiRedmi 4X","rgIp":"101.206.167.252","rgLastLogin":1516244266677,"rgLocation":"四川省 联通","rgNetType":"切换飞行模式","rgOrPhone":"18328722641","rgPhoneNo":"18328722641","rgServer":"飞行模式切换","rgTime":1515405856245,"rgVcode":"玉米(发码)","rgVersion":"1.6.0","rgWxEmail":"未绑定","rgWxError":"该微信帐号因批量或者使用非法软件注册被限制登录，如需继续使用，请轻触“确定”申请解除限制。","rgWxName":"王耀熙","rgWxNo":"未设置","rgWxPasswd":"Rmst@7890","rgWxQQ":"未绑定","rgWxStatus":"异常","rgWxWindows":"否","serialno":"a48e6601","simCountryIso":"cn","simOperator":"46002","simOperatorName":"中国移动","simSerialNumber":"8986024522940283228","simState":5,"subscriberId":"460027457769489","type":1,"typeName":"WIFI","width":0,"wifiScan":["Netcore_c0f43e,54:12:9d:62:7c:e0,[WPA-PSK-CCMP][WPA2-PSK-CCMP][WPS][ESS],-72,2437,1069826524","ChainaNet_dc20,80:de:3e:1c:d6:2a,[WPA2-PSK-CCMP][ESS],-89,2437,1658828685","MERCURY_7ca76b,25:f8:9f:58:15:3c,[WPA2-PSK-CCMP][WPS][ESS],-68,2437,1076238398","Netcore_0db020,7d:a0:fb:70:0c:45,[WPA2-PSK-CCMP][WPS][ESS],-82,2412,1826329098","Netcore_c0f437,0a:0e:25:86:07:50,[WPA2-PSK-CCMP][WPS][ESS],-86,2452,1347435955","MERCURY_321648,fc:41:75:3d:48:6f,[WPA-PSK-CCMP][WPA2-PSK-CCMP][WPS][ESS],-90,2412,422570660","ChainaNet_8543,f8:c8:7b:66:ea:da,[WPA2-PSK-CCMP][WPS][ESS],-77,2412,352622763"]}