{"BSSID":"fc:2c:c3:0e:7d:2a","IpAddress":"192.168.51.27","P2p0Mac":"bc:c6:af:9f:25:e2","SSID":"ChainaNet_6a75","androidId":"9aafaef3d3f47216","batteryLevel":79,"btAddress":"8e:82:f8:c6:55:41","btName":"8675-HD","buildAbi":"armeabi-v7a","buildAbi2":"armeabi","buildBoard":"otterx","buildBrand":"Coolpad","buildCodename":"REL","buildDescription":"8675-HD-user 6.0.1 MMB29T 3866811d release-keys","buildDevice":"8675-HD","buildFingerprint":"Coolpad/8675-HD/8675-HD:6.0.1/MMB29T/3866811d:user/release-keys","buildHardware":"qcom","buildHost":"bs189","buildId":"MMB29T","buildIncremental":"3866811d","buildManufacturer":"Coolpad","buildModel":"8675-HD","buildName":"Coolpad","buildProduct":"8675-HD","buildRadioVersion":"bmdslpxjsednutdn","buildRelease":"6.0.1","buildSdk":"23","buildSerialno":"1110393c","buildTags":"release-keys","buildType":"user","buildUser":"Server","buildUtc":1466510612014,"cellScan":[],"ci":0,"contacts":["奶奶,13906018850","姑妈,15207158361","外婆,13804636593","外公,18802207212","舅舅,13701617732","舅妈,18802246046","姨父,18903386737","姨娘,14702823155","亲爱的,13704847285","老弟,13506643601","老妹,15900305380","小明,13106666750","小李子,13100055751","安水倩,18708586530","Ann Flores,14706698990","童晟游,13407613201","蔡华欢,15605370095","干许进,13508331791","Alvin Reynolds,13708735707","倪佩灵,18005175344","井行延,13402794511","左野苡,13603546187","Sally Hall,13805186791","余宇,15008782074","廉倩荣,18800170872","余添彤,14703296538","Corey Rogers,15702758253","杨胤琴,13801466811","梅利年,18905262974","景校夜,13204603001","Zachary Fisher,15505935784","滕勋梦,15804965684","杨乐佳,13100807648","杨念,13706720214","Maria Bell,13608614521","王卫汉,14708665971","李闻顺,13704664449","杨信求,18901814137","Roger Coleman,18902913493","常岳殊,18807077306","杨实兴,13003435858","宗校秀,15706520220","Chad Rice,18707565072","李竞,13000072698","薛随羡,15204744647"],"cpuName":"MT6592","densityDpi":320,"deviceId":"864487880323732","deviceSvn":"66","displayId":"8675-HD-user 6.0.1 MMB29T 3866811d release-keys","extraInfo":"ChainaNet_6a75","height":0,"hidePkgs":[],"hmNotes":"","hookPkgs":[],"lac":0,"latitude":30.7028411,"line1Number":"18328726640","longitude":104.1979474,"macAddress":"9d:98:c3:a3:20:6c","memAvailable":611137433,"memFree":1222274868,"memTotal":1833412301,"mnc":"00","networkClass":3,"networkCountryIso":"cn","networkOperator":"46007","networkOperatorName":"中国移动","networkType":13,"networkTypeName":"LTE","phoneType":1,"rgAndroid":"23","rgAreaode":"86","rgConNames":["靳佳妙"],"rgConsize":"1","rgCountry":"中国","rgDevice":"xiaomiRedmi 4X","rgIp":"119.4.254.38","rgLastLogin":1516244082464,"rgLocation":"四川省成都市 联通","rgNetType":"切换飞行模式","rgOrPhone":"18328726640","rgPhoneNo":"18328726640","rgServer":"飞行模式切换","rgTime":1515403316474,"rgVcode":"玉米(发码)","rgVersion":"1.6.0","rgWxEmail":"未绑定","rgWxError":"该微信帐号因批量或者使用非法软件注册被限制登录，如需继续使用，请轻触“确定”申请解除限制。","rgWxName":"靳佳妙","rgWxNo":"未设置","rgWxPasswd":"Rmst@7890","rgWxQQ":"未绑定","rgWxStatus":"异常","rgWxWindows":"否","serialno":"1110393c","simCountryIso":"cn","simOperator":"46007","simOperatorName":"中国移动","simSerialNumber":"8986027643233888480","simState":5,"subscriberId":"460078814264606","type":1,"typeName":"WIFI","width":0,"wifiScan":["TP-LINK_2d2058,46:33:fe:03:97:5a,[WPA2-PSK-CCMP][WPS][ESS],-54,2412,3383133761","MERCURY_326ca8,28:49:5d:d8:7e:5e,[WPA-PSK-CCMP][WPA2-PSK-CCMP][ESS],-81,2412,2843432703","Netcore_eda7ca,22:b4:0f:6e:63:ac,[WPA2-PSK-CCMP][ESS],-90,2427,825838253","MERCURY_b0ebfd,35:26:45:85:3f:cd,[WPA2-PSK-CCMP][ESS],-88,2437,3049733351","MERCURY_2151f4,23:fe:c8:b0:5d:63,[WPA2-PSK-CCMP][WPS][ESS],-56,2412,491960458","TP-LINK_bfda,a0:cb:3a:2b:96:ac,[WPA2-PSK-CCMP][WPS][ESS],-95,2462,575835399","Netcore_ae2198,eb:4b:ba:e6:eb:93,[WPA-PSK-CCMP][WPA2-PSK-CCMP][ESS],-78,2437,1397528166","MERCURY_753149,22:b1:10:15:b9:80,[WPA-PSK-CCMP][WPA2-PSK-CCMP][WPS][ESS],-58,2412,619336746"]}