{"BSSID":"cf:9d:e7:23:5b:8e","IpAddress":"192.168.59.19","P2p0Mac":"8c:96:2c:ed:a4:df","SSID":"FAST_5763","androidId":"1ff1bf0838f93973","batteryLevel":64,"btAddress":"90:63:82:76:0b:68","btName":"Coolpad 8675-HD","buildAbi":"armeabi-v7a","buildAbi2":"armeabi","buildBoard":"ventana","buildBrand":"Coolpad","buildCodename":"REL","buildDescription":"8675-HD-user 7.0.0 NRD90M 401dad4b release-keys","buildDevice":"8675-HD","buildFingerprint":"Coolpad/Coolpad 8675-HD/8675-HD:7.0.0/NRD90M/401dad4b:user/release-keys","buildHardware":"qcom","buildHost":"zc-miui-ota-bd39.bj","buildId":"NRD90M","buildIncremental":"401dad4b","buildManufacturer":"Coolpad","buildModel":"Coolpad 8675-HD","buildName":"Coolpad","buildProduct":"8675-HD","buildRadioVersion":"qmimrkjgtfuwrje","buildRelease":"7.0.0","buildSdk":"24","buildSerialno":"4085c741","buildTags":"release-keys","buildType":"user","buildUser":"builder","buildUtc":1455240565631,"cellScan":[],"ci":0,"contacts":["奶奶,14707180910","姑妈,15806557564","外婆,15704003466","外公,18700586968","舅舅,13500025137","舅妈,13404245935","姨父,18903914828","姨娘,13604268506","亲爱的,18600187518","老弟,15106137369","老妹,13107240634","小明,18901171909","小李子,13206427458","李伊妙,13900670107","John Bryant,13504235591","王思,15901402746","李奇,13000892397","李寅,15205446315","Judy Robinson,15903725552","王会兴,13205215117","李珀会,15005724540","胡郡罗,18700414976","Nicholas Morris,14700057005","张异,18007923257","廉顺湘,18906462476","奚巍鹏,13301120550","Sheila Richardson,13304535903","杨景夏,13404530240","张仪进,13603662982","糜思雅,13505652382","Miguel Hudson,13503756857","杨似,13008182893","陈广荣,13100680469","吴由,18902936377","Wendy Diaz,18002260064","秋麟军,13805611702","孔团和,18002671702","杨团校,14703620176","Wanda Miller,14701767849","裴阁向,13702262550","奚默愚,15200985743","赵瑟会,13703124912","Roy Barnes,13905357051","钱义颂,15705157856","谢炯良,15101837960","吴嗣菁,13307812083","June Barnes,18004537985","孟世芹,13308677873","柏君律,15103970456","王午,15706428754","Ralph Andrews,14700655801"],"cpuName":"MT6592","densityDpi":320,"deviceId":"861379249271442","deviceSvn":"51","displayId":"8675-HD-user 7.0.0 NRD90M 401dad4b release-keys","extraInfo":"FAST_5763","height":0,"hidePkgs":[],"hmNotes":"","hookPkgs":[],"lac":0,"latitude":30.5866831,"line1Number":"18328715493","longitude":104.382241,"macAddress":"da:8c:7d:c4:24:1c","memAvailable":937658094,"memFree":2812974284,"memTotal":3750632378,"mnc":"00","networkClass":1,"networkCountryIso":"cn","networkOperator":"46000","networkOperatorName":"中国移动","networkType":2,"networkTypeName":"EDGE","phoneType":1,"rgAndroid":"23","rgAreaode":"86","rgConNames":["杨伟奇"],"rgConsize":"1","rgCountry":"中国","rgDevice":"xiaomiRedmi 4X","rgIp":"119.4.254.106","rgLastLogin":1516244173231,"rgLocation":"四川省成都市 联通","rgNetType":"切换飞行模式","rgOrPhone":"18328715493","rgPhoneNo":"18328715493","rgServer":"飞行模式切换","rgTime":1515404783925,"rgVcode":"玉米(发码)","rgVersion":"1.6.0","rgWxEmail":"未绑定","rgWxError":"该微信帐号因批量或者使用非法软件注册被限制登录，如需继续使用，请轻触“确定”申请解除限制。","rgWxName":"杨伟奇","rgWxNo":"未设置","rgWxPasswd":"Rmst@7890","rgWxQQ":"未绑定","rgWxStatus":"异常","rgWxWindows":"否","serialno":"4085c741","simCountryIso":"cn","simOperator":"46000","simOperatorName":"中国移动","simSerialNumber":"8986001541716751238","simState":5,"subscriberId":"460009481633877","type":1,"typeName":"WIFI","width":0,"wifiScan":["MERCURY_473254,94:3c:f7:54:6b:51,[WPA2-PSK-CCMP][WPS][ESS],-61,2452,1586736393","PHICOMM_476a9c,89:d0:10:59:07:c4,[WPA2-PSK-CCMP][WPS][ESS],-75,2437,444826482","PHICOMM_fc1047,50:9f:26:32:1c:46,[WPA2-PSK-CCMP][ESS],-73,2417,341853697","FAST_0fcafd,1a:8d:01:64:9d:bd,[WPA2-PSK-CCMP][WPS][ESS],-82,2437,2158134609","Netcore_86ba74,24:bf:aa:1c:bf:52,[WPA2-PSK-CCMP][WPS][ESS],-92,2412,3163435211","Netcore_ebad10,ec:4a:e9:ab:61:0c,[WPA2-PSK-CCMP][ESS],-61,2412,215887141","MERCURY_4386a8,5a:7a:b5:dc:88:ca,[WPA2-PSK-CCMP][ESS],-64,2437,3120934141","TP-LINK_aeb9ec,80:26:3d:3f:af:a1,[WPA2-PSK-CCMP][WPS][ESS],-78,2462,282583614"]}