{"BSSID":"3c:94:88:16:1d:33","IpAddress":"10.16.38.113","P2p0Mac":"45:55:47:cd:14:39","SSID":"FAST_2630f3","androidId":"4ad4803afde4c3cd","batteryLevel":80,"btAddress":"88:4a:ca:38:63:0c","btName":"m3 note","buildAbi":"armeabi-v7a","buildAbi2":"armeabi","buildBoard":"p990","buildBrand":"Meizu","buildCodename":"REL","buildDescription":"m3note-user 7.1.2 NMF26Q 30248256 release-keys","buildDevice":"m3note","buildFingerprint":"Meizu/m3 note/m3note:7.1.2/NMF26Q/30248256:user/release-keys","buildHardware":"qcom","buildHost":"linux-user","buildId":"NMF26Q","buildIncremental":"30248256","buildManufacturer":"Meizu","buildModel":"m3 note","buildName":"Meizu","buildProduct":"m3note","buildRadioVersion":"corcsziagkynube","buildRelease":"7.1.2","buildSdk":"25","buildSerialno":"45594296","buildTags":"release-keys","buildType":"user","buildUser":"buildHost","buildUtc":1509885713484,"cellScan":[],"ci":0,"contacts":["奶奶,18803361787","姑妈,13503361778","外婆,15002335266","外公,15808664873","舅舅,18903335388","舅妈,18000537250","姨父,15703748643","姨娘,14701367565","亲爱的,15500518755","老弟,14705167155","老妹,15306544685","小明,13700482915","小李子,15602682508","杨焱彦,15802790462","Erin Edwards,15201668622","余闻,13302991408","房霖雅,13108570381","狄绣伊,18702157214","Manuel Snyder,15701860016","张绣瑕,18005442473","费康泰,13104831565","明全密,13805431060","Steven Cunningham,13802137141","李三,13007571170","吴桐奇,13404200290","羊霖嵬,13490361502","Francisco Bryant,13300625482","顾宣罗,15207726709","季岭钰,15103668511","于文,13908140597","Douglas Chavez,13805418746","郝宽介,15600496360","傅莉峻,14706677436","杨和航,14708641609","Gene Cruz,18807367451","陆廉永,15007013226","娄航寅,18707316807","毛闻裕,15800651104","Irene Edwards,15907990831","金平茂,15801752173","伊莉瑛,13206974961","李瑕,13107010097","Alvin Sullivan,13004295262","松如镜,13705357463","王校异,18000923820","李倩如,18702573156","Amy Bradley,15705828669","魏立郁,15608676465","张祥灵,14701415555"],"cpuName":"MT6750","densityDpi":480,"deviceId":"860730417886125","deviceSvn":"24","displayId":"m3note-user 7.1.2 NMF26Q 30248256 release-keys","extraInfo":"cmnet","height":0,"hidePkgs":[],"hmNotes":"","hookPkgs":[],"lac":0,"latitude":30.6682525,"line1Number":"18380368941","longitude":104.1341313,"macAddress":"ad:11:1c:74:c1:42","memAvailable":4109813916,"memFree":12329441749,"memTotal":16439255665,"mnc":"00","networkClass":1,"networkCountryIso":"cn","networkOperator":"46002","networkOperatorName":"中国移动","networkType":2,"networkTypeName":"EDGE","phoneType":1,"rgAndroid":"23","rgAreaode":"86","rgConNames":["董逸梦","上善若水"],"rgConsize":"2","rgCountry":"中国","rgDevice":"xiaomiRedmi 4X","rgIp":"119.4.254.191","rgLastLogin":1516875367646,"rgLocation":"四川省成都市 联通","rgNetType":"切换飞行模式","rgOrPhone":"18380368941","rgPhoneNo":"18380368941","rgServer":"飞行模式切换","rgTime":1515410510564,"rgVcode":"玉米(发码)","rgVersion":"1.6.0","rgWxEmail":"未绑定","rgWxError":"","rgWxId":"wxid_lzifq7vncn3o22","rgWxName":"董逸梦","rgWxNo":"未设置","rgWxPasswd":"Rmst@7890","rgWxQQ":"未绑定","rgWxStatus":"存活","rgWxWindows":"否","serialno":"45594296","simCountryIso":"cn","simOperator":"46002","simOperatorName":"中国移动","simSerialNumber":"8986009155120533614","simState":5,"subscriberId":"460026349156115","type":0,"typeName":"MOBILE","width":0,"wifiScan":["TP-LINK_5a85,44:07:d2:49:46:28,[WPA2-PSK-CCMP][ESS],-92,2437,1964437160","MERCURY_f33154,5e:e7:4e:4e:1c:01,[WPA-PSK-CCMP][WPA2-PSK-CCMP][WPS][ESS],-87,2417,400528433","ChainaNet_6a88,af:f2:1a:a4:20:bd,[WPA2-PSK-CCMP][WPS][ESS],-83,2472,1725034685","MERCURY_ccaef3,2e:65:64:b7:52:1a,[WPA-PSK-CCMP][WPA2-PSK-CCMP][WPS][ESS],-90,2437,220620283","iTV-0caa,a3:bc:f1:78:e4:42,[WPA-PSK-CCMP][WPA2-PSK-CCMP][WPS][ESS],-52,2412,2880128468","Tenda_edd99d,d7:58:37:ce:ab:1f,[WPA2-PSK-CCMP][ESS],-91,2412,357555540","Tenda_db1ff3,d5:e9:79:6f:5b:fd,[WPA2-PSK-CCMP][ESS],-75,2412,2281034058"]}