{"BSSID":"01:59:09:67:f2:4e","IpAddress":"10.27.95.15","P2p0Mac":"3a:b3:46:d2:38:dc","SSID":"Netcore_20e326","androidId":"17121894422753b5","batteryLevel":83,"btAddress":"bf:f6:90:97:36:82","btName":"MI 5","buildAbi":"armeabi-v7a","buildAbi2":"armeabi","buildBoard":"odroidu2","buildBrand":"Xiaomi","buildCodename":"REL","buildDescription":"gemini-user 5.0 LRX21M a1c0f27c release-keys","buildDevice":"gemini","buildFingerprint":"Xiaomi/MI 5/gemini:5.0/LRX21M/a1c0f27c:user/release-keys","buildHardware":"qcom","buildHost":"SEP-68","buildId":"LRX21M","buildIncremental":"a1c0f27c","buildManufacturer":"Xiaomi","buildModel":"MI 5","buildName":"Xiaomi","buildProduct":"gemini","buildRadioVersion":"rqxcuewe","buildRelease":"5.0","buildSdk":"21","buildSerialno":"1cf3c202","buildTags":"release-keys","buildType":"user","buildUser":"jenkins","buildUtc":1456665253212,"cellScan":[],"ci":0,"contacts":["奶奶,13808068115","姑妈,15307361322","外婆,13807044159","外公,13808040084","舅舅,13602557514","舅妈,18802411022","姨父,13202968134","姨娘,18604774290","亲爱的,15800593793","老弟,13505434349","老妹,18005307392","小明,15906737646","小李子,13000998247","郝国同,15703726900","Alexander White,18802307256","慕容良峻,13904368375","奚石勋,13701257351","山航景,18906538333","Theodore Phillips,13490618865","丁求稼,13103900173","吴念,15001445412","王演,18006865093","Cynthia Adams,13300927647","钭烈岁,18807317486","杨界,15605637407","滕屏勇,13406377754","Henry Ramos,15805455506","吴效伟,15701723490","于团由,15505361936","班书萱,13307775950","Kathryn Cook,18908622360","景利锐,13408416459","武为书,13508765268","戴夏如,15708005861","Chris Austin,18807415475","羿永友,13208037517","邱铜生,18807511512","时双辉,14704777993","Lawrence Parker,18702096596","杨献薇,13400662045","蓝昱皓,15200837855","段意楷,18708163656","Geraldine Jenkins,15703286181","吴龙可,15204344188","余岭,18004167247","松向裕,13603328873","Roberto Sims,13804867109","皮贺腾,15707188459","张由由,13601042476","杨渠,13490288529","Gerald Allen,18901028406"],"cpuName":"Qualcomm Technologies, Inc MSM8996","densityDpi":320,"deviceId":"861131533942026","deviceSvn":"38","displayId":"gemini-user 5.0 LRX21M a1c0f27c release-keys","extraInfo":"uninet","height":0,"hidePkgs":[],"hmNotes":"","hookPkgs":[],"lac":0,"latitude":30.8908058,"line1Number":"18702840726","longitude":103.7662867,"macAddress":"9f:12:71:a1:ab:5e","memAvailable":1249914624,"memFree":2499829248,"memTotal":3749743872,"mnc":"00","networkClass":1,"networkCountryIso":"cn","networkOperator":"46002","networkOperatorName":"中国移动","networkType":2,"networkTypeName":"EDGE","phoneType":1,"rgAndroid":"23","rgAreaode":"86","rgConNames":["羿河乐"],"rgConsize":"1","rgCountry":"中国","rgDevice":"xiaomiRedmi 4X","rgIp":"119.4.255.30","rgLastLogin":1516243944390,"rgLocation":"四川省成都市 联通","rgNetType":"切换飞行模式","rgOrPhone":"18702840726","rgPhoneNo":"18702840726","rgServer":"飞行模式切换","rgTime":1515399864138,"rgVcode":"玉米(发码)","rgVersion":"1.6.0","rgWxEmail":"未绑定","rgWxError":"该微信帐号因批量或者使用非法软件注册被限制登录，如需继续使用，请轻触“确定”申请解除限制。","rgWxName":"羿河乐","rgWxNo":"未设置","rgWxPasswd":"Rmst@7890","rgWxQQ":"未绑定","rgWxStatus":"异常","rgWxWindows":"否","serialno":"1cf3c202","simCountryIso":"cn","simOperator":"46002","simOperatorName":"中国移动","simSerialNumber":"8986007708749796171","simState":5,"subscriberId":"460021942595808","type":0,"typeName":"MOBILE","width":0,"wifiScan":["FAST_8a96,61:db:5b:2f:79:dc,[WPA2-PSK-CCMP][WPS][ESS],-81,2467,195555982","TP-LINK_7a5a,01:26:64:89:a4:b0,[WPA-PSK-CCMP][WPA2-PSK-CCMP][WPS][ESS],-74,2412,3247735103","Netcore_d1ec1f,22:52:43:71:b0:ef,[WPA-PSK-CCMP][WPA2-PSK-CCMP][ESS],-85,2462,2524631433","MERCURY_c0ebad,78:77:2c:94:dd:25,[WPA2-PSK-CCMP][ESS],-66,2437,290828934","TP-LINK_476a,2a:7b:f2:d5:0f:e7,[WPA2-PSK-CCMP][WPS][ESS],-94,2462,221819711","TP-LINK_0da9,d1:87:7c:96:55:75,[WPA-PSK-CCMP][WPA2-PSK-CCMP][WPS][ESS],-59,2412,1955332452","Tenda_e265ed,23:3a:14:26:92:68,[WPA2-PSK-CCMP][WPS][ESS],-90,2437,474333069","FAST_adc98c,a4:e5:67:fd:2a:03,[WPA-PSK-CCMP][WPA2-PSK-CCMP][WPS][ESS],-91,2437,448517930"]}