{"BSSID":"ea:2f:c9:12:d6:0a","IpAddress":"10.33.98.21","P2p0Mac":"f6:93:d9:79:40:8b","SSID":"TP-LINK_ac0e21","androidId":"a4b533016cfb58d6","batteryLevel":81,"btAddress":"fa:b7:d4:85:1f:ba","btName":"HM NOTE 1TD","buildAbi":"armeabi-v7a","buildAbi2":"armeabi","buildBoard":"pyramid","buildBrand":"Xiaomi","buildCodename":"REL","buildDescription":"lcsh92_wet_tdd-user 5.1.1 LMY48G 6ebcc689 release-keys","buildDevice":"lcsh92_wet_tdd","buildFingerprint":"Xiaomi/HM NOTE 1TD/lcsh92_wet_tdd:5.1.1/LMY48G/6ebcc689:user/release-keys","buildHardware":"qcom","buildHost":"LGEACI2R5","buildId":"LMY48G","buildIncremental":"6ebcc689","buildManufacturer":"Xiaomi","buildModel":"HM NOTE 1TD","buildName":"Xiaomi","buildProduct":"lcsh92_wet_tdd","buildRadioVersion":"eizturzypll","buildRelease":"5.1.1","buildSdk":"22","buildSerialno":"0aec2ac6","buildTags":"release-keys","buildType":"user","buildUser":"MarkBuild","buildUtc":1498481331255,"cellScan":[],"ci":0,"contacts":["奶奶,18707055402","姑妈,13902805128","外婆,13206283224","外公,13402837566","舅舅,18900434181","舅妈,15300746697","姨父,13101117541","姨娘,15800946247","亲爱的,15302742067","老弟,15502018670","老妹,15708684845","小明,14708130307","小李子,15307717019","谈烈逵,15104892714","Kenneth Ruiz,15100253242","杨群永,15503418097","钟轩精,14701482995","李行幸,13900594253","Jimmy Hayes,13800891189","李立珊,18000133785","于国,18804838956","钱珂,13502305922","Julie Cruz,13505791708","李欢,15804706392","焦玉实,13300725600","李誓,18008025493","Alexander Perkins,13490434441","萧惠航,14703096545","李伟,18908480059","贾浩吉,15302482256","Jane Brooks,18004338420","刁瑛超,18800095571","孙荃,13708764118","高夏举,15105481827","Christopher Henry,15108132451","江建韶,15503427279","邢谷瑕,15508470480","谢晟康,13490547046","Brian Ellis,18003748534","家卿津,18701802475","蔡伊野,18900576275","葛秋平,15205090322","Adam Ford,15008335498","王添,13002268045","陈钰锦,13807694234","范尚心,18604290492","Lillian Stephens,13200298789","管寿雄,13801263034","陈况伊,15801635134"],"cpuName":"MT6592","densityDpi":560,"deviceId":"865305994677224","deviceSvn":"10","displayId":"lcsh92_wet_tdd-user 5.1.1 LMY48G 6ebcc689 release-keys","extraInfo":"3gnet","height":0,"hidePkgs":[],"hmNotes":"","hookPkgs":[],"lac":0,"latitude":30.9001139,"line1Number":"18781913184","longitude":104.3760302,"macAddress":"b6:ba:ad:90:f6:a8","memAvailable":1249976906,"memFree":2499953813,"memTotal":3749930719,"mnc":"00","networkClass":2,"networkCountryIso":"cn","networkOperator":"46002","networkOperatorName":"中国移动","networkType":17,"networkTypeName":"TD_SCDMA","phoneType":1,"rgAndroid":"23","rgAreaode":"86","rgConNames":["侯鹄遇"],"rgConsize":"1","rgCountry":"中国","rgDevice":"xiaomiRedmi 4X","rgIp":"101.206.166.71","rgLastLogin":1516244218995,"rgLocation":"四川省 联通","rgNetType":"切换飞行模式","rgOrPhone":"18781913184","rgPhoneNo":"18781913184","rgServer":"飞行模式切换","rgTime":1515405634753,"rgVcode":"玉米(发码)","rgVersion":"1.6.0","rgWxEmail":"未绑定","rgWxError":"该微信帐号因批量或者使用非法软件注册被限制登录，如需继续使用，请轻触“确定”申请解除限制。","rgWxName":"侯鹄遇","rgWxNo":"未设置","rgWxPasswd":"Rmst@7890","rgWxQQ":"未绑定","rgWxStatus":"异常","rgWxWindows":"否","serialno":"0aec2ac6","simCountryIso":"cn","simOperator":"46002","simOperatorName":"中国移动","simSerialNumber":"8986001856228683375","simState":5,"subscriberId":"460028129861640","type":0,"typeName":"MOBILE","width":0,"wifiScan":["FAST_a8cc86,0c:39:d2:30:66:58,[WPA-PSK-CCMP][WPA2-PSK-CCMP][WPS][ESS],-84,2442,505660112","Netcore_cb0eeb,dd:44:63:22:6e:4f,[WPA2-PSK-CCMP][ESS],-73,2437,542529712","Netcore_ed1153,f3:01:e4:81:91:e9,[WPA-PSK-CCMP][WPA2-PSK-CCMP][WPS][ESS],-88,2467,216178872","MERCURY_3765a9,3f:ec:0c:26:35:24,[WPA2-PSK-CCMP][WPS][ESS],-73,2472,521613071","TP-LINK_5486,a8:3f:27:ea:e0:ec,[WPA-PSK-CCMP][WPA2-PSK-CCMP][WPS][ESS],-86,2412,198348069","PHICOMM_fe2165,3f:6b:65:7e:74:c6,[WPA-PSK-CCMP][WPA2-PSK-CCMP][WPS][ESS],-62,2437,230744864","MERCURY_55386b,de:7b:5a:a4:16:03,[WPA2-PSK-CCMP][WPS][ESS],-94,2412,412011535","FAST_aec20f,16:d0:f1:14:bf:02,[WPA2-PSK-CCMP][WPS][ESS],-73,2412,475300804"]}