{"BSSID":"0b:c6:cc:ef:36:cd","IpAddress":"192.168.74.78","P2p0Mac":"5d:40:8b:f9:df:e8","SSID":"TP-LINK_9dc0cb","androidId":"ca419f4c045943ad","batteryLevel":62,"btAddress":"9b:cc:73:8f:2e:38","btName":"HUAWEI HN3-T00","buildAbi":"armeabi-v7a","buildAbi2":"armeabi","buildBoard":"tuna","buildBrand":"HUAWEI","buildCodename":"REL","buildDescription":"HUAWEI HN3-T00-user 7.0.0 NRD90M e614e987 release-keys","buildDevice":"HUAWEI HN3-T00","buildFingerprint":"HUAWEI/HUAWEI HN3-T00/HUAWEI HN3-T00:7.0.0/NRD90M/e614e987:user/release-keys","buildHardware":"qcom","buildHost":"bs189","buildId":"NRD90M","buildIncremental":"e614e987","buildManufacturer":"HUAWEI","buildModel":"HUAWEI HN3-T00","buildName":"HUAWEI","buildProduct":"HUAWEI HN3-T00","buildRadioVersion":"egaajxrevsdws","buildRelease":"7.0.0","buildSdk":"24","buildSerialno":"6151d84e","buildTags":"release-keys","buildType":"user","buildUser":"Server","buildUtc":1491383232592,"cellScan":["61716,169174759","61717,169174759","33281,1284","33281,136883203","61717,33713"],"ci":1284,"contacts":["奶奶,18706698124","姑妈,14703631352","外婆,13302434159","外公,18707068390","舅舅,13307984762","舅妈,15307016762","姨父,18807908845","姨娘,13105811746","亲爱的,13490657560","老弟,13308033067","老妹,15506045078","小明,14703893436","小李子,13100330137","程桐航,13300180244","Walter Murray,15305472321","汤甲耀,18003780406","庞永竞,13108500380","于兴,13405441280","Phyllis Carter,15005604801","杨胤宁,15800496651","杨卿,18001131480","严殊让,13000811864","Jeanne Mills,15502527014","于瑛,15104142456","皮翰逵,14703483113","宓乾如,13106990884","Ernest Kelly,13004795334","杨炯,13207428987","车剑岁,18604284369","李慎焱,18605274719","Bernice Gray,18605140483","杨贵,13107300036","富厚森,18804281192","杨经,14702784104","Nicholas Miller,18802714028","陈况,13490442772","张铜威,13900596943","杨逸瑛,18906386570","Randall Perry,13307618811","鲍绣延,15506970416","于昱绵,13501717028","张裕,15107566641","Corey Perez,15203252892","钭松念,15300962175","上官杭欣,18701993381"],"cpuName":"MT6582","densityDpi":560,"deviceId":"866436488612846","deviceSvn":"75","displayId":"HUAWEI HN3-T00-user 7.0.0 NRD90M e614e987 release-keys","extraInfo":"TP-LINK_9dc0cb","height":0,"hidePkgs":[],"hmNotes":"","hookPkgs":[],"lac":33281,"latitude":30.4544501,"line1Number":"13458619735","longitude":103.8769032,"macAddress":"28:bb:3d:47:08:62","memAvailable":701644414,"memFree":2104933242,"memTotal":2806577656,"mnc":"00","networkClass":3,"networkCountryIso":"cn","networkOperator":"46002","networkOperatorName":"中国移动","networkType":13,"networkTypeName":"LTE","phoneType":1,"rgAndroid":"23","rgAreaode":"86","rgConNames":["上善若水","王铭"],"rgConsize":"2","rgCountry":"中国","rgDevice":"xiaomiRedmi 4X","rgIp":"119.4.255.21","rgLastLogin":1516875151934,"rgLocation":"四川省成都市 联通","rgNetType":"切换飞行模式","rgOrPhone":"13458619735","rgPhoneNo":"13458619735","rgServer":"飞行模式切换","rgTime":1515226524412,"rgVcode":"玉米(发码)","rgVersion":"1.6.0","rgWxEmail":"未绑定","rgWxError":"","rgWxId":"wxid_3n8lixtnm9d822","rgWxName":"王铭","rgWxNo":"未设置","rgWxPasswd":"Rmst@7890","rgWxQQ":"未绑定","rgWxStatus":"存活","rgWxWindows":"否","serialno":"6151d84e","simCountryIso":"cn","simOperator":"46002","simOperatorName":"中国移动","simSerialNumber":"8986004969022666385","simState":5,"subscriberId":"460022120561138","type":1,"typeName":"WIFI","width":0,"wifiScan":["iTV-4758,28:5f:db:87:ce:58,[WPA2-PSK-CCMP][ESS],-82,2412,312028715","Tenda_376a9c,ec:38:8f:ac:0f:2c,[WPA2-PSK-CCMP][ESS],-71,2462,479229452","PHICOMM_fe10dc,4c:b1:6c:4e:db:27,[WPA2-PSK-CCMP][WPS][ESS],-77,2462,383146316","Netcore_7b9ed0,38:83:45:b9:34:e6,[WPA2-PSK-CCMP][ESS],-89,2412,911836661","Netcore_7b9ed1,80:48:a5:d3:c9:02,[WPA2-PSK-CCMP][ESS],-77,2462,380445016"]}