{"BSSID":"c2:71:b2:c4:40:8d","IpAddress":"10.93.7.126","P2p0Mac":"01:52:50:e7:14:74","SSID":"Netcore_9bad68","androidId":"22d59def5c0c9a91","batteryLevel":85,"btAddress":"a9:90:a0:60:dc:36","btName":"OPPO A59s","buildAbi":"armeabi-v7a","buildAbi2":"armeabi","buildBoard":"p700","buildBrand":"OPPO","buildCodename":"REL","buildDescription":"A59-user 5.1.1 LMY48G b6f0e397 release-keys","buildDevice":"A59","buildFingerprint":"OPPO/OPPO A59s/A59:5.1.1/LMY48G/b6f0e397:user/release-keys","buildHardware":"qcom","buildHost":"Android-server","buildId":"LMY48G","buildIncremental":"b6f0e397","buildManufacturer":"OPPO","buildModel":"OPPO A59s","buildName":"OPPO","buildProduct":"A59","buildRadioVersion":"hircbkxlubpigkmf","buildRelease":"5.1.1","buildSdk":"22","buildSerialno":"a4254644","buildTags":"release-keys","buildType":"user","buildUser":"jenkins","buildUtc":1465484625007,"cellScan":["33192,122784801","61765,171248281","33262,1563","65535,50458","33188,122784799"],"ci":50458,"contacts":["奶奶,18900655372","姑妈,15708835241","外婆,13604544109","外公,13100680324","舅舅,15203076150","舅妈,18800208342","姨父,13007791452","姨娘,18800246906","亲爱的,15202676594","老弟,13205992916","老妹,15906411773","小明,13903464035","小李子,13490277848","厉曜秋,13007373250","Tiffany Adams,15504230053","马琴硕,15908816591","邵伟胤,18906732488","禹韶欣,13906775988","Matthew Lewis,13502182240","陆古津,18704785425","杨建驹,13104970117","甘仕任,15203072030","Wayne Cook,15006545085","杨木颖,13506701650","汲学念,13706004465","纪璐寅,15306543223","Jesse Pierce,15300312032","云颂琦,15502522145","蒋珂,13807711632","杨禄,13406312464","Herman Lee,13402941715","郝土梁,18608645688","王香,15908140042","伊萱同,18904078829","Johnny Howard,18006902507","李硕,15905584258","于保,13401095835","殷群会,18800484056","Carlos Nichols,18805908053","杨辉渠,13701231232","臧迅超,15800623236","吴康,15701725055","Chad Ellis,15705143002","班力游,18904298459","杜彦君,15301385803"],"cpuName":"MT6750","densityDpi":480,"deviceId":"864651054548529","deviceSvn":"50","displayId":"A59-user 5.1.1 LMY48G b6f0e397 release-keys","extraInfo":"3gwap","height":0,"hidePkgs":[],"hmNotes":"","hookPkgs":[],"lac":65535,"latitude":30.399528,"line1Number":"18224445659","longitude":104.322922,"macAddress":"9d:a6:46:17:1f:16","memAvailable":5479561771,"memFree":10959123542,"memTotal":16438685313,"mnc":"00","networkClass":2,"networkCountryIso":"cn","networkOperator":"46007","networkOperatorName":"中国移动","networkType":17,"networkTypeName":"TD_SCDMA","phoneType":1,"rgAndroid":"23","rgAreaode":"86","rgConNames":["李君"],"rgConsize":"1","rgCountry":"中国","rgDevice":"xiaomiRedmi 4X","rgIp":"119.4.255.28","rgLastLogin":1516776268961,"rgLocation":"四川省成都市 联通","rgNetType":"切换飞行模式","rgOrPhone":"18224445659","rgPhoneNo":"18224445659","rgServer":"飞行模式切换","rgTime":1515224612153,"rgVcode":"玉米(发码)","rgVersion":"1.6.0","rgWxEmail":"未绑定","rgWxError":"该微信帐号因批量或者使用非法软件注册被限制登录，如需继续使用，请轻触“确定”申请解除限制。","rgWxName":"李君","rgWxNo":"未设置","rgWxPasswd":"Rmst@7890","rgWxQQ":"未绑定","rgWxStatus":"异常","rgWxWindows":"否","serialno":"a4254644","simCountryIso":"cn","simOperator":"46007","simOperatorName":"中国移动","simSerialNumber":"8986021294442178705","simState":5,"subscriberId":"460072134286342","type":0,"typeName":"MOBILE","width":0,"wifiScan":["Tenda_ce2054,9c:21:6a:cd:bf:b0,[WPA-PSK-CCMP][WPA2-PSK-CCMP][WPS][ESS],-72,2462,1741032628","FAST_547631,bc:46:99:a5:ba:36,[WPA2-PSK-CCMP][WPS][ESS],-85,2412,1132327000","PHICOMM_aed1dc,64:3a:b1:0b:41:5a,[WPA2-PSK-CCMP][ESS],-83,2412,519861167","MERCURY_043632,6c:e8:73:3d:4a:42,[WPA-PSK-CCMP][WPA2-PSK-CCMP][WPS][ESS],-89,2437,401163832","Netcore_d43769,e4:35:c8:31:f5:dc,[WPA2-PSK-CCMP][WPS][ESS],-52,2437,219633044"]}