{"BSSID":"14:ba:87:bb:29:0c","IpAddress":"192.168.61.89","P2p0Mac":"1f:9a:e8:88:61:93","SSID":"Netcore_298326","androidId":"fa916efa6c52c5c6","batteryLevel":33,"btAddress":"9d:b8:19:e5:25:59","btName":"HUAWEI HN3-T00","buildAbi":"armeabi-v7a","buildAbi2":"armeabi","buildBoard":"p700","buildBrand":"HUAWEI","buildCodename":"REL","buildDescription":"HUAWEI HN3-T00-user 6.0.1 MMB29T ae3e48ba release-keys","buildDevice":"HUAWEI HN3-T00","buildFingerprint":"HUAWEI/HUAWEI HN3-T00/HUAWEI HN3-T00:6.0.1/MMB29T/ae3e48ba:user/release-keys","buildHardware":"qcom","buildHost":"SEP-68","buildId":"MMB29T","buildIncremental":"ae3e48ba","buildManufacturer":"HUAWEI","buildModel":"HUAWEI HN3-T00","buildName":"HUAWEI","buildProduct":"HUAWEI HN3-T00","buildRadioVersion":"rixtpamhew","buildRelease":"6.0.1","buildSdk":"23","buildSerialno":"c32e83b6","buildTags":"release-keys","buildType":"user","buildUser":"lgmobile","buildUtc":1474793491639,"cellScan":["39694,162627122","33296,134540292","33296,134742787","33045,118480929","33296,39181"],"ci":39181,"contacts":["奶奶,14701981382","姑妈,13508663398","外婆,13708158060","外公,13504294098","舅舅,14705605569","舅妈,13806035860","姨父,18902468151","姨娘,13201625274","亲爱的,13605681669","老弟,13800808711","老妹,15602255988","小明,18702576799","小李子,13902380365","裘永伊,15807106333","Sam Hernandez,13400118330","王麟,15306207106","杨虹思,15804417457","陈扬,18907080168","Jack Gibson,13302679001","韦锐利,13902292977","韦龙敬,15708751674","花木奇,13605657215","Ernest Pierce,13701250397","施平添,15800022205","杨锦航,13103338082","茅校野,13605884176","Laurie Shaw,13503964848","王盈炎,15507885064","许珀渠,13304964812","余全竞,15503953136","Mike Price,13103943338","杨童琦,18602591337","李诗,18804277434","魏意屏,15808663386","Craig Myers,15805270584","于宏雍,13405712415","陈夏,13501897309","于竞倩,18606082404","Joyce Ross,15506880603","杨俊,15602852121","杨君,13104098836","余景,13608324907","Eddie Henry,13505285999","于焱,15200237868"],"cpuName":"MT6582","densityDpi":320,"deviceId":"860660223488487","deviceSvn":"37","displayId":"HUAWEI HN3-T00-user 6.0.1 MMB29T ae3e48ba release-keys","extraInfo":"Netcore_298326","height":0,"hidePkgs":[],"hmNotes":"","hookPkgs":[],"lac":33296,"latitude":30.6469699,"line1Number":"18280409234","longitude":104.1895888,"macAddress":"80:32:2e:28:10:5f","memAvailable":1250009790,"memFree":2500019580,"memTotal":3750029370,"mnc":"00","networkClass":1,"networkCountryIso":"cn","networkOperator":"46002","networkOperatorName":"中国移动","networkType":2,"networkTypeName":"EDGE","phoneType":1,"rgAndroid":"23","rgAreaode":"86","rgConNames":[],"rgCountry":"中国","rgDevice":"xiaomiRedmi 4X","rgIp":"119.4.253.184","rgLastLogin":1516776221189,"rgLocation":"四川省成都市 联通","rgNetType":"切换飞行模式","rgOrPhone":"18280409234","rgPhoneNo":"18280409234","rgServer":"飞行模式切换","rgTime":1515223787860,"rgVcode":"玉米(发码)","rgVersion":"1.6.0","rgWxError":"该微信帐号因批量或者使用非法软件注册被限制登录，如需继续使用，请轻触“确定”申请解除限制。","rgWxName":"翁寿明","rgWxPasswd":"Rmst@7890","rgWxStatus":"异常","rgWxWindows":"否","serialno":"c32e83b6","simCountryIso":"cn","simOperator":"46002","simOperatorName":"中国移动","simSerialNumber":"8986022352678790149","simState":5,"subscriberId":"460029967483830","type":1,"typeName":"WIFI","width":0,"wifiScan":["Netcore_b41f47,00:19:70:fc:70:31,[WPA-PSK-CCMP][WPA2-PSK-CCMP][WPS][ESS],-94,2412,412503513","Netcore_bfeb8d,14:75:90:73:4c:0e,[WPA2-PSK-CCMP][ESS],-73,2437,1403333955","Netcore_9cb76a,7c:7d:3d:35:10:ab,[WPA2-PSK-CCMP][ESS],-93,2462,568927576","MERCURY_1dc0f3,28:2c:b2:94:8b:9c,[WPA2-PSK-CCMP][WPS][ESS],-58,2462,329172984","Netcore_fc1f43,0c:82:68:ba:89:76,[WPA2-PSK-CCMP][ESS],-73,2412,2826528033"]}