{"BSSID":"53:06:01:82:24:a3","IpAddress":"10.18.28.20","P2p0Mac":"7e:a7:dd:e5:21:83","SSID":"Netcore_f1630f","androidId":"d684b6d3006207d8","batteryLevel":39,"btAddress":"f2:a9:c5:a4:fa:e0","btName":"MI 3W","buildAbi":"armeabi-v7a","buildAbi2":"armeabi","buildBoard":"universal5433","buildBrand":"Xiaomi","buildCodename":"REL","buildDescription":"MI 3W-user 7.1.2 NMF26Q e73740fa release-keys","buildDevice":"MI 3W","buildFingerprint":"Xiaomi/MI 3W/MI 3W:7.1.2/NMF26Q/e73740fa:user/release-keys","buildHardware":"qcom","buildHost":"ubuntu","buildId":"NMF26Q","buildIncremental":"e73740fa","buildManufacturer":"Xiaomi","buildModel":"MI 3W","buildName":"Xiaomi","buildProduct":"MI 3W","buildRadioVersion":"koxwjzdfakrkutao","buildRelease":"7.1.2","buildSdk":"25","buildSerialno":"3f4ec562","buildTags":"release-keys","buildType":"user","buildUser":"builder","buildUtc":1459702623296,"cellScan":["61721,168375339","33308,33265","61721,168374797","61721,168375336","65535,6690"],"ci":6690,"contacts":["奶奶,13900125436","姑妈,18900566199","外婆,14702782622","外公,15106477067","舅舅,18802390779","舅妈,13108095976","姨父,15007148838","姨娘,13106836733","亲爱的,13500632087","老弟,18808777753","老妹,13805880430","小明,14704746203","小李子,13805858306","余年铁,14704074607","Jill Powell,18803262936","洪密华,15000815915","陶时庞,18001476773","隗寅伟,13706257379","Lorraine Wright,13902303811","于骥,15603871851","李钰,15602535578","薛儒野,15602658067","Joanne Robinson,13202704694","杭力望,15306897001","李玮,18005320972","卜诗雨,13706998077","Tyler Hunt,13906476475","王立,13306413705","干佩国,18002846125","安让悠,14706608618","Edward Davis,18803316352","杨况文,18607733541","杨凇宏,18907041804","李欢,13704647128","Harold Jordan,13800526732","杨密界,18900813804","厉伟璞,18806150360","李瑕,13308207912","Ricardo Simpson,13490481790","张闻雄,15107475328","李秀,13107124219","姜隆洋,13702438226","Anita Hunt,13804893714","尹室红,15103070215","平虹翼,18704922932","孔团宽,15006018918","Alvin Austin,13403016830","丁勇誓,13806930218"],"cpuName":"Qualcomm MSM8974PRO-AB","densityDpi":480,"deviceId":"863088784450851","deviceSvn":"42","displayId":"MI 3W-user 7.1.2 NMF26Q e73740fa release-keys","extraInfo":"uninet","height":0,"hidePkgs":[],"hmNotes":"","hookPkgs":[],"lac":65535,"latitude":30.8012292,"line1Number":"15198067397","longitude":103.9055989,"macAddress":"28:18:b5:35:fe:f3","memAvailable":23443238,"memFree":70329717,"memTotal":93772955,"mnc":"00","networkClass":2,"networkCountryIso":"cn","networkOperator":"46007","networkOperatorName":"中国移动","networkType":17,"networkTypeName":"TD_SCDMA","phoneType":1,"rgAndroid":"23","rgAreaode":"86","rgBackupPath":"/storage/emulated/0/.money/backup/20180113/15198067397_20180113.db","rgConNames":[],"rgCountry":"中国","rgDevice":"xiaomiRedmi 4X","rgIp":"101.206.167.56","rgLastLogin":1515837904090,"rgLocation":"四川省 联通","rgNetType":"切换飞行模式","rgOrPhone":"15198067397","rgPhoneNo":"15198067397","rgServer":"飞行模式切换","rgTime":1515831396611,"rgVcode":"玉米(发码)","rgVersion":"1.6.0","rgWxError":"帐号状态异常，本次登录已失效。请尝试重新登录，并根据弹窗提示操作。","rgWxName":"华望铭","rgWxPasswd":"Rmst@7890","rgWxStatus":"异常","rgWxWindows":"否","serialno":"3f4ec562","simCountryIso":"cn","simOperator":"46007","simOperatorName":"中国移动","simSerialNumber":"8986003360868295779","simState":5,"subscriberId":"460074241524320","type":0,"typeName":"MOBILE","width":0,"wifiScan":["TP-LINK_6f426a,e0:05:c5:cb:2d:c6,[WPA-PSK-CCMP][WPA2-PSK-CCMP][ESS],-91,2412,518527520","TP-LINK_7bad,a8:57:4e:b4:12:94,[WPA-PSK-CCMP][WPA2-PSK-CCMP][WPS][ESS],-82,2412,396300506","MERCURY_f36520,c0:61:18:9a:c7:a8,[WPA2-PSK-CCMP][WPS][ESS],-86,2412,536294632","MERCURY_86a965,e0:05:c5:cb:12:a8,[WPA2-PSK-CCMP][WPS][ESS],-76,2472,3606334816","MERCURY_afd9dc,a8:15:4d:d3:9f:ce,[WPA2-PSK-CCMP][ESS],-95,2452,261138146"]}