{"BSSID":"14:fe:43:3a:59:cd","IpAddress":"10.42.85.91","P2p0Mac":"cd:5e:21:fd:5e:17","SSID":"TP-LINK_02425a","androidId":"6b1d6c38e69aa6f3","batteryLevel":76,"btAddress":"fe:07:46:d6:cc:f3","btName":"2014501","buildAbi":"armeabi-v7a","buildAbi2":"armeabi","buildBoard":"m7","buildBrand":"Xiaomi","buildCodename":"REL","buildDescription":"HM2014501-user 6.0.1 MMB29T 95d40b26 release-keys","buildDevice":"HM2014501","buildFingerprint":"Xiaomi/2014501/HM2014501:6.0.1/MMB29T/95d40b26:user/release-keys","buildHardware":"qcom","buildHost":"sp-ci-01-desktop","buildId":"MMB29T","buildIncremental":"95d40b26","buildManufacturer":"Xiaomi","buildModel":"2014501","buildName":"Xiaomi","buildProduct":"HM2014501","buildRadioVersion":"diogoaqdiodfoii","buildRelease":"6.0.1","buildSdk":"23","buildSerialno":"f9c3d282","buildTags":"release-keys","buildType":"user","buildUser":"buildHost","buildUtc":1485269472605,"cellScan":["61712,169984180","61712,1164","32847,135151617","61712,8841","61712,26071"],"ci":26071,"contacts":["奶奶,15605911449","姑妈,13308821775","外婆,18700950341","外公,15304444512","舅舅,14702282598","舅妈,18003393687","姨父,13806882931","姨娘,13507393317","亲爱的,18700098273","老弟,15803396360","老妹,13405454562","小明,13504381304","小李子,14708358626","邴祥微,15506350799","Kathy Dixon,15507842378","唐遇意,13502973540","上官校情,15300192748","石联帅,15702073066","Todd Chavez,14706858685","奚水航,18608040992","杨旺莉,18707312383","邵乾畏,13706752985","Jeanne Torres,13607736387","段禄奎,15801750206","吴厚念,15303705874","李江仙,13702371548","Alex Gomez,13500511645","童印梦,13490355164","谷寿况,15905380212","杨妙思,13402458404","Nicholas Turner,13401525710","司马元怒,13107731289","咎广鹏,13490474732","杨嘉献,18600171868","Laura Price,13000368457","伍骥胤,13908195127","杨谦王,13207081714","吴向,14706920614","Eugene Miller,18701391883","邴力声,15108043324","余念,15806450530","狄莉双,15107542614","Frank Brown,15804486147","余佩,13490292653","强盈立,13802963795","费逸永,15307293647","Bruce Perkins,13490644164","陈桐亚,18901393317","郝龙怡,18905702119","王元珂,13804510800","Anna Murphy,13606102157","杨青洋,13900880101"],"cpuName":"MT6582","densityDpi":560,"deviceId":"867971491920967","deviceSvn":"59","displayId":"HM2014501-user 6.0.1 MMB29T 95d40b26 release-keys","extraInfo":"3gnet","height":0,"hidePkgs":[],"hmNotes":"","hookPkgs":[],"lac":61712,"latitude":30.6928093,"line1Number":"15198192235","longitude":103.7207421,"macAddress":"4f:d3:f5:9e:02:61","memAvailable":1249922250,"memFree":2499844500,"memTotal":3749766750,"mnc":"00","networkClass":2,"networkCountryIso":"cn","networkOperator":"46007","networkOperatorName":"中国移动","networkType":17,"networkTypeName":"TD_SCDMA","phoneType":1,"rgAndroid":"23","rgAreaode":"86","rgConNames":["上善若水","吴由尚"],"rgConsize":"2","rgCountry":"中国","rgDevice":"xiaomiRedmi 4X","rgIp":"101.206.166.86","rgLastLogin":1516106317315,"rgLocation":"四川省 联通","rgNetType":"切换飞行模式","rgOrPhone":"15198192235","rgPhoneNo":"15198192235","rgServer":"飞行模式切换","rgTime":1515825854834,"rgVcode":"玉米(发码)","rgVersion":"1.6.0","rgWxEmail":"未绑定","rgWxError":"帐号状态异常，本次登录已失效。请尝试重新登录，并根据弹窗提示操作。","rgWxId":"wxid_8tqf2ew7htl222","rgWxName":"吴由尚","rgWxNo":"未设置","rgWxPasswd":"Rmst@7890","rgWxQQ":"未绑定","rgWxStatus":"异常","rgWxWindows":"否","serialno":"f9c3d282","simCountryIso":"cn","simOperator":"46007","simOperatorName":"中国移动","simSerialNumber":"8986029668691719043","simState":5,"subscriberId":"460073139146265","type":0,"typeName":"MOBILE","width":0,"wifiScan":["TP-LINK_a0fb99,a8:57:4e:11:9e:b4,[WPA2-PSK-CCMP][WPS][ESS],-85,2437,404151521","FAST_86a9,80:3f:5d:d3:6c:ab,[WPA2-PSK-CCMP][WPS][ESS],-86,2412,209785514","PHICOMM_b9fda9,e4:d3:32:52:15:22,[WPA2-PSK-CCMP][WPS][ESS],-87,2412,2677133474","PHICOMM_cc0e42,20:89:86:6c:f1:4f,[WPA-PSK-CCMP][WPA2-PSK-CCMP][WPS][ESS],-77,2437,1979637361","MERCURY_766a9d,a4:7e:39:2c:39:39,[WPA2-PSK-CCMP][ESS],-72,2442,407317911"]}