{"BSSID":"85:e5:b4:df:f7:df","IpAddress":"192.168.13.172","P2p0Mac":"cc:93:de:cf:8c:bf","SSID":"Netcore_9f8caf","androidId":"73ebfed2e815f3b6","batteryLevel":48,"btAddress":"86:ff:11:77:f2:d6","btName":"Redmi Note 3","buildAbi":"armeabi-v7a","buildAbi2":"armeabi","buildBoard":"clark","buildBrand":"Xiaomi","buildCodename":"REL","buildDescription":"hennessy-user 5.1.1 LMY48G 01cd83d2 release-keys","buildDevice":"hennessy","buildFingerprint":"Xiaomi/Redmi Note 3/hennessy:5.1.1/LMY48G/01cd83d2:user/release-keys","buildHardware":"qcom","buildHost":"bs189","buildId":"LMY48G","buildIncremental":"01cd83d2","buildManufacturer":"Xiaomi","buildModel":"Redmi Note 3","buildName":"Xiaomi","buildProduct":"hennessy","buildRadioVersion":"jydsqlqlfd","buildRelease":"5.1.1","buildSdk":"22","buildSerialno":"b544ee82","buildTags":"release-keys","buildType":"user","buildUser":"Server","buildUtc":1466065665482,"cellScan":["32797,16004","33039,118583329","32797,38051","32896,139764994","61699,168034575"],"ci":118583329,"contacts":["奶奶,18705268822","姑妈,18807822875","外婆,13502377645","外公,18707401760","舅舅,15708343422","舅妈,18601826939","姨父,13007743350","姨娘,13802633400","亲爱的,13806552566","老弟,13707545431","老妹,13802622288","小明,13708565310","小李子,13705367105","郝颖璎,13490282224","Francis Anderson,18001437912","梅胤琴,13504124782","杨午胤,18603578822","詹恺午,13808020319","Norman Henderson,13606713260","余仁峻,13802271387","鲍莉瑞,13102581465","钱让双,13806362167","Rebecca Franklin,13602221143","崔异轩,13807072536","狄善校,13807597531","狄腾游,15903260840","Ruth Howard,15202201552","吴利,14700717801","陈巍,13802956694","杨誓,15300793669","Lorraine Scott,13490001872","余鑫默,13507911309","吴岳夜,13301592490","陈禄焱,15903189052","Gregory West,15203013360","王吾,13490088215","吴万,18900073536","邱仁平,15304521646","Kathryn Patterson,13306267406","邢悠心,13604005745"],"cpuName":"MT6795","densityDpi":480,"deviceId":"860603811018662","deviceSvn":"75","displayId":"hennessy-user 5.1.1 LMY48G 01cd83d2 release-keys","extraInfo":"Netcore_9f8caf","height":0,"hidePkgs":[],"hmNotes":"","hookPkgs":[],"lac":33039,"latitude":30.9138181,"line1Number":"15198186454","longitude":104.037657,"macAddress":"24:5d:6d:63:86:12","memAvailable":51158481,"memFree":153475444,"memTotal":204633925,"mnc":"00","networkClass":2,"networkCountryIso":"cn","networkOperator":"46000","networkOperatorName":"中国移动","networkType":8,"networkTypeName":"HSDPA","phoneType":1,"rgAndroid":"23","rgAreaode":"86","rgConNames":["苗庞生","上善若水"],"rgConsize":"2","rgCountry":"中国","rgDevice":"xiaomiRedmi 4X","rgIp":"119.4.255.251","rgLastLogin":1516244771472,"rgLocation":"四川省成都市 联通","rgNetType":"切换飞行模式","rgOrPhone":"15198186454","rgPhoneNo":"15198186454","rgServer":"飞行模式切换","rgTime":1515823817996,"rgVcode":"玉米(发码)","rgVersion":"1.6.0","rgWxEmail":"未绑定","rgWxError":"该微信帐号因批量或者使用非法软件注册被限制登录，如需继续使用，请轻触“确定”申请解除限制。","rgWxId":"wxid_lb6m17kvrj0x22","rgWxName":"苗庞生","rgWxNo":"未设置","rgWxPasswd":"Rmst@7890","rgWxQQ":"未绑定","rgWxStatus":"异常","rgWxWindows":"否","serialno":"b544ee82","simCountryIso":"cn","simOperator":"46000","simOperatorName":"中国移动","simSerialNumber":"8986021358913957326","simState":5,"subscriberId":"460001347728523","type":1,"typeName":"WIFI","width":0,"wifiScan":["Netcore_195476,08:10:79:60:3f:11,[WPA2-PSK-CCMP][ESS],-88,2437,350849962","Netcore_fd0dc1,00:23:c9:a1:5a:41,[WPA-PSK-TKIP+CCMP][WPA2-PSK-TKIP+CCMP][ESS],-90,2412,3624128492","FAST_6bed20,64:5d:92:d6:66:89,[WPA2-PSK-CCMP][ESS],-57,2437,495275227","FAST_427216,44:97:5a:69:dc:40,[WPA-PSK-CCMP][WPA2-PSK-CCMP][ESS],-55,2437,3499336824","FAST_a6baeb,94:0c:6d:62:bc:68,[WPA2-PSK-CCMP][WPS][ESS],-81,2462,206727634"]}