{"BSSID":"06:45:d7:41:75:5a","IpAddress":"192.168.79.129","P2p0Mac":"dd:14:2c:9f:35:58","SSID":"PHICOMM_8385ad","androidId":"3f017919538ee007","batteryLevel":38,"btAddress":"dc:4c:06:b3:72:1f","btName":"HTC D816v","buildAbi":"armeabi-v7a","buildAbi2":"armeabi","buildBoard":"MSM8610","buildBrand":"htc","buildCodename":"REL","buildDescription":"htccn_chs_ct-user 5.1.1 LMY48G b3bd5c31 release-keys","buildDevice":"htc_a5dwg1","buildFingerprint":"htc/HTC D816v/htc_a5dwg1:5.1.1/LMY48G/b3bd5c31:user/release-keys","buildHardware":"qcom","buildHost":"mine","buildId":"LMY48G","buildIncremental":"b3bd5c31","buildManufacturer":"HTC","buildModel":"HTC D816v","buildName":"htc","buildProduct":"htccn_chs_ct","buildRadioVersion":"msqxaahdmqn","buildRelease":"5.1.1","buildSdk":"22","buildSerialno":"a83e85ef","buildTags":"release-keys","buildType":"user","buildUser":"android","buildUtc":1496486620404,"cellScan":[],"ci":0,"contacts":["奶奶,13300991264","姑妈,13205885085","外婆,18700166243","外公,15008543568","舅舅,15108367801","舅妈,18005274865","姨父,13802141993","姨娘,13308609053","亲爱的,13403612612","老弟,13303395832","老妹,13404590500","小明,13002037841","小李子,13404710480","杨怀,13903814946","Kathleen Gomez,13806675961","吴廉帅,15302356347","鲁洋念,13905050604","安翰苡,13605007643","Paul Garcia,13703685146","王莉全,15300905006","杨况,13490525811","王桂,18003735435","Mario Griffin,18004414587","杨瑕,13490637663","彭驹兴,18807946614","任意胜,13303299087","Martin Johnson,13490039889","孟桂康,13800742006","邱欣声,15606882790","金郁雅,13401633856","Loretta Reynolds,15807361184","于齐毅,13701376245","吴颖,13705332855","梅权禄,15308821545","Rodney Williams,18908824043","苏殊仕,13704124177","包熙权,15606982583","吴露旺,18802255982","Lynn Boyd,15701375706","时泰旭,13808460940","王仕业,13104355323","吴儒翰,13703484970","Evelyn Turner,13902021769","林贤团,15300451744","吴善随,15608884576"],"cpuName":"Qualcomm MSM8928","densityDpi":560,"deviceId":"860424140250110","deviceSvn":"48","displayId":"htccn_chs_ct-user 5.1.1 LMY48G b3bd5c31 release-keys","extraInfo":"PHICOMM_8385ad","height":0,"hidePkgs":[],"hmNotes":"","hookPkgs":[],"lac":0,"latitude":30.4379421,"line1Number":"15708415847","longitude":103.9201212,"macAddress":"6d:70:cf:cd:52:8f","memAvailable":23425960,"memFree":70277882,"memTotal":93703842,"mnc":"00","networkClass":3,"networkCountryIso":"cn","networkOperator":"46007","networkOperatorName":"中国移动","networkType":13,"networkTypeName":"LTE","phoneType":1,"rgAndroid":"23","rgAreaode":"86","rgBackupPath":"/storage/emulated/0/.money/backup/20180113/15708415847_20180113.db","rgConNames":[],"rgCountry":"中国","rgDevice":"xiaomiRedmi 4X","rgIp":"119.4.254.91","rgLastLogin":1515837769172,"rgLocation":"四川省成都市 联通","rgNetType":"切换飞行模式","rgOrPhone":"15708415847","rgPhoneNo":"15708415847","rgServer":"飞行模式切换","rgTime":1515830716744,"rgVcode":"玉米(发码)","rgVersion":"1.6.0","rgWxError":"帐号状态异常，本次登录已失效。请尝试重新登录，并根据弹窗提示操作。","rgWxName":"陈桂俊","rgWxPasswd":"Rmst@7890","rgWxStatus":"异常","rgWxWindows":"否","serialno":"a83e85ef","simCountryIso":"cn","simOperator":"46007","simOperatorName":"中国移动","simSerialNumber":"8986007231254506849","simState":5,"subscriberId":"460072684133332","type":1,"typeName":"WIFI","width":0,"wifiScan":["PHICOMM_57c9ed,53:71:68:fd:16:86,[WPA2-PSK-CCMP][ESS],-88,2472,1638837946","Netcore_e2652f,83:ce:13:f2:f0:07,[WPA2-PSK-CCMP][ESS],-52,2462,263818681","Netcore_3f21ed,85:dc:1c:c5:c1:a7,[WPA2-PSK-CCMP][WPS][ESS],-76,2462,777929593","TP-LINK_98c8,09:b3:74:44:a7:96,[WPA2-PSK-CCMP][WPS][ESS],-65,2412,365302439","PHICOMM_510526,5a:10:5f:8f:6d:52,[WPA-PSK-CCMP][WPA2-PSK-CCMP][ESS],-73,2437,461075385","Tenda_698dbf,62:de:f9:c6:6a:f2,[WPA2-PSK-CCMP][WPS][ESS],-60,2437,278043576"]}