{"BSSID":"d6:7f:c3:41:f1:d1","IpAddress":"10.39.77.251","P2p0Mac":"a5:61:a3:19:34:bc","SSID":"Tenda_610375","androidId":"648cd723bd79398e","batteryLevel":45,"btAddress":"50:b8:37:fc:b7:43","btName":"MI 3","buildAbi":"armeabi-v7a","buildAbi2":"armeabi","buildBoard":"manta","buildBrand":"Xiaomi","buildCodename":"REL","buildDescription":"Kenzo-user 6.0.1 MMB29T 636a2e13 release-keys","buildDevice":"Kenzo","buildFingerprint":"Xiaomi/MI 3/Kenzo:6.0.1/MMB29T/636a2e13:user/release-keys","buildHardware":"qcom","buildHost":"taishan","buildId":"MMB29T","buildIncremental":"636a2e13","buildManufacturer":"Xiaomi","buildModel":"MI 3","buildName":"Xiaomi","buildProduct":"Kenzo","buildRadioVersion":"lmvhvtvqrcdvqejf","buildRelease":"6.0.1","buildSdk":"23","buildSerialno":"01b39306","buildTags":"release-keys","buildType":"user","buildUser":"MarkBuild","buildUtc":1490455256145,"cellScan":["39937,163632178","1822,63394","1822,30322","61726,19801","61726,169758041"],"ci":63394,"contacts":["奶奶,15704331631","姑妈,15004698791","外婆,15903524364","外公,14705355824","舅舅,18905090265","舅妈,15900618071","姨父,13300382139","姨娘,13101092934","亲爱的,13490670665","老弟,13006555062","老妹,13507154413","小明,15303392345","小李子,13490749374","于元,15204298521","Bradley Flores,13400578351","李亚倩,13607710528","咎阔胤,13600950046","康友陵,15004385953","Andrew Matthews,15204595787","吴江,13507514458","杨伟兴,13902095569","安麟木,15808873424","Melanie Scott,15102141556","李轩逵,15502442412","薛王胜,13304722602","汲似鹄,13808253024","Marion Powell,13500268809","张默任,18702310035","王异康,18705922403","宣硕悠,18701754398","Alan Ellis,18701374244","喻万怀,15506478951","应江玺,13602334194","成荣镜,13500164645","Harry Gibson,13504630508","车红恺,18805215381","王郡,13003184005","裴凇绣,13206567061","Thomas Matthews,13005832131","汪野译,18804621581","柯毅航,15208152378","陈珂奇,13100921088","Sean Sanchez,13003525912","富秀耀,18708365431","王湘驹,18001214042","栾鑫木,15703943943","Lauren Weaver,15701542141","王厚,13703688058"],"cpuName":"Qualcomm MSM8974PRO-AB","densityDpi":480,"deviceId":"863896647533311","deviceSvn":"51","displayId":"Kenzo-user 6.0.1 MMB29T 636a2e13 release-keys","extraInfo":"3gnet","height":0,"hidePkgs":[],"hmNotes":"","hookPkgs":[],"lac":1822,"latitude":30.5359749,"line1Number":"15708412024","longitude":104.2969702,"macAddress":"48:66:86:72:8b:01","memAvailable":937640312,"memFree":2812920939,"memTotal":3750561251,"mnc":"00","networkClass":1,"networkCountryIso":"cn","networkOperator":"46007","networkOperatorName":"中国移动","networkType":2,"networkTypeName":"EDGE","phoneType":1,"rgAndroid":"23","rgAreaode":"86","rgBackupPath":"/storage/emulated/0/.money/backup/20180113/15708412024_20180113.db","rgConNames":[],"rgCountry":"中国","rgDevice":"xiaomiRedmi 4X","rgIp":"101.206.167.220","rgLastLogin":1515837000637,"rgLocation":"四川省 联通","rgNetType":"切换飞行模式","rgOrPhone":"15708412024","rgPhoneNo":"15708412024","rgServer":"飞行模式切换","rgTime":1515825039857,"rgVcode":"玉米(发码)","rgVersion":"1.6.0","rgWxError":"帐号状态异常，本次登录已失效。请尝试重新登录，并根据弹窗提示操作。","rgWxName":"杨莉","rgWxPasswd":"Rmst@7890","rgWxStatus":"异常","rgWxWindows":"否","serialno":"01b39306","simCountryIso":"cn","simOperator":"46007","simOperatorName":"中国移动","simSerialNumber":"8986003736376430462","simState":5,"subscriberId":"460078122476003","type":0,"typeName":"MOBILE","width":0,"wifiScan":["MERCURY_ecbfd1,1c:60:de:77:9f:80,[WPA-PSK-CCMP][WPA2-PSK-CCMP][ESS],-84,2462,398681353","Tenda_b0f86a,e4:d3:32:95:4b:a6,[WPA-PSK-CCMP][WPA2-PSK-CCMP][WPS][ESS],-94,2462,260557413","TP-LINK_cafec1,ac:81:12:5c:a1:56,[WPA-PSK-CCMP][WPA2-PSK-CCMP][WPS][ESS],-71,2412,212027898","Netcore_65498c,00:36:76:63:9e:59,[WPA-PSK-CCMP][WPA2-PSK-CCMP][WPS][ESS],-62,2462,274635205","FAST_ca9d,54:a5:1b:1c:87:64,[WPA-PSK-CCMP][WPA2-PSK-CCMP][WPS][ESS],-57,2412,336279681"]}