{"BSSID":"17:51:cf:9e:c6:43","IpAddress":"192.168.21.16","P2p0Mac":"af:79:09:8c:c4:9c","SSID":"ChainaNet_151f","androidId":"6aa5665a65b3ff30","batteryLevel":72,"btAddress":"f9:48:41:1a:1d:6c","btName":"GN9010","buildAbi":"armeabi-v7a","buildAbi2":"armeabi","buildBoard":"mogami","buildBrand":"GiONEE","buildCodename":"REL","buildDescription":"GiONEE\u003dCBL7513-user 7.0.0 NRD90M aaf96432 release-keys","buildDevice":"GiONEE_CBL7513","buildFingerprint":"GiONEE/GN9010/GiONEE_CBL7513:7.0.0/NRD90M/aaf96432:user/release-keys","buildHardware":"qcom","buildHost":"wcc-miui-ota-bd07.bj","buildId":"NRD90M","buildIncremental":"aaf96432","buildManufacturer":"GiONEE","buildModel":"GN9010","buildName":"GiONEE","buildProduct":"GiONEE\u003dCBL7513","buildRadioVersion":"objbsiuyuq","buildRelease":"7.0.0","buildSdk":"24","buildSerialno":"394f36f3","buildTags":"release-keys","buildType":"user","buildUser":"MarkBuild","buildUtc":1476888109852,"cellScan":[],"ci":0,"contacts":["奶奶,15700946314","姑妈,13008014848","外婆,15204566166","外公,13902153880","舅舅,13308705803","舅妈,18905518496","姨父,13490400524","姨娘,13506202475","亲爱的,13306772018","老弟,13908244011","老妹,13401848466","小明,13107592153","小李子,18605118352","洪学舒,15700712179","Raymond Gomez,18800958654","陈砚昆,15107406697","樊江享,15302001652","丁耀青,18706048977","Kim Hall,14700047734","钭景玺,15708305937","康芹铜,13802466926","华炫会,13702920500","Sheila Freeman,13703496643","李恺,13401646981","吴瑕香,13207596703","王翰,13904222283","Rita Carpenter,13803424100","班明石,15907370241","杨雍情,13490123296","杨求义,14700616994","Vanessa Porter,15705718762","凌锐土,13901393407","贲明阁,13905587000","杨双秋,15608488485","Nicole Mcdonald,15506155957","杨宫,13208060741","司徒旭行,13304742931","朱津钰,15808103932","Debra Cooper,15206548025","骆万华,18000337232","龚阳欢,13705120611","吴宁献,13490562247","Matthew Ross,13490332340","张怀吉,13101133577","王秋,18906001515","伍玉耕,15507262855","Grace Wood,18605997704","乐瑛能,15306305124","郭禄璇,15901862196","邹伟铜,13406891085","Rick Gonzalez,15006852871"],"cpuName":"MT6753T","densityDpi":480,"deviceId":"863761553877534","deviceSvn":"73","displayId":"GiONEE\u003dCBL7513-user 7.0.0 NRD90M aaf96432 release-keys","extraInfo":"ChainaNet_151f","height":0,"hidePkgs":[],"hmNotes":"","hookPkgs":[],"lac":0,"latitude":30.8515268,"line1Number":"17828418546","longitude":104.1437085,"macAddress":"76:75:0f:cf:ae:c6","memAvailable":172249866,"memFree":344499733,"memTotal":516749599,"mnc":"00","networkClass":2,"networkCountryIso":"cn","networkOperator":"46007","networkOperatorName":"中国移动","networkType":17,"networkTypeName":"TD_SCDMA","phoneType":1,"rgAndroid":"23","rgAreaode":"86","rgConNames":["上善若水","姚巍海"],"rgConsize":"2","rgCountry":"中国","rgDevice":"xiaomiRedmi 4X","rgIp":"119.4.255.75","rgLastLogin":1516244816666,"rgLocation":"四川省成都市 联通","rgNetType":"切换飞行模式","rgOrPhone":"17828418546","rgPhoneNo":"17828418546","rgServer":"飞行模式切换","rgTime":1515830238467,"rgVcode":"玉米(发码)","rgVersion":"1.6.0","rgWxEmail":"未绑定","rgWxError":"该微信帐号因批量或者使用非法软件注册被限制登录，如需继续使用，请轻触“确定”申请解除限制。","rgWxId":"wxid_rp6y0jmdwwli22","rgWxName":"姚巍海","rgWxNo":"未设置","rgWxPasswd":"Rmst@7890","rgWxQQ":"未绑定","rgWxStatus":"异常","rgWxWindows":"否","serialno":"394f36f3","simCountryIso":"cn","simOperator":"46007","simOperatorName":"中国移动","simSerialNumber":"8986004097153544190","simState":5,"subscriberId":"460074586949688","type":1,"typeName":"WIFI","width":0,"wifiScan":["TP-LINK_ced0f2,41:ca:7a:72:ef:c4,[WPA2-PSK-CCMP][WPS][ESS],-53,2412,945633039","Netcore_187a76,5b:4d:aa:cd:24:1d,[WPA2-PSK-CCMP][WPS][ESS],-81,2412,214815879","TP-LINK_f305,db:d1:b6:53:5d:33,[WPA-PSK-CCMP][WPA2-PSK-CCMP][WPS][ESS],-72,2462,2942930011","ChainaNet_ea9d,04:e7:95:bb:91:f7,[WPA-PSK-CCMP][WPA2-PSK-CCMP][ESS],-59,2437,303811259","PHICOMM_149852,62:33:75:3f:a2:45,[WPA2-PSK-CCMP][WPS][ESS],-95,2437,3014826586","iTV-afc9,01:eb:fe:44:0f:f6,[WPA2-PSK-CCMP][WPS][ESS],-81,2437,2716827505","TP-LINK_26a8db,6e:56:77:ca:c1:b9,[WPA-PSK-CCMP][WPA2-PSK-CCMP][WPS][ESS],-83,2427,1158927407","FAST_0f27,00:00:31:1f:71:ec,[WPA2-PSK-CCMP][WPS][ESS],-74,2412,1669830924"]}