{"BSSID":"24:9f:ce:7d:c5:69","IpAddress":"10.43.36.133","P2p0Mac":"e7:97:2c:b6:cd:3b","SSID":"Netcore_8cae10","androidId":"11ac9b12e171346c","batteryLevel":83,"btAddress":"6c:62:0b:79:4c:79","btName":"GN5001S","buildAbi":"armeabi-v7a","buildAbi2":"armeabi","buildBoard":"ovation","buildBrand":"GiONEE","buildCodename":"REL","buildDescription":"GN5001S-user 7.1.2 NMF26Q 314ce2ed release-keys","buildDevice":"GN5001S","buildFingerprint":"GiONEE/GN5001S/GN5001S:7.1.2/NMF26Q/314ce2ed:user/release-keys","buildHardware":"qcom","buildHost":"qh-miui-ota-bd51","buildId":"NMF26Q","buildIncremental":"314ce2ed","buildManufacturer":"GiONEE","buildModel":"GN5001S","buildName":"GiONEE","buildProduct":"GN5001S","buildRadioVersion":"omardltnyercga","buildRelease":"7.1.2","buildSdk":"25","buildSerialno":"c5074573","buildTags":"release-keys","buildType":"user","buildUser":"MarkBuild","buildUtc":1476560378487,"cellScan":["39700,162599473","39700,162988595","61722,169171650","61717,169911094","61728,33636"],"ci":169911094,"contacts":["奶奶,15005545321","姑妈,13007087195","外婆,15908423383","外公,13800428228","舅舅,13105545419","舅妈,13104413735","姨父,18603889013","姨娘,13403075132","亲爱的,18901008733","老弟,15200894415","老妹,13607067333","小明,13506697001","小李子,15505400006","皮仪仙,15708292988","Eugene Hayes,14706934100","凌权卿,13802410672","李联,15501636705","左如石,13490481200","Helen Jackson,18004274590","程萱衔,15801163344","李世湘,15008174809","宓扬珊,13501697979","Michele Elliott,13904521213","伊木琴,13704937601","郁守舒,13705748568","张耀,13207534210","Alma Hernandez,15502042876","王效英,13305030785","余平锦,13601150911","欧阳仕雨,15006007824","Shawn Price,15202088223","李炯耀,13002114200","王雄兴,13407001576","粱茜隆,13007833489","Joan Rogers,15504286298","段适宫,15904146581","杨康演,14707878368","杨遇蔚,18705882101","Edward Simmons,15703240579","张献,13607686280","凤野演,18905375027","余珀,13304930553","Herman Graham,15308165307","殷硕旺,18005762978","单京仪,15505571011","吴义幸,13508314188","Valerie Price,13606462039","吴伊,13308774952"],"cpuName":"MT6735","densityDpi":240,"deviceId":"863009455631181","deviceSvn":"39","displayId":"GN5001S-user 7.1.2 NMF26Q 314ce2ed release-keys","extraInfo":"3gnet","height":0,"hidePkgs":[],"hmNotes":"","hookPkgs":[],"lac":61717,"latitude":30.5334317,"line1Number":"18224456048","longitude":104.0408735,"macAddress":"7d:eb:47:f6:1e:be","memAvailable":31255874,"memFree":62511748,"memTotal":93767622,"mnc":"00","networkClass":2,"networkCountryIso":"cn","networkOperator":"46000","networkOperatorName":"中国移动","networkType":17,"networkTypeName":"TD_SCDMA","phoneType":1,"rgAndroid":"23","rgAreaode":"86","rgBackupPath":"/storage/emulated/0/.money/backup/20180113/18224456048_20180113.db","rgConNames":[],"rgCountry":"中国","rgDevice":"xiaomiRedmi 4X","rgIp":"119.4.254.86","rgLastLogin":1515836933283,"rgLocation":"四川省成都市 联通","rgNetType":"切换飞行模式","rgOrPhone":"18224456048","rgPhoneNo":"18224456048","rgServer":"飞行模式切换","rgTime":1515824554785,"rgVcode":"玉米(发码)","rgVersion":"1.6.0","rgWxError":"帐号状态异常，本次登录已失效。请尝试重新登录，并根据弹窗提示操作。","rgWxName":"杨龙","rgWxPasswd":"Rmst@7890","rgWxStatus":"异常","rgWxWindows":"否","serialno":"c5074573","simCountryIso":"cn","simOperator":"46000","simOperatorName":"中国移动","simSerialNumber":"8986009341345298426","simState":5,"subscriberId":"460009871868786","type":0,"typeName":"MOBILE","width":0,"wifiScan":["TP-LINK_49649c,f4:ec:38:67:38:5e,[WPS][ESS],-84,2412,304851775","PHICOMM_cbed10,ec:17:2f:64:f6:2c,[WPA-PSK-CCMP][WPA2-PSK-CCMP][ESS],-81,2437,421319277","PHICOMM_36b953,d4:ee:07:0b:10:e0,[WPA2-PSK-CCMP][WPS][ESS],-91,2462,190808933","MERCURY_497b96,9c:28:ef:4c:99:28,[WPA-PSK-CCMP][WPA2-PSK-CCMP][WPS][ESS],-87,2412,2094627634","Tenda_214159,24:69:68:64:7b:a3,[WPA2-PSK-CCMP][WPS][ESS],-77,2412,1796129346"]}