{"BSSID":"8b:86:8c:e4:10:b8","IpAddress":"192.168.86.70","P2p0Mac":"a4:05:de:ae:ae:c0","SSID":"TP-LINK_1596ba","androidId":"7de4be92784491b3","batteryLevel":62,"btAddress":"c1:31:e7:e4:cb:d7","btName":"OPPO R7sm","buildAbi":"armeabi-v7a","buildAbi2":"armeabi","buildBoard":"smdk4x12","buildBrand":"OPPO","buildCodename":"REL","buildDescription":"R7sm-user 7.0.0 NRD90M 39d0597a release-keys","buildDevice":"R7sm","buildFingerprint":"OPPO/OPPO R7sm/R7sm:7.0.0/NRD90M/39d0597a:user/release-keys","buildHardware":"qcom","buildHost":"wcc-miui-ota-bd25","buildId":"NRD90M","buildIncremental":"39d0597a","buildManufacturer":"OPPO","buildModel":"OPPO R7sm","buildName":"OPPO","buildProduct":"R7sm","buildRadioVersion":"znuifbfulbdty","buildRelease":"7.0.0","buildSdk":"24","buildSerialno":"04b2e49d","buildTags":"release-keys","buildType":"user","buildUser":"Server","buildUtc":1498076892272,"cellScan":["32897,19455","61700,168065729","61700,168065726","61713,4364","32808,43742"],"ci":19455,"contacts":["奶奶,13200264981","姑妈,13101816926","外婆,15508523976","外公,15203343930","舅舅,13800385255","舅妈,18904767389","姨父,15805907119","姨娘,15300771344","亲爱的,13805196342","老弟,15800672354","老妹,18605214192","小明,14707873296","小李子,14705232261","张效玺,13201636775","Ellen Myers,15503134791","李罗,13208772577","李译杏,13708584062","杨雅,13901605868","Rhonda Flores,13608298721","东方三翼,15103807716","时薇利,13506648024","李童苡,15307317747","Joann Palmer,18907611618","杨轩,13108706657","于竞彦,18906786695","王锐,13502232801","Mark Johnson,13805366921","郁古瑟,13104866755","杨律易,13702688695","卫宫伟,15600184404","Todd Morris,13202048305","张阁康,15205164772","经稼亚,18902432272","王情,18707964586","Nathan Marshall,14701740541","杨适耀,13308742526","上官兴京,13806902295","裴悠联,15805326572","Charlie Fox,15106897970","惠广儒,18602888707","邓杏行,13490388603","时雨商,13002034943","Virginia Lane,15600161224","乌童利,13903116165","卫阔薇,18708325287","窦宫校,13403673451","Joyce Patterson,15103393317"],"cpuName":"Qualcomm Technologies, Inc MSM8939","densityDpi":560,"deviceId":"863866881583777","deviceSvn":"25","displayId":"R7sm-user 7.0.0 NRD90M 39d0597a release-keys","extraInfo":"TP-LINK_1596ba","height":0,"hidePkgs":[],"hmNotes":"","hookPkgs":[],"lac":32897,"latitude":30.8245002,"line1Number":"18224418992","longitude":104.1859216,"macAddress":"c2:e0:59:f9:6b:28","memAvailable":1249897846,"memFree":2499795694,"memTotal":3749693540,"mnc":"00","networkClass":1,"networkCountryIso":"cn","networkOperator":"46002","networkOperatorName":"中国移动","networkType":2,"networkTypeName":"EDGE","phoneType":1,"rgAndroid":"23","rgAreaode":"86","rgBackupPath":"/storage/emulated/0/.money/backup/20180113/18224418992_20180113.db","rgConNames":[],"rgCountry":"中国","rgDevice":"xiaomiRedmi 4X","rgIp":"119.4.255.61","rgLastLogin":1515838238390,"rgLocation":"四川省成都市 联通","rgNetType":"切换飞行模式","rgOrPhone":"18224418992","rgPhoneNo":"18224418992","rgServer":"飞行模式切换","rgTime":1515835422922,"rgVcode":"玉米(发码)","rgVersion":"1.6.0","rgWxError":"帐号状态异常，本次登录已失效。请尝试重新登录，并根据弹窗提示操作。","rgWxName":"余寿","rgWxPasswd":"Rmst@7890","rgWxStatus":"异常","rgWxWindows":"否","serialno":"04b2e49d","simCountryIso":"cn","simOperator":"46002","simOperatorName":"中国移动","simSerialNumber":"8986021605427830665","simState":5,"subscriberId":"460029848054162","type":1,"typeName":"WIFI","width":0,"wifiScan":["FAST_6cfda9,3c:e5:a6:21:1d:d1,[WPA-PSK-CCMP][WPA2-PSK-CCMP][WPS][ESS],-89,2437,987731921","FAST_42f327,3c:e5:a6:21:10:71,[WPA2-PSK-CCMP][WPS][ESS],-53,2412,280785609","MERCURY_98cbeb,3c:e5:a6:21:17:50,[WPA-PSK-CCMP][WPA2-PSK-CCMP][WPS][ESS],-71,2422,2307727607","Tenda_cbed10,00:23:89:a8:89:11,[WPA2-PSK-CCMP][WPS][ESS],-62,2437,1317136481","TP-LINK_f43641,08:3e:8e:27:b7:97,[WPA2-PSK-CCMP][ESS],-73,2462,1488238377"]}