{"BSSID":"b4:c0:61:21:c4:7f","IpAddress":"10.88.76.77","P2p0Mac":"44:fd:9c:52:81:8f","SSID":"Netcore_fe2155","androidId":"d6afe848d8554d0b","batteryLevel":49,"btAddress":"d1:8d:83:13:62:d8","btName":"vivo X9","buildAbi":"armeabi-v7a","buildAbi2":"armeabi","buildBoard":"MSM8960","buildBrand":"vivo","buildCodename":"REL","buildDescription":"PD1616-user 5.0 LRX21M 309ed7c1 release-keys","buildDevice":"PD1616","buildFingerprint":"vivo/vivo X9/PD1616:5.0/LRX21M/309ed7c1:user/release-keys","buildHardware":"qcom","buildHost":"wcc-miui-ota-bd07.bj","buildId":"LRX21M","buildIncremental":"309ed7c1","buildManufacturer":"vivo","buildModel":"vivo X9","buildName":"vivo","buildProduct":"PD1616","buildRadioVersion":"nupdautvpomp","buildRelease":"5.0","buildSdk":"21","buildSerialno":"c8092b1c","buildTags":"release-keys","buildType":"user","buildUser":"MarkBuild","buildUtc":1505156404890,"cellScan":["61708,22814","61706,169486327","61706,168565535","33028,39123","33311,41896"],"ci":39123,"contacts":["奶奶,15007322735","姑妈,15106171612","外婆,15901932790","外公,13490809529","舅舅,18903626353","舅妈,15600200634","姨父,18802336269","姨娘,13102670646","亲爱的,13800247962","老弟,13500612380","老妹,15605700705","小明,13007083319","小李子,15603256530","杨舒,15704530926","Leslie Morris,14702227735","华英况,14700225778","张航异,15808263708","王广,13901717947","Nathan Woods,13708746484","尤西双,18800636838","鲁嵬罗,13800051422","余良逵,18902774478","Ricky Matthews,13305840726","左军律,15500073573","李渠,18006118337","陆璞毅,18002001420","Theresa Lewis,18006106305","巴伟会,13101255226","余鑫,13700260640","谢韶杏,13607255153","Jeffrey Thompson,13505924577","弓实时,13102385562","郭珊影,13490522271","惠昱龙,13904302421","Dorothy Anderson,13508825024","崔培建,15307797293","周鑫,15601423896","宫妙腾,15103146099","Norma Shaw,15900110579","堪永祥,18807771943","杨梁,15301745436","李意精,13106170518","Alicia Stephens,15605075571","李联,18002086088","符声皓,15304706066","李璇,13805076997","Calvin Hall,13701960172","危伊仕,18900555087","王尚虎,18602347243"],"cpuName":"Qualcomm Technologies, Inc MSM8953","densityDpi":480,"deviceId":"860958329692774","deviceSvn":"45","displayId":"PD1616-user 5.0 LRX21M 309ed7c1 release-keys","extraInfo":"3gwap","height":0,"hidePkgs":[],"hmNotes":"","hookPkgs":[],"lac":33028,"latitude":30.6080359,"line1Number":"18224434474","longitude":103.9694331,"macAddress":"7c:6c:1f:ef:cd:e8","memAvailable":611254188,"memFree":1222508376,"memTotal":1833762564,"mnc":"00","networkClass":1,"networkCountryIso":"cn","networkOperator":"46000","networkOperatorName":"中国移动","networkType":2,"networkTypeName":"EDGE","phoneType":1,"rgAndroid":"23","rgAreaode":"86","rgBackupPath":"/storage/emulated/0/.money/backup/20180113/18224434474_20180113.db","rgConNames":[],"rgCountry":"中国","rgDevice":"xiaomiRedmi 4X","rgIp":"119.4.253.4","rgLastLogin":1515838170295,"rgLocation":"四川省成都市 联通","rgNetType":"切换飞行模式","rgOrPhone":"18224434474","rgPhoneNo":"18224434474","rgServer":"飞行模式切换","rgTime":1515832661211,"rgVcode":"玉米(发码)","rgVersion":"1.6.0","rgWxError":"帐号状态异常，本次登录已失效。请尝试重新登录，并根据弹窗提示操作。","rgWxName":"鲁勇书","rgWxPasswd":"Rmst@7890","rgWxStatus":"异常","rgWxWindows":"否","serialno":"c8092b1c","simCountryIso":"cn","simOperator":"46000","simOperatorName":"中国移动","simSerialNumber":"8986024196644222983","simState":5,"subscriberId":"460004388574499","type":0,"typeName":"MOBILE","width":0,"wifiScan":["TP-LINK_28476b,08:10:78:c0:ab:b9,[WPA-PSK-CCMP][WPA2-PSK-CCMP][WPS][ESS],-94,2437,1221228896","PHICOMM_ec9ed0,00:87:36:28:03:4d,[WPA2-PSK-CCMP][WPS][ESS],-71,2442,441047871","iTV-b0f2,6c:e8:73:a0:40:e4,[WPA2-PSK-CCMP][WPS][ESS],-79,2412,248958588","Netcore_e32598,64:3a:b1:d8:e9:5a,[WPA-PSK-CCMP][WPA2-PSK-CCMP][ESS],-81,2437,2734036184","MERCURY_8c0f31,08:10:76:ea:3e:dd,[WPA2-PSK-CCMP][WPS][ESS],-59,2462,991032754"]}