{"BSSID":"c3:3d:e0:7a:42:06","IpAddress":"10.33.46.58","P2p0Mac":"41:15:a4:9f:d4:eb","SSID":"FAST_043d11","androidId":"3b3a970deaabbe70","batteryLevel":41,"btAddress":"47:01:c1:44:5d:87","btName":"Redmi 3","buildAbi":"armeabi-v7a","buildAbi2":"armeabi","buildBoard":"tuna","buildBrand":"Xiaomi","buildCodename":"REL","buildDescription":"ido-user 7.1.2 NMF26Q a6531cdd release-keys","buildDevice":"ido","buildFingerprint":"Xiaomi/Redmi 3/ido:7.1.2/NMF26Q/a6531cdd:user/release-keys","buildHardware":"qcom","buildHost":"linux-user","buildId":"NMF26Q","buildIncremental":"a6531cdd","buildManufacturer":"Xiaomi","buildModel":"Redmi 3","buildName":"Xiaomi","buildProduct":"ido","buildRadioVersion":"sctzvhtasxoevyf","buildRelease":"7.1.2","buildSdk":"25","buildSerialno":"d6469d6d","buildTags":"release-keys","buildType":"user","buildUser":"lgmobile","buildUtc":1481682854189,"cellScan":[],"ci":0,"contacts":["奶奶,13102742250","姑妈,13603550332","外婆,18705491205","外公,13101178090","舅舅,18002943178","舅妈,18906553172","姨父,13308285048","姨娘,15304754451","亲爱的,13104967342","老弟,14708298042","老妹,15303681966","小明,13507030734","小李子,18803801261","滑厚厚,15800907780","Brandon Burns,13402011022","尉迟寅嵬,13490477033","华影虹,15306916334","杨朋,13000954582","Roy Hayes,15604547456","杨印嵬,18808672649","李江,13900768844","张炎裕,15707821805","Jeanette Burns,14708622650","陈辉土,13801545810","支菁珂,13505967851","缪景国,15306112410","Margaret Hamilton,15301741154","宓西艺,15008220162","孙茂,13601726242","杨节,13501304844","Mike Thomas,13601068253","钮奇誓,13490758647","钮善庞,13490142809","虞祥青,18601323344","Lorraine Rodriguez,13203108263","李学勋,15601871845","谷介贤,13407035362","李棠,14708426528","Bruce Reynolds,15701596721","杨韶奎,13490159186","平佳双,18004875469","谢超虹,14700974012","Steven Daniels,18708517840","李效,13305222132","酆瑞进,15706944819","张厚,18603264337","Kathryn Lee,13104413195","李绍,18807091138","杨盛渠,13202871110","余静仁,13206698771","June Henry,18606194635"],"cpuName":"Qualcomm Technologies, Inc MSM8939","densityDpi":240,"deviceId":"860852574983840","deviceSvn":"73","displayId":"ido-user 7.1.2 NMF26Q a6531cdd release-keys","extraInfo":"cmnet","height":0,"hidePkgs":[],"hmNotes":"","hookPkgs":[],"lac":0,"latitude":30.8253992,"line1Number":"18224436172","longitude":103.8329181,"macAddress":"29:45:42:c1:b1:36","memAvailable":5479580237,"memFree":10959160476,"memTotal":16438740713,"mnc":"00","networkClass":1,"networkCountryIso":"cn","networkOperator":"46002","networkOperatorName":"中国移动","networkType":2,"networkTypeName":"EDGE","phoneType":1,"rgAndroid":"23","rgAreaode":"86","rgBackupPath":"/storage/emulated/0/.money/backup/20180113/18224436172_20180113.db","rgConNames":[],"rgCountry":"中国","rgDevice":"xiaomiRedmi 4X","rgIp":"119.4.255.190","rgLastLogin":1515837835158,"rgLocation":"四川省成都市 联通","rgNetType":"切换飞行模式","rgOrPhone":"18224436172","rgPhoneNo":"18224436172","rgServer":"飞行模式切换","rgTime":1515830997773,"rgVcode":"玉米(发码)","rgVersion":"1.6.0","rgWxError":"帐号状态异常，本次登录已失效。请尝试重新登录，并根据弹窗提示操作。","rgWxName":"李宇","rgWxPasswd":"Rmst@7890","rgWxStatus":"异常","rgWxWindows":"否","serialno":"d6469d6d","simCountryIso":"cn","simOperator":"46002","simOperatorName":"中国移动","simSerialNumber":"8986005232854117023","simState":5,"subscriberId":"460028689645913","type":0,"typeName":"MOBILE","width":0,"wifiScan":["PHICOMM_632053,d2:03:78:f3:59:0b,[WPA-PSK-CCMP][WPA2-PSK-CCMP][ESS],-61,2462,1665227704","iTV-6b98,cd:bf:cf:c1:46:b9,[WPA2-PSK-CCMP][WPS][ESS],-76,2442,2971526519","MERCURY_ed1153,2c:68:2e:a4:ed:d2,[WPS][ESS],-82,2452,2953629268","TP-LINK_759981,77:11:60:ce:1a:46,[WPA2-PSK-CCMP][WPS][ESS],-63,2462,471312587","PHICOMM_521044,be:6e:da:99:80:8b,[WPA2-PSK-CCMP][WPS][ESS],-77,2462,210647400","Tenda_ed2105,9b:91:9e:61:6d:f9,[WPA-PSK-CCMP][WPA2-PSK-CCMP][ESS],-76,2412,476132799","Netcore_448833,5e:86:af:ac:de:cc,[WPA2-PSK-CCMP][ESS],-55,2472,217184845","Netcore_773375,e0:19:49:69:ed:7a,[WPA2-PSK-CCMP][WPS][ESS],-71,2437,213781826"]}