{"BSSID":"1a:27:2a:b8:3b:da","IpAddress":"192.168.0.132","P2p0Mac":"96:30:a0:8b:b6:91","SSID":"Netcore_bfe104","androidId":"b4b8409d8a138da4","batteryLevel":39,"btAddress":"ff:0e:ff:95:43:6d","btName":"Redmi Note 2","buildAbi":"armeabi-v7a","buildAbi2":"armeabi","buildBoard":"smdk4x12","buildBrand":"Xiaomi","buildCodename":"REL","buildDescription":"hermes-user 5.1.1 LMY48G 0393a439 release-keys","buildDevice":"hermes","buildFingerprint":"Xiaomi/Redmi Note 2/hermes:5.1.1/LMY48G/0393a439:user/release-keys","buildHardware":"qcom","buildHost":"qh-miui-ota-bd51","buildId":"LMY48G","buildIncremental":"0393a439","buildManufacturer":"Xiaomi","buildModel":"Redmi Note 2","buildName":"Xiaomi","buildProduct":"hermes","buildRadioVersion":"zdoqxczbfvzuut","buildRelease":"5.1.1","buildSdk":"22","buildSerialno":"3f193d4a","buildTags":"release-keys","buildType":"user","buildUser":"Server","buildUtc":1467296200336,"cellScan":["61709,167936617","61698,168635403","61709,168635400","33298,18910","61709,168635403"],"ci":168635403,"contacts":["奶奶,14702547963","姑妈,13805476707","外婆,18907226020","外公,13507932734","舅舅,18902605606","舅妈,13003865370","姨父,15105548412","姨娘,18902549031","亲爱的,13403244910","老弟,15507278433","老妹,18007047694","小明,13402643622","小李子,15607265834","杨廉,13506350625","Carol Mcdonald,13704775582","孟校吉,13106157761","伊剑甲,15706121809","王胜,15503143469","Joel Murphy,18606236061","惠甲朔,13207890425","汤璐舒,13490741635","杨闻,18008474428","Martin Duncan,13490683296","富幸素,13802507230","陈嘉,15703358902","周仙,15600291828","Tammy Ferguson,13201443250","李皓,13008861169","孔郡欢,13708756861","羊向思,14703136941","Roger Morgan,18703609083","杨瑕,15001205788","路团瑟,18704864416","王桐利,18807368795","Harold Lee,18806358510","吴宏,14703357982","吴青,14706011224","狄胜如,13107694634","Floyd Campbell,13106680255","华建任,15604612442","张宁相,15203948155","贺闻腾,13490233196","Melissa Dixon,13490334754","安翼畏,18801190371"],"cpuName":"MT6795","densityDpi":320,"deviceId":"861333728277024","deviceSvn":"63","displayId":"hermes-user 5.1.1 LMY48G 0393a439 release-keys","extraInfo":"Netcore_bfe104","height":0,"hidePkgs":[],"hmNotes":"","hookPkgs":[],"lac":61698,"latitude":30.6321768,"line1Number":"18280422928","longitude":104.120774,"macAddress":"40:29:88:98:ff:1f","memAvailable":458297855,"memFree":1374893566,"memTotal":1833191421,"mnc":"00","networkClass":3,"networkCountryIso":"cn","networkOperator":"46002","networkOperatorName":"中国移动","networkType":13,"networkTypeName":"LTE","phoneType":1,"rgAndroid":"23","rgAreaode":"86","rgBackupPath":"/storage/emulated/0/.money/backup/20180113/18280422928_20180113.db","rgConNames":[],"rgCountry":"中国","rgDevice":"xiaomiRedmi 4X","rgIp":"119.4.252.218","rgLastLogin":1515837328653,"rgLocation":"四川省成都市 联通","rgNetType":"切换飞行模式","rgOrPhone":"18280422928","rgPhoneNo":"18280422928","rgServer":"飞行模式切换","rgTime":1515829324803,"rgVcode":"玉米(发码)","rgVersion":"1.6.0","rgWxError":"帐号状态异常，本次登录已失效。请尝试重新登录，并根据弹窗提示操作。","rgWxName":"吴誓","rgWxPasswd":"Rmst@7890","rgWxStatus":"异常","rgWxWindows":"否","serialno":"3f193d4a","simCountryIso":"cn","simOperator":"46002","simOperatorName":"中国移动","simSerialNumber":"8986028789761381186","simState":5,"subscriberId":"460021196397402","type":1,"typeName":"WIFI","width":0,"wifiScan":["Netcore_688dbf,00:db:df:31:2c:e4,[WPA2-PSK-CCMP][ESS],-85,2462,514182903","PHICOMM_8cc0fe,24:69:68:cf:4e:fe,[WPA2-PSK-CCMP][WPS][ESS],-79,2412,1523736743","FAST_6aaedc,30:fc:68:51:20:de,[WPA-PSK-CCMP][WPA2-PSK-CCMP][WPS][ESS],-87,2412,688428997","ChainaNet_aee2,30:fc:68:5e:85:2a,[WPA-PSK-CCMP][WPA2-PSK-CCMP][WPS][ESS],-73,2437,304133878","MERCURY_ea98dc,ec:26:ca:d7:93:ee,[WPA-PSK-CCMP][WPA2-PSK-CCMP][ESS],-74,2462,2969835011"]}