{"BSSID":"8b:d1:9a:d0:f6:27","IpAddress":"10.52.65.213","P2p0Mac":"79:10:cc:e2:03:d2","SSID":"Tenda_325104","androidId":"914111c7778f02f3","batteryLevel":45,"btAddress":"8d:a4:b3:33:ea:2b","btName":"Redmi Note 3","buildAbi":"armeabi-v7a","buildAbi2":"armeabi","buildBoard":"msm8952","buildBrand":"Xiaomi","buildCodename":"REL","buildDescription":"hennessy-user 6.0.1 MMB29T bb7b25f2 release-keys","buildDevice":"hennessy","buildFingerprint":"Xiaomi/Redmi Note 3/hennessy:6.0.1/MMB29T/bb7b25f2:user/release-keys","buildHardware":"qcom","buildHost":"wcc-miui-ota-bd25","buildId":"MMB29T","buildIncremental":"bb7b25f2","buildManufacturer":"Xiaomi","buildModel":"Redmi Note 3","buildName":"Xiaomi","buildProduct":"hennessy","buildRadioVersion":"ndoeiofirbjoonln","buildRelease":"6.0.1","buildSdk":"23","buildSerialno":"17f6eec2","buildTags":"release-keys","buildType":"user","buildUser":"lgmobile","buildUtc":1486627552969,"cellScan":[],"ci":0,"contacts":["奶奶,13700971503","姑妈,15508612480","外婆,13804340033","外公,18800866430","舅舅,15201044084","舅妈,18800500188","姨父,18704378339","姨娘,13200706378","亲爱的,13001243131","老弟,18803378845","老妹,15706401641","小明,14708086145","小李子,13505297627","杨思利,13706490420","Joann Allen,13705735632","张利素,18007755515","王望思,18704110011","陆渠译,18007418531","Katherine Foster,18907558142","杨诗逵,18900508433","狄桂松,15303394061","吴屏珀,13200925451","Tommy Perez,13105932257","李华,18906442781","宣怀思,15301592025","史宣双,15706276649","Wendy Greene,15701098827","倪梦乐,13305502757","干伊巍,18908488632","公孙虹璇,18805351629","Donald Johnson,15700150411","欧阳江国,13706556683","李焱,13604938320","时义素,13602705952","Oscar Lane,13502576005","屈旭童,18904730158","费心木,18701618216","于胜,15102413057","Peggy Rogers,15808063163","季甲皓,15807766994","严求若,18806235276","房茜行,13000584481","Nancy Edwards,15501043996","吴西,18805494322","杨情,15802225886","高会龙,13105481663","Edward Hart,15607455562","张西吾,15300807656"],"cpuName":"MT6795","densityDpi":320,"deviceId":"862912651557053","deviceSvn":"31","displayId":"hennessy-user 6.0.1 MMB29T bb7b25f2 release-keys","extraInfo":"ctlte","height":0,"hidePkgs":[],"hmNotes":"","hookPkgs":[],"lac":0,"latitude":30.4428015,"line1Number":"18280418346","longitude":103.9448827,"macAddress":"dd:4c:97:3e:94:2c","memAvailable":51258286,"memFree":153774861,"memTotal":205033147,"mnc":"00","networkClass":2,"networkCountryIso":"cn","networkOperator":"46007","networkOperatorName":"中国移动","networkType":17,"networkTypeName":"TD_SCDMA","phoneType":1,"rgAndroid":"23","rgAreaode":"86","rgBackupPath":"/storage/emulated/0/.money/backup/20180113/18280418346_20180113.db","rgConNames":[],"rgCountry":"中国","rgDevice":"xiaomiRedmi 4X","rgIp":"119.4.254.74","rgLastLogin":1515837261832,"rgLocation":"四川省成都市 联通","rgNetType":"切换飞行模式","rgOrPhone":"18280418346","rgPhoneNo":"18280418346","rgServer":"飞行模式切换","rgTime":1515828648141,"rgVcode":"玉米(发码)","rgVersion":"1.6.0","rgWxError":"帐号状态异常，本次登录已失效。请尝试重新登录，并根据弹窗提示操作。","rgWxName":"万廉荃","rgWxPasswd":"Rmst@7890","rgWxStatus":"异常","rgWxWindows":"否","serialno":"17f6eec2","simCountryIso":"cn","simOperator":"46007","simOperatorName":"中国移动","simSerialNumber":"8986002532130897914","simState":5,"subscriberId":"460078532526614","type":0,"typeName":"MOBILE","width":0,"wifiScan":["ChainaNet_c9ec,9c:eb:77:97:4b:5f,[WPA-PSK-CCMP][WPA2-PSK-CCMP][WPS][ESS],-75,2412,2313130014","MERCURY_986488,26:00:0a:c1:f5:f1,[WPA-PSK-CCMP][WPA2-PSK-CCMP][WPS][ESS],-50,2442,2423929548","Netcore_4a8cca,57:be:7d:e8:ea:dc,[WPA-PSK-CCMP][WPA2-PSK-CCMP][ESS],-76,2437,3414034359","FAST_2d1f53,22:92:12:c8:9e:29,[WPA2-PSK-CCMP][ESS],-54,2412,2311636942","MERCURY_ff3165,2f:43:63:75:2b:fc,[WPA-PSK-CCMP][WPA2-PSK-CCMP][WPS][ESS],-71,2412,2306934637","TP-LINK_66a884,19:c1:76:fe:63:11,[WPA-PSK-CCMP][WPA2-PSK-CCMP][WPS][ESS],-73,2412,338508398"]}