{"BSSID":"dc:93:e9:82:cd:2e","IpAddress":"10.85.87.57","P2p0Mac":"eb:23:de:83:c5:15","SSID":"PHICOMM_948caf","androidId":"0f83bfa8077585e8","batteryLevel":34,"btAddress":"2b:db:9f:9a:26:4b","btName":"R9sk","buildAbi":"armeabi-v7a","buildAbi2":"armeabi","buildBoard":"MSM8994","buildBrand":"OPPO","buildCodename":"REL","buildDescription":"R9sk-user 5.1.1 LMY48G 965725bf release-keys","buildDevice":"R9sk","buildFingerprint":"OPPO/R9sk/R9sk:5.1.1/LMY48G/965725bf:user/release-keys","buildHardware":"qcom","buildHost":"bs189","buildId":"LMY48G","buildIncremental":"965725bf","buildManufacturer":"OPPO","buildModel":"R9sk","buildName":"OPPO","buildProduct":"R9sk","buildRadioVersion":"obockxxo","buildRelease":"5.1.1","buildSdk":"22","buildSerialno":"ba577930","buildTags":"release-keys","buildType":"user","buildUser":"Server","buildUtc":1479132764562,"cellScan":[],"ci":0,"contacts":["奶奶,15203228299","姑妈,13601168881","外婆,15500551171","外公,15100775465","舅舅,13708026190","舅妈,18906131270","姨父,18804473116","姨娘,13104052614","亲爱的,13805855495","老弟,13307407072","老妹,18605454795","小明,18904118997","小李子,18801976265","杨贵,13008148396","Oscar Mason,13202150763","司徒辉乾,15305783340","包隆砚,13808718628","赵恺,13300204198","Ricardo Jackson,18906328854","吴思,13804500512","李魄,13304828552","王译,13600956834","Virginia Owens,13608563103","魏界媛,15707614728","栾贺郁,13703231259","穆砚海,18903465687","Jacqueline Miller,13306236863","李青仁,18905613286","王威野,15606153544","李熙,18007530865","Elsie Harper,18005446153","雷闻艺,18805326042","王宽,13202387637","钭晟声,13100223224","Deborah White,15607110071","虞泰杏,15503662256","尹心红,15603485651","吴凇奇,15706517405","Thelma Miller,15700130972","顾立逵,13408516618","谢同联,13505040764","冯亚,15005124718","Theresa Simmons,15200328986","顾耀贤,18801184463","熊儒凇,13806304263","巫乐焱,15701980067","Timothy Gonzales,18808405456","巴卿芹,15608030877","段华衔,18004870311","王鹄,15506743550","Ann Boyd,18602845621","刘鑫炯,13604322273"],"cpuName":"Qualcomm Technologies, Inc MSM8953","densityDpi":240,"deviceId":"860743439233960","deviceSvn":"22","displayId":"R9sk-user 5.1.1 LMY48G 965725bf release-keys","extraInfo":"uninet","height":0,"hidePkgs":[],"hmNotes":"","hookPkgs":[],"lac":0,"latitude":30.9057572,"line1Number":"18328729024","longitude":103.838784,"macAddress":"3a:07:a6:4c:de:ef","memAvailable":171995637,"memFree":343991274,"memTotal":515986911,"mnc":"00","networkClass":3,"networkCountryIso":"cn","networkOperator":"46000","networkOperatorName":"中国移动","networkType":13,"networkTypeName":"LTE","phoneType":1,"rgAndroid":"23","rgAreaode":"86","rgConNames":["上善若水","杨惠净"],"rgConsize":"2","rgCountry":"中国","rgDevice":"xiaomiRedmi 4X","rgIp":"119.4.255.164","rgLastLogin":1516244860899,"rgLocation":"四川省成都市 联通","rgNetType":"切换飞行模式","rgOrPhone":"18328729024","rgPhoneNo":"18328729024","rgServer":"飞行模式切换","rgTime":1515831763998,"rgVcode":"玉米(发码)","rgVersion":"1.6.0","rgWxEmail":"未绑定","rgWxError":"该微信帐号因批量或者使用非法软件注册被限制登录，如需继续使用，请轻触“确定”申请解除限制。","rgWxId":"wxid_xww3q1245hjn22","rgWxName":"杨惠净","rgWxNo":"未设置","rgWxPasswd":"Rmst@7890","rgWxQQ":"未绑定","rgWxStatus":"异常","rgWxWindows":"否","serialno":"ba577930","simCountryIso":"cn","simOperator":"46000","simOperatorName":"中国移动","simSerialNumber":"8986001924211530844","simState":5,"subscriberId":"460005338585316","type":0,"typeName":"MOBILE","width":0,"wifiScan":["FAST_9d5497,d5:5f:db:8f:a5:b9,[WPA-PSK-CCMP][WPA2-PSK-CCMP][WPS][ESS],-91,2412,428805491","FAST_d1f430,14:09:3a:6a:89:28,[WPA-PSK-CCMP][WPA2-PSK-CCMP][ESS],-86,2437,1125330256","MERCURY_5a911f,32:13:92:42:be:eb,[WPA-PSK-CCMP][WPA2-PSK-CCMP][WPS][ESS],-91,2412,307598462","FAST_0448,d8:e4:8d:ac:d4:ef,[WPA-PSK-CCMP][WPA2-PSK-CCMP][WPS][ESS],-73,2457,1995835372","PHICOMM_375498,5d:84:1d:b4:2a:56,[WPA2-PSK-CCMP][ESS],-53,2462,1920937384","PHICOMM_a9dcb8,34:7a:89:be:a3:e3,[WPA2-PSK-CCMP][WPS][ESS],-93,2452,383279439"]}