{"BSSID":"e3:74:98:91:e5:b7","IpAddress":"192.168.30.145","P2p0Mac":"15:17:59:41:0a:97","SSID":"FAST_7bad","androidId":"ad7470761246acf9","batteryLevel":61,"btAddress":"c0:0a:9d:f7:1e:85","btName":"samsung SM-N9300","buildAbi":"armeabi-v7a","buildAbi2":"armeabi","buildBoard":"piranha","buildBrand":"samsung","buildCodename":"REL","buildDescription":"samsung SM-N9300-user 6.0.1 MMB29T 18d6f60b release-keys","buildDevice":"samsung SM-N9300","buildFingerprint":"samsung/samsung SM-N9300/samsung SM-N9300:6.0.1/MMB29T/18d6f60b:user/release-keys","buildHardware":"qcom","buildHost":"sp-ci-01-desktop","buildId":"MMB29T","buildIncremental":"18d6f60b","buildManufacturer":"samsung","buildModel":"samsung SM-N9300","buildName":"samsung","buildProduct":"samsung SM-N9300","buildRadioVersion":"uwiaqittzjulu","buildRelease":"6.0.1","buildSdk":"23","buildSerialno":"45f201f3","buildTags":"release-keys","buildType":"user","buildUser":"Server","buildUtc":1512296860091,"cellScan":[],"ci":0,"contacts":["奶奶,13003755899","姑妈,13902111310","外婆,18003255682","外公,13004363802","舅舅,13905460639","舅妈,13005900898","姨父,15706302530","姨娘,15708445568","亲爱的,14702463434","老弟,15504696642","老妹,18902868080","小明,13801904971","小李子,18908448079","侯印寅,15303466258","Lori Torres,18001048938","马相棠,13703308928","杨权,13004555385","巴利铁,13504867444","Erica Mcdonald,13508715195","包敬厚,18900601881","王友,15308032052","王时,13901317567","Sarah Clark,13806347787","武守绍,15500468728","林砚康,18903192189","杨齐,15300986349","Tammy Palmer,18001965865","王妙军,18603088643","李杏,15806077902","吴享克,15102638049","Christopher Kennedy,15107534806","杨会桂,15006671526","左曜精,18808571836","吴经,15002972627","Loretta Morgan,15905224655","王竞谦,15102885044","冯泰,13402136373","杨恒瑕,13806886869","Steve Collins,13506851759","谈阔砚,15607214479","于津,18703104931","伊君培,15308222419","Theresa Butler,13300754886","牧河恺,13403666678"],"cpuName":"Qualcomm Technologies, Inc MSM8996","densityDpi":560,"deviceId":"860560469165403","deviceSvn":"81","displayId":"samsung SM-N9300-user 6.0.1 MMB29T 18d6f60b release-keys","extraInfo":"FAST_7bad","height":0,"hidePkgs":[],"hmNotes":"","hookPkgs":[],"lac":0,"latitude":30.7296762,"line1Number":"18728437211","longitude":104.2635455,"macAddress":"b5:2f:15:06:52:3f","memAvailable":701770173,"memFree":2105310522,"memTotal":2807080695,"mnc":"00","networkClass":1,"networkCountryIso":"cn","networkOperator":"46007","networkOperatorName":"中国移动","networkType":2,"networkTypeName":"EDGE","phoneType":1,"rgAndroid":"23","rgAreaode":"86","rgConNames":["上善若水","诸英畏"],"rgConsize":"2","rgCountry":"中国","rgDevice":"xiaomiRedmi 4X","rgIp":"119.4.255.193","rgLastLogin":1516875622983,"rgLocation":"四川省成都市 联通","rgNetType":"切换飞行模式","rgOrPhone":"18728437211","rgPhoneNo":"18728437211","rgServer":"飞行模式切换","rgTime":1515829904073,"rgVcode":"玉米(发码)","rgVersion":"1.6.0","rgWxEmail":"未绑定","rgWxError":"","rgWxId":"wxid_axzpclwstocl22","rgWxName":"诸英畏","rgWxNo":"未设置","rgWxPasswd":"Rmst@7890","rgWxQQ":"未绑定","rgWxStatus":"存活","rgWxWindows":"否","serialno":"45f201f3","simCountryIso":"cn","simOperator":"46007","simOperatorName":"中国移动","simSerialNumber":"8986008180040997051","simState":5,"subscriberId":"460079885796440","type":1,"typeName":"WIFI","width":0,"wifiScan":["PHICOMM_9cb86b,22:3f:c4:12:9c:be,[WPA-PSK-CCMP][WPA2-PSK-CCMP][WPS][ESS],-76,2412,1939634108","Netcore_752255,4a:9d:40:3e:37:eb,[WPA2-PSK-CCMP][WPS][ESS],-90,2412,3072527289","TP-LINK_fe21dc,5b:82:0b:f7:5b:66,[WPA2-PSK-CCMP][ESS],-89,2462,472364168","Netcore_75ec1f,7a:a0:68:aa:0f:d4,[WPA-PSK-CCMP][WPA2-PSK-CCMP][ESS],-82,2437,2814136732","Netcore_b86b9e,c0:08:2b:6f:61:dd,[WPA-PSK-CCMP][WPA2-PSK-CCMP][WPS][ESS],-68,2457,191883767","PHICOMM_a8cbfe,41:fc:63:d1:e5:1f,[WPA-PSK-CCMP][WPA2-PSK-CCMP][WPS][ESS],-80,2472,222525671"]}