{"BSSID":"7a:e9:02:80:0a:a2","IpAddress":"192.168.14.65","P2p0Mac":"b1:ea:e6:50:ca:a9","SSID":"MERCURY_d10caf","androidId":"d48cd6f70d9e3b6f","batteryLevel":83,"btAddress":"de:a8:49:26:ca:5c","btName":"Redmi Note 3","buildAbi":"armeabi-v7a","buildAbi2":"armeabi","buildBoard":"bullhead","buildBrand":"Xiaomi","buildCodename":"REL","buildDescription":"hennessy-user 5.1.1 LMY48G b461cd3e release-keys","buildDevice":"hennessy","buildFingerprint":"Xiaomi/Redmi Note 3/hennessy:5.1.1/LMY48G/b461cd3e:user/release-keys","buildHardware":"qcom","buildHost":"qh-miui-ota-bd54","buildId":"LMY48G","buildIncremental":"b461cd3e","buildManufacturer":"Xiaomi","buildModel":"Redmi Note 3","buildName":"Xiaomi","buildProduct":"hennessy","buildRadioVersion":"tmkpjkgqby","buildRelease":"5.1.1","buildSdk":"22","buildSerialno":"aef90240","buildTags":"release-keys","buildType":"user","buildUser":"Server","buildUtc":1469835960714,"cellScan":[],"ci":0,"contacts":["奶奶,13907998749","姑妈,15905757069","外婆,15603143051","外公,15903925821","舅舅,18908806296","舅妈,15306564900","姨父,18807352663","姨娘,13202467271","亲爱的,15001837818","老弟,15602391288","老妹,15300382256","小明,13408830528","小李子,15305147124","甘寅罗,18801181996","Sally Moore,18700155532","戚绍勋,15904772329","吴然玉,18003120520","王培,15600037756","Leo James,13006156172","毕克雪,18800280260","庞倩协,13106487339","弓嗣岭,15006068041","Derrick Crawford,13402551185","余殊朋,13490799674","栾魄界,13308627236","余若彤,13706683382","Stephanie Alexander,13504757663","李妙,14707101046","姚璐薇,15608267809","王意绍,18001422948","Jacob Ruiz,18005308531","张轩媛,13704478755","杨欢,15904062774","臧寅岁,15006608940","Eddie Mcdonald,15201191132","支森骥,13901993340","张瑛守,13905181333","伍岭玮,15503780505","Gloria Ramirez,13208377074","骆廉校,15706303387","李彤景,13008123935","韦君烁,18007414694","Maria Murray,15301897943"],"cpuName":"MT6795","densityDpi":480,"deviceId":"864725050260865","deviceSvn":"75","displayId":"hennessy-user 5.1.1 LMY48G b461cd3e release-keys","extraInfo":"MERCURY_d10caf","height":0,"hidePkgs":[],"hmNotes":"","hookPkgs":[],"lac":0,"latitude":30.5608621,"line1Number":"13408541101","longitude":104.2806306,"macAddress":"16:1b:24:bd:57:dc","memAvailable":4109646540,"memFree":12328939623,"memTotal":16438586163,"mnc":"00","networkClass":3,"networkCountryIso":"cn","networkOperator":"46002","networkOperatorName":"中国移动","networkType":13,"networkTypeName":"LTE","phoneType":1,"rgAndroid":"23","rgAreaode":"86","rgConNames":[],"rgCountry":"中国","rgDevice":"xiaomiRedmi 4X","rgIp":"119.4.255.3","rgLastLogin":1516273859939,"rgLocation":"四川省成都市 联通","rgNetType":"切换飞行模式","rgOrPhone":"13408541101","rgPhoneNo":"13408541101","rgServer":"飞行模式切换","rgTime":1516252177231,"rgVcode":"玉米(发码)","rgVersion":"1.6.3","rgWxError":"帐号状态异常，本次登录已失效。请尝试重新登录，并根据弹窗提示操作。","rgWxName":"张素协","rgWxPasswd":"Rmst@7890","rgWxStatus":"异常","rgWxWindows":"否","serialno":"aef90240","simCountryIso":"cn","simOperator":"46002","simOperatorName":"中国移动","simSerialNumber":"8986008721259688954","simState":5,"subscriberId":"460027835639385","type":1,"typeName":"WIFI","width":0,"wifiScan":["Netcore_50e315,0e:be:c4:bd:12:ee,[WPA2-PSK-CCMP][ESS],-78,2457,231966204","Tenda_1f326a,f9:a0:6e:6a:9f:88,[WPA-PSK-CCMP][WPA2-PSK-CCMP][WPS][ESS],-56,2437,431115100","Netcore_376265,7e:dc:a7:f4:23:fd,[WPA-PSK-CCMP][WPA2-PSK-CCMP][WPS][ESS],-74,2437,512909074","FAST_d0fcbf,3c:dd:f2:69:73:1b,[WPA-PSK-CCMP][WPA2-PSK-CCMP][WPS][ESS],-87,2437,262511888","PHICOMM_76a8cb,e3:6b:c4:78:94:d7,[WPA2-PSK-CCMP][ESS],-51,2412,247642409","TP-LINK_305314,c7:23:24:f6:9a:53,[WPA2-PSK-CCMP][WPS][ESS],-93,2437,3619227920","MERCURY_58ba,e5:88:f1:a6:fd:f2,[WPA2-PSK-CCMP][WPS][ESS],-84,2462,2178738240","TP-LINK_510538,21:22:f2:35:18:5c,[WPA2-PSK-CCMP][ESS],-79,2422,1680637091"]}