{"BSSID":"63:36:92:b6:50:3c","IpAddress":"192.168.16.251","P2p0Mac":"04:bf:20:42:65:57","SSID":"Netcore_f30436","androidId":"254f6f621c64902a","batteryLevel":42,"btAddress":"2c:5e:c9:08:34:62","btName":"HTC D816v","buildAbi":"armeabi-v7a","buildAbi2":"armeabi","buildBoard":"m4","buildBrand":"htc","buildCodename":"REL","buildDescription":"htccn_chs_ct-user 5.0 LRX21M 819eda52 release-keys","buildDevice":"htc_a5dwg1","buildFingerprint":"htc/HTC D816v/htc_a5dwg1:5.0/LRX21M/819eda52:user/release-keys","buildHardware":"qcom","buildHost":"linux-user","buildId":"LRX21M","buildIncremental":"819eda52","buildManufacturer":"HTC","buildModel":"HTC D816v","buildName":"htc","buildProduct":"htccn_chs_ct","buildRadioVersion":"icwsnrgareibtrxd","buildRelease":"5.0","buildSdk":"21","buildSerialno":"9542ce0c","buildTags":"release-keys","buildType":"user","buildUser":"builder","buildUtc":1499707315131,"cellScan":["61722,169512987","61722,36891","32768,17364","39698,162861361","39698,162861362"],"ci":36891,"contacts":["奶奶,15200903976","姑妈,18001931652","外婆,18604055171","外公,15807316457","舅舅,13300623383","舅妈,15004771392","姨父,13308026673","姨娘,13305132103","亲爱的,13605741587","老弟,18702841486","老妹,15605260478","小明,14700437741","小李子,18907104746","于霖俊,13805451339","Alicia Morris,13804862369","杨嵬京,13105477256","隗俊彦,15100286394","危演焱,15907020060","Rosa Price,15807204057","莫阳可,18707488349","宁雍献,13608670749","祁尚衔,15904137092","Pedro Gardner,15803753506","杨午,18000588327","张任珀,14705704296","杨屏,15300030743","Alfred Diaz,18900096145","诸鹏卿,18907015648","杨乐让,14707021324","莫余蔚,13405270849","Kyle Freeman,15805724773","卜汉颖,13490489104","卢稼望,18908410863","闵璞铭,18608855155","Eva Fox,15601083414","洪奎渠,15908227377","庞许蔚,15008726304","刘玮密,15308411576","Kenneth Peters,18901294147","卢轩轩,15605973234","公孙红思,15202104517","贝悠水,15507324956","Judy Riley,13001953151","车举效,13601713958","熊世鑫,18607991822","霍梦西,15206917099","Karen Ford,13405267317","杨薇洋,18608073264","杨渠,15903522772"],"cpuName":"Qualcomm MSM8928","densityDpi":480,"deviceId":"863164645073701","deviceSvn":"24","displayId":"htccn_chs_ct-user 5.0 LRX21M 819eda52 release-keys","extraInfo":"Netcore_f30436","height":0,"hidePkgs":[],"hmNotes":"","hookPkgs":[],"lac":61722,"latitude":30.638983,"line1Number":"13540183774","longitude":103.9559393,"macAddress":"bc:28:e4:1e:2e:43","memAvailable":172066345,"memFree":344132691,"memTotal":516199036,"mnc":"00","networkClass":1,"networkCountryIso":"cn","networkOperator":"46000","networkOperatorName":"中国移动","networkType":2,"networkTypeName":"EDGE","phoneType":1,"rgAndroid":"23","rgAreaode":"86","rgConNames":["齐苡恺","上善若水"],"rgConsize":"2","rgCountry":"中国","rgDevice":"xiaomiRedmi 4X","rgIp":"119.4.252.129","rgLastLogin":1516706879613,"rgLocation":"四川省成都市 联通","rgNetType":"切换飞行模式","rgOrPhone":"13540183774","rgPhoneNo":"13540183774","rgServer":"飞行模式切换","rgTime":1516256286015,"rgVcode":"玉米(发码)","rgVersion":"1.6.3","rgWxEmail":"未绑定","rgWxError":"","rgWxId":"wxid_xokvll2r8han22","rgWxName":"齐苡恺","rgWxNo":"未设置","rgWxPasswd":"Rmst@7890","rgWxQQ":"未绑定","rgWxStatus":"异常","rgWxWindows":"否","serialno":"9542ce0c","simCountryIso":"cn","simOperator":"46000","simOperatorName":"中国移动","simSerialNumber":"8986028078896666688","simState":5,"subscriberId":"460008760273957","type":1,"typeName":"WIFI","width":0,"wifiScan":["Netcore_50fc9e,80:89:17:69:a8:ce,[WPA2-PSK-CCMP][WPS][ESS],-68,2452,422327500","Netcore_e32620,8c:21:0a:44:11:cc,[WPA-PSK-CCMP][WPA2-PSK-CCMP][ESS],-83,2457,255974935","Tenda_87ba7a,44:97:5a:3c:dd:a4,[WPA2-PSK-CCMP][ESS],-93,2462,2183436597","Netcore_087bae,a4:eb:d3:b3:f3:56,[WPA2-PSK-CCMP][ESS],-81,2412,283529478","Tenda_0e1ed1,dc:4a:3e:bd:a2:73,[WPA2-PSK-CCMP][ESS],-83,2452,502310505"]}