{"BSSID":"a8:80:56:59:84:a1","IpAddress":"192.168.10.149","P2p0Mac":"36:55:a7:41:14:e3","SSID":"MERCURY_150f","androidId":"15ad935d351f6d82","batteryLevel":85,"btAddress":"7f:a9:67:7c:c7:dd","btName":"vivo X5V","buildAbi":"armeabi-v7a","buildAbi2":"armeabi","buildBoard":"m4","buildBrand":"vivo","buildCodename":"REL","buildDescription":"PD1401V-user 5.0 LRX21M a3076e1c release-keys","buildDevice":"PD1401V","buildFingerprint":"vivo/vivo X5V/PD1401V:5.0/LRX21M/a3076e1c:user/release-keys","buildHardware":"qcom","buildHost":"huawei-server-05","buildId":"LRX21M","buildIncremental":"a3076e1c","buildManufacturer":"vivo","buildModel":"vivo X5V","buildName":"vivo","buildProduct":"PD1401V","buildRadioVersion":"tbdumsjzmqyreyb","buildRelease":"5.0","buildSdk":"21","buildSerialno":"24593e30","buildTags":"release-keys","buildType":"user","buildUser":"builder","buildUtc":1461305583695,"cellScan":["33041,117768225","61721,169446716","61721,36153","61721,2925","61721,169446713"],"ci":117768225,"contacts":["奶奶,18608347071","姑妈,15605853268","外婆,13704676241","外公,13303512394","舅舅,15707837551","舅妈,13207821281","姨父,15707190636","姨娘,13490697629","亲爱的,13504326329","老弟,13800802252","老妹,18701488188","小明,13607172003","小李子,18903204581","尹钰土,13808527925","Lillian Mills,13703510719","程由图,13703376322","项怒立,18607021484","阮海露,18600251126","Diane Wagner,13203958299","陈雨能,15304242953","应明星,18903871337","龚友厚,18000148228","Elizabeth Ross,13490842124","闵绵愚,18803980632","李培精,13490594249","粱西奇,14701123022","Christopher Flores,15705984528","杨石铁,15304647383","杨冠,13003296329","吴佳寅,13200054402","Ronald Lee,13101174406","王华万,15102736022","杨龙,13900797152","伏薇露,13003089041","Albert Ramirez,13203732034","邢佳土,13608004777","盛海楷,15908717777","吴向炯,14700077304","Martha Myers,18801676292","牧雨松,15006675737","陶遇玺,13908120634","周茜,18002613678","Marjorie Boyd,18900045898","孙岳,18800730661","葛游慎,15605474374","张立,15604217270","Kelly Nichols,15606061305","羿萱声,13005680015","杨萱设,13490871854","干罗贵,14703306774","Gordon Henderson,18707183306","李虹珀,13100680437"],"cpuName":"Qualcomm Technologies, Inc MSM8939","densityDpi":240,"deviceId":"864825897878067","deviceSvn":"19","displayId":"PD1401V-user 5.0 LRX21M a3076e1c release-keys","extraInfo":"MERCURY_150f","height":0,"hidePkgs":[],"hmNotes":"","hookPkgs":[],"lac":33041,"latitude":30.7788825,"line1Number":"18224433326","longitude":103.9483386,"macAddress":"10:fe:9a:12:0c:3b","memAvailable":23486112,"memFree":70458339,"memTotal":93944451,"mnc":"00","networkClass":2,"networkCountryIso":"cn","networkOperator":"46000","networkOperatorName":"中国移动","networkType":17,"networkTypeName":"TD_SCDMA","phoneType":1,"rgAndroid":"23","rgAreaode":"86","rgConNames":[],"rgCountry":"中国","rgDevice":"xiaomiRedmi 4X","rgIp":"119.4.252.180","rgLastLogin":1516281514345,"rgLocation":"四川省成都市 联通","rgNetType":"切换飞行模式","rgOrPhone":"18224433326","rgPhoneNo":"18224433326","rgServer":"飞行模式切换","rgTime":1516266592579,"rgVcode":"玉米(发码)","rgVersion":"1.6.3","rgWxError":"帐号或密码错误，请重新填写。","rgWxName":"龙世苡","rgWxPasswd":"Rmst@7890","rgWxStatus":"异常","rgWxWindows":"否","serialno":"24593e30","simCountryIso":"cn","simOperator":"46000","simOperatorName":"中国移动","simSerialNumber":"8986007387252586302","simState":5,"subscriberId":"460001759832126","type":1,"typeName":"WIFI","width":0,"wifiScan":["TP-LINK_536595,00:5a:39:23:80:f8,[WPA-PSK-CCMP][WPA2-PSK-CCMP][WPS][ESS],-77,2462,238661733","Tenda_ec0eba,a8:15:4d:33:61:b6,[WPA-PSK-CCMP][WPA2-PSK-CCMP][WPS][ESS],-50,2457,203317183","MERCURY_c1f215,e4:d3:32:58:19:3a,[WPA-PSK-CCMP][WPA2-PSK-CCMP][WPS][ESS],-89,2462,3368537133","MERCURY_87ba,00:5a:39:23:b8:70,[WPA-PSK-CCMP][WPA2-PSK-CCMP][WPS][ESS],-74,2462,376378877","Netcore_b87bad,50:bd:5f:5f:0e:49,[WPS][ESS],-82,2437,3135129711"]}