{"BSSID":"1d:5f:a6:3a:f0:49","IpAddress":"192.168.17.23","P2p0Mac":"72:1a:06:03:7b:24","SSID":"Netcore_94376a","androidId":"acb99042d35e256b","batteryLevel":80,"btAddress":"e6:ad:ba:c7:b7:92","btName":"m2 note","buildAbi":"armeabi-v7a","buildAbi2":"armeabi","buildBoard":"msm8994","buildBrand":"Meizu","buildCodename":"REL","buildDescription":"m2 note-user 5.1.1 LMY48G e5eb6ee4 release-keys","buildDevice":"m2 note","buildFingerprint":"Meizu/m2 note/m2 note:5.1.1/LMY48G/e5eb6ee4:user/release-keys","buildHardware":"qcom","buildHost":"glsrv4","buildId":"LMY48G","buildIncremental":"e5eb6ee4","buildManufacturer":"Meizu","buildModel":"m2 note","buildName":"Meizu","buildProduct":"m2 note","buildRadioVersion":"akmittabfvdijgf","buildRelease":"5.1.1","buildSdk":"22","buildSerialno":"bfc08530","buildTags":"release-keys","buildType":"user","buildUser":"MarkBuild","buildUtc":1478992508128,"cellScan":["32780,44476","32780,43404","61700,168067307","32780,23085","33034,15474"],"ci":168067307,"contacts":["奶奶,13203373137","姑妈,13800156874","外婆,15701043355","外公,18004675612","舅舅,13300578647","舅妈,15502741430","姨父,15800964402","姨娘,18004374962","亲爱的,18006748811","老弟,15204657039","老妹,18903481215","小明,15104942107","小李子,13490101216","袁嗣经,13300366453","Peggy Jordan,13490630401","仇韶国,15301131707","李坚,15303210678","咎秋阔,13304044492","Dana Hunter,15301486368","樊誓梧,18700278806","缪信兴,18703265337","杨璎,15307311383","Margaret Sanders,15302366996","卢宫翔,18002855855","束闻楷,18605688518","裘镜璞,13005047008","Lester Thomas,13001328302","吴阳豪,13501994104","滑演韶,15700611354","裘岩兴,18805541709","Andrea Smith,18805769025","杨麟,18801697050","杨逵,15606432641","骆烁净,15904425201","Theresa Price,13406315054","袁红保,18003174956","樊享商,15105151243","危会新,13507322505","Robin Hicks,13606546398","吴佳朋,13903674718","杨恺,15905332972","钮卿由,13502751193","Pamela Cox,13803165510"],"cpuName":"MT6753","densityDpi":320,"deviceId":"860933836394503","deviceSvn":"52","displayId":"m2 note-user 5.1.1 LMY48G e5eb6ee4 release-keys","extraInfo":"Netcore_94376a","height":0,"hidePkgs":[],"hmNotes":"","hookPkgs":[],"lac":61700,"latitude":30.786295,"line1Number":"18280426403","longitude":104.1186298,"macAddress":"65:06:77:dd:d0:d4","memAvailable":701592035,"memFree":2104776106,"memTotal":2806368141,"mnc":"00","networkClass":3,"networkCountryIso":"cn","networkOperator":"46002","networkOperatorName":"中国移动","networkType":13,"networkTypeName":"LTE","phoneType":1,"rgAndroid":"23","rgAreaode":"86","rgConNames":[],"rgCountry":"中国","rgDevice":"xiaomiRedmi 4X","rgIp":"101.206.166.253","rgLastLogin":1516273734271,"rgLocation":"四川省 联通","rgNetType":"切换飞行模式","rgOrPhone":"18280426403","rgPhoneNo":"18280426403","rgServer":"飞行模式切换","rgTime":1516248013322,"rgVcode":"玉米(发码)","rgVersion":"1.6.3","rgWxError":"帐号状态异常，本次登录已失效。请尝试重新登录，并根据弹窗提示操作。","rgWxName":"咎文瑛","rgWxPasswd":"Rmst@7890","rgWxStatus":"异常","rgWxWindows":"否","serialno":"bfc08530","simCountryIso":"cn","simOperator":"46002","simOperatorName":"中国移动","simSerialNumber":"8986009958112866387","simState":5,"subscriberId":"460026198252329","type":1,"typeName":"WIFI","width":0,"wifiScan":["Netcore_39548b,d8:15:0d:c3:b6:e6,[WPA2-PSK-CCMP][WPS][ESS],-84,2467,232937826","PHICOMM_487426,14:75:90:6e:41:4a,[WPA2-PSK-CCMP][ESS],-50,2457,648338552","Netcore_1ec142,0c:72:2c:92:54:4a,[WPA-PSK-CCMP][WPA2-PSK-CCMP][WPS][ESS],-66,2442,356372740","MERCURY_9ed143,e4:d3:32:1f:48:24,[WPA-PSK-CCMP][WPA2-PSK-CCMP][WPS][ESS],-55,2462,2505034733","FAST_9548,64:5d:92:d9:a9:79,[WPA2-PSK-CCMP][WPS][ESS],-87,2457,1775737307"]}