{"BSSID":"af:f5:7a:8a:a8:c4","IpAddress":"10.19.3.187","P2p0Mac":"cd:81:36:5b:6d:8e","SSID":"TP-LINK_62159b","androidId":"eacc0b19fa1c94e7","batteryLevel":78,"btAddress":"fe:17:5f:fb:de:9b","btName":"8675-HD","buildAbi":"armeabi-v7a","buildAbi2":"armeabi","buildBoard":"aries","buildBrand":"Coolpad","buildCodename":"REL","buildDescription":"8675-HD-user 6.0.1 MMB29T 4e9514dd release-keys","buildDevice":"8675-HD","buildFingerprint":"Coolpad/8675-HD/8675-HD:6.0.1/MMB29T/4e9514dd:user/release-keys","buildHardware":"qcom","buildHost":"mine","buildId":"MMB29T","buildIncremental":"4e9514dd","buildManufacturer":"Coolpad","buildModel":"8675-HD","buildName":"Coolpad","buildProduct":"8675-HD","buildRadioVersion":"poymrbmw","buildRelease":"6.0.1","buildSdk":"23","buildSerialno":"3353b5c7","buildTags":"release-keys","buildType":"user","buildUser":"MarkBuild","buildUtc":1491024911856,"cellScan":["61709,169766346","61709,169050795","61709,169768253","61709,169768256","61709,169021855"],"ci":169768256,"contacts":["奶奶,13807498198","姑妈,18706100597","外婆,13600083967","外公,14704940871","舅舅,18902425192","舅妈,18007167035","姨父,13202163612","姨娘,15105132906","亲爱的,13703065126","老弟,13806531424","老妹,13902143260","小明,13208850523","小李子,13208221149","于鹏会,13406982688","Philip Gomez,13407212993","吴奎,14706938416","仰康翔,18004023505","应仙朔,14700592647","Julia Brooks,18800694471","陈室,14700557123","杨诗,15008040382","李任,18907893206","Earl Diaz,18001070952","杨鹏,18701248630","王薇,15008556936","杨诗,13003245461","Samantha Phillips,15504066432","李良让,18606162344","俞芹耕,13301512693","咎灵杭,13601717769","Jonathan Stevens,13704247585","尉迟译嗣,13205883640","王土,13201993415","杨三,15702681005","Frederick Daniels,18704151480","裴陵屏,13107448115","陈松,18006984411","郑麟,13503722062","Gloria Palmer,13808633627","强望虎,13703908966","李如易,18801251501","于露土,15906488688","Darrell Lopez,13404526148","吴若湘,13607364549","于靖,13904270075","林靖让,18703441330","Bernard Diaz,18708467646"],"cpuName":"MT6592","densityDpi":240,"deviceId":"865635491192081","deviceSvn":"26","displayId":"8675-HD-user 6.0.1 MMB29T 4e9514dd release-keys","extraInfo":"uninet","height":0,"hidePkgs":[],"hmNotes":"","hookPkgs":[],"lac":61709,"latitude":30.588586,"line1Number":"18328704998","longitude":104.1571805,"macAddress":"4e:60:b6:3c:be:21","memAvailable":31434023,"memFree":62868048,"memTotal":94302071,"mnc":"00","networkClass":2,"networkCountryIso":"cn","networkOperator":"46002","networkOperatorName":"中国移动","networkType":8,"networkTypeName":"HSDPA","phoneType":1,"rgAndroid":"23","rgAreaode":"86","rgConNames":[],"rgCountry":"中国","rgDevice":"xiaomiRedmi 4X","rgIp":"119.4.254.209","rgLastLogin":1516273798376,"rgLocation":"四川省成都市 联通","rgNetType":"切换飞行模式","rgOrPhone":"18328704998","rgPhoneNo":"18328704998","rgServer":"飞行模式切换","rgTime":1516251638382,"rgVcode":"玉米(发码)","rgVersion":"1.6.3","rgWxError":"帐号状态异常，本次登录已失效。请尝试重新登录，并根据弹窗提示操作。","rgWxName":"焦炬厚","rgWxPasswd":"Rmst@7890","rgWxStatus":"异常","rgWxWindows":"否","serialno":"3353b5c7","simCountryIso":"cn","simOperator":"46002","simOperatorName":"中国移动","simSerialNumber":"8986026935562827670","simState":5,"subscriberId":"460028071387955","type":0,"typeName":"MOBILE","width":0,"wifiScan":["TP-LINK_9d9dc1,00:23:c9:71:00:17,[WPA-PSK-CCMP][WPA2-PSK-CCMP][WPS][ESS],-54,2437,1279926877","iTV-477b,a4:3d:78:b4:bf:70,[WPA2-PSK-CCMP][WPS][ESS],-71,2452,2758333389","TP-LINK_1538,74:a7:8e:0a:fd:d2,[WPA-PSK-CCMP][WPA2-PSK-CCMP][ESS],-90,2412,2320834561","Tenda_43b0e3,84:82:f4:21:87:9d,[WPA-PSK-CCMP][WPA2-PSK-CCMP][ESS],-73,2412,227170944","TP-LINK_7598db,54:a5:1b:c7:0b:59,[WPA2-PSK-CCMP][ESS],-84,2462,275931698"]}