{"BSSID":"af:4f:90:8a:d3:50","IpAddress":"192.168.30.55","P2p0Mac":"9d:b4:54:00:9c:b0","SSID":"Netcore_8eda8c","androidId":"3bec6a4e24fff5ae","batteryLevel":65,"btAddress":"cd:e8:a4:98:26:d8","btName":"vivo X5V","buildAbi":"armeabi-v7a","buildAbi2":"armeabi","buildBoard":"piranha","buildBrand":"vivo","buildCodename":"REL","buildDescription":"PD1401V-user 6.0.1 MMB29T a5620cfc release-keys","buildDevice":"PD1401V","buildFingerprint":"vivo/vivo X5V/PD1401V:6.0.1/MMB29T/a5620cfc:user/release-keys","buildHardware":"qcom","buildHost":"ubuntu","buildId":"MMB29T","buildIncremental":"a5620cfc","buildManufacturer":"vivo","buildModel":"vivo X5V","buildName":"vivo","buildProduct":"PD1401V","buildRadioVersion":"brdbjcrdblftns","buildRelease":"6.0.1","buildSdk":"23","buildSerialno":"948b3e89","buildTags":"release-keys","buildType":"user","buildUser":"buildHost","buildUtc":1475033949956,"cellScan":["65535,1024","33312,139752194","61717,169191428","33312,100339584","33042,118473504"],"ci":100339584,"contacts":["奶奶,18800718385","姑妈,13105010240","外婆,13605214019","外公,18605781513","舅舅,13490181652","舅妈,18705223401","姨父,15501912063","姨娘,18905644767","亲爱的,18704500949","老弟,13490426521","老妹,15704810083","小明,13906163707","小李子,15304764970","杨介,15705450652","Julie Williams,14703024777","张意汉,13106986660","金嵬仪,13707804999","于荃,18605930420","Walter Allen,15608737864","吴思雅,13905118288","杨麟,15108145497","吴先,13900635555","Johnny Rodriguez,13704920774","张文,15000816084","李甲,14704740523","元景如,18902669022","Marjorie Warren,18001883318","卢幸罗,15005165153","陈莉,18704154185","班贺巍,18704073405","Miguel Owens,15702754845","李添,13303564523","奚佩诗,13707081560","富汉岁,15201836498","Barbara Graham,15904925179","尤京添,18706802022","邱明让,13000130297","柯耀时,13207488615","Dale Watson,13103267122","余让媛,15603958467","裴昱随,13206407570","侯虎权,18800075187","Thelma Spencer,15702778466"],"cpuName":"Qualcomm Technologies, Inc MSM8939","densityDpi":480,"deviceId":"860786865747144","deviceSvn":"76","displayId":"PD1401V-user 6.0.1 MMB29T a5620cfc release-keys","extraInfo":"Netcore_8eda8c","height":0,"hidePkgs":[],"hmNotes":"","hookPkgs":[],"lac":33312,"latitude":30.4247679,"line1Number":"15198157472","longitude":104.2136707,"macAddress":"23:5a:5a:90:a9:a8","memAvailable":458462395,"memFree":1375387187,"memTotal":1833849582,"mnc":"00","networkClass":2,"networkCountryIso":"cn","networkOperator":"46002","networkOperatorName":"中国移动","networkType":8,"networkTypeName":"HSDPA","phoneType":1,"rgAndroid":"23","rgAreaode":"86","rgConNames":["宫宽莉","上善若水"],"rgConsize":"2","rgCountry":"中国","rgDevice":"xiaomiRedmi 4X","rgIp":"119.4.255.154","rgLastLogin":1516243884270,"rgLocation":"四川省成都市 联通","rgNetType":"切换飞行模式","rgOrPhone":"15198157472","rgPhoneNo":"15198157472","rgServer":"飞行模式切换","rgTime":1515751173526,"rgVcode":"玉米(发码)","rgVersion":"1.6.2","rgWxEmail":"未绑定","rgWxError":"该微信帐号因批量或者使用非法软件注册被限制登录，如需继续使用，请轻触“确定”申请解除限制。","rgWxId":"wxid_wuvx27rw9txa22","rgWxName":"宫宽莉","rgWxNo":"未设置","rgWxPasswd":"Rmst@7890","rgWxQQ":"未绑定","rgWxStatus":"异常","rgWxWindows":"否","serialno":"948b3e89","simCountryIso":"cn","simOperator":"46002","simOperatorName":"中国移动","simSerialNumber":"8986007733966866586","simState":5,"subscriberId":"460026932017377","type":1,"typeName":"WIFI","width":0,"wifiScan":["FAST_6c04f6,38:d8:2f:aa:d8:df,[WPA-PSK-CCMP][WPA2-PSK-CCMP][ESS],-94,2462,411812818","Netcore_5327a8,6c:e8:73:b5:f7:6e,[WPA2-PSK-CCMP][WPS][ESS],-77,2412,191097534","Tenda_dac104,0c:c6:55:47:a8:6c,[WPA-PSK-CCMP][WPA2-PSK-CCMP][WPS][ESS],-93,2462,517781092","TP-LINK_597cb8,a8:ca:7b:50:29:e8,[WPA2-PSK-CCMP][WPS][ESS],-77,2437,442629756","PHICOMM_cad98d,bc:46:99:69:5b:cc,[WPA-PSK-CCMP][WPA2-PSK-CCMP][WPS][ESS],-86,2462,277102916"]}