{"BSSID":"07:72:2c:a0:81:70","IpAddress":"192.168.77.74","P2p0Mac":"08:8e:39:66:10:18","SSID":"MERCURY_731598","androidId":"8f664be22bc33a7f","batteryLevel":87,"btAddress":"54:b2:f3:fc:8d:04","btName":"OPPO A33m","buildAbi":"armeabi-v7a","buildAbi2":"armeabi","buildBoard":"roth","buildBrand":"OPPO","buildCodename":"REL","buildDescription":"A33-user 6.0.1 MMB29T 7b7feb4c release-keys","buildDevice":"A33","buildFingerprint":"OPPO/OPPO A33m/A33:6.0.1/MMB29T/7b7feb4c:user/release-keys","buildHardware":"qcom","buildHost":"taishan","buildId":"MMB29T","buildIncremental":"7b7feb4c","buildManufacturer":"OPPO","buildModel":"OPPO A33m","buildName":"OPPO","buildProduct":"A33","buildRadioVersion":"pecprpciuvlbjxyhu","buildRelease":"6.0.1","buildSdk":"23","buildSerialno":"c9131920","buildTags":"release-keys","buildType":"user","buildUser":"jenkins","buildUtc":1513109119509,"cellScan":[],"ci":0,"contacts":["奶奶,13601041758","姑妈,13404911271","外婆,18906463991","外公,13301134608","舅舅,18005221079","舅妈,13208674493","姨父,13007435113","姨娘,15900402757","亲爱的,15103692893","老弟,18008695111","老妹,15208013449","小明,15107904951","小李子,18706950154","粱辉湘,18604021032","Vernon Stewart,15504948697","杨雷,15601338981","秋筱渠,18802528893","长孙译介,15006914858","Herman Myers,15807302146","杨设相,13603754649","卫宽,18601618064","郁思友,18600161049","Carolyn Mcdonald,15501312331","张同,15701006743","左仁校,15304448555","杨扬,13306068744","Yvonne Long,18001862513","吴竞曜,13908695005","陆权玺,15108590584","陈瑛,13003816096","Gilbert Campbell,18604412027","仇帅河,14701651108","于星演,15802055463","杨湘伟,15902585981","Kathryn Stewart,15201105460","靳易影,14707783360","纪木朋,14708137735","茅向精,15502040709","Alvin Black,15603700524","富渠轩,18905060434","经羡进,15804551001","杨岭,15202399072","Leon Sanders,15903208188","江兴珀,15701001352"],"cpuName":"Qualcomm Technologies, Inc MSM8916","densityDpi":480,"deviceId":"863660256677169","deviceSvn":"42","displayId":"A33-user 6.0.1 MMB29T 7b7feb4c release-keys","extraInfo":"MERCURY_731598","height":0,"hidePkgs":[],"hmNotes":"","hookPkgs":[],"lac":0,"latitude":30.8083837,"line1Number":"18224443084","longitude":104.3294094,"macAddress":"b5:70:cd:e7:09:86","memAvailable":23406251,"memFree":70218755,"memTotal":93625006,"mnc":"00","networkClass":2,"networkCountryIso":"cn","networkOperator":"46007","networkOperatorName":"中国移动","networkType":8,"networkTypeName":"HSDPA","phoneType":1,"rgAndroid":"23","rgAreaode":"86","rgConNames":[],"rgCountry":"中国","rgDevice":"xiaomiRedmi 4X","rgIp":"119.4.254.167","rgLastLogin":1515754240947,"rgLocation":"四川省成都市 联通","rgNetType":"切换飞行模式","rgOrPhone":"18224443084","rgPhoneNo":"18224443084","rgServer":"飞行模式切换","rgTime":1515746450215,"rgVcode":"玉米(发码)","rgVersion":"1.6.2","rgWxError":"帐号状态异常，本次登录已失效。请尝试重新登录，并根据弹窗提示操作。","rgWxName":"贺筱荣","rgWxPasswd":"Rmst@7890","rgWxStatus":"异常","rgWxWindows":"否","serialno":"c9131920","simCountryIso":"cn","simOperator":"46007","simOperatorName":"中国移动","simSerialNumber":"8986007417884134419","simState":5,"subscriberId":"460077022765914","type":1,"typeName":"WIFI","width":0,"wifiScan":["Netcore_141e36,ca:74:73:5f:89:db,[WPA-PSK-CCMP][WPA2-PSK-CCMP][WPS][ESS],-87,2462,309610100","Netcore_7afc10,10:36:4a:df:43:8f,[WPA2-PSK-CCMP][WPS][ESS],-81,2412,315817417","Netcore_752053,14:2f:fc:9f:24:19,[WPA2-PSK-CCMP][ESS],-71,2427,1092533726","TP-LINK_fcbfd1,30:68:f9:b0:0a:2e,[WPA2-PSK-CCMP][WPS][ESS],-79,2437,316674214","MERCURY_f37215,da:92:8e:2c:f4:06,[WPA-PSK-CCMP][WPA2-PSK-CCMP][WPS][ESS],-91,2437,1713438050","Tenda_1e2053,fb:ab:02:55:7c:11,[WPA2-PSK-CCMP][WPS][ESS],-85,2412,2126935165","Netcore_d107ba,13:fc:12:aa:af:a9,[WPA-PSK-CCMP][WPA2-PSK-CCMP][WPS][ESS],-62,2412,1742527693"]}