{"BSSID":"2e:15:bd:e9:74:55","IpAddress":"192.168.42.182","P2p0Mac":"2e:95:2d:3e:8a:a0","SSID":"MERCURY_95387a","androidId":"ebd549c3d4b989cb","batteryLevel":89,"btAddress":"ff:4f:9f:ec:c7:0e","btName":"HM NOTE 1S","buildAbi":"armeabi-v7a","buildAbi2":"armeabi","buildBoard":"flounder","buildBrand":"Xiaomi","buildCodename":"REL","buildDescription":"gucci-user 6.0.1 MMB29T 7bb70fb2 release-keys","buildDevice":"gucci","buildFingerprint":"Xiaomi/HM NOTE 1S/gucci:6.0.1/MMB29T/7bb70fb2:user/release-keys","buildHardware":"qcom","buildHost":"wcc-miui-ota-bd07.bj","buildId":"MMB29T","buildIncremental":"7bb70fb2","buildManufacturer":"Xiaomi","buildModel":"HM NOTE 1S","buildName":"Xiaomi","buildProduct":"gucci","buildRadioVersion":"nsaagadihaarcguvq","buildRelease":"6.0.1","buildSdk":"23","buildSerialno":"dc8135fb","buildTags":"release-keys","buildType":"user","buildUser":"jenkins","buildUtc":1472985363382,"cellScan":["33069,58535","33069,136881924","61711,168757823","33069,22866","61711,2623"],"ci":168757823,"contacts":["奶奶,14704907804","姑妈,13490109768","外婆,15800256888","外公,13601258934","舅舅,18904542193","舅妈,13403092440","姨父,13403426066","姨娘,13008554847","亲爱的,13104552844","老弟,13008614550","老妹,14700601572","小明,18702499043","小李子,15002632865","魏伊峻,13303978083","Hazel Hunt,13305105842","李慎保,13104243878","杨石仪,15905400368","张梦,15501994528","Lucille Lewis,13101283538","左添宽,13902544756","何棠星,15901586967","邵嘉恒,13800760703","Veronica Kennedy,13703384816","危银颂,18006196590","李棠坚,15907546652","封意演,15305311595","Warren Bailey,18006482890","喻年遇,13503835847","余卿,13007842235","余俊,14701623087","Ralph Garcia,14704400570","杨卿谦,18006877757","李瑛,13508685769","贝荣康,13908050631","Gary Wagner,13705853506","薛适怡,13490183010","殷豪玉,18602390543","王剑会,14705925555","Regina Ford,18805567453","松旭友,15000738323","吉鹄稼,13700745291","陈薇思,13306275264","Ann Barnes,13304502737","顾书万,15503677671","樊水闻,15608466940"],"cpuName":"Qualcomm Technologies, Inc MSM8916","densityDpi":480,"deviceId":"863747958035182","deviceSvn":"66","displayId":"gucci-user 6.0.1 MMB29T 7bb70fb2 release-keys","extraInfo":"MERCURY_95387a","height":0,"hidePkgs":[],"hmNotes":"","hookPkgs":[],"lac":61711,"latitude":30.7391754,"line1Number":"18224438846","longitude":104.0166721,"macAddress":"90:8e:b3:54:1f:1e","memAvailable":31233181,"memFree":62466363,"memTotal":93699544,"mnc":"00","networkClass":2,"networkCountryIso":"cn","networkOperator":"46007","networkOperatorName":"中国移动","networkType":17,"networkTypeName":"TD_SCDMA","phoneType":1,"rgAndroid":"23","rgAreaode":"86","rgConNames":["上善若水","余业"],"rgConsize":"2","rgCountry":"中国","rgDevice":"xiaomiRedmi 4X","rgIp":"101.206.167.200","rgLastLogin":1516020402890,"rgLocation":"四川省 联通","rgNetType":"切换飞行模式","rgOrPhone":"18224438846","rgPhoneNo":"18224438846","rgServer":"飞行模式切换","rgTime":1515748369393,"rgVcode":"玉米(发码)","rgVersion":"1.6.2","rgWxEmail":"未绑定","rgWxError":"帐号状态异常，本次登录已失效。请尝试重新登录，并根据弹窗提示操作。","rgWxId":"wxid_b246wj3oheya22","rgWxName":"余业","rgWxNo":"未设置","rgWxPasswd":"Rmst@7890","rgWxQQ":"未绑定","rgWxStatus":"异常","rgWxWindows":"否","serialno":"dc8135fb","simCountryIso":"cn","simOperator":"46007","simOperatorName":"中国移动","simSerialNumber":"8986001721277292244","simState":5,"subscriberId":"460074041997931","type":1,"typeName":"WIFI","width":0,"wifiScan":["PHICOMM_2b80cf,24:69:68:ef:34:fe,[WPA2-PSK-CCMP][WPS][ESS],-84,2437,225625424","MERCURY_d10436,d0:c7:c0:e7:77:0a,[WPA-PSK-CCMP][WPA2-PSK-CCMP][WPS][ESS],-81,2437,412168423","PHICOMM_8bafc1,40:16:9f:77:b3:92,[WPA-PSK-CCMP][WPA2-PSK-CCMP][ESS],-73,2437,3183232167","iTV-6215,d8:15:0d:e8:91:54,[WPA2-PSK-TKIP+CCMP][WPS][ESS],-83,2437,1956227403","FAST_7afe,64:3a:b1:d5:a8:2a,[WPA-PSK-CCMP][WPA2-PSK-CCMP][ESS],-62,2462,390402901"]}