{"BSSID":"b1:ff:4e:cd:24:d8","IpAddress":"192.168.65.124","P2p0Mac":"52:22:d6:52:12:41","SSID":"Netcore_d26410","androidId":"cc993824f2ee0ebc","batteryLevel":73,"btAddress":"0d:f6:82:e5:44:84","btName":"MI 4C","buildAbi":"armeabi-v7a","buildAbi2":"armeabi","buildBoard":"MSM8994","buildBrand":"Xiaomi","buildCodename":"REL","buildDescription":"cancro-user 5.0 LRX21M a8140125 release-keys","buildDevice":"cancro","buildFingerprint":"Xiaomi/MI 4C/cancro:5.0/LRX21M/a8140125:user/release-keys","buildHardware":"qcom","buildHost":"mz-buider-4","buildId":"LRX21M","buildIncremental":"a8140125","buildManufacturer":"Xiaomi","buildModel":"MI 4C","buildName":"Xiaomi","buildProduct":"cancro","buildRadioVersion":"rccypbuf","buildRelease":"5.0","buildSdk":"21","buildSerialno":"7fcb5e80","buildTags":"release-keys","buildType":"user","buildUser":"MarkBuild","buildUtc":1474961285747,"cellScan":["32775,135213318","61702,168187368","32775,19116","32771,24266","61708,169483079"],"ci":168187368,"contacts":["奶奶,13490361502","姑妈,13501458801","外婆,13708252779","外公,15208536779","舅舅,18901408250","舅妈,13903637656","姨父,18908320805","姨娘,13400879038","亲爱的,13490238823","老弟,18608478632","老妹,15003377772","小明,13400150868","小李子,18602538105","张杏,13600445159","Steven Lawson,13507444097","莫超佩,13490818874","潘罗任,18808444111","伊韶瑜,13601391857","Angela Perkins,13901814552","隗龙念,18803383382","干商密,15000764581","奚启土,15901811691","Phillip Richardson,15206748120","王启守,13602883318","李卿艺,18800378456","张善贤,15105572002","Lisa Porter,13405558442","魏谷雪,13802406560","余业时,15306735951","吴魄奇,13007662373","Kelly Hudson,18608816864","陈英,13007710146","臧权珂,13602687677","余诗演,13907332176","John Russell,13701421773","陆青魁,15005065703","吴古效,13708805499","惠君双,18807672003","Diane Hamilton,18701587414","窦衔河,18707847729"],"cpuName":"Qualcomm MSM8974PRO-AC","densityDpi":480,"deviceId":"861304480808371","deviceSvn":"29","displayId":"cancro-user 5.0 LRX21M a8140125 release-keys","extraInfo":"Netcore_d26410","height":0,"hidePkgs":[],"hmNotes":"","hookPkgs":[],"lac":61702,"latitude":30.612813,"line1Number":"18224432612","longitude":103.9508637,"macAddress":"53:61:fe:b2:1f:32","memAvailable":23627346,"memFree":70882039,"memTotal":94509385,"mnc":"00","networkClass":2,"networkCountryIso":"cn","networkOperator":"46002","networkOperatorName":"中国移动","networkType":8,"networkTypeName":"HSDPA","phoneType":1,"rgAndroid":"23","rgAreaode":"86","rgConNames":[],"rgCountry":"中国","rgDevice":"xiaomiRedmi 4X","rgIp":"119.4.253.117","rgLastLogin":1515756247001,"rgLocation":"四川省成都市 联通","rgNetType":"切换飞行模式","rgOrPhone":"18224432612","rgPhoneNo":"18224432612","rgServer":"飞行模式切换","rgTime":1515753146765,"rgVcode":"玉米(发码)","rgVersion":"1.6.2","rgWxError":"帐号状态异常，本次登录已失效。请尝试重新登录，并根据弹窗提示操作。","rgWxName":"羊瑞秋","rgWxPasswd":"Rmst@7890","rgWxStatus":"异常","rgWxWindows":"否","serialno":"7fcb5e80","simCountryIso":"cn","simOperator":"46002","simOperatorName":"中国移动","simSerialNumber":"8986006122669666234","simState":5,"subscriberId":"460026360954380","type":1,"typeName":"WIFI","width":0,"wifiScan":["FAST_587a,04:5f:a7:0d:6a:8c,[WPA2-PSK-CCMP][ESS],-53,2462,911827051","TP-LINK_2e2058,d8:15:0d:d3:70:1a,[WPA-PSK-CCMP][WPA2-PSK-CCMP][WPS][ESS],-73,2412,309259668","Netcore_6a6497,00:16:78:4c:52:78,[WPA2-PSK-CCMP][ESS],-57,2447,200279439","MERCURY_7598db,0c:82:68:a4:f4:c0,[WPA-PSK-CCMP][WPA2-PSK-CCMP][ESS],-76,2437,480431094","PHICOMM_a75386,5c:63:bf:d2:db:5c,[WPA2-PSK-CCMP][ESS],-87,2437,3170437342"]}