{"BSSID":"9e:06:de:be:04:a0","IpAddress":"10.33.81.106","P2p0Mac":"4f:f0:0d:e6:a6:52","SSID":"FAST_f30e21","androidId":"5ad94d3c5cc05d5c","batteryLevel":31,"btAddress":"a2:49:79:62:cc:50","btName":"HM NOTE 1TD","buildAbi":"armeabi-v7a","buildAbi2":"armeabi","buildBoard":"herring","buildBrand":"Xiaomi","buildCodename":"REL","buildDescription":"lcsh92_wet_tdd-user 5.0 LRX21M b32a2a3e release-keys","buildDevice":"lcsh92_wet_tdd","buildFingerprint":"Xiaomi/HM NOTE 1TD/lcsh92_wet_tdd:5.0/LRX21M/b32a2a3e:user/release-keys","buildHardware":"qcom","buildHost":"huawei-server-05","buildId":"LRX21M","buildIncremental":"b32a2a3e","buildManufacturer":"Xiaomi","buildModel":"HM NOTE 1TD","buildName":"Xiaomi","buildProduct":"lcsh92_wet_tdd","buildRadioVersion":"pnqcxedumzo","buildRelease":"5.0","buildSdk":"21","buildSerialno":"edbd311b","buildTags":"release-keys","buildType":"user","buildUser":"jenkins","buildUtc":1467205099946,"cellScan":[],"ci":0,"contacts":["奶奶,15700406606","姑妈,18608172767","外婆,15302356929","外公,13002825959","舅舅,18706652730","舅妈,15507803295","姨父,13907113209","姨娘,18608395247","亲爱的,13490510510","老弟,15008703208","老妹,14700192164","小明,15004274114","小李子,13601668808","杨棠然,15506302476","Irene Martinez,13102383625","余权,13508491372","王仙群,13802634247","柯阔露,18801447266","Melissa Hayes,14708248344","龚梁泰,14705506438","樊海愚,18703305006","水屏峻,15001896111","Louise Lawrence,15207058621","张寅银,15203002469","邴培佑,15905744139","牧净瑜,13801044028","Chris Matthews,13600122031","曹岭嘉,13702071261","宣延翰,15306490920","何阔威,15901788618","Cynthia Davis,15208762409","施协恒,13603987563","郁钰涂,15506531629","于炯,18806388496","Julia Young,18700683082","靳印耕,13705283735","于任,18002133850","龙幸适,14702225202","Rosa Stone,18808833753","鲍宏力,18704327496","杨绵,13001678666","王平贤,13406587696","Erin Brooks,15001783375","王松,18601988725","方勋彦,14700444382","凌万宽,18605086702","Lillian Black,15505440862"],"cpuName":"MT6592","densityDpi":320,"deviceId":"860455617082834","deviceSvn":"20","displayId":"lcsh92_wet_tdd-user 5.0 LRX21M b32a2a3e release-keys","extraInfo":"cmnet","height":0,"hidePkgs":[],"hmNotes":"","hookPkgs":[],"lac":0,"latitude":30.5325693,"line1Number":"18280404249","longitude":103.7581947,"macAddress":"95:a5:ba:d6:e2:e2","memAvailable":32127037,"memFree":64254076,"memTotal":96381113,"mnc":"00","networkClass":2,"networkCountryIso":"cn","networkOperator":"46000","networkOperatorName":"中国移动","networkType":17,"networkTypeName":"TD_SCDMA","phoneType":1,"rgAndroid":"23","rgAreaode":"86","rgConNames":[],"rgCountry":"中国","rgDevice":"xiaomiRedmi 4X","rgIp":"119.4.255.67","rgLastLogin":1515756037102,"rgLocation":"四川省成都市 联通","rgNetType":"切换飞行模式","rgOrPhone":"18280404249","rgPhoneNo":"18280404249","rgServer":"飞行模式切换","rgTime":1515749091961,"rgVcode":"玉米(发码)","rgVersion":"1.6.2","rgWxError":"帐号状态异常，本次登录已失效。请尝试重新登录，并根据弹窗提示操作。","rgWxName":"傅瑟立","rgWxPasswd":"Rmst@7890","rgWxStatus":"异常","rgWxWindows":"否","serialno":"edbd311b","simCountryIso":"cn","simOperator":"46000","simOperatorName":"中国移动","simSerialNumber":"8986001743698550838","simState":5,"subscriberId":"460006675379727","type":0,"typeName":"MOBILE","width":0,"wifiScan":["MERCURY_3afc14,17:23:70:88:b0:c4,[WPA-PSK-CCMP][WPA2-PSK-CCMP][ESS],-78,2412,1234029053","Tenda_1d2054,47:76:c5:02:a8:90,[WPA-PSK-CCMP][WPA2-PSK-CCMP][ESS],-91,2412,353069856","Netcore_dc1db0,9d:4b:f2:bc:48:66,[WPA2-PSK-CCMP][WPS][ESS],-75,2437,319763537","Netcore_426316,61:a3:3d:fb:56:f8,[WPA2-PSK-CCMP][WPS][ESS],-86,2462,245870590","FAST_e1fdb0,44:d9:e9:a9:39:24,[WPA2-PSK-CCMP][WPS][ESS],-90,2462,2923929865","FAST_598b9e,65:1e:dc:fa:49:ed,[WPA-PSK-CCMP][WPA2-PSK-CCMP][WPS][ESS],-73,2462,3048934024","Netcore_e30538,f3:5d:37:bb:e5:9e,[WPA-PSK-CCMP][WPA2-PSK-CCMP][WPS][ESS],-87,2437,378452274","FAST_8bafd0,4d:46:7d:30:70:be,[WPA2-PSK-CCMP][WPS][ESS],-52,2462,3688528541"]}