{"BSSID":"a3:d9:1f:27:41:65","IpAddress":"192.168.26.80","P2p0Mac":"4e:70:2d:10:dd:69","SSID":"MERCURY_d043","androidId":"4b32d0bd18d115e1","batteryLevel":53,"btAddress":"b2:75:35:e5:c0:fd","btName":"MI 3W","buildAbi":"armeabi-v7a","buildAbi2":"armeabi","buildBoard":"p700","buildBrand":"Xiaomi","buildCodename":"REL","buildDescription":"MI 3W-user 5.1.1 LMY48G d1f34da9 release-keys","buildDevice":"MI 3W","buildFingerprint":"Xiaomi/MI 3W/MI 3W:5.1.1/LMY48G/d1f34da9:user/release-keys","buildHardware":"qcom","buildHost":"wcc-miui-ota-bd07.bj","buildId":"LMY48G","buildIncremental":"d1f34da9","buildManufacturer":"Xiaomi","buildModel":"MI 3W","buildName":"Xiaomi","buildProduct":"MI 3W","buildRadioVersion":"ydbjlbmkui","buildRelease":"5.1.1","buildSdk":"22","buildSerialno":"c94ca194","buildTags":"release-keys","buildType":"user","buildUser":"buildHost","buildUtc":1454987549265,"cellScan":[],"ci":0,"contacts":["奶奶,18807876610","姑妈,13806912670","外婆,13308500597","外公,15704480402","舅舅,15703402584","舅妈,15506253129","姨父,13100770240","姨娘,14701517846","亲爱的,18008336377","老弟,15105960201","老妹,13807763291","小明,13706771428","小李子,13505316453","东方观由,13201301965","Suzanne Long,15603570252","项珊松,13304757329","王雪,15704345582","蔡贵建,13490787562","Kimberly Peters,13305288392","萧瑟影,15102370153","王灵瑛,15105757669","吴团,13405826917","Kim Evans,15004001705","张权,13306095640","班桂奇,15201520942","东方靖锐,13607014515","Martha Hunt,13600935366","舒雪珂,13306825392","张木,15301537506","李禄,18004712757","Ann Burns,18906994388","项守勋,15304301579","李瑛,14702330579","于焱,15807187769","Janice Hamilton,15007451352","邬团瑛,13302007742","魏泰青,18700495266","杜立湘,18800764369","Stacy Harrison,18808325774","王平郁,18907486358","房靖商,15808354110","杨荣龙,18900518917","Derek White,18906335614","杨渠涂,15506242796","张铁,13307566007","皮苡茜,15306034175","Roger Knight,13303078679","和团棠,13604700196","范钰景,13107146268"],"cpuName":"Qualcomm MSM8974PRO-AB","densityDpi":480,"deviceId":"862827274227274","deviceSvn":"85","displayId":"MI 3W-user 5.1.1 LMY48G d1f34da9 release-keys","extraInfo":"MERCURY_d043","height":0,"hidePkgs":[],"hmNotes":"","hookPkgs":[],"lac":0,"latitude":30.6976502,"line1Number":"18280415074","longitude":104.4024711,"macAddress":"17:06:ba:8d:04:ea","memAvailable":1250201060,"memFree":2500402122,"memTotal":3750603182,"mnc":"00","networkClass":1,"networkCountryIso":"cn","networkOperator":"46000","networkOperatorName":"中国移动","networkType":2,"networkTypeName":"EDGE","phoneType":1,"rgAndroid":"23","rgAreaode":"86","rgConNames":[],"rgCountry":"中国","rgDevice":"xiaomiRedmi 4X","rgIp":"119.4.255.103","rgLastLogin":1516243791088,"rgLocation":"四川省成都市 联通","rgNetType":"切换飞行模式","rgOrPhone":"18280415074","rgPhoneNo":"18280415074","rgServer":"飞行模式切换","rgTime":1515746918516,"rgVcode":"玉米(发码)","rgVersion":"1.6.2","rgWxError":"该微信帐号因批量或者使用非法软件注册被限制登录，如需继续使用，请轻触“确定”申请解除限制。","rgWxName":"张校厚","rgWxPasswd":"Rmst@7890","rgWxStatus":"异常","rgWxWindows":"否","serialno":"c94ca194","simCountryIso":"cn","simOperator":"46000","simOperatorName":"中国移动","simSerialNumber":"8986026526601328916","simState":5,"subscriberId":"460001723623771","type":1,"typeName":"WIFI","width":0,"wifiScan":["PHICOMM_6648cb,70:94:3d:f2:6d:11,[WPA2-PSK-CCMP][WPS][ESS],-92,2412,404537445","Tenda_769dc9,86:d4:01:4a:cb:e3,[WPA-PSK-CCMP][WPA2-PSK-CCMP][WPS][ESS],-75,2437,500774710","PHICOMM_98bfd6,fb:e7:6d:0b:8d:f4,[WPA2-PSK-CCMP][ESS],-91,2452,202434384","TP-LINK_e364,0c:9f:5d:9b:6d:67,[WPA2-PSK-CCMP][ESS],-89,2437,2892529683","MERCURY_f2fd21,4b:52:c2:fc:c1:24,[WPA2-PSK-CCMP][ESS],-89,2412,2495932348"]}