{"BSSID":"00:e0:52:3d:cc:c3","IpAddress":"192.168.97.232","P2p0Mac":"82:ae:46:3b:9f:20","SSID":"TP-LINK_1fe364","androidId":"3c896965403e62ad","batteryLevel":63,"btAddress":"27:11:94:59:6c:81","btName":"OPPO R11 Plus","buildAbi":"armeabi-v7a","buildAbi2":"armeabi","buildBoard":"MSM8974","buildBrand":"OPPO","buildCodename":"REL","buildDescription":"gucci-user 6.0.1 MMB29T c1c9733d release-keys","buildDevice":"gucci","buildFingerprint":"OPPO/OPPO R11 Plus/gucci:6.0.1/MMB29T/c1c9733d:user/release-keys","buildHardware":"qcom","buildHost":"LGEACI2R5","buildId":"MMB29T","buildIncremental":"c1c9733d","buildManufacturer":"OPPO","buildModel":"OPPO R11 Plus","buildName":"OPPO","buildProduct":"gucci","buildRadioVersion":"siuyiezmhty","buildRelease":"6.0.1","buildSdk":"23","buildSerialno":"0d05b72e","buildTags":"release-keys","buildType":"user","buildUser":"Server","buildUtc":1472952962393,"cellScan":["61722,168566224","32779,10735","32779,1795","61708,168565867","33030,117513248"],"ci":168565867,"contacts":["奶奶,13490349422","姑妈,13602483864","外婆,13602867389","外公,13300258475","舅舅,15505794672","舅妈,13104206317","姨父,18604767354","姨娘,18604023360","亲爱的,18600583936","老弟,13501807389","老妹,15805534954","小明,13808120218","小李子,13605204060","杨若,13501947211","Douglas Cole,13502147256","孙颖,18804690789","石霖广,13490722278","杨佩闻,14705608244","Phillip Palmer,18801974278","吴校昆,14701828651","罗畏演,18802494710","杭琴靖,13306091662","Lucille Ramirez,15307414766","贲西彤,13308306358","王魄,14706144146","杨贵嗣,15706453894","Pauline Hernandez,14703461184","蓝胤望,13508723957","余雨,13603543585","张望昱,18700078449","Beatrice Gomez,14701175547","卫浩,18802490607","王先,13901787391","张焱,15106378121","Kenneth Price,15103375043","岑随齐,18701300591","魏禄业,13508204580","王节麟,15900194217","Sherry Evans,15204262084","杨恺,15501080696","杨泰梦,14707530739","应仙礼,13302434841","Shawn Barnes,15301195854","储倩茜,18606212782","宁适演,15007545163"],"cpuName":"Qualcomm Technologies, Inc MSM8916","densityDpi":320,"deviceId":"860511216653183","deviceSvn":"23","displayId":"gucci-user 6.0.1 MMB29T c1c9733d release-keys","extraInfo":"TP-LINK_1fe364","height":0,"hidePkgs":[],"hmNotes":"","hookPkgs":[],"lac":61708,"latitude":30.5902947,"line1Number":"18302846065","longitude":103.9896975,"macAddress":"4c:db:0f:4a:c5:c8","memAvailable":611134245,"memFree":1222268491,"memTotal":1833402736,"mnc":"00","networkClass":2,"networkCountryIso":"cn","networkOperator":"46002","networkOperatorName":"中国移动","networkType":8,"networkTypeName":"HSDPA","phoneType":1,"rgAndroid":"23","rgAreaode":"86","rgConNames":[],"rgCountry":"中国","rgDevice":"xiaomiRedmi 4X","rgIp":"119.4.254.68","rgLastLogin":1515753961703,"rgLocation":"四川省成都市 联通","rgNetType":"切换飞行模式","rgOrPhone":"18302846065","rgPhoneNo":"18302846065","rgServer":"飞行模式切换","rgTime":1515740207530,"rgVcode":"玉米(发码)","rgVersion":"1.6.2","rgWxError":"帐号状态异常，本次登录已失效。请尝试重新登录，并根据弹窗提示操作。","rgWxName":"祝古颖","rgWxPasswd":"Rmst@7890","rgWxStatus":"异常","rgWxWindows":"否","serialno":"0d05b72e","simCountryIso":"cn","simOperator":"46002","simOperatorName":"中国移动","simSerialNumber":"8986004798166402541","simState":5,"subscriberId":"460027322181104","type":1,"typeName":"WIFI","width":0,"wifiScan":["Netcore_8bae11,a4:3d:78:85:b7:b2,[WPA2-PSK-CCMP][WPS][ESS],-86,2437,3279332602","PHICOMM_326487,f0:b4:29:2e:9e:51,[WPA-PSK-CCMP][WPA2-PSK-CCMP][WPS][ESS],-85,2412,1633435748","Netcore_e1f436,00:23:c9:93:49:d3,[WPA2-PSK-CCMP][WPS][ESS],-60,2447,3545033942","Netcore_154763,c8:e7:d8:0c:18:ba,[WPA-PSK-CCMP][WPA2-PSK-CCMP][WPS][ESS],-84,2462,1284833558","FAST_75ad,00:36:76:59:fe:9b,[WPA-PSK-CCMP][WPA2-PSK-CCMP][ESS],-72,2437,2261931415"]}