{"BSSID":"d0:55:c4:32:ac:e0","IpAddress":"192.168.47.157","P2p0Mac":"77:dd:33:f0:d4:e4","SSID":"Tenda_69648d","androidId":"b5019415e0409e4f","batteryLevel":39,"btAddress":"d0:94:1d:9a:06:96","btName":"GN9010","buildAbi":"armeabi-v7a","buildAbi2":"armeabi","buildBoard":"galbi","buildBrand":"GiONEE","buildCodename":"REL","buildDescription":"GiONEE\u003dCBL7513-user 6.0.1 MMB29T 43b85e5a release-keys","buildDevice":"GiONEE_CBL7513","buildFingerprint":"GiONEE/GN9010/GiONEE_CBL7513:6.0.1/MMB29T/43b85e5a:user/release-keys","buildHardware":"qcom","buildHost":"zc-miui-ota-bd39.bj","buildId":"MMB29T","buildIncremental":"43b85e5a","buildManufacturer":"GiONEE","buildModel":"GN9010","buildName":"GiONEE","buildProduct":"GiONEE\u003dCBL7513","buildRadioVersion":"wrfbckrgm","buildRelease":"6.0.1","buildSdk":"23","buildSerialno":"beb4672a","buildTags":"release-keys","buildType":"user","buildUser":"MarkBuild","buildUtc":1475185001381,"cellScan":["32784,61215","32784,2284","61697,168497495","61707,168598794","61707,64273"],"ci":168497495,"contacts":["奶奶,15301851831","姑妈,15800332896","外婆,18907725142","外公,18005538678","舅舅,13008594064","舅妈,15904756419","姨父,15105298055","姨娘,13603476834","亲爱的,13407894902","老弟,13107625468","老妹,13405553905","小明,13400515948","小李子,18802138786","景权秀,13490490581","Roberto Jones,15303707807","李玮律,13203943109","陈玺,14707492836","李梧生,15600331917","Eva Ramos,13200554900","郎诗文,13490079073","李良,13207158214","王璇,15206598592","Shane Dixon,15103846069","计炯嗣,15507160218","殷水豪,15906212031","武竞砚,13701036957","Ricky Andrews,13702311923","甄校贵,14705180368","石西砚,15806008948","李迅炯,15103640763","Michele Carter,15001132059","元灵艺,14701738409","李龙,15206487667","公孙双妙,13503812213","Francis Greene,13902787726","于璇琦,18804488194","苏愚仕,18002255374","秦胤铜,13707948639","Jeanne Hunt,13505250991","应儒效,18806070828"],"cpuName":"MT6753T","densityDpi":480,"deviceId":"868203193359859","deviceSvn":"78","displayId":"GiONEE\u003dCBL7513-user 6.0.1 MMB29T 43b85e5a release-keys","extraInfo":"Tenda_69648d","height":0,"hidePkgs":[],"hmNotes":"","hookPkgs":[],"lac":61697,"latitude":30.6547403,"line1Number":"18380366462","longitude":104.0679093,"macAddress":"17:b7:28:8b:ea:24","memAvailable":32222300,"memFree":64444600,"memTotal":96666900,"mnc":"00","networkClass":2,"networkCountryIso":"cn","networkOperator":"46000","networkOperatorName":"中国移动","networkType":8,"networkTypeName":"HSDPA","phoneType":1,"rgAndroid":"23","rgAreaode":"86","rgConNames":[],"rgCountry":"中国","rgDevice":"xiaomiRedmi 4X","rgIp":"101.206.167.53","rgLastLogin":1515754173311,"rgLocation":"四川省 联通","rgNetType":"切换飞行模式","rgOrPhone":"18380366462","rgPhoneNo":"18380366462","rgServer":"飞行模式切换","rgTime":1515745578511,"rgVcode":"玉米(发码)","rgVersion":"1.6.2","rgWxError":"帐号状态异常，本次登录已失效。请尝试重新登录，并根据弹窗提示操作。","rgWxName":"田茜岩","rgWxPasswd":"Rmst@7890","rgWxStatus":"异常","rgWxWindows":"否","serialno":"beb4672a","simCountryIso":"cn","simOperator":"46000","simOperatorName":"中国移动","simSerialNumber":"8986025422848414181","simState":5,"subscriberId":"460006532298535","type":1,"typeName":"WIFI","width":0,"wifiScan":["Netcore_3f326a,14:75:90:11:e0:5e,[WPA2-PSK-CCMP][ESS],-74,2447,3659128378","Netcore_d0db0f,64:d9:54:67:59:de,[WPA2-PSK-CCMP][WPS][ESS],-90,2437,3017037395","FAST_427316,6c:59:40:68:e2:6c,[WPA2-PSK-CCMP][WPS][ESS],-78,2472,975431091","Netcore_76b9c1,ec:26:ca:b8:84:9e,[WPA-PSK-CCMP][WPA2-PSK-CCMP][WPS][ESS],-50,2412,2208836278","MERCURY_d698,e4:2f:26:37:05:08,[WPA-PSK-CCMP][WPA2-PSK-CCMP][ESS],-69,2437,3721326515"]}