{"BSSID":"55:4b:0e:07:dd:af","IpAddress":"192.168.6.159","P2p0Mac":"f7:0c:0b:4f:f4:5b","SSID":"MERCURY_484365","androidId":"1d2e5a56f348cb98","batteryLevel":68,"btAddress":"65:6b:21:95:4e:e3","btName":"m2 note","buildAbi":"armeabi-v7a","buildAbi2":"armeabi","buildBoard":"roth","buildBrand":"Meizu","buildCodename":"REL","buildDescription":"m2note-user 5.1.1 LMY48G 83454c34 release-keys","buildDevice":"m2note","buildFingerprint":"Meizu/m2 note/m2note:5.1.1/LMY48G/83454c34:user/release-keys","buildHardware":"qcom","buildHost":"shws40","buildId":"LMY48G","buildIncremental":"83454c34","buildManufacturer":"Meizu","buildModel":"m2 note","buildName":"Meizu","buildProduct":"m2note","buildRadioVersion":"dowaaiusyykzdis","buildRelease":"5.1.1","buildSdk":"22","buildSerialno":"43d84388","buildTags":"release-keys","buildType":"user","buildUser":"android","buildUtc":1509925201225,"cellScan":[],"ci":0,"contacts":["奶奶,15006633765","姑妈,13202715677","外婆,18600547037","外公,15505844306","舅舅,13401554838","舅妈,14705855762","姨父,13490275454","姨娘,13802891329","亲爱的,13605354215","老弟,13304914434","老妹,13405377041","小明,14706775280","小李子,13701515952","范乐瑜,15507031873","Jesse Williams,15505692826","封恺净,18600210602","李杭,13700137348","汪似灵,18905145227","Evelyn Fox,18908380309","贲硕印,13305826919","李盛王,15207650434","史英耀,15305377683","Sue Hunter,13301617773","张琦尚,13908798451","颜陵孝,15803767785","李土,18701627912","Eugene Murray,18702307538","卡介谦,15506493402","李靖印,13504560094","张铜,13206461852","Ann Henderson,13107693390","吴贤棠,15708354476","赵瑛渠,13306958129","伍吾璇,13606465803","Eddie Mills,13803621096","包君慎,18908262872","李阔琴,14701667131","宁烁腾,15305350776","Mary Gray,13490072550","余棠兴,18803421106","杨倩烁,14700633107","杨佳,18600831857","Tyler Watkins,18601525742","仲豪友,15104106263","李然世,13606077601","家冠绣,13504091229","Brandon Wright,13705862398"],"cpuName":"MT6753","densityDpi":480,"deviceId":"865851560969115","deviceSvn":"52","displayId":"m2note-user 5.1.1 LMY48G 83454c34 release-keys","extraInfo":"MERCURY_484365","height":0,"hidePkgs":[],"hmNotes":"","hookPkgs":[],"lac":0,"latitude":30.8588284,"line1Number":"18402871825","longitude":103.7612357,"macAddress":"9d:9c:21:1c:c6:d2","memAvailable":937501638,"memFree":2812504916,"memTotal":3750006554,"mnc":"00","networkClass":1,"networkCountryIso":"cn","networkOperator":"46000","networkOperatorName":"中国移动","networkType":2,"networkTypeName":"EDGE","phoneType":1,"rgAndroid":"23","rgAreaode":"86","rgConNames":["上善若水","束利克"],"rgConsize":"2","rgCountry":"中国","rgDevice":"xiaomiRedmi 4X","rgIp":"119.4.254.203","rgLastLogin":1516243839567,"rgLocation":"四川省成都市 联通","rgNetType":"切换飞行模式","rgOrPhone":"18402871825","rgPhoneNo":"18402871825","rgServer":"飞行模式切换","rgTime":1515747306457,"rgVcode":"玉米(发码)","rgVersion":"1.6.2","rgWxEmail":"未绑定","rgWxError":"该微信帐号因批量或者使用非法软件注册被限制登录，如需继续使用，请轻触“确定”申请解除限制。","rgWxId":"wxid_pndbga4wziib22","rgWxName":"束利克","rgWxNo":"未设置","rgWxPasswd":"Rmst@7890","rgWxQQ":"未绑定","rgWxStatus":"异常","rgWxWindows":"否","serialno":"43d84388","simCountryIso":"cn","simOperator":"46000","simOperatorName":"中国移动","simSerialNumber":"8986021236179782084","simState":5,"subscriberId":"460002369565817","type":1,"typeName":"WIFI","width":0,"wifiScan":["Netcore_9ca769,40:ec:90:f2:39:5a,[WPA2-PSK-CCMP][ESS],-80,2457,3159536421","TP-LINK_303642,31:1b:e9:0f:db:cd,[WPA2-PSK-CCMP][WPS][ESS],-76,2412,1696032833","FAST_0c1e,57:29:7c:fd:04:d2,[WPA2-PSK-CCMP][ESS],-83,2422,1752632588","MERCURY_a9dc0e,e0:f1:da:95:2c:8c,[WPA-PSK-CCMP][WPA2-PSK-CCMP][ESS],-72,2412,2023136502","Netcore_743869,5f:5c:3e:2b:ac:30,[WPA2-PSK-CCMP][ESS],-76,2417,3557735502","Netcore_daed0f,f4:aa:d6:49:15:73,[WPA2-PSK-CCMP][ESS],-67,2472,2023630086","Netcore_3f3274,1d:dd:b4:79:f6:15,[WPA-PSK-CCMP][WPA2-PSK-CCMP][ESS],-88,2462,628928170","FAST_547baf,69:0f:5f:a1:f0:96,[WPA2-PSK-CCMP][WPS][ESS],-80,2412,317554499"]}