{"BSSID":"17:47:fd:19:8b:79","IpAddress":"10.82.74.31","P2p0Mac":"16:e5:50:0b:c6:97","SSID":"PHICOMM_8d0e30","androidId":"043bcfd42a916440","batteryLevel":80,"btAddress":"58:07:69:b5:13:ba","btName":"m3 note","buildAbi":"armeabi-v7a","buildAbi2":"armeabi","buildBoard":"smdk4x12","buildBrand":"Meizu","buildCodename":"REL","buildDescription":"m3note-user 7.0.0 NRD90M 2dbd455e release-keys","buildDevice":"m3note","buildFingerprint":"Meizu/m3 note/m3note:7.0.0/NRD90M/2dbd455e:user/release-keys","buildHardware":"qcom","buildHost":"glsrv4","buildId":"NRD90M","buildIncremental":"2dbd455e","buildManufacturer":"Meizu","buildModel":"m3 note","buildName":"Meizu","buildProduct":"m3note","buildRadioVersion":"pxixmycc","buildRelease":"7.0.0","buildSdk":"24","buildSerialno":"8f24b5cc","buildTags":"release-keys","buildType":"user","buildUser":"Server","buildUtc":1486245532255,"cellScan":["33312,97072770","33312,4211","33312,135243781","33312,97057154","33312,135243780"],"ci":135243781,"contacts":["奶奶,13404181503","姑妈,18005266044","外婆,13308833623","外公,13508720626","舅舅,15102028154","舅妈,13708220696","姨父,15900770473","姨娘,14708103161","亲爱的,13004437329","老弟,18606882990","老妹,18803642112","小明,18808133182","小李子,13006584842","余砚仪,13301721111","Helen Ferguson,18901965797","苗尚影,15600475089","萧剑恺,13701285537","邴时红,13005220355","Erin Mitchell,13106701343","喻宏璞,13608843277","王礼迅,13203644381","丁玉魁,18801087850","Rachel Mitchell,18700344225","王翰,13007535294","方联伊,14705068558","吴设宏,13208619063","Scott Palmer,13007446082","祁念瑟,13401497440","李妙先,18708244111","禹实谦,15601606183","Tyler Wells,18607538362","杨硕,15605357945","潘雷佩,13490464701","糜锐罗,15308291457","Justin Ford,13302376470","魏佳晟,15602615425","滕绵木,15604213671","吴颂,13604922614","Josephine Lee,13907470290","贺珀威,15208462337","王仪,18604807326","杨铜,14708573232","Alvin Price,18807314481","杨献,13902880726","王绍韶,13007046441","杨岳,18706076830","James Weaver,18806902406","张午,13107183508","安郡泉,13507402790","于声,13207305268","Bertha Harper,15507376020"],"cpuName":"MT6750","densityDpi":560,"deviceId":"864924580041578","deviceSvn":"74","displayId":"m3note-user 7.0.0 NRD90M 2dbd455e release-keys","extraInfo":"ctlte","height":0,"hidePkgs":[],"hmNotes":"","hookPkgs":[],"lac":33312,"latitude":30.46431,"line1Number":"18402864979","longitude":104.1538592,"macAddress":"22:08:7b:a3:aa:e8","memAvailable":701782474,"memFree":2105347424,"memTotal":2807129898,"mnc":"00","networkClass":1,"networkCountryIso":"cn","networkOperator":"46002","networkOperatorName":"中国移动","networkType":2,"networkTypeName":"EDGE","phoneType":1,"rgAndroid":"23","rgAreaode":"86","rgConNames":["上善若水","王适平"],"rgConsize":"2","rgCountry":"中国","rgDevice":"xiaomiRedmi 4X","rgIp":"119.4.254.247","rgLastLogin":1516243745848,"rgLocation":"四川省成都市 联通","rgNetType":"切换飞行模式","rgOrPhone":"18402864979","rgPhoneNo":"18402864979","rgServer":"飞行模式切换","rgTime":1515740812599,"rgVcode":"玉米(发码)","rgVersion":"1.6.2","rgWxEmail":"未绑定","rgWxError":"该微信帐号因批量或者使用非法软件注册被限制登录，如需继续使用，请轻触“确定”申请解除限制。","rgWxId":"wxid_n44rcv3pag9u22","rgWxName":"王适平","rgWxNo":"未设置","rgWxPasswd":"Rmst@7890","rgWxQQ":"未绑定","rgWxStatus":"异常","rgWxWindows":"否","serialno":"8f24b5cc","simCountryIso":"cn","simOperator":"46002","simOperatorName":"中国移动","simSerialNumber":"8986004127955705494","simState":5,"subscriberId":"460023151845737","type":0,"typeName":"MOBILE","width":0,"wifiScan":["FAST_47698b,9c:21:6a:1f:24:fe,[WPA-PSK-CCMP][WPA2-PSK-CCMP][ESS],-84,2437,516394751","Netcore_420427,1c:60:de:bf:1d:e0,[WPA-PSK-CCMP][WPA2-PSK-CCMP][ESS],-82,2437,1939827819","Netcore_b8cbfb,00:36:76:55:3a:b6,[WPA-PSK-CCMP][WPA2-PSK-CCMP][WPS][ESS],-81,2462,340582911","FAST_c0db0e,54:35:30:29:5d:35,[WPA2-PSK-CCMP][ESS],-87,2427,929336280","PHICOMM_7498cf,c8:e7:d8:5e:9d:60,[WPA-PSK-CCMP][WPA2-PSK-CCMP][ESS],-80,2462,2019031258"]}