{"BSSID":"2d:95:55:6d:ce:d5","IpAddress":"192.168.86.38","P2p0Mac":"7d:79:58:f2:5a:31","SSID":"MERCURY_dfcafd","androidId":"c0022132f1481a6a","batteryLevel":69,"btAddress":"21:2a:2b:f8:99:2c","btName":"C5503","buildAbi":"armeabi-v7a","buildAbi2":"armeabi","buildBoard":"moorefield","buildBrand":"Sony","buildCodename":"REL","buildDescription":"C5503-user 7.1.2 NMF26Q fdff032c release-keys","buildDevice":"C5503","buildFingerprint":"Sony/C5503/C5503:7.1.2/NMF26Q/fdff032c:user/release-keys","buildHardware":"qcom","buildHost":"linux-user","buildId":"NMF26Q","buildIncremental":"fdff032c","buildManufacturer":"Sony","buildModel":"C5503","buildName":"Sony","buildProduct":"C5503","buildRadioVersion":"fwfsuruwwswl","buildRelease":"7.1.2","buildSdk":"25","buildSerialno":"0f7e65aa","buildTags":"release-keys","buildType":"user","buildUser":"android","buildUtc":1510341673824,"cellScan":["33038,28673","61711,28844","33038,28871","33038,33686","61713,168768371"],"ci":28844,"contacts":["奶奶,13805386889","姑妈,13608578129","外婆,15201970041","外公,18807912092","舅舅,13607176876","舅妈,18606893944","姨父,15701568594","姨娘,15806248075","亲爱的,15905398649","老弟,15601685013","老妹,18600730329","小明,15106068752","小李子,18805427040","樊雪先,18803624167","Jeanette Murray,18806800970","王岳图,18707795663","王熙羡,15801322015","顾琦木,15206397455","Bobby Wright,15202914203","杨译精,14704826099","虞永香,13904544394","邴礼佩,13206846881","Nicholas Kelly,15603240679","宫能仕,13106553974","王新,13503970123","方韶钰,14703404890","Marion Hunt,18803007351","奚桂骥,13900952399","余玺,15103568866","王阔星,15808888524","Keith Wagner,15104917906","杨坚,18707550333","郭靖航,14708353624","吴石宽,13303077279","Terry Smith,15304080674","杨界怡,15200104835","吴俊,18701419018","慕容秋宣,15606821423","Kathleen West,13200590986","诸殊晟,15208343561"],"cpuName":"Sony Mobile fusion3","densityDpi":320,"deviceId":"866738886355187","deviceSvn":"54","displayId":"C5503-user 7.1.2 NMF26Q fdff032c release-keys","extraInfo":"MERCURY_dfcafd","height":0,"hidePkgs":[],"hmNotes":"","hookPkgs":[],"lac":61711,"latitude":30.758104,"line1Number":"13541078914","longitude":104.0357412,"macAddress":"7d:83:bc:6a:bd:3a","memAvailable":172206104,"memFree":344412208,"memTotal":516618312,"mnc":"00","networkClass":2,"networkCountryIso":"cn","networkOperator":"46007","networkOperatorName":"中国移动","networkType":17,"networkTypeName":"TD_SCDMA","phoneType":1,"rgAndroid":"23","rgAreaode":"86","rgConNames":["上善若水","王悠"],"rgConsize":"2","rgCountry":"中国","rgDevice":"xiaomiRedmi 4X","rgIp":"119.4.253.90","rgLastLogin":1516420206948,"rgLocation":"四川省成都市 联通","rgNetType":"切换飞行模式","rgOrPhone":"13541078914","rgPhoneNo":"13541078914","rgServer":"飞行模式切换","rgTime":1516172554995,"rgVcode":"玉米(发码)","rgVersion":"1.6.3","rgWxEmail":"未绑定","rgWxError":"该微信帐号因批量或者使用非法软件注册被限制登录，如需继续使用，请轻触“确定”申请解除限制。","rgWxId":"wxid_4elp474c8nut22","rgWxName":"王悠","rgWxNo":"未设置","rgWxPasswd":"Rmst@7890","rgWxQQ":"未绑定","rgWxStatus":"异常","rgWxWindows":"否","serialno":"0f7e65aa","simCountryIso":"cn","simOperator":"46007","simOperatorName":"中国移动","simSerialNumber":"8986027109332720775","simState":5,"subscriberId":"460072801839396","type":1,"typeName":"WIFI","width":0,"wifiScan":["MERCURY_ae3b99,44:97:5a:e6:39:30,[WPA-PSK-CCMP][WPA2-PSK-CCMP][WPS][ESS],-73,2422,2561731342","Tenda_37ba75,8c:f2:28:9d:7a:a2,[WPA-PSK-CCMP][WPA2-PSK-CCMP][WPS][ESS],-89,2462,488164295","Tenda_76add0,ec:26:ca:cf:8a:44,[WPA-PSK-CCMP][WPA2-PSK-CCMP][WPS][ESS],-68,2437,250130672","ChainaNet_ca2e,8c:f2:28:17:65:a8,[WPA-PSK-CCMP][WPA2-PSK-CCMP][WPS][ESS],-75,2437,1167429303","MERCURY_630f,f0:eb:d0:65:55:25,[WPA-PSK-CCMP][WPA2-PSK-CCMP][WPS][ESS],-86,2462,2030735661"]}