{"BSSID":"48:0c:fd:da:b7:fb","IpAddress":"10.49.4.165","P2p0Mac":"ab:4a:93:d9:ba:3f","SSID":"Netcore_0dc1f4","androidId":"1aed4a5524d64065","batteryLevel":46,"btAddress":"c0:da:93:18:cc:d2","btName":"vivo X6D","buildAbi":"armeabi-v7a","buildAbi2":"armeabi","buildBoard":"MSM8960","buildBrand":"vivo","buildCodename":"REL","buildDescription":"PD1415D-user 7.1.2 NMF26Q e4b6ecc0 release-keys","buildDevice":"PD1415D","buildFingerprint":"vivo/vivo X6D/PD1415D:7.1.2/NMF26Q/e4b6ecc0:user/release-keys","buildHardware":"qcom","buildHost":"SCL_XA241_102","buildId":"NMF26Q","buildIncremental":"e4b6ecc0","buildManufacturer":"vivo","buildModel":"vivo X6D","buildName":"vivo","buildProduct":"PD1415D","buildRadioVersion":"mptcwzzhvf","buildRelease":"7.1.2","buildSdk":"25","buildSerialno":"4ab9a71d","buildTags":"release-keys","buildType":"user","buildUser":"lgmobile","buildUtc":1484058302238,"cellScan":["39700,162883891","1821,34163","39700,163390002","33312,21653","1821,46896"],"ci":34163,"contacts":["奶奶,18906245483","姑妈,15608165552","外婆,15104326117","外公,13002922499","舅舅,18001605191","舅妈,13805524024","姨父,13104554626","姨娘,18904574130","亲爱的,14708380568","老弟,18902966028","老妹,13605470475","小明,15801046723","小李子,14707377574","龙宣郡,13100056369","Jeff Martin,13203084274","张超,14702000305","郗求衔,18008271862","吴年,13900026382","Jessica Wells,13502195428","卫泉,15608881136","费意联,13600747469","王利,15903696400","John Daniels,15108262127","于松,13007035257","杨校,18905380945","王芹,15503144521","Jack Powell,15607476875","李平,13490480053","李媛,15806998088","管璞介,13903491677","Ronnie Payne,13601404141","吴念,14705333397","陆谦勋,18705060679","张心,13301847680","Bradley Simmons,15301288896","于然彤,13503861107","卜佳和,13502316363","顾似同,13490682689","Emily Coleman,18002352551","李昆仪,14701952836","上官琦苡,13404733596"],"cpuName":"MT6752","densityDpi":320,"deviceId":"860394111239626","deviceSvn":"62","displayId":"PD1415D-user 7.1.2 NMF26Q e4b6ecc0 release-keys","extraInfo":"uninet","height":0,"hidePkgs":[],"hmNotes":"","hookPkgs":[],"lac":1821,"latitude":30.5010388,"line1Number":"18215603634","longitude":104.1435417,"macAddress":"c1:22:51:79:6c:dd","memAvailable":701610602,"memFree":2104831806,"memTotal":2806442408,"mnc":"00","networkClass":1,"networkCountryIso":"cn","networkOperator":"46002","networkOperatorName":"中国移动","networkType":2,"networkTypeName":"EDGE","phoneType":1,"rgAndroid":"23","rgAreaode":"86","rgConNames":["上善若水","杨伊夜"],"rgConsize":"2","rgCountry":"中国","rgDevice":"xiaomiRedmi 4X","rgIp":"119.4.255.215","rgLastLogin":1516876409138,"rgLocation":"四川省成都市 联通","rgNetType":"切换飞行模式","rgOrPhone":"18215603634","rgPhoneNo":"18215603634","rgServer":"飞行模式切换","rgTime":1516175271348,"rgVcode":"玉米(发码)","rgVersion":"1.6.3","rgWxEmail":"未绑定","rgWxError":"","rgWxId":"wxid_2j2rcdq9yv1222","rgWxName":"杨伊夜","rgWxNo":"未设置","rgWxPasswd":"Rmst@7890","rgWxQQ":"未绑定","rgWxStatus":"存活","rgWxWindows":"否","serialno":"4ab9a71d","simCountryIso":"cn","simOperator":"46002","simOperatorName":"中国移动","simSerialNumber":"8986023793256183235","simState":5,"subscriberId":"460024871666138","type":0,"typeName":"MOBILE","width":0,"wifiScan":["TP-LINK_54377b,00:23:c9:df:a9:08,[WPS][WEP][ESS],-74,2437,1561435394","Netcore_d21553,24:69:68:ed:5f:1e,[WPA-PSK-CCMP][WPA2-PSK-CCMP][ESS],-73,2472,2014135271","Netcore_377b99,bc:46:99:5e:e0:0e,[WPA2-PSK-CCMP][WPS][ESS],-92,2437,2933530460","ChainaNet_3775,54:be:53:33:2a:07,[WPA-PSK-CCMP][WPA2-PSK-CCMP][WPS][ESS],-92,2412,363349302","TP-LINK_7cb775,40:16:9f:66:9a:aa,[WPA-PSK-CCMP][WPA2-PSK-CCMP][ESS],-72,2462,506030669"]}