{"BSSID":"6d:12:26:45:55:d2","IpAddress":"10.78.5.155","P2p0Mac":"fb:09:5f:2f:d5:c2","SSID":"PHICOMM_0e1650","androidId":"aeb49dcb6880d736","batteryLevel":59,"btAddress":"8d:b8:16:ab:86:a1","btName":"Redmi Note 3","buildAbi":"armeabi-v7a","buildAbi2":"armeabi","buildBoard":"moorefield","buildBrand":"Xiaomi","buildCodename":"REL","buildDescription":"hennessy-user 7.0.0 NRD90M 43ee56c9 release-keys","buildDevice":"hennessy","buildFingerprint":"Xiaomi/Redmi Note 3/hennessy:7.0.0/NRD90M/43ee56c9:user/release-keys","buildHardware":"qcom","buildHost":"LGEACI2R5","buildId":"NRD90M","buildIncremental":"43ee56c9","buildManufacturer":"Xiaomi","buildModel":"Redmi Note 3","buildName":"Xiaomi","buildProduct":"hennessy","buildRadioVersion":"dqqlcjibxrhasag","buildRelease":"7.0.0","buildSdk":"24","buildSerialno":"d8cb5828","buildTags":"release-keys","buildType":"user","buildUser":"Server","buildUtc":1503859121418,"cellScan":["33061,35401","61713,168903673","61700,168051705","33034,29066","61701,168903673"],"ci":168051705,"contacts":["奶奶,13705938831","姑妈,13607623971","外婆,18903585066","外公,15007176924","舅舅,14707342849","舅妈,15306758503","姨父,15906011926","姨娘,15902772609","亲爱的,15100247370","老弟,13305781296","老妹,15507198062","小明,13400742928","小李子,13800935461","杨华,14701494844","Thelma Edwards,18705972230","戎愚会,18008466641","余洋思,15101215756","危苡恒,15606355219","Floyd Richardson,15505700560","于冠渠,13302117729","宣涂庞,13700493209","吴让松,13206667824","Jeanne Taylor,15503007517","尤友献,14700790533","于阳,18708335810","杨力,13506674171","Ruby Rose,13507732487","慕容设敬,13490513691","杨毅,18702306475","王野珂,13303558526","Victoria Stewart,18004774045","于悠,13504297114","张曜慎,13506785095","卢立胤,13900014219","Juanita Franklin,13800885204","史炎陵,15900111764","杨康,14703927762","于辉焱,15908488992","Frederick Jordan,15205103812","李超恺,13603466225","张翔翼,13608733014","云郡图,13801906379","Terry Lawson,13700570553","茅年仙,13707111970","颜举新,13490061617","蒋烁渠,14707160691","Peter Henry,18800232150","于隆,15101976976"],"cpuName":"Qualcomm Technologies, Inc MSM8956","densityDpi":320,"deviceId":"860660011951613","deviceSvn":"40","displayId":"hennessy-user 7.0.0 NRD90M 43ee56c9 release-keys","extraInfo":"cmnet","height":0,"hidePkgs":[],"hmNotes":"","hookPkgs":[],"lac":61700,"latitude":30.7421717,"line1Number":"18224075879","longitude":104.2287652,"macAddress":"d9:ce:87:73:32:25","memAvailable":5479731239,"memFree":10959462478,"memTotal":16439193717,"mnc":"00","networkClass":2,"networkCountryIso":"cn","networkOperator":"46002","networkOperatorName":"中国移动","networkType":17,"networkTypeName":"TD_SCDMA","phoneType":1,"rgAndroid":"23","rgAreaode":"86","rgConNames":[],"rgCountry":"中国","rgDevice":"xiaomiRedmi 4X","rgIp":"119.4.255.9","rgLastLogin":1516189343185,"rgLocation":"四川省成都市 联通","rgNetType":"切换飞行模式","rgOrPhone":"18224075879","rgPhoneNo":"18224075879","rgServer":"飞行模式切换","rgTime":1516179724937,"rgVcode":"玉米(发码)","rgVersion":"1.6.3","rgWxError":"帐号状态异常，本次登录已失效。请尝试重新登录，并根据弹窗提示操作。","rgWxId":"wxid_nfcgyzs5voe722","rgWxName":"谷杏敬","rgWxPasswd":"Rmst@7890","rgWxStatus":"异常","rgWxWindows":"否","serialno":"d8cb5828","simCountryIso":"cn","simOperator":"46002","simOperatorName":"中国移动","simSerialNumber":"8986005238908223390","simState":5,"subscriberId":"460021814224633","type":0,"typeName":"MOBILE","width":0,"wifiScan":["MERCURY_b40f,78:eb:14:94:fb:b2,[WPA-PSK-CCMP][WPA2-PSK-CCMP][WPS][ESS],-80,2462,221182606","Netcore_6598b0,08:10:79:86:b2:18,[WPA2-PSK-CCMP][WPS][ESS],-88,2412,451680757","FAST_a6b9ec,00:23:c9:de:0c:d8,[WPA-PSK-CCMP][WPA2-PSK-CCMP][ESS],-89,2412,2261130956","Tenda_cbe216,a8:57:4e:93:09:ec,[WPA-PSK-CCMP][WPA2-PSK-CCMP][WPS][ESS],-79,2437,194754145","PHICOMM_8b9658,f4:ee:14:04:89:be,[WPA2-PSK-CCMP][WPS][ESS],-87,2432,519472210"]}