{"BSSID":"de:8c:77:15:12:18","IpAddress":"10.41.10.67","P2p0Mac":"19:d9:3f:7e:07:d1","SSID":"Netcore_98dac0","androidId":"96487b5f2a3e744f","batteryLevel":54,"btAddress":"d7:48:4f:5d:94:75","btName":"m3 note","buildAbi":"armeabi-v7a","buildAbi2":"armeabi","buildBoard":"MT2L03","buildBrand":"Meizu","buildCodename":"REL","buildDescription":"m3note-user 7.1.2 NMF26Q e33f2c5f release-keys","buildDevice":"m3note","buildFingerprint":"Meizu/m3 note/m3note:7.1.2/NMF26Q/e33f2c5f:user/release-keys","buildHardware":"qcom","buildHost":"Android-server","buildId":"NMF26Q","buildIncremental":"e33f2c5f","buildManufacturer":"Meizu","buildModel":"m3 note","buildName":"Meizu","buildProduct":"m3note","buildRadioVersion":"sazkmsxtvtcb","buildRelease":"7.1.2","buildSdk":"25","buildSerialno":"98505f3b","buildTags":"release-keys","buildType":"user","buildUser":"builder","buildUtc":1479161705817,"cellScan":["32847,5013","61712,168829947","32911,55142","32847,5016","39936,163781171"],"ci":5016,"contacts":["奶奶,15206120582","姑妈,18006041908","外婆,13804293791","外公,15901284073","舅舅,13703342505","舅妈,15605644869","姨父,14700408843","姨娘,13490263816","亲爱的,15006714981","老弟,13501557571","老妹,14708072406","小明,15904277166","小李子,13602452944","弓宏隆,14704894891","Philip Henderson,18801807204","彭佳桐,13605881837","祝耀禄,15007175707","杨璐珂,13907526131","Arthur Greene,13506345226","莫微香,14704011238","陈佩耀,18607515622","李译求,13104640230","Ryan Reed,13003525826","和昱烁,13206890527","和华奎,13205296810","张驹,13502746351","Joe Edwards,13508584324","王嗣双,15304012052","张恒,13404172809","李意愚,15304457700","Andrea Wood,13490158694","张介珂,18008261075","余勋亚,15904465986","裘殊效,13490496488","Christina Wilson,13490803486","霍立炬,15007847579","吴毅王,15307866028","麻君茜,15705333950","Victor Ford,18807103620","于曜,13908220830","焦贵利,18701917708","杨恺,15704314935","Leroy Lee,14708426213","邱孝义,18802345786","李昆,18003515046","杨英易,13403097296","Martha Moore,15202476367","邬芹骥,13103330014"],"cpuName":"MT6750","densityDpi":320,"deviceId":"866355886355297","deviceSvn":"74","displayId":"m3note-user 7.1.2 NMF26Q e33f2c5f release-keys","extraInfo":"uninet","height":0,"hidePkgs":[],"hmNotes":"","hookPkgs":[],"lac":32847,"latitude":30.6014163,"line1Number":"18224074821","longitude":103.7728183,"macAddress":"f3:46:76:28:6b:ff","memAvailable":51332803,"memFree":153998412,"memTotal":205331215,"mnc":"00","networkClass":1,"networkCountryIso":"cn","networkOperator":"46002","networkOperatorName":"中国移动","networkType":2,"networkTypeName":"EDGE","phoneType":1,"rgAndroid":"23","rgAreaode":"86","rgConNames":["上善若水","钟先炎"],"rgConsize":"2","rgCountry":"中国","rgDevice":"xiaomiRedmi 4X","rgIp":"119.4.254.54","rgLastLogin":1516420595465,"rgLocation":"四川省成都市 联通","rgNetType":"切换飞行模式","rgOrPhone":"18224074821","rgPhoneNo":"18224074821","rgServer":"飞行模式切换","rgTime":1516177341159,"rgVcode":"玉米(发码)","rgVersion":"1.6.3","rgWxEmail":"未绑定","rgWxError":"该微信帐号因批量或者使用非法软件注册被限制登录，如需继续使用，请轻触“确定”申请解除限制。","rgWxId":"wxid_z85eqv41tg3o22","rgWxName":"钟先炎","rgWxNo":"未设置","rgWxPasswd":"Rmst@7890","rgWxQQ":"未绑定","rgWxStatus":"异常","rgWxWindows":"否","serialno":"98505f3b","simCountryIso":"cn","simOperator":"46002","simOperatorName":"中国移动","simSerialNumber":"8986027305019189838","simState":5,"subscriberId":"460027936427362","type":0,"typeName":"MOBILE","width":0,"wifiScan":["PHICOMM_76a8db,78:eb:14:36:cd:00,[WPA2-PSK-CCMP][ESS],-73,2437,510838968","Netcore_ee6ba9,ec:38:8f:b6:78:c8,[WPA-PSK-CCMP][WPA2-PSK-CCMP][WPS][ESS],-71,2462,363192457","Netcore_166215,14:e6:e4:a5:18:46,[WPA2-PSK-CCMP][WPS][ESS],-79,2437,362532252","PHICOMM_521432,a4:7e:39:2e:18:dc,[WPA2-PSK-CCMP][WPS][ESS],-76,2437,344298290","FAST_226548,28:2c:b2:db:9e:76,[WPA2-PSK-CCMP][WPS][ESS],-71,2412,196090030"]}