{"BSSID":"0c:5a:88:06:56:92","IpAddress":"10.61.97.177","P2p0Mac":"10:c7:04:63:5c:b9","SSID":"Netcore_ec1030","androidId":"96d6f4cc5ce23488","batteryLevel":65,"btAddress":"dd:94:6d:40:8e:b2","btName":"X5","buildAbi":"armeabi-v7a","buildAbi2":"armeabi","buildBoard":"tuna","buildBrand":"vivo","buildCodename":"REL","buildDescription":"X5-user 7.1.2 NMF26Q a1ef563e release-keys","buildDevice":"X5","buildFingerprint":"vivo/X5/X5:7.1.2/NMF26Q/a1ef563e:user/release-keys","buildHardware":"qcom","buildHost":"LGEACI2R5","buildId":"NMF26Q","buildIncremental":"a1ef563e","buildManufacturer":"vivo","buildModel":"X5","buildName":"vivo","buildProduct":"X5","buildRadioVersion":"kmmhbhwjsxlritiff","buildRelease":"7.1.2","buildSdk":"25","buildSerialno":"6df1425d","buildTags":"release-keys","buildType":"user","buildUser":"buildHost","buildUtc":1503579546971,"cellScan":["61731,168922535","61713,170104403","65535,3670","61713,170104672","61700,168042317"],"ci":168042317,"contacts":["奶奶,15306957235","姑妈,13608763601","外婆,13305978575","外公,18906282361","舅舅,13507044640","舅妈,13801481845","姨父,13490703490","姨娘,13707271523","亲爱的,15001342975","老弟,15702315689","老妹,14702536185","小明,15302275364","小李子,15708337462","郎银吉,15103895099","Irene Harris,15100713426","杨烁团,15702670021","张异汉,15305343543","卫渠隆,18908632654","Beatrice Stevens,18001817831","岑向翼,18800158187","吴思先,15107203761","杨愚进,13490575129","Jay Stone,18907982925","李岁烁,18807291739","邱进佑,13902116280","王生仕,18704063940","Vincent Robertson,15708253222","杨瑜,18002937519","汪联行,18701036701","王若,15101493469","Ann Allen,15207023867","余翔实,18805802776","杨雄雷,14701292320","丁和实,13490610685","Joe Hayes,13490684686","于举密,13103206887","李棠乐,13507388595","穆妙渠,15703351044","Calvin Gonzalez,18808017284","荀联阁,15900222017"],"cpuName":"MT6592","densityDpi":240,"deviceId":"862465876185218","deviceSvn":"31","displayId":"X5-user 7.1.2 NMF26Q a1ef563e release-keys","extraInfo":"cmnet","height":0,"hidePkgs":[],"hmNotes":"","hookPkgs":[],"lac":61700,"latitude":30.8588114,"line1Number":"18224436929","longitude":104.196205,"macAddress":"9d:23:96:22:38:7a","memAvailable":611272457,"memFree":1222544916,"memTotal":1833817373,"mnc":"00","networkClass":3,"networkCountryIso":"cn","networkOperator":"46007","networkOperatorName":"中国移动","networkType":13,"networkTypeName":"LTE","phoneType":1,"rgAndroid":"23","rgAreaode":"86","rgConNames":[],"rgCountry":"中国","rgDevice":"xiaomiRedmi 4X","rgIp":"119.4.254.99","rgLastLogin":1516189030043,"rgLocation":"四川省成都市 联通","rgNetType":"切换飞行模式","rgOrPhone":"18224436929","rgPhoneNo":"18224436929","rgServer":"飞行模式切换","rgTime":1516179005633,"rgVcode":"玉米(发码)","rgVersion":"1.6.3","rgWxError":"帐号状态异常，本次登录已失效。请尝试重新登录，并根据弹窗提示操作。","rgWxName":"王宁","rgWxPasswd":"Rmst@7890","rgWxStatus":"异常","rgWxWindows":"否","serialno":"6df1425d","simCountryIso":"cn","simOperator":"46007","simOperatorName":"中国移动","simSerialNumber":"8986024452726248305","simState":5,"subscriberId":"460072473882530","type":0,"typeName":"MOBILE","width":0,"wifiScan":["Netcore_9cae10,24:09:95:08:7e:fc,[WPA2-PSK-CCMP][WPS][ESS],-82,2412,1215728700","FAST_620548,80:48:a5:f4:a8:9a,[WPA-PSK-CCMP][WPA2-PSK-CCMP][WPS][ESS],-95,2452,2420827478","Tenda_ed153d,c0:61:18:22:49:6c,[WPA2-PSK-CCMP][ESS],-54,2447,188871883","Netcore_e21adc,e0:30:05:18:76:f0,[WPA2-PSK-CCMP][ESS],-78,2412,492265721","PHICOMM_f40e20,00:12:34:c8:c4:e9,[WPA-PSK-CCMP][WPA2-PSK-CCMP][WPS][ESS],-89,2472,3730229429"]}