{"BSSID":"b6:db:aa:e4:de:45","IpAddress":"10.69.80.65","P2p0Mac":"7c:5e:e0:4e:66:6e","SSID":"TP-LINK_57437b","androidId":"f4936afc84477e63","batteryLevel":60,"btAddress":"8c:c7:f5:10:57:4c","btName":"MI MAX 2","buildAbi":"armeabi-v7a","buildAbi2":"armeabi","buildBoard":"picasso_mf","buildBrand":"Xiaomi","buildCodename":"REL","buildDescription":"oxygen-user 5.0 LRX21M 72a2366a release-keys","buildDevice":"oxygen","buildFingerprint":"Xiaomi/MI MAX 2/oxygen:5.0/LRX21M/72a2366a:user/release-keys","buildHardware":"qcom","buildHost":"mine","buildId":"LRX21M","buildIncremental":"72a2366a","buildManufacturer":"Xiaomi","buildModel":"MI MAX 2","buildName":"Xiaomi","buildProduct":"oxygen","buildRadioVersion":"jpbvhitxhkhomvz","buildRelease":"5.0","buildSdk":"21","buildSerialno":"0bec3a01","buildTags":"release-keys","buildType":"user","buildUser":"jenkins","buildUtc":1507002833341,"cellScan":["32822,58243","33034,28826","32822,48182","32822,58313","32808,58243"],"ci":48182,"contacts":["奶奶,13805823746","姑妈,15703363633","外婆,13104865098","外公,13401775449","舅舅,18005795774","舅妈,15602380780","姨父,15102702056","姨娘,13705476803","亲爱的,13200475069","老弟,13505570648","老妹,15106043212","小明,15708160265","小李子,13402934285","宫仙世,15500948587","Jim Berry,13106430072","吴伊,15801345341","詹奇屏,13308757432","李倩,15305090677","Russell Fox,18905821694","毛霖松,13405875607","王乐岩,13490563509","顾权立,13803816655","Bernard Sullivan,13702875109","符青广,18005525613","汪玮雍,15702066080","李荃,13905003745","Rachel Gomez,13907651756","于悠实,18701936493","邢夏芹,15308728211","颜密岳,15805803897","Nancy Reyes,15802170514","厉双行,13008048853","邱鹏镜,13490736260","廉效建,13802083366","Barry Carter,13507177823","甘勇皓,13301788389","芮朔让,15705775007","黄能翼,13607947817","Shannon Barnes,13905981362","危耕仪,14705842999","郭朋寅,13900582203","李京稼,13200621446","Bradley Ross,13208602868","万雷净,15906734361"],"cpuName":"Qualcomm Technologies, Inc MSM8953","densityDpi":320,"deviceId":"860939612726206","deviceSvn":"83","displayId":"oxygen-user 5.0 LRX21M 72a2366a release-keys","extraInfo":"ctlte","height":0,"hidePkgs":[],"hmNotes":"","hookPkgs":[],"lac":32822,"latitude":30.8639224,"line1Number":"18224058153","longitude":104.139577,"macAddress":"0a:5c:61:fe:6b:b4","memAvailable":701711985,"memFree":2105135958,"memTotal":2806847943,"mnc":"00","networkClass":1,"networkCountryIso":"cn","networkOperator":"46002","networkOperatorName":"中国移动","networkType":2,"networkTypeName":"EDGE","phoneType":1,"rgAndroid":"23","rgAreaode":"86","rgConNames":["蓬魁裕","上善若水"],"rgConsize":"2","rgCountry":"中国","rgDevice":"xiaomiRedmi 4X","rgIp":"119.4.255.169","rgLastLogin":1516420637479,"rgLocation":"四川省成都市 联通","rgNetType":"切换飞行模式","rgOrPhone":"18224058153","rgPhoneNo":"18224058153","rgServer":"飞行模式切换","rgTime":1516179421660,"rgVcode":"玉米(发码)","rgVersion":"1.6.3","rgWxEmail":"未绑定","rgWxError":"该微信帐号因批量或者使用非法软件注册被限制登录，如需继续使用，请轻触“确定”申请解除限制。","rgWxId":"wxid_sin0p2unf2sr22","rgWxName":"蓬魁裕","rgWxNo":"未设置","rgWxPasswd":"Rmst@7890","rgWxQQ":"未绑定","rgWxStatus":"异常","rgWxWindows":"否","serialno":"0bec3a01","simCountryIso":"cn","simOperator":"46002","simOperatorName":"中国移动","simSerialNumber":"8986028900030993284","simState":5,"subscriberId":"460023530866598","type":0,"typeName":"MOBILE","width":0,"wifiScan":["Tenda_dfe365,80:89:17:ca:88:9a,[WPA-PSK-CCMP][WPA2-PSK-CCMP][WPS][ESS],-73,2462,227499194","MERCURY_169743,08:10:79:4d:7a:c7,[WPA-PSK-CCMP][WPA2-PSK-CCMP][WPS][ESS],-94,2437,207617955","Tenda_5487a9,cc:34:29:51:1c:20,[WPA-PSK-CCMP][WPA2-PSK-CCMP][ESS],-71,2412,3047327530","PHICOMM_afe214,9c:21:6a:79:bd:a0,[WPA2-PSK-CCMP][ESS],-57,2462,262337656","TP-LINK_6598,14:75:90:06:95:9a,[WPA2-PSK-CCMP][ESS],-84,2437,312415573"]}