{"BSSID":"75:71:3b:10:8f:f4","IpAddress":"192.168.33.179","P2p0Mac":"6c:98:78:de:1f:c6","SSID":"FAST_ef36","androidId":"1365818bffe1376c","batteryLevel":65,"btAddress":"e1:51:43:f3:3b:7f","btName":"m3 note","buildAbi":"armeabi-v7a","buildAbi2":"armeabi","buildBoard":"otter2","buildBrand":"Meizu","buildCodename":"REL","buildDescription":"m3note-user 5.1.1 LMY48G 88b08e6f release-keys","buildDevice":"m3note","buildFingerprint":"Meizu/m3 note/m3note:5.1.1/LMY48G/88b08e6f:user/release-keys","buildHardware":"qcom","buildHost":"sp-ci-01-desktop","buildId":"LMY48G","buildIncremental":"88b08e6f","buildManufacturer":"Meizu","buildModel":"m3 note","buildName":"Meizu","buildProduct":"m3note","buildRadioVersion":"eutscgski","buildRelease":"5.1.1","buildSdk":"22","buildSerialno":"491d0d7c","buildTags":"release-keys","buildType":"user","buildUser":"MarkBuild","buildUtc":1484990415609,"cellScan":["32911,1303","33062,117757727","39936,165276209","32911,2253","32911,2252"],"ci":1303,"contacts":["奶奶,13107774866","姑妈,15108088729","外婆,13607415186","外公,18906250294","舅舅,13804199097","舅妈,13600220122","姨父,18704602319","姨娘,15300247412","亲爱的,18006494400","老弟,18802083972","老妹,18706251028","小明,18905323422","小李子,15900067848","上官祥世,15506321357","Juanita Butler,18606943466","吴彤闻,15800790126","杨土,13700264960","牧旺银,13602635596","Richard Watkins,13606561284","张焱,18907198900","吴颂,15202195481","宣界礼,15505833929","Lois Gonzalez,13006554801","李王,15006004736","尉迟土桂,14701704961","单仁诗,14701890474","Lawrence Jenkins,18800561807","吴烈古,13003171435","杨筱,15704963858","余界银,15107783310","Steve Harrison,13401453615","舒奇媛,13490111564","鲁剑阁,13007669070","乐然若,18606772044","Grace Arnold,18608324385","李瑛昆,18804000877","蓝玉尚,13102582360","王介芹,15207104162","Earl Wilson,15808248006","邵晟亚,18901123243","卢汉荃,15902552555","臧誓恺,13300561248","Sara Arnold,18003688746","杨石,13607501984","窦伟利,13490526521","荀朔倩,15503903148","Gregory Wagner,18606351040","钱菁,13708037395","伍朔渠,13105111449","卡怡玮,15604145157","Leon Bailey,13104541814","李图悠,15705332691"],"cpuName":"MT6750","densityDpi":320,"deviceId":"861482720720695","deviceSvn":"31","displayId":"m3note-user 5.1.1 LMY48G 88b08e6f release-keys","extraInfo":"FAST_ef36","height":0,"hidePkgs":[],"hmNotes":"","hookPkgs":[],"lac":32911,"latitude":30.5686475,"line1Number":"18280410341","longitude":103.7691051,"macAddress":"e8:ef:85:28:49:4b","memAvailable":24168773,"memFree":72506321,"memTotal":96675094,"mnc":"00","networkClass":2,"networkCountryIso":"cn","networkOperator":"46007","networkOperatorName":"中国移动","networkType":17,"networkTypeName":"TD_SCDMA","phoneType":1,"rgAndroid":"23","rgAreaode":"86","rgConNames":[],"rgCountry":"中国","rgDevice":"xiaomiRedmi 4X","rgIp":"101.206.167.169","rgLastLogin":1516188064570,"rgLocation":"四川省 联通","rgNetType":"切换飞行模式","rgOrPhone":"18280410341","rgPhoneNo":"18280410341","rgServer":"飞行模式切换","rgTime":1516168850943,"rgVcode":"玉米(发码)","rgVersion":"1.6.3","rgWxError":"帐号状态异常，本次登录已失效。请尝试重新登录，并根据弹窗提示操作。","rgWxName":"仇佳水","rgWxPasswd":"Rmst@7890","rgWxStatus":"异常","rgWxWindows":"否","serialno":"491d0d7c","simCountryIso":"cn","simOperator":"46007","simOperatorName":"中国移动","simSerialNumber":"8986004439282123964","simState":5,"subscriberId":"460075464910067","type":1,"typeName":"WIFI","width":0,"wifiScan":["iTV-ce20,6c:59:40:b4:db:6a,[WPA-PSK-CCMP][WPA2-PSK-CCMP][WPS][ESS],-82,2412,396204587","MERCURY_476a96,34:bd:f9:59:4f:c0,[WPA-PSK-CCMP][WPA2-PSK-CCMP][WPS][ESS],-87,2412,395168056","PHICOMM_052fe3,8c:f2:28:46:74:64,[WPA-PSK-CCMP][WPA2-PSK-CCMP][ESS],-73,2437,1954526996","PHICOMM_659ca7,6c:0b:84:6f:e5:2d,[WPA2-PSK-CCMP][ESS],-84,2437,3048834104","Tenda_adc97a,0c:72:2c:f6:8b:b4,[WPA-PSK-CCMP][WPA2-PSK-CCMP][ESS],-86,2437,3497830783"]}