{"BSSID":"a6:b0:96:41:6b:3e","IpAddress":"10.49.95.110","P2p0Mac":"76:cb:4d:2c:e3:3b","SSID":"PHICOMM_e10483","androidId":"aedd81f1a82617ca","batteryLevel":61,"btAddress":"c3:94:fc:b9:b9:c8","btName":"LEX720","buildAbi":"armeabi-v7a","buildAbi2":"armeabi","buildBoard":"aries","buildBrand":"LeEco","buildCodename":"REL","buildDescription":"ZL1_CN-user 5.1.1 LMY48G 9010171c release-keys","buildDevice":"le_zl1","buildFingerprint":"LeEco/LEX720/le_zl1:5.1.1/LMY48G/9010171c:user/release-keys","buildHardware":"qcom","buildHost":"Android-server","buildId":"LMY48G","buildIncremental":"9010171c","buildManufacturer":"LeMobile","buildModel":"LEX720","buildName":"LeEco","buildProduct":"ZL1_CN","buildRadioVersion":"ebknyaaxhmdkfmx","buildRelease":"5.1.1","buildSdk":"22","buildSerialno":"c58e8c5e","buildTags":"release-keys","buildType":"user","buildUser":"lgmobile","buildUtc":1512966389187,"cellScan":["33033,49370","61728,62575","39700,163165489","61717,169898688","61728,30592"],"ci":163165489,"contacts":["奶奶,13300461094","姑妈,15202308501","外婆,13803994052","外公,18708186224","舅舅,13604058969","舅妈,13000268414","姨父,13906180451","姨娘,13508653246","亲爱的,13402273653","老弟,15202877396","老妹,15900726782","小明,13490283038","小李子,13607928887","冯焱,15805081698","Robert Owens,15003453769","蓬顺寿,13600590817","余由耕,13202124166","杨砚,13490684739","Paula Henderson,18004843736","景骥熙,13105006452","颜欣静,15106426184","常巍翔,15703647400","Phyllis Stephens,14708032375","杨烈,13505601216","钟松夏,18905996481","李双,13404671625","Timothy Hudson,15907015384","杭瑛恺,13490498106","张弘芹,15208068303","吴许怒,18002333590","Leo Ferguson,18002755859","芮陵校,13907311267","虞业享,18805590213","王相异,13900554653","Nicole Knight,13807293569","于筱,18801253752","仲康水,15706347385","臧岁茜,13507578192","Paul Gibson,13900974828","李恺校,13903211147"],"cpuName":"Qualcomm Technologies, Inc MSM8996pro","densityDpi":560,"deviceId":"864812450345858","deviceSvn":"56","displayId":"ZL1_CN-user 5.1.1 LMY48G 9010171c release-keys","extraInfo":"cmwap","height":0,"hidePkgs":[],"hmNotes":"","hookPkgs":[],"lac":39700,"latitude":30.5377987,"line1Number":"18428341024","longitude":104.0908959,"macAddress":"0b:4c:03:bd:e8:c4","memAvailable":51293469,"memFree":153880409,"memTotal":205173878,"mnc":"00","networkClass":3,"networkCountryIso":"cn","networkOperator":"46002","networkOperatorName":"中国移动","networkType":13,"networkTypeName":"LTE","phoneType":1,"rgAndroid":"23","rgAreaode":"86","rgConNames":[],"rgCountry":"中国","rgDevice":"xiaomiRedmi 4X","rgIp":"101.206.166.157","rgLastLogin":1516188132833,"rgLocation":"四川省 联通","rgNetType":"切换飞行模式","rgOrPhone":"18428341024","rgPhoneNo":"18428341024","rgServer":"飞行模式切换","rgTime":1516171473706,"rgVcode":"玉米(发码)","rgVersion":"1.6.3","rgWxError":"帐号状态异常，本次登录已失效。请尝试重新登录，并根据弹窗提示操作。","rgWxName":"杨寅森","rgWxPasswd":"Rmst@7890","rgWxStatus":"异常","rgWxWindows":"否","serialno":"c58e8c5e","simCountryIso":"cn","simOperator":"46002","simOperatorName":"中国移动","simSerialNumber":"8986005181237379073","simState":5,"subscriberId":"460025066563552","type":0,"typeName":"MOBILE","width":0,"wifiScan":["PHICOMM_16a8da,fc:d7:33:a5:b4:a6,[WPA-PSK-CCMP][WPA2-PSK-CCMP][WPS][ESS],-72,2442,2353328713","PHICOMM_6baea9,80:48:a5:f2:f0:02,[WPA2-PSK-CCMP][WPS][ESS],-82,2412,228236417","Netcore_32e215,80:48:a5:f3:03:ea,[WPA-PSK-CCMP][WPA2-PSK-CCMP][WPS][ESS],-79,2412,1459934106","MERCURY_0f26,6c:a7:5f:52:09:e5,[WPA2-PSK-CCMP][WPS][ESS],-87,2462,427819787","TP-LINK_376a96,38:d8:2f:aa:60:88,[WPA2-PSK-CCMP][ESS],-73,2412,2113933884"]}