{"BSSID":"19:18:34:0d:f6:37","IpAddress":"192.168.14.110","P2p0Mac":"41:a1:d5:8c:5b:0a","SSID":"PHICOMM_cf4315","androidId":"7e6f30bf87732646","batteryLevel":35,"btAddress":"35:95:d6:4a:54:0f","btName":"MI 3","buildAbi":"armeabi-v7a","buildAbi2":"armeabi","buildBoard":"e610","buildBrand":"Xiaomi","buildCodename":"REL","buildDescription":"Kenzo-user 7.1.2 NMF26Q b805f2ab release-keys","buildDevice":"Kenzo","buildFingerprint":"Xiaomi/MI 3/Kenzo:7.1.2/NMF26Q/b805f2ab:user/release-keys","buildHardware":"qcom","buildHost":"shws40","buildId":"NMF26Q","buildIncremental":"b805f2ab","buildManufacturer":"Xiaomi","buildModel":"MI 3","buildName":"Xiaomi","buildProduct":"Kenzo","buildRadioVersion":"ndhmpqdwcnle","buildRelease":"7.1.2","buildSdk":"25","buildSerialno":"1c1811bf","buildTags":"release-keys","buildType":"user","buildUser":"MarkBuild","buildUtc":1469698656733,"cellScan":[],"ci":0,"contacts":["奶奶,13106160263","姑妈,15104920981","外婆,18700730520","外公,13000743490","舅舅,18806524324","舅妈,18706240985","姨父,13407090648","姨娘,18700652711","亲爱的,18701661077","老弟,18002393848","老妹,15307011557","小明,18704293913","小李子,13408510984","张适祥,18605747867","Theresa Grant,13101226695","李晟,13908580940","王水瑞,13207291130","贝团珀,13900921875","Arthur Watkins,13507696295","陆贺颂,13706098813","富郡泉,13001350697","咎巍奇,13490552296","Jesse Mitchell,15307397585","余联铜,15606443422","于雪,13800325192","李夜,13490118132","Jeffery Young,13301117548","松昆秋,15604550879","贺卿余,13501217323","杨逸,15203422541","Troy Cruz,15804957017","张珂剑,15108206797","石耕靖,13908651220","张书奇,13005111681","Cindy Austin,15607965394","窦翰群,14702366200","石森谦,13405725271","王杭荃,14705138822","Lawrence Price,18805466032","谈协渠,14707705059","伍艺若,15203286994"],"cpuName":"Qualcomm MSM8974PRO-AB","densityDpi":480,"deviceId":"864339769076305","deviceSvn":"32","displayId":"Kenzo-user 7.1.2 NMF26Q b805f2ab release-keys","extraInfo":"PHICOMM_cf4315","height":0,"hidePkgs":[],"hmNotes":"","hookPkgs":[],"lac":0,"latitude":30.8144127,"line1Number":"18116128949","longitude":103.9230046,"macAddress":"d3:63:de:f7:d1:d2","memAvailable":129198990,"memFree":387596970,"memTotal":516795960,"mnc":"03","networkClass":1,"networkCountryIso":"cn","networkOperator":"46003","networkOperatorName":"中国电信","networkType":4,"networkTypeName":"CDMA","phoneType":2,"rgAndroid":"23","rgAreaode":"86","rgConNames":["上善若水","吴陵锐"],"rgConsize":"2","rgCountry":"中国","rgDevice":"xiaomiRedmi 4X","rgIp":"119.4.254.235","rgLastLogin":1516707484239,"rgLocation":"四川省成都市 联通","rgNetType":"切换飞行模式","rgOrPhone":"18116128949","rgPhoneNo":"18116128949","rgServer":"飞行模式切换","rgTime":1516345276517,"rgVcode":"尚一品(发码)","rgVersion":"1.6.3","rgWxEmail":"未绑定","rgWxError":"","rgWxId":"wxid_e4a1fa5u1fqm22","rgWxName":"吴陵锐","rgWxNo":"未设置","rgWxPasswd":"Rmst@7890","rgWxQQ":"未绑定","rgWxStatus":"异常","rgWxWindows":"否","serialno":"1c1811bf","simCountryIso":"cn","simOperator":"46003","simOperatorName":"中国电信","simSerialNumber":"8986114854980361471","simState":5,"subscriberId":"460037835781381","type":1,"typeName":"WIFI","width":0,"wifiScan":["MERCURY_0416,06:35:10:2c:9a:57,[WPA2-PSK-CCMP][WPS][ESS],-78,2457,2714133974","PHICOMM_426583,db:69:f8:de:34:a7,[WPA-PSK-CCMP][WPA2-PSK-CCMP][ESS],-62,2437,272063884","Tenda_386326,00:1b:43:99:29:89,[WPA2-PSK-CCMP][WPS][ESS],-82,2412,1956338280","MERCURY_8cbfe1,b6:31:c1:dc:3b:82,[WPA-PSK-CCMP][WPA2-PSK-CCMP][ESS],-60,2412,235123837","MERCURY_87b75a,33:0b:60:c8:00:6c,[WPA2-PSK-CCMP][WPS][ESS],-84,2462,1597427642","Netcore_0fcafd,72:a0:69:bc:ee:73,[WPA-PSK-CCMP][WPA2-PSK-CCMP][WPS][ESS],-72,2412,201181778","MERCURY_a6598b,47:e9:b8:35:59:be,[WPA-PSK-CCMP][WPA2-PSK-CCMP][ESS],-71,2412,208253365","PHICOMM_530f21,5a:d0:72:9a:24:fb,[WPA-PSK-CCMP][WPA2-PSK-CCMP][WPS][ESS],-91,2437,469183778"]}