{"BSSID":"83:17:60:cb:fd:e1","IpAddress":"192.168.63.178","P2p0Mac":"08:a2:b5:38:e9:08","SSID":"FAST_d1fcbe","androidId":"1480f9281cb1fe5b","batteryLevel":89,"btAddress":"b6:24:93:12:dc:05","btName":"Coolpad 8675-HD","buildAbi":"armeabi-v7a","buildAbi2":"armeabi","buildBoard":"msm8916","buildBrand":"Coolpad","buildCodename":"REL","buildDescription":"8675-HD-user 5.0 LRX21M fe026415 release-keys","buildDevice":"8675-HD","buildFingerprint":"Coolpad/Coolpad 8675-HD/8675-HD:5.0/LRX21M/fe026415:user/release-keys","buildHardware":"qcom","buildHost":"LGEACI2R5","buildId":"LRX21M","buildIncremental":"fe026415","buildManufacturer":"Coolpad","buildModel":"Coolpad 8675-HD","buildName":"Coolpad","buildProduct":"8675-HD","buildRadioVersion":"isqrwsgdlsbvngb","buildRelease":"5.0","buildSdk":"21","buildSerialno":"0e2a134c","buildTags":"release-keys","buildType":"user","buildUser":"jenkins","buildUtc":1476444564338,"cellScan":[],"ci":0,"contacts":["奶奶,18008725490","姑妈,15907312415","外婆,18803747197","外公,14708555777","舅舅,13500522374","舅妈,13490805763","姨父,14705605445","姨娘,15506078258","亲爱的,18600782925","老弟,13808833927","老妹,18906964771","小明,13604160423","小李子,15701004220","吴玺,15506712222","Tyler Hunt,18600797226","卡阔莉,18006605121","于毅尚,15705173752","于乾,15704434409","Thomas Sanders,14706098431","班腾虹,15904065343","韦青尚,18606828757","王野瑟,15605961366","Philip Bailey,18601610791","戴玺校,15708465139","于硕绵,15505090734","章广媛,15105133535","Johnny Howard,15102583566","昌超雅,14708247409","郁全桂,18703424779","张生守,13706125691","Andrew Ellis,13706584125","戴伊望,15300700918","应镜培,18804572596","卫渠,15307420610","Benjamin Thomas,13490646239","东方宫平,13490850602","干江保,13104753025","彭乐土,18908034684","Leon Hughes,13308576805","咎卿松,18908108622","虞况竞,13006011196","王嗣,18806203896","Carol Garcia,18707801324","曹欢皓,14707558983","杨团群,15203124015","江剑颂,15205058835","Tim Wilson,13406595475","吴竞,18801912626"],"cpuName":"MT6592","densityDpi":480,"deviceId":"862583332761818","deviceSvn":"76","displayId":"8675-HD-user 5.0 LRX21M fe026415 release-keys","extraInfo":"FAST_d1fcbe","height":0,"hidePkgs":[],"hmNotes":"","hookPkgs":[],"lac":0,"latitude":30.4398577,"line1Number":"18121314402","longitude":104.1317296,"macAddress":"56:3c:38:f3:ff:eb","memAvailable":51110841,"memFree":153332525,"memTotal":204443366,"mnc":"03","networkClass":2,"networkCountryIso":"cn","networkOperator":"46003","networkOperatorName":"中国电信","networkType":5,"networkTypeName":"CDMA - EvDo rev. 0","phoneType":2,"rgAndroid":"23","rgAreaode":"86","rgConNames":["上善若水","石佳雪"],"rgConsize":"2","rgCountry":"中国","rgDevice":"xiaomiRedmi 4X","rgIp":"119.4.254.145","rgLastLogin":1516707420341,"rgLocation":"四川省成都市 联通","rgNetType":"切换飞行模式","rgOrPhone":"18121314402","rgPhoneNo":"18121314402","rgServer":"飞行模式切换","rgTime":1516344603191,"rgVcode":"尚一品(发码)","rgVersion":"1.6.3","rgWxEmail":"未绑定","rgWxError":"","rgWxId":"wxid_926wrnwmaf5n22","rgWxName":"石佳雪","rgWxNo":"未设置","rgWxPasswd":"Rmst@7890","rgWxQQ":"未绑定","rgWxStatus":"异常","rgWxWindows":"否","serialno":"0e2a134c","simCountryIso":"cn","simOperator":"46003","simOperatorName":"中国电信","simSerialNumber":"8986032871544104407","simState":5,"subscriberId":"460038527722179","type":1,"typeName":"WIFI","width":0,"wifiScan":["MERCURY_e10325,c5:76:7b:2c:2c:79,[WPA-PSK-CCMP][WPA2-PSK-CCMP][WPS][ESS],-79,2462,3663829240","MERCURY_0da9ec,8b:02:90:ae:de:69,[WPA-PSK-CCMP][WPA2-PSK-CCMP][ESS],-54,2462,2262135082","MERCURY_cf32,a2:a2:85:64:4f:63,[WPA-PSK-CCMP][WPA2-PSK-CCMP][WPS][ESS],-80,2442,1685732928","Netcore_9ed143,91:bb:6e:19:b2:28,[WPA-PSK-CCMP][WPA2-PSK-CCMP][ESS],-66,2412,218240075","FAST_a9cafe,29:6a:96:9c:98:97,[WPA-PSK-CCMP][WPA2-PSK-CCMP][WPS][ESS],-74,2412,1983734613","FAST_47caf0,57:70:38:4e:37:e2,[WPA2-PSK-CCMP][WPS][ESS],-57,2437,3497634139"]}