{"BSSID":"fc:a7:bc:15:ce:36","IpAddress":"10.93.71.56","P2p0Mac":"b3:f7:fe:4b:bd:ae","SSID":"TP-LINK_6c99","androidId":"a03e6e265dc97264","batteryLevel":70,"btAddress":"09:c7:be:45:ab:f2","btName":"m2 note","buildAbi":"armeabi-v7a","buildAbi2":"armeabi","buildBoard":"p700","buildBrand":"Meizu","buildCodename":"REL","buildDescription":"m2note-user 5.0 LRX21M 1d1bcf35 release-keys","buildDevice":"m2note","buildFingerprint":"Meizu/m2 note/m2note:5.0/LRX21M/1d1bcf35:user/release-keys","buildHardware":"qcom","buildHost":"sp-ci-01-desktop","buildId":"LRX21M","buildIncremental":"1d1bcf35","buildManufacturer":"Meizu","buildModel":"m2 note","buildName":"Meizu","buildProduct":"m2note","buildRadioVersion":"bdtzvrpyueiswvy","buildRelease":"5.0","buildSdk":"21","buildSerialno":"bcef567d","buildTags":"release-keys","buildType":"user","buildUser":"android","buildUtc":1482606990881,"cellScan":["61729,168565533","61729,14046","32768,24585","61706,169510707","32768,135248132"],"ci":169510707,"contacts":["奶奶,15100301559","姑妈,13702588156","外婆,15708031151","外公,15001306908","舅舅,18906225123","舅妈,18707377575","姨父,14706217364","姨娘,14704546388","亲爱的,13302931680","老弟,15604002316","老妹,15702661376","小明,13302398877","小李子,15507496579","喻颂盛,13501256006","Tyler Torres,13502312351","于兴,18907957440","樊竞时,13608028880","葛念静,13490510048","Rose Harris,13302816918","张勇,13702084310","席康杏,13704181975","李绣,13802140015","Sheila Rice,13505955368","于仕欢,18805268127","杨素,18708862615","萧谦影,13005381882","Ricky Mcdonald,13003222439","厉精念,13490101200","费扬瑛,13700470221","王延,18904041921","Antonio Young,13307132733","柳图彤,15903071006","余仁禄,15606800232","羊岳瑞,18803166542","Carolyn Patterson,18701267980","龙胤任,13306247962","王顺江,13302340545","王璇介,13102707465","Jesse Duncan,18606586298","许阁杭,15002001758","李观,13300535083","岑国校,18007678597","Ricardo Black,18902037097","王媛瑞,13100693517","吴怒享,15306758741","王琴然,13405436853","Loretta Berry,15907144013","凌凇扬,18805615130","杨俊,13700906052","乐嗣剑,18607344896","Cynthia Barnes,13202531281","杨善,18806001262"],"cpuName":"MT6753","densityDpi":480,"deviceId":"863458478156983","deviceSvn":"24","displayId":"m2note-user 5.0 LRX21M 1d1bcf35 release-keys","extraInfo":"ctlte","height":0,"hidePkgs":[],"hmNotes":"","hookPkgs":[],"lac":61706,"latitude":30.6565438,"line1Number":"18121009240","longitude":103.9264004,"macAddress":"5c:5a:87:7c:3f:c1","memAvailable":31294714,"memFree":62589428,"memTotal":93884142,"mnc":"03","networkClass":2,"networkCountryIso":"cn","networkOperator":"46003","networkOperatorName":"中国电信","networkType":5,"networkTypeName":"CDMA - EvDo rev. 0","phoneType":2,"rgAndroid":"23","rgAreaode":"86","rgConNames":["崔熙相","上善若水"],"rgConsize":"2","rgCountry":"中国","rgDevice":"xiaomiRedmi 4X","rgIp":"119.4.252.75","rgLastLogin":1516707353520,"rgLocation":"四川省成都市 联通","rgNetType":"切换飞行模式","rgOrPhone":"18121009240","rgPhoneNo":"18121009240","rgServer":"飞行模式切换","rgTime":1516336200778,"rgVcode":"尚一品(发码)","rgVersion":"1.6.3","rgWxEmail":"未绑定","rgWxError":"","rgWxId":"wxid_z7ft6eazt7nr22","rgWxName":"崔熙相","rgWxNo":"未设置","rgWxPasswd":"Rmst@7890","rgWxQQ":"未绑定","rgWxStatus":"异常","rgWxWindows":"否","serialno":"bcef567d","simCountryIso":"cn","simOperator":"46003","simOperatorName":"中国电信","simSerialNumber":"8986065965891972524","simState":5,"subscriberId":"460031407133813","type":0,"typeName":"MOBILE","width":0,"wifiScan":["Netcore_254886,6c:59:40:d2:b5:0c,[WPA2-PSK-CCMP][ESS],-53,2462,3517535782","FAST_5977,a8:15:4d:45:ae:74,[WPA2-PSK-CCMP][WPS][ESS],-86,2437,1769326408","Tenda_f33175,80:48:a5:f4:c3:82,[WPA-PSK-CCMP][WPA2-PSK-CCMP][WPS][ESS],-78,2462,265837871","TP-LINK_866326,bc:d1:77:d9:32:fe,[WPA2-PSK-CCMP][ESS],-77,2462,1640433969","Netcore_64477b,ec:38:8f:b3:01:e4,[WPA-PSK-CCMP][WPA2-PSK-CCMP][WPS][ESS],-54,2437,486089431"]}