{"BSSID":"09:8a:b5:84:1c:78","IpAddress":"192.168.7.166","P2p0Mac":"77:5b:93:b7:23:63","SSID":"MERCURY_869ec9","androidId":"93cb020dd91d4435","batteryLevel":44,"btAddress":"70:97:b8:c0:a3:4a","btName":"2014501","buildAbi":"armeabi-v7a","buildAbi2":"armeabi","buildBoard":"p760","buildBrand":"Xiaomi","buildCodename":"REL","buildDescription":"HM2014501-user 6.0.1 MMB29T 9ca23e64 release-keys","buildDevice":"HM2014501","buildFingerprint":"Xiaomi/2014501/HM2014501:6.0.1/MMB29T/9ca23e64:user/release-keys","buildHardware":"qcom","buildHost":"mz-buider-2","buildId":"MMB29T","buildIncremental":"9ca23e64","buildManufacturer":"Xiaomi","buildModel":"2014501","buildName":"Xiaomi","buildProduct":"HM2014501","buildRadioVersion":"evrxjzzxa","buildRelease":"6.0.1","buildSdk":"23","buildSerialno":"a66413c6","buildTags":"release-keys","buildType":"user","buildUser":"lgmobile","buildUtc":1461705155699,"cellScan":["61721,169455831","32789,26955","61721,169976169","39940,163594035","61721,168397096"],"ci":26955,"contacts":["奶奶,18606513787","姑妈,18005674351","外婆,13490751130","外公,13490256711","舅舅,13508076608","舅妈,13600385448","姨父,13007372042","姨娘,18801993573","亲爱的,18905310687","老弟,13008656054","老妹,13201167192","小明,18705927078","小李子,15100845437","杨妙畏,15306297067","Peter Wells,13305930767","韦升芹,15505495061","禹帅力,18706881506","陈江,15308830536","Richard Webb,13301702769","黄江由,13800906187","昌静廉,13301001514","于隆印,18002088557","Amy Coleman,18904933547","杨昆铜,13806436488","茅谷渠,13201941715","吴盛,13900064052","Jeremy Patterson,13505086093","王举,13407938079","张炫,18007952529","朱君联,18800223314","Craig Ramirez,18703235306","于心,15603447763","穆楷水,13807470559","吴魄,15101407681","Adam Allen,15201694425","杨陵熙,15606460441","王经妙,13300381683","司马广秋,15706585530","Kenneth Snyder,18800174621","司徒朋军,18700657192"],"cpuName":"MT6582","densityDpi":560,"deviceId":"861989859642631","deviceSvn":"58","displayId":"HM2014501-user 6.0.1 MMB29T 9ca23e64 release-keys","extraInfo":"MERCURY_869ec9","height":0,"hidePkgs":[],"hmNotes":"","hookPkgs":[],"lac":32789,"latitude":30.7692017,"line1Number":"18224459880","longitude":103.8853033,"macAddress":"2f:49:a1:cb:b6:b4","memAvailable":23461554,"memFree":70384664,"memTotal":93846218,"mnc":"00","networkClass":2,"networkCountryIso":"cn","networkOperator":"46002","networkOperatorName":"中国移动","networkType":8,"networkTypeName":"HSDPA","phoneType":1,"rgAndroid":"23","rgAreaode":"86","rgConNames":[],"rgCountry":"中国","rgDevice":"xiaomiRedmi 4X","rgIp":"101.206.166.105","rgLastLogin":1516275216471,"rgLocation":"四川省 联通","rgNetType":"切换飞行模式","rgOrPhone":"18224459880","rgPhoneNo":"18224459880","rgServer":"飞行模式切换","rgTime":1516256894281,"rgVcode":"玉米(发码)","rgVersion":"1.6.3","rgWxError":"帐号状态异常，本次登录已失效。请尝试重新登录，并根据弹窗提示操作。","rgWxName":"霍卫遇","rgWxPasswd":"Rmst@7890","rgWxStatus":"异常","rgWxWindows":"否","serialno":"a66413c6","simCountryIso":"cn","simOperator":"46002","simOperatorName":"中国移动","simSerialNumber":"8986007871617603427","simState":5,"subscriberId":"460023956880994","type":1,"typeName":"WIFI","width":0,"wifiScan":["MERCURY_a5420e,04:5f:a7:0a:06:29,[WPA2-PSK-CCMP][WPS][ESS],-90,2412,346287883","MERCURY_311ec1,04:5f:a7:0a:0a:08,[WPA2-PSK-CCMP][WPS][ESS],-88,2412,246953883","Netcore_b99dd1,9c:d2:1e:b3:77:af,[WPA-PSK-CCMP][WPA2-PSK-CCMP][WPS][ESS],-56,2462,411830808","Tenda_aee210,9c:21:6a:b9:1c:0a,[WPA-PSK-CCMP][WPA2-PSK-CCMP][WPS][ESS],-92,2462,254819315","Netcore_105337,54:35:30:67:71:ef,[WPA-PSK-CCMP][WPA2-PSK-CCMP][ESS],-55,2437,331317844"]}