{"BSSID":"6f:56:f5:2b:45:9b","IpAddress":"10.98.58.17","P2p0Mac":"92:a6:88:ab:bd:e9","SSID":"TP-LINK_e20648","androidId":"e307a15986f19c95","batteryLevel":45,"btAddress":"e1:a7:79:1a:c3:c4","btName":"MI 3W","buildAbi":"armeabi-v7a","buildAbi2":"armeabi","buildBoard":"flounder","buildBrand":"Xiaomi","buildCodename":"REL","buildDescription":"Kenzo-user 7.1.2 NMF26Q 4d6c21bc release-keys","buildDevice":"Kenzo","buildFingerprint":"Xiaomi/MI 3W/Kenzo:7.1.2/NMF26Q/4d6c21bc:user/release-keys","buildHardware":"qcom","buildHost":"ubuntu","buildId":"NMF26Q","buildIncremental":"4d6c21bc","buildManufacturer":"Xiaomi","buildModel":"MI 3W","buildName":"Xiaomi","buildProduct":"Kenzo","buildRadioVersion":"isdxgfoi","buildRelease":"7.1.2","buildSdk":"25","buildSerialno":"1bd97040","buildTags":"release-keys","buildType":"user","buildUser":"MarkBuild","buildUtc":1469549656303,"cellScan":["61712,25972","32911,250303105","33284,3813","32911,50492","32911,250303106"],"ci":250303106,"contacts":["奶奶,15607265297","姑妈,13207765020","外婆,18705965585","外公,13305765626","舅舅,13404984932","舅妈,18007751350","姨父,13405220567","姨娘,13904877975","亲爱的,15206264538","老弟,18905692026","老妹,13603391752","小明,13401705805","小李子,15807354457","禹似义,15307122279","Ethel Cole,18005871981","李湘,13306841610","李盈,15503942864","邵茂靖,13007215573","Andrea Nichols,15503935402","李辉祥,15703803352","经奎鹏,13804181362","汪汉雷,13703745149","Chris Cook,13906156060","水秀进,13490564270","王贺,15308793172","平靖绵,13304895350","Joyce Payne,13490605417","李珀奇,15502154583","王祥玮,14701887958","祖逵艺,13506077631","Theresa Burns,13603794315","宣阁宽,13708885977","刁骥恺,18006888140","王雍庞,15502486412","Sherry White,13108077366","施行松,13807976187","焦微享,13490092277","王海,13605180008","Hector Murray,13900976011","张雅校,15301525639","凌砚佩,13303193032","康效熙,14706564547","Craig Elliott,18801981469","巴桂宏,13490448416","杨盈耀,18908571885","惠汉微,18701787586","Theresa Freeman,14704873935","陈迅,15307302334"],"cpuName":"Qualcomm MSM8974PRO-AB","densityDpi":240,"deviceId":"862300274873653","deviceSvn":"13","displayId":"Kenzo-user 7.1.2 NMF26Q 4d6c21bc release-keys","extraInfo":"cmnet","height":0,"hidePkgs":[],"hmNotes":"","hookPkgs":[],"lac":32911,"latitude":30.544469,"line1Number":"18224060731","longitude":103.7423542,"macAddress":"ca:18:c0:e5:5a:07","memAvailable":23493495,"memFree":70480488,"memTotal":93973983,"mnc":"00","networkClass":2,"networkCountryIso":"cn","networkOperator":"46002","networkOperatorName":"中国移动","networkType":17,"networkTypeName":"TD_SCDMA","phoneType":1,"rgAndroid":"23","rgAreaode":"86","rgConNames":["上善若水","余耕"],"rgConsize":"2","rgCountry":"中国","rgDevice":"xiaomiRedmi 4X","rgIp":"119.4.254.107","rgLastLogin":1516706859235,"rgLocation":"四川省成都市 联通","rgNetType":"切换飞行模式","rgOrPhone":"18224060731","rgPhoneNo":"18224060731","rgServer":"飞行模式切换","rgTime":1516252514445,"rgVcode":"玉米(发码)","rgVersion":"1.6.3","rgWxEmail":"未绑定","rgWxError":"","rgWxId":"wxid_buo2ua62iqjx22","rgWxName":"余耕","rgWxNo":"未设置","rgWxPasswd":"Rmst@7890","rgWxQQ":"未绑定","rgWxStatus":"异常","rgWxWindows":"否","serialno":"1bd97040","simCountryIso":"cn","simOperator":"46002","simOperatorName":"中国移动","simSerialNumber":"8986004248329268672","simState":5,"subscriberId":"460028736580077","type":0,"typeName":"MOBILE","width":0,"wifiScan":["PHICOMM_f31648,a8:ca:7b:1b:f4:88,[WPA2-PSK-CCMP][ESS],-53,2412,434969043","TP-LINK_36b9eb,f4:ee:14:13:e2:32,[WPA-PSK-CCMP][WPA2-PSK-CCMP][WPS][ESS],-89,2437,1531930946","MERCURY_fe2e,80:89:17:07:09:2a,[WPA-PSK-CCMP][WPA2-PSK-CCMP][WPS][ESS],-91,2462,210156972","MERCURY_031649,8c:f2:28:82:0e:70,[WPA-PSK-CCMP][WPA2-PSK-CCMP][ESS],-61,2462,1835936857","PHICOMM_6bed54,64:3a:b1:03:1f:ea,[WPA-PSK-CCMP][WPA2-PSK-CCMP][WPS][ESS],-72,2462,250853403"]}