{"BSSID":"c5:19:8f:d1:f0:87","IpAddress":"10.4.62.231","P2p0Mac":"15:47:c5:fe:5a:d1","SSID":"Netcore_1f2fe2","androidId":"89b4b09487f97930","batteryLevel":52,"btAddress":"91:f9:7d:36:4b:ef","btName":"vivo V3","buildAbi":"armeabi-v7a","buildAbi2":"armeabi","buildBoard":"m4","buildBrand":"vivo","buildCodename":"REL","buildDescription":"PD1524-user 7.0.0 NRD90M 8b788ec2 release-keys","buildDevice":"PD1524","buildFingerprint":"vivo/vivo V3/PD1524:7.0.0/NRD90M/8b788ec2:user/release-keys","buildHardware":"qcom","buildHost":"bs189","buildId":"NRD90M","buildIncremental":"8b788ec2","buildManufacturer":"vivo","buildModel":"vivo V3","buildName":"vivo","buildProduct":"PD1524","buildRadioVersion":"reuxhpkiusiqhjl","buildRelease":"7.0.0","buildSdk":"24","buildSerialno":"1396ddb1","buildTags":"release-keys","buildType":"user","buildUser":"lgmobile","buildUtc":1458239986933,"cellScan":["33536,84644737","39942,165286450","33536,98201984","33280,5345","33281,84644737"],"ci":84644737,"contacts":["奶奶,13704598181","姑妈,13803426422","外婆,18801767799","外公,13206075989","舅舅,15104245866","舅妈,18703405510","姨父,13706695598","姨娘,15500867477","亲爱的,15100358943","老弟,13105663310","老妹,18705378882","小明,15306122288","小李子,18904140165","杨翰影,18902135901","Eva Bradley,13306707426","项学奇,13204120904","祝豪儒,18002546447","杨齐剑,15305201849","Beth Rogers,18002071809","李校,18707846241","陈银夏,18803643483","龙卫青,15703124817","Frederick Ferguson,14701514249","李玉,13306935996","吴茜俊,18001695971","吴辉,14704421348","Veronica Jenkins,18805600124","张菁,15902050362","邴罗稼,13490705021","李旺,13703013519","Wanda James,13807870137","尉迟信守,18808638263","彭宫竞,14705263286","杨节菁,18700406378","Lee Wood,18806370050","姜晟铭,15705618547","吴祥,13906923292","焦况砚,18808553634","Leonard Fox,18807374164","王西,15704297342","仇曜嗣,15805922595","李经硕,15602981205","Gordon Myers,15604191720"],"cpuName":"Qualcomm Technologies, Inc MSM8939","densityDpi":320,"deviceId":"865947194268948","deviceSvn":"17","displayId":"PD1524-user 7.0.0 NRD90M 8b788ec2 release-keys","extraInfo":"ctlte","height":0,"hidePkgs":[],"hmNotes":"","hookPkgs":[],"lac":33536,"latitude":30.4899166,"line1Number":"18244213328","longitude":103.8309935,"macAddress":"e7:ef:90:e3:d9:6e","memAvailable":24104689,"memFree":72314070,"memTotal":96418759,"mnc":"00","networkClass":2,"networkCountryIso":"cn","networkOperator":"46007","networkOperatorName":"中国移动","networkType":17,"networkTypeName":"TD_SCDMA","phoneType":1,"rgAndroid":"23","rgAreaode":"86","rgConNames":["上善若水","臧璎佩"],"rgConsize":"2","rgCountry":"中国","rgDevice":"xiaomiRedmi 4X","rgIp":"101.206.166.232","rgLastLogin":1516706792398,"rgLocation":"四川省 联通","rgNetType":"切换飞行模式","rgOrPhone":"18244213328","rgPhoneNo":"18244213328","rgServer":"飞行模式切换","rgTime":1516251997585,"rgVcode":"玉米(发码)","rgVersion":"1.6.3","rgWxEmail":"未绑定","rgWxError":"","rgWxId":"wxid_iegdhq2vw1522","rgWxName":"臧璎佩","rgWxNo":"未设置","rgWxPasswd":"Rmst@7890","rgWxQQ":"未绑定","rgWxStatus":"异常","rgWxWindows":"否","serialno":"1396ddb1","simCountryIso":"cn","simOperator":"46007","simOperatorName":"中国移动","simSerialNumber":"8986006088364970867","simState":5,"subscriberId":"460077916438121","type":0,"typeName":"MOBILE","width":0,"wifiScan":["MERCURY_41498b,00:87:46:09:ec:7c,[WPA-PSK-CCMP][WPA2-PSK-CCMP][ESS],-54,2437,211970342","TP-LINK_7cbeba,24:69:68:8f:03:2a,[WPA-PSK-TKIP+CCMP][WPA2-PSK-TKIP+CCMP][WPS][ESS],-78,2412,1961234076","Tenda_db0eed,08:10:79:6a:5a:ef,[WPA2-PSK-CCMP][WPS][ESS],-91,2427,318882564","Netcore_86a9dc,c0:61:18:57:9d:56,[WPA-PSK-CCMP][WPA2-PSK-CCMP][WPS][ESS],-90,2462,722236446","MERCURY_b0ebad,00:23:c9:de:90:c2,[WPA2-PSK-CCMP][WPS][ESS],-74,2462,485071888"]}