{"BSSID":"f3:a2:e1:1c:1c:48","IpAddress":"10.50.60.12","P2p0Mac":"74:f6:77:96:ac:a8","SSID":"MERCURY_5375","androidId":"410aa85502451581","batteryLevel":57,"btAddress":"6c:69:53:4f:d6:23","btName":"vivo V3","buildAbi":"armeabi-v7a","buildAbi2":"armeabi","buildBoard":"ether","buildBrand":"vivo","buildCodename":"REL","buildDescription":"PD1524-user 5.0 LRX21M ecc41435 release-keys","buildDevice":"PD1524","buildFingerprint":"vivo/vivo V3/PD1524:5.0/LRX21M/ecc41435:user/release-keys","buildHardware":"qcom","buildHost":"Android-server","buildId":"LRX21M","buildIncremental":"ecc41435","buildManufacturer":"vivo","buildModel":"vivo V3","buildName":"vivo","buildProduct":"PD1524","buildRadioVersion":"wkwrqtvvggkxhaz","buildRelease":"5.0","buildSdk":"21","buildSerialno":"010a3317","buildTags":"release-keys","buildType":"user","buildUser":"buildHost","buildUtc":1494190046471,"cellScan":["33038,118167071","33301,6651","33301,13513","61729,169984159","33038,118167072"],"ci":118167071,"contacts":["奶奶,18603061553","姑妈,15806813244","外婆,15005556461","外公,15301547096","舅舅,15304741632","舅妈,15308128805","姨父,15005216297","姨娘,13490169464","亲爱的,18902593966","老弟,15705891013","老妹,13106802132","小明,15503625816","小李子,15202234816","家珊伟,15102541270","Kim Walker,15006316043","尤雪介,13006260230","骆羡红,13408463476","陈仁羡,18007894945","Megan Dixon,15302812914","傅津异,15307935103","史保龙,15800401168","王国庞,13490113679","Bernice Phillips,13490101215","于艺,18701415997","贺向岭,13490647694","李立殊,13102575102","Maria Robertson,18607984835","王王,15505835443","余雷,13490201614","王钰古,15304411501","Marvin Daniels,13305623904","计瑜罗,15500320637","于羡若,13490644139","廉能雅,18704906329","Clarence Rodriguez,15706860395","詹宫权,18708118309","麻义靖,13603750063","伊阁薇,15006615662","Stanley Warren,15002232604","杨诗,13900331342"],"cpuName":"Qualcomm Technologies, Inc MSM8939","densityDpi":560,"deviceId":"861621229790408","deviceSvn":"63","displayId":"PD1524-user 5.0 LRX21M ecc41435 release-keys","extraInfo":"cmnet","height":0,"hidePkgs":[],"hmNotes":"","hookPkgs":[],"lac":33038,"latitude":30.7219157,"line1Number":"18328706564","longitude":103.7819018,"macAddress":"34:b5:6b:b6:4c:58","memAvailable":935533425,"memFree":1871066851,"memTotal":2806600276,"mnc":"00","networkClass":2,"networkCountryIso":"cn","networkOperator":"46000","networkOperatorName":"中国移动","networkType":8,"networkTypeName":"HSDPA","phoneType":1,"rgAndroid":"23","rgAreaode":"86","rgConNames":["上善若水","wxid_wnlt7nmi6e2i22"],"rgConsize":"2","rgCountry":"中国","rgDevice":"xiaomiRedmi 4X","rgIp":"119.4.254.249","rgLastLogin":1516706728387,"rgLocation":"四川省成都市 联通","rgNetType":"切换飞行模式","rgOrPhone":"18328706564","rgPhoneNo":"18328706564","rgServer":"飞行模式切换","rgTime":1516248016524,"rgVcode":"玉米(发码)","rgVersion":"1.6.3","rgWxEmail":"未绑定","rgWxError":"","rgWxId":"wxid_wnlt7nmi6e2i22","rgWxName":"茅玉宽","rgWxNo":"未设置","rgWxPasswd":"Rmst@7890","rgWxQQ":"未绑定","rgWxStatus":"异常","rgWxWindows":"否","serialno":"010a3317","simCountryIso":"cn","simOperator":"46000","simOperatorName":"中国移动","simSerialNumber":"8986001295928327738","simState":5,"subscriberId":"460005205830113","type":0,"typeName":"MOBILE","width":0,"wifiScan":["FAST_b9db0d,6c:e8:73:37:c8:16,[WPA2-PSK-CCMP][WPS][ESS],-89,2462,2026231345","MERCURY_4b9ec5,00:0a:eb:e8:b1:62,[WPA2-PSK-CCMP][WPS][ESS],-85,2437,379640262","FAST_f22043,c8:e7:d8:1a:73:4e,[WPA2-PSK-CCMP][WPS][ESS],-84,2437,1365527816","Netcore_0f3266,08:10:79:5f:89:8d,[WPA-PSK-CCMP][WPA2-PSK-CCMP][WPS][ESS],-78,2452,1980530313","FAST_598cb8,08:10:79:68:f4:71,[WPS][ESS],-74,2462,246749524"]}