{"BSSID":"e2:43:3b:7b:b0:32","IpAddress":"10.92.63.247","P2p0Mac":"0b:38:02:75:78:84","SSID":"Tenda_7d0ee2","androidId":"dad53e25dc1b4487","batteryLevel":48,"btAddress":"d0:70:84:09:c6:8a","btName":"vivo V3","buildAbi":"armeabi-v7a","buildAbi2":"armeabi","buildBoard":"hummingbird","buildBrand":"vivo","buildCodename":"REL","buildDescription":"PD1524-user 7.1.2 NMF26Q 47b5843b release-keys","buildDevice":"PD1524","buildFingerprint":"vivo/vivo V3/PD1524:7.1.2/NMF26Q/47b5843b:user/release-keys","buildHardware":"qcom","buildHost":"qh-miui-ota-bd51","buildId":"NMF26Q","buildIncremental":"47b5843b","buildManufacturer":"vivo","buildModel":"vivo V3","buildName":"vivo","buildProduct":"PD1524","buildRadioVersion":"bzpfyexfkozdq","buildRelease":"7.1.2","buildSdk":"25","buildSerialno":"fd89e26f","buildTags":"release-keys","buildType":"user","buildUser":"jenkins","buildUtc":1515878193502,"cellScan":["33042,117767200","61715,169930642","61728,62216","61717,169201950","61715,31043"],"ci":169930642,"contacts":["奶奶,13600071463","姑妈,14706408843","外婆,15704121218","外公,18008302107","舅舅,13602394053","舅妈,15702233288","姨父,18007084360","姨娘,13001046190","亲爱的,13403390942","老弟,15901270581","老妹,18903721621","小明,14706805754","小李子,15601821372","余宁心,13607429045","Jacob Duncan,13600302613","杨虎石,15102516323","席乐彤,13100440135","阮炬逸,15703315771","Micheal Morgan,18703822924","王享阳,13490869113","贲渠信,15605225509","秋乐驹,18600380190","Eleanor Hart,13005937088","邴乾午,13402972500","张津,15202835665","康随情,18801190274","Dean Collins,14704083262","李介净,15803993372","王岳,13505058212","华靖午,13706427084","Florence Boyd,13605935224","张易君,13808313239","余铭,13302796894","杨韶,13005392087","Jerome Kelley,15600015490","杨愚瑛,14707022510","倪曜雅,13400976032","鲁随宣,18602816009","Kelly Ellis,15500898888","尹衔魁,13704183256","乐仪心,15208456810","陈印若,13708412402","Peter Fox,13801057067","李星浩,13408340982","陈颖然,13504686240","王炯超,18003068216","Jeanette Lewis,18905279003","伊佳闻,18903313222","计土舒,15605057533","于嘉骥,13802501192","Francisco Torres,13807352385"],"cpuName":"MT6750","densityDpi":560,"deviceId":"864535554407387","deviceSvn":"83","displayId":"PD1524-user 7.1.2 NMF26Q 47b5843b release-keys","extraInfo":"3gwap","height":0,"hidePkgs":[],"hmNotes":"","hookPkgs":[],"lac":61715,"latitude":30.5349629,"line1Number":"18380380154","longitude":104.0695831,"macAddress":"de:3c:2f:f9:6b:ee","memAvailable":458410302,"memFree":1375230906,"memTotal":1833641208,"mnc":"00","networkClass":2,"networkCountryIso":"cn","networkOperator":"46007","networkOperatorName":"中国移动","networkType":17,"networkTypeName":"TD_SCDMA","phoneType":1,"rgAndroid":"23","rgAreaode":"86","rgConNames":["上善若水","吴烁良"],"rgConsize":"2","rgCountry":"中国","rgDevice":"xiaomiRedmi 4X","rgIp":"119.4.253.175","rgLastLogin":1516706923391,"rgLocation":"四川省成都市 联通","rgNetType":"切换飞行模式","rgOrPhone":"18380380154","rgPhoneNo":"18380380154","rgServer":"飞行模式切换","rgTime":1516253384047,"rgVcode":"玉米(发码)","rgVersion":"1.6.3","rgWxEmail":"未绑定","rgWxError":"","rgWxId":"wxid_fc28nx5yrtih22","rgWxName":"吴烁良","rgWxNo":"未设置","rgWxPasswd":"Rmst@7890","rgWxQQ":"未绑定","rgWxStatus":"异常","rgWxWindows":"否","serialno":"fd89e26f","simCountryIso":"cn","simOperator":"46007","simOperatorName":"中国移动","simSerialNumber":"8986006262538345527","simState":5,"subscriberId":"460071411366377","type":0,"typeName":"MOBILE","width":0,"wifiScan":["PHICOMM_daec1f,28:10:7b:f6:b9:84,[WPA-PSK-CCMP][WPA2-PSK-CCMP][WPS][ESS],-90,2437,447534562","MERCURY_276210,78:d3:8d:e6:a4:84,[WPA-PSK-CCMP][WPA2-PSK-CCMP][WPS][ESS],-73,2462,838038166","Tenda_5a8db0,bc:46:99:1f:ee:1e,[WPA-PSK-CCMP][WPA2-PSK-CCMP][WPS][ESS],-87,2422,3423230420","Netcore_b1f426,a4:3d:78:7f:b9:5f,[WPA2-PSK-CCMP][WPS][ESS],-50,2412,362621362","Tenda_376311,bc:d1:77:fa:64:e2,[WPA2-PSK-CCMP][WPS][ESS],-54,2472,399074172"]}