{"BSSID":"c5:95:d3:ff:ce:67","IpAddress":"10.73.24.205","P2p0Mac":"fa:a7:0b:ad:ef:a2","SSID":"FAST_8bfe21","androidId":"524200c74c0925a1","batteryLevel":82,"btAddress":"c0:81:64:67:8a:cd","btName":"R6007","buildAbi":"armeabi-v7a","buildAbi2":"armeabi","buildBoard":"shamu","buildBrand":"OPPO","buildCodename":"REL","buildDescription":"R6007-user 5.1.1 LMY48G f766f433 release-keys","buildDevice":"R6007","buildFingerprint":"OPPO/R6007/R6007:5.1.1/LMY48G/f766f433:user/release-keys","buildHardware":"qcom","buildHost":"linux-user","buildId":"LMY48G","buildIncremental":"f766f433","buildManufacturer":"OPPO","buildModel":"R6007","buildName":"OPPO","buildProduct":"R6007","buildRadioVersion":"eiupvtgg","buildRelease":"5.1.1","buildSdk":"22","buildSerialno":"346871fc","buildTags":"release-keys","buildType":"user","buildUser":"MarkBuild","buildUtc":1497779070425,"cellScan":[],"ci":0,"contacts":["奶奶,15908877350","姑妈,13502675107","外婆,15908538244","外公,13700580515","舅舅,13803005983","舅妈,18705665338","姨父,18606216714","姨娘,13200351710","亲爱的,15308517447","老弟,18701071326","老妹,15908457101","小明,18702927453","小李子,15500683032","诸青璇,18908521268","Scott Gonzales,15302746298","和曜舒,13405723268","张畏,14704614516","花辉默,15302427434","Jeffrey Shaw,18901041395","钱逵双,18702817110","杨举校,13608481883","杨欢,13004026578","Helen Martinez,15501626117","李克素,18705094274","王虎,13502555304","李兴,15306765916","Megan Thompson,15308146773","祖玮礼,13003326614","米元媛,13907824297","凤同盛,13490440718","Sherry Robertson,15304506113","甘航思,15706902417","鲍江骏,13107743015","姚薇兴,15000726901","Roger Owens,15101066166","杨虹,14702930427","苗立影,14702026773","缪幸雷,18707906303","Brian Brown,18803961415","石王佩,15503193514","于情,15008450466","童靖泉,18805701905","Manuel Green,15705008695"],"cpuName":"Qualcomm MSM 8226 (Flattened Device Tree)","densityDpi":320,"deviceId":"865830281461826","deviceSvn":"56","displayId":"R6007-user 5.1.1 LMY48G f766f433 release-keys","extraInfo":"3gnet","height":0,"hidePkgs":[],"hmNotes":"","hookPkgs":[],"lac":0,"latitude":30.7747542,"line1Number":"15884597004","longitude":103.8568322,"macAddress":"80:b0:32:85:a1:0e","memAvailable":32298149,"memFree":64596300,"memTotal":96894449,"mnc":"00","networkClass":1,"networkCountryIso":"cn","networkOperator":"46000","networkOperatorName":"中国移动","networkType":2,"networkTypeName":"EDGE","phoneType":1,"rgAndroid":"23","rgAreaode":"86","rgConNames":["上善若水","吴瑜"],"rgConsize":"2","rgCountry":"中国","rgDevice":"xiaomiRedmi 4X","rgIp":"119.4.254.224","rgLastLogin":1516244587555,"rgLocation":"四川省成都市 联通","rgNetType":"切换飞行模式","rgOrPhone":"15884597004","rgPhoneNo":"15884597004","rgServer":"飞行模式切换","rgTime":1515748832194,"rgVcode":"玉米(发码)","rgVersion":"1.6.2","rgWxEmail":"未绑定","rgWxError":"该微信帐号因批量或者使用非法软件注册被限制登录，如需继续使用，请轻触“确定”申请解除限制。","rgWxId":"wxid_6i0kvzqznh7522","rgWxName":"吴瑜","rgWxNo":"未设置","rgWxPasswd":"Rmst@7890","rgWxQQ":"未绑定","rgWxStatus":"异常","rgWxWindows":"否","serialno":"346871fc","simCountryIso":"cn","simOperator":"46000","simOperatorName":"中国移动","simSerialNumber":"8986022193325908309","simState":5,"subscriberId":"460008210552217","type":0,"typeName":"MOBILE","width":0,"wifiScan":["FAST_5214,86:75:47:63:06:20,[WPA-PSK-CCMP][WPA2-PSK-CCMP][ESS],-79,2462,363210080","Tenda_bf2edf,e2:27:fd:74:4d:d5,[WPA-PSK-CCMP][WPA2-PSK-CCMP][WPS][ESS],-80,2412,3296428229","Netcore_31698c,94:12:cf:c8:1f:9b,[WPA2-PSK-CCMP][ESS],-75,2412,285333875","Netcore_410476,b6:06:e8:32:53:48,[WPA-PSK-CCMP][WPA2-PSK-CCMP][WPS][ESS],-86,2437,262928244","TP-LINK_7cbfea,cc:cc:30:4d:0a:37,[WPA2-PSK-CCMP][ESS],-85,2412,340421045","Tenda_486b9e,51:4d:39:04:d1:2b,[WPA2-PSK-CCMP][ESS],-84,2412,361761059","MERCURY_204383,30:46:63:3f:c9:e8,[WPA2-PSK-CCMP][WPS][ESS],-83,2437,495512505","MERCURY_e10326,d1:18:4a:2e:17:70,[WPA-PSK-CCMP][WPA2-PSK-CCMP][WPS][ESS],-86,2412,2673132259"]}