{"BSSID":"c1:88:75:06:f4:15","IpAddress":"10.54.14.153","P2p0Mac":"32:64:92:67:35:61","SSID":"MERCURY_6487a7","androidId":"a70c5bb436c67b07","batteryLevel":89,"btAddress":"c7:f8:52:15:fc:e2","btName":"m1 note","buildAbi":"armeabi-v7a","buildAbi2":"armeabi","buildBoard":"MSM8610","buildBrand":"Meizu","buildCodename":"REL","buildDescription":"m1note-user 7.1.2 NMF26Q 4af3f0f9 release-keys","buildDevice":"m1note","buildFingerprint":"Meizu/m1 note/m1note:7.1.2/NMF26Q/4af3f0f9:user/release-keys","buildHardware":"qcom","buildHost":"shws40","buildId":"NMF26Q","buildIncremental":"4af3f0f9","buildManufacturer":"Meizu","buildModel":"m1 note","buildName":"Meizu","buildProduct":"m1note","buildRadioVersion":"mdbvghqhnayzv","buildRelease":"7.1.2","buildSdk":"25","buildSerialno":"ff541f35","buildTags":"release-keys","buildType":"user","buildUser":"MarkBuild","buildUtc":1463762694861,"cellScan":["61731,170066411","32898,139995140","33544,33604","39938,163827505","32898,52991"],"ci":52991,"contacts":["奶奶,15606961385","姑妈,18901561275","外婆,13006923298","外公,15804472726","舅舅,18905307939","舅妈,18902683725","姨父,13490753478","姨娘,18600251446","亲爱的,13801430544","老弟,13105724946","老妹,18600961014","小明,15705995588","小李子,13505300645","于秀,18001321236","Teresa Griffin,13490708124","张媛杭,13106196656","罗观景,15107722853","王群,15808094416","Walter Jordan,15107276037","李渠信,13903018219","咎烈泰,15206815817","李炫凇,13300522867","Regina Fisher,15305691448","邴似荣,15808173994","俞仕熙,15203867386","李珊,15901655122","Jeff Alexander,15800774862","贝茜河,15801616802","李乐,18808036177","杨衔,13700587513","Gene Murphy,13904000810","李佩璐,18701255301","常怀双,15304483726","吴衔,13490608811","Roger Cox,18002160514","郝豪峻,13500378853","莫仁翔,13402961031","吴声,15203406193","Annette Kelley,13404101778","李舒校,15706703600","李朋星,18902223763","余绵雅,15006728983","Hazel Campbell,15006636412","喻默璎,15008264672","张求梁,18005646345","郝影慎,18701704475","Michele Crawford,18805032305","杨寿梁,15907714265","滕幸楷,15706142487","封熙耕,13490562891","Jill Greene,18002186958","郗璎让,13900890984"],"cpuName":"MT6752","densityDpi":560,"deviceId":"861342645905070","deviceSvn":"10","displayId":"m1note-user 7.1.2 NMF26Q 4af3f0f9 release-keys","extraInfo":"3gwap","height":0,"hidePkgs":[],"hmNotes":"","hookPkgs":[],"lac":32898,"latitude":30.8975178,"line1Number":"18224445764","longitude":104.2433744,"macAddress":"ee:37:1e:54:79:6a","memAvailable":23407174,"memFree":70221522,"memTotal":93628696,"mnc":"00","networkClass":2,"networkCountryIso":"cn","networkOperator":"46002","networkOperatorName":"中国移动","networkType":8,"networkTypeName":"HSDPA","phoneType":1,"rgAndroid":"23","rgAreaode":"86","rgConNames":[],"rgCountry":"中国","rgDevice":"xiaomiRedmi 4X","rgIp":"119.4.255.54","rgLastLogin":1515756575041,"rgLocation":"四川省成都市 联通","rgNetType":"切换飞行模式","rgOrPhone":"18224445764","rgPhoneNo":"18224445764","rgServer":"飞行模式切换","rgTime":1515752461633,"rgVcode":"玉米(发码)","rgVersion":"1.6.2","rgWxError":"帐号状态异常，本次登录已失效。请尝试重新登录，并根据弹窗提示操作。","rgWxName":"吴梁","rgWxPasswd":"Rmst@7890","rgWxStatus":"异常","rgWxWindows":"否","serialno":"ff541f35","simCountryIso":"cn","simOperator":"46002","simOperatorName":"中国移动","simSerialNumber":"8986009441836743945","simState":5,"subscriberId":"460028533925911","type":0,"typeName":"MOBILE","width":0,"wifiScan":["FAST_8e1ed0,80:89:17:e6:33:72,[WPA2-PSK-CCMP][WPS][ESS],-71,2437,397515868","MERCURY_85a9dc,08:10:77:cf:20:54,[WPA2-PSK-CCMP][ESS],-82,2462,486837688","TP-LINK_b9ed0e,ec:88:8f:35:9b:14,[WPA2-PSK-CCMP][ESS],-53,2417,3499731517","iTV-1420,b8:55:10:a0:0b:20,[WPA-PSK-CCMP][WPA2-PSK-CCMP][WPS][ESS],-84,2422,297034515","Netcore_0dc1f2,b4:98:42:39:e0:a2,[WPA2-PSK-CCMP][WPS][ESS],-57,2462,3169532884"]}