{"BSSID":"da:a7:1c:79:04:79","IpAddress":"192.168.99.43","P2p0Mac":"cb:8f:be:3e:90:3e","SSID":"MERCURY_7487be","androidId":"4adc3f897fa028c8","batteryLevel":85,"btAddress":"5a:ed:01:17:e0:b8","btName":"OPPO R7","buildAbi":"armeabi-v7a","buildAbi2":"armeabi","buildBoard":"otterx","buildBrand":"OPPO","buildCodename":"REL","buildDescription":"R7-user 7.0.0 NRD90M 0c84108c release-keys","buildDevice":"R7","buildFingerprint":"OPPO/OPPO R7/R7:7.0.0/NRD90M/0c84108c:user/release-keys","buildHardware":"qcom","buildHost":"ubuntu","buildId":"NRD90M","buildIncremental":"0c84108c","buildManufacturer":"OPPO","buildModel":"OPPO R7","buildName":"OPPO","buildProduct":"R7","buildRadioVersion":"chapkgqaxtziu","buildRelease":"7.0.0","buildSdk":"24","buildSerialno":"0be4c3bd","buildTags":"release-keys","buildType":"user","buildUser":"jenkins","buildUtc":1512613974725,"cellScan":["33256,33138435","61765,171247399","33256,17752","33256,31233","33188,122781215"],"ci":31233,"contacts":["奶奶,14703961370","姑妈,18601426411","外婆,18600304923","外公,15204822071","舅舅,15306261098","舅妈,18604165098","姨父,13206317155","姨娘,14708291599","亲爱的,15701902133","老弟,15204420326","老妹,15107497364","小明,13504346886","小李子,18901660508","山郡彦,13107801613","Patricia Wagner,15507785946","吴世,13302178924","狄阳雪,13206940064","郁相朔,13900467005","Jeanne Miller,13800772800","张茂向,18708226736","傅水秀,13008603777","董贤超,13103111204","Henry Morris,13200304370","李伟时,13506180897","经畏愚,13708786034","万慎望,15106093301","Kathleen Johnson,15802560476","诸玺,13308228089","张玉立,15707230101","蒋界梦,13500495447","Charlotte Perez,13703232881","朱启,15601939023","滑佳延,15601837736","陶伊晟,13004767563","Dale Morgan,13004080161","杨薇,18900724589","宓耀佩,18008591409","昌谷嵬,13403730330","Katherine Simmons,15000830167","杨麟,15605167657","路水勇,15105983090","吴怒水,15502541280","Cindy Howard,13208121048","王静弘,13106227856","颜彤旺,13904107640","王明鑫,18907810703","Bryan Ferguson,13490701661"],"cpuName":"MT6752","densityDpi":560,"deviceId":"865549272402678","deviceSvn":"87","displayId":"R7-user 7.0.0 NRD90M 0c84108c release-keys","extraInfo":"MERCURY_7487be","height":0,"hidePkgs":[],"hmNotes":"","hookPkgs":[],"lac":33256,"latitude":30.4680234,"line1Number":"18280421791","longitude":104.3688149,"macAddress":"74:ea:a1:9c:5d:a8","memAvailable":1249884127,"memFree":2499768255,"memTotal":3749652382,"mnc":"00","networkClass":2,"networkCountryIso":"cn","networkOperator":"46002","networkOperatorName":"中国移动","networkType":17,"networkTypeName":"TD_SCDMA","phoneType":1,"rgAndroid":"23","rgAreaode":"86","rgConNames":[],"rgCountry":"中国","rgDevice":"xiaomiRedmi 4X","rgIp":"119.4.254.143","rgLastLogin":1515756373950,"rgLocation":"四川省成都市 联通","rgNetType":"切换飞行模式","rgOrPhone":"18280421791","rgPhoneNo":"18280421791","rgServer":"飞行模式切换","rgTime":1515751331328,"rgVcode":"玉米(发码)","rgVersion":"1.6.2","rgWxError":"帐号状态异常，本次登录已失效。请尝试重新登录，并根据弹窗提示操作。","rgWxName":"李桐","rgWxPasswd":"Rmst@7890","rgWxStatus":"异常","rgWxWindows":"否","serialno":"0be4c3bd","simCountryIso":"cn","simOperator":"46002","simOperatorName":"中国移动","simSerialNumber":"8986003151478391444","simState":5,"subscriberId":"460027559795692","type":1,"typeName":"WIFI","width":0,"wifiScan":["TP-LINK_ced1fb,24:69:68:7b:c8:34,[WPA2-PSK-CCMP][ESS],-57,2437,519433937","Netcore_6587ba,bc:46:99:b4:e0:a2,[WPA2-PSK-CCMP][WPS][ESS],-78,2437,1581430349","Netcore_bafc0f,ec:26:ca:be:ae:2a,[WPA2-PSK-CCMP][WPS][ESS],-54,2437,1718538480","TP-LINK_e3165d,bc:46:99:b5:bf:7a,[WPA-PSK-CCMP][WPA2-PSK-CCMP][ESS],-76,2462,1422937989","MERCURY_87416b,9c:28:ef:57:f2:80,[WPA2-PSK-CCMP][WPS][ESS],-76,2412,1869628193"]}