{"BSSID":"02:21:42:0c:05:d3","IpAddress":"10.34.72.57","P2p0Mac":"6d:76:94:2a:40:4a","SSID":"Netcore_31597c","androidId":"5c8af9f17bdfbfed","batteryLevel":86,"btAddress":"de:98:9f:35:36:d9","btName":"Redmi Note 4X","buildAbi":"armeabi-v7a","buildAbi2":"armeabi","buildBoard":"m4","buildBrand":"Xiaomi","buildCodename":"REL","buildDescription":"Redmi Note 4X-user 6.0.1 MMB29T b0b615ea release-keys","buildDevice":"Redmi Note 4X","buildFingerprint":"Xiaomi/Redmi Note 4X/Redmi Note 4X:6.0.1/MMB29T/b0b615ea:user/release-keys","buildHardware":"qcom","buildHost":"SEP-68","buildId":"MMB29T","buildIncremental":"b0b615ea","buildManufacturer":"Xiaomi","buildModel":"Redmi Note 4X","buildName":"Xiaomi","buildProduct":"Redmi Note 4X","buildRadioVersion":"gtqmehsjmfsrqg","buildRelease":"6.0.1","buildSdk":"23","buildSerialno":"8b40f2fe","buildTags":"release-keys","buildType":"user","buildUser":"Server","buildUtc":1504851627667,"cellScan":["33038,118703903","33301,134973699","39936,164175411","33301,136884481","61729,169973539"],"ci":169973539,"contacts":["奶奶,13402598587","姑妈,18908483343","外婆,15106578221","外公,14705457844","舅舅,18806455473","舅妈,15101178359","姨父,15004630750","姨娘,18806996110","亲爱的,13707404426","老弟,15500063994","老妹,13307234918","小明,13808441588","小李子,15203643049","李仙,18807050200","Brian Jenkins,14704971894","司徒夜屏,18900493510","胡土升,13202743499","王逵,18807398260","Ellen Reynolds,18700164515","童恒烈,13804907277","杨景佩,15307300156","李童书,18701842353","Gary Greene,15704294631","杨绣,13300397999","吴默虎,13305113667","邵思岁,15704613298","Michele Powell,14701230710","金培瑞,13606860958","吴伟,18004645284","东方珂航,13404551949","Harold Davis,15001360061","李朔求,18005166453","虞雪骏,15306418857","王甲英,13490361469","Alice Holmes,13490001501","惠耕珀,15703643053","杨阳耀,13802107818","王嗣绣,15302132289","Ryan Thomas,15308542239","贺演艺,18803156581","李怒,15602920534","王瑛,13705208195","Grace Weaver,13604681979","李迅,13700983563","李佳夏,13800442861","杨铁宇,13008628635","Alvin Perkins,13106594085","于棠,13807134495","张迅介,14706040978","张巍珀,15701612696","Stanley Webb,14703743229","隗贤璎,14705606450"],"cpuName":"Qualcomm Technologies, Inc MSM8953","densityDpi":320,"deviceId":"861330332035533","deviceSvn":"51","displayId":"Redmi Note 4X-user 6.0.1 MMB29T b0b615ea release-keys","extraInfo":"ctlte","height":0,"hidePkgs":[],"hmNotes":"","hookPkgs":[],"lac":61729,"latitude":30.8224291,"line1Number":"18302843697","longitude":103.7353942,"macAddress":"fe:6e:16:d2:6e:95","memAvailable":1249921034,"memFree":2499842070,"memTotal":3749763104,"mnc":"00","networkClass":1,"networkCountryIso":"cn","networkOperator":"46000","networkOperatorName":"中国移动","networkType":2,"networkTypeName":"EDGE","phoneType":1,"rgAndroid":"23","rgAreaode":"86","rgConNames":[],"rgCountry":"中国","rgDevice":"xiaomiRedmi 4X","rgIp":"101.206.167.206","rgLastLogin":1515756509601,"rgLocation":"四川省 联通","rgNetType":"切换飞行模式","rgOrPhone":"18302843697","rgPhoneNo":"18302843697","rgServer":"飞行模式切换","rgTime":1515752047999,"rgVcode":"玉米(发码)","rgVersion":"1.6.2","rgWxError":"帐号状态异常，本次登录已失效。请尝试重新登录，并根据弹窗提示操作。","rgWxName":"郝童青","rgWxPasswd":"Rmst@7890","rgWxStatus":"异常","rgWxWindows":"否","serialno":"8b40f2fe","simCountryIso":"cn","simOperator":"46000","simOperatorName":"中国移动","simSerialNumber":"8986028586853473674","simState":5,"subscriberId":"460001441938945","type":0,"typeName":"MOBILE","width":0,"wifiScan":["PHICOMM_39ec97,80:48:a5:f4:d0:c2,[WPA-PSK-CCMP][WPA2-PSK-CCMP][ESS],-95,2462,3525631244","MERCURY_ec00ec,64:3a:b1:ee:1a:3a,[WPA2-PSK-CCMP][ESS],-90,2437,542313208","FAST_0dbffd,a8:15:4d:4b:68:de,[WPS][WEP][ESS],-54,2462,515589304","TP-LINK_0044,64:3a:b1:eb:85:6a,[WPA2-PSK-CCMP][ESS],-93,2437,2514733265","PHICOMM_32fdd1,d0:c7:c0:89:13:1e,[WPA2-PSK-CCMP][ESS],-84,2412,233392907"]}