{"BSSID":"57:46:d5:24:00:44","IpAddress":"10.92.32.250","P2p0Mac":"6c:75:bc:28:f5:b5","SSID":"MERCURY_dbf31e","androidId":"a77778e051ea6748","batteryLevel":75,"btAddress":"16:54:8d:a1:ec:01","btName":"MI 5X","buildAbi":"armeabi-v7a","buildAbi2":"armeabi","buildBoard":"moorefield","buildBrand":"Xiaomi","buildCodename":"REL","buildDescription":"tiffany-user 7.1.2 NMF26Q 07cca131 release-keys","buildDevice":"tiffany","buildFingerprint":"Xiaomi/MI 5X/tiffany:7.1.2/NMF26Q/07cca131:user/release-keys","buildHardware":"qcom","buildHost":"SEP-68","buildId":"NMF26Q","buildIncremental":"07cca131","buildManufacturer":"Xiaomi","buildModel":"MI 5X","buildName":"Xiaomi","buildProduct":"tiffany","buildRadioVersion":"biivhbxghej","buildRelease":"7.1.2","buildSdk":"25","buildSerialno":"814bd894","buildTags":"release-keys","buildType":"user","buildUser":"jenkins","buildUtc":1461609599144,"cellScan":["33056,1024","33045,26305","33056,97217920","33056,11631","33045,32506"],"ci":1024,"contacts":["奶奶,15003727425","姑妈,13607006597","外婆,15504996495","外公,15307291536","舅舅,18607328432","舅妈,13000462346","姨父,15201922281","姨娘,18800240194","亲爱的,13201830215","老弟,15100558679","老妹,15306526640","小明,13908108273","小李子,14707687811","景庞让,13304870764","Theresa Harris,15307171617","张佩鹄,15903864946","郑献青,15602656644","萧梁钰,13404971344","Jessica Weaver,15103844773","宁茜嗣,18804333762","李律虹,18603710826","张楷,15701197516","Bernard Ellis,15701130652","周璎琦,13800697170","杨翼虎,18607114527","李湘,13304707741","Maria Long,13490566422","陶仁洋,18004702198","于先,14705848417","张孝,15201010277","Jose Harris,13404742147","张如隆,15905697577","严意勇,15803570567","彭学郁,13601240319","Aaron Anderson,13508581656","巴梁航,13700340207","李印,13490843030","秦王愚,13200109041","Steve Gonzales,13202803770","陈畏,13704443138","成景郡,13904411808","滕河密,13205608016","Anita Dunn,13000391882","王梁,15504831651","顾勇鹄,13705692923"],"cpuName":"Qualcomm Technologies, Inc MSM8953","densityDpi":240,"deviceId":"864029393844232","deviceSvn":"27","displayId":"tiffany-user 7.1.2 NMF26Q 07cca131 release-keys","extraInfo":"uninet","height":0,"hidePkgs":[],"hmNotes":"","hookPkgs":[],"lac":33056,"latitude":30.8260991,"line1Number":"18302846942","longitude":103.8244559,"macAddress":"6f:78:b1:62:5f:77","memAvailable":937469043,"memFree":2812407129,"memTotal":3749876172,"mnc":"00","networkClass":3,"networkCountryIso":"cn","networkOperator":"46000","networkOperatorName":"中国移动","networkType":13,"networkTypeName":"LTE","phoneType":1,"rgAndroid":"23","rgAreaode":"86","rgConNames":[],"rgCountry":"中国","rgDevice":"xiaomiRedmi 4X","rgIp":"119.4.255.209","rgLastLogin":1515756442732,"rgLocation":"四川省成都市 联通","rgNetType":"切换飞行模式","rgOrPhone":"18302846942","rgPhoneNo":"18302846942","rgServer":"飞行模式切换","rgTime":1515751673881,"rgVcode":"玉米(发码)","rgVersion":"1.6.2","rgWxError":"帐号状态异常，本次登录已失效。请尝试重新登录，并根据弹窗提示操作。","rgWxName":"余贺","rgWxPasswd":"Rmst@7890","rgWxStatus":"异常","rgWxWindows":"否","serialno":"814bd894","simCountryIso":"cn","simOperator":"46000","simOperatorName":"中国移动","simSerialNumber":"8986029512873664434","simState":5,"subscriberId":"460004371778998","type":0,"typeName":"MOBILE","width":0,"wifiScan":["ChainaNet_e1f2,24:69:68:20:da:1a,[WPA2-PSK-CCMP][WPS][ESS],-73,2412,206887139","FAST_1438,88:25:93:30:99:3e,[WPA2-PSK-CCMP][WPS][ESS],-66,2452,283822404","MERCURY_fe1549,6c:59:40:c4:1d:3a,[WPA2-PSK-CCMP][ESS],-91,2412,1739035627","MERCURY_164985,6c:59:40:c4:2c:dc,[WPA2-PSK-CCMP][WPS][ESS],-81,2412,873131756","MERCURY_6587ba,8c:f2:28:39:b0:1c,[WPA-PSK-CCMP][WPA2-PSK-CCMP][ESS],-71,2437,401760819"]}