{"BSSID":"38:3b:93:86:0c:3c","IpAddress":"10.84.71.228","P2p0Mac":"a4:b2:33:46:da:f6","SSID":"Tenda_997cad","androidId":"acea757ca2b3604c","batteryLevel":45,"btAddress":"a6:cc:eb:43:bf:73","btName":"MI 4LTE","buildAbi":"armeabi-v7a","buildAbi2":"armeabi","buildBoard":"MSM8992","buildBrand":"Xiaomi","buildCodename":"REL","buildDescription":"cancro-user 6.0.1 MMB29T a2ae8390 release-keys","buildDevice":"cancro","buildFingerprint":"Xiaomi/MI 4LTE/cancro:6.0.1/MMB29T/a2ae8390:user/release-keys","buildHardware":"qcom","buildHost":"mine","buildId":"MMB29T","buildIncremental":"a2ae8390","buildManufacturer":"Xiaomi","buildModel":"MI 4LTE","buildName":"Xiaomi","buildProduct":"cancro","buildRadioVersion":"krqfjvtzew","buildRelease":"6.0.1","buildSdk":"23","buildSerialno":"8d31bc3a","buildTags":"release-keys","buildType":"user","buildUser":"buildHost","buildUtc":1480343796754,"cellScan":["33031,117599775","32788,1540","32788,30101","61709,168675500","32788,16756"],"ci":117599775,"contacts":["奶奶,13600603385","姑妈,15301825522","外婆,13405122262","外公,13490269302","舅舅,13007698338","舅妈,18703425218","姨父,13606047558","姨娘,18807444655","亲爱的,18907123704","老弟,15301693999","老妹,14703635478","小明,15503943648","小李子,15204353163","吴书演,18007642170","Walter Wallace,13490087844","家新适,13302733444","舒幸菁,13901765531","李齐,15801605930","Joann Harrison,15903624547","蒋谦,13500533983","吴念,15303613929","余湘雷,18004886809","Rachel Ford,18906500075","余求雅,13405485823","王界,13402937128","强乾译,13490262292","Louis White,15307764815","王殊隆,15203134255","麻异联,15706586590","李商,18001791583","Veronica Simpson,13305153751","虞靖倩,15203216152","郭郁全,15605303922","宗厚亚,15803893095","Thelma Mason,13408775155","陈添,13401042502","纪渠浩,13906081916","杨薇,13607545506","Gladys Nichols,13900145260","张礼怒,15707151682"],"cpuName":"Qualcomm MSM8974PRO-AC","densityDpi":560,"deviceId":"863527168919189","deviceSvn":"48","displayId":"cancro-user 6.0.1 MMB29T a2ae8390 release-keys","extraInfo":"uninet","height":0,"hidePkgs":[],"hmNotes":"","hookPkgs":[],"lac":33031,"latitude":30.6120269,"line1Number":"18349383905","longitude":104.1249276,"macAddress":"bd:37:4b:ac:ef:24","memAvailable":5479783310,"memFree":10959566620,"memTotal":16439349930,"mnc":"00","networkClass":2,"networkCountryIso":"cn","networkOperator":"46000","networkOperatorName":"中国移动","networkType":17,"networkTypeName":"TD_SCDMA","phoneType":1,"rgAndroid":"23","rgAreaode":"86","rgConNames":["上善若水","杨由桐"],"rgConsize":"2","rgCountry":"中国","rgDevice":"xiaomiRedmi 4X","rgIp":"101.206.167.32","rgLastLogin":1516244448270,"rgLocation":"四川省 联通","rgNetType":"切换飞行模式","rgOrPhone":"18349383905","rgPhoneNo":"18349383905","rgServer":"飞行模式切换","rgTime":1515738865338,"rgVcode":"爱乐赞(接码/发码)","rgVersion":"1.6.2","rgWxEmail":"未绑定","rgWxError":"该微信帐号因批量或者使用非法软件注册被限制登录，如需继续使用，请轻触“确定”申请解除限制。","rgWxId":"wxid_ix6odkhoxtde22","rgWxName":"杨由桐","rgWxNo":"未设置","rgWxPasswd":"Rmst@7890","rgWxQQ":"未绑定","rgWxStatus":"异常","rgWxWindows":"否","serialno":"8d31bc3a","simCountryIso":"cn","simOperator":"46000","simOperatorName":"中国移动","simSerialNumber":"8986009975831734833","simState":5,"subscriberId":"460003691213027","type":0,"typeName":"MOBILE","width":0,"wifiScan":["PHICOMM_6a7bfe,44:97:5a:32:db:04,[WPA2-PSK-CCMP][WPS][ESS],-77,2412,376197720","Netcore_f27497,fc:d7:33:ca:6a:b2,[WPA2-PSK-CCMP][WPS][ESS],-74,2437,217843543","MERCURY_f32fd1,bc:d1:77:a0:cc:e4,[WPA2-PSK-CCMP][ESS],-76,2412,3035229526","Netcore_315474,30:fc:68:25:fd:c6,[WPA2-PSK-CCMP][WPS][ESS],-68,2417,554731276","Tenda_a96486,44:97:5a:68:69:ec,[WPA2-PSK-CCMP][ESS],-89,2462,2105137495"]}