{"BSSID":"ba:c6:80:69:bb:97","IpAddress":"192.168.1.20","P2p0Mac":"1e:80:1e:f2:21:e9","SSID":"MERCURY_bada8c","androidId":"0df330e80371fe37","batteryLevel":32,"btAddress":"65:5e:9e:b5:8a:75","btName":"m3","buildAbi":"armeabi-v7a","buildAbi2":"armeabi","buildBoard":"msm8996","buildBrand":"Meizu","buildCodename":"REL","buildDescription":"m3-user 7.0.0 NRD90M 4129a4a6 release-keys","buildDevice":"m3","buildFingerprint":"Meizu/m3/m3:7.0.0/NRD90M/4129a4a6:user/release-keys","buildHardware":"qcom","buildHost":"LGEACI2R5","buildId":"NRD90M","buildIncremental":"4129a4a6","buildManufacturer":"Meizu","buildModel":"m3","buildName":"Meizu","buildProduct":"m3","buildRadioVersion":"hhywkfavknpcgu","buildRelease":"7.0.0","buildSdk":"24","buildSerialno":"2be90927","buildTags":"release-keys","buildType":"user","buildUser":"android","buildUtc":1509473163370,"cellScan":["33299,136877571","33299,22675","61705,26651","33299,136877570","33299,139606018"],"ci":139606018,"contacts":["奶奶,13505234161","姑妈,13806372583","外婆,13704031635","外公,18703066175","舅舅,13207680768","舅妈,15603486479","姨父,18603385266","姨娘,18600491707","亲爱的,18701923149","老弟,13905445817","老妹,18800907096","小明,15700665131","小李子,18705032680","杨印,15701652300","Roberto Edwards,14705564380","杨玮,13490840611","马新瑜,14705622145","邬雄鹏,13004831462","Vivian Ellis,15506907467","郑麟,15204435181","贺瑛琴,15308740418","杨培勇,13604267838","Steven Rose,13706113381","王信由,15306073890","李硕稼,13105351791","李明军,13905478443","Eva Miller,13702936827","陈凇,13406427286","李砚绵,13501350827","杨儒精,13607185347","Megan Rice,13607874596","杨谦,13703748013","邱仪华,13107304780","张佳嘉,13206687813","Frank Howard,18600421642","庞恺魄,13700581614","李乾厚,15307921614","凤炫学,18905604152","Pauline Davis,18905961989","任竞信,15104231411","廉权梁,13003074633","吴桂,14707856561","Howard Hudson,14706300786","松相寅,15201535923","杨启,18806314126","陈毅,15301827130","Gregory Gonzalez,13490838302","长孙冠烁,15707153917","杨屏,18601808502","王朋,15307796132","Dana Pierce,18005521129","酆璐汉,18800662043"],"cpuName":"MT6750","densityDpi":480,"deviceId":"861616937740497","deviceSvn":"73","displayId":"m3-user 7.0.0 NRD90M 4129a4a6 release-keys","extraInfo":"MERCURY_bada8c","height":0,"hidePkgs":[],"hmNotes":"","hookPkgs":[],"lac":33299,"latitude":30.9104255,"line1Number":"18382041730","longitude":103.813884,"macAddress":"6f:5d:01:55:c0:1a","memAvailable":458449490,"memFree":1375348472,"memTotal":1833797962,"mnc":"00","networkClass":2,"networkCountryIso":"cn","networkOperator":"46000","networkOperatorName":"中国移动","networkType":8,"networkTypeName":"HSDPA","phoneType":1,"rgAndroid":"23","rgAreaode":"86","rgConNames":[],"rgCountry":"中国","rgDevice":"xiaomiRedmi 4X","rgIp":"101.206.166.91","rgLastLogin":1515756130797,"rgLocation":"四川省 联通","rgNetType":"切换飞行模式","rgOrPhone":"18382041730","rgPhoneNo":"18382041730","rgServer":"飞行模式切换","rgTime":1515742071236,"rgVcode":"爱乐赞(接码/发码)","rgVersion":"1.6.2","rgWxError":"帐号状态异常，本次登录已失效。请尝试重新登录，并根据弹窗提示操作。","rgWxName":"夏禄瑞","rgWxPasswd":"Rmst@7890","rgWxStatus":"异常","rgWxWindows":"否","serialno":"2be90927","simCountryIso":"cn","simOperator":"46000","simOperatorName":"中国移动","simSerialNumber":"8986007813125811980","simState":5,"subscriberId":"460002093947840","type":1,"typeName":"WIFI","width":0,"wifiScan":["TP-LINK_a5a9c9,08:10:79:8b:79:8c,[WPA2-PSK-CCMP][WPS][ESS],-77,2437,395185058","Netcore_7b9ed0,08:10:79:6a:d7:87,[WPA2-PSK-CCMP-preauth][ESS],-93,2437,199945998","MERCURY_042fd2,08:10:79:6a:59:8b,[WPA2-PSK-CCMP][WPS][ESS],-92,2412,3238630156","iTV-7216,78:f5:57:33:80:d0,[WPA-PSK-CCMP][WPA2-PSK-CCMP][ESS],-65,2437,343734113","Netcore_305104,d8:47:10:b3:ca:e5,[WPA-PSK-CCMP][WPA2-PSK-CCMP][ESS],-75,2462,403670594"]}