{"BSSID":"52:f4:59:33:23:96","IpAddress":"10.91.93.123","P2p0Mac":"eb:11:80:9b:0c:ab","SSID":"MERCURY_e254","androidId":"8048dd9c0f6105a4","batteryLevel":51,"btAddress":"fa:a4:eb:7d:39:f5","btName":"vivo V3","buildAbi":"armeabi-v7a","buildAbi2":"armeabi","buildBoard":"msm8952","buildBrand":"vivo","buildCodename":"REL","buildDescription":"PD1524-user 7.1.2 NMF26Q a7ebbe53 release-keys","buildDevice":"PD1524","buildFingerprint":"vivo/vivo V3/PD1524:7.1.2/NMF26Q/a7ebbe53:user/release-keys","buildHardware":"qcom","buildHost":"huawei-desktop","buildId":"NMF26Q","buildIncremental":"a7ebbe53","buildManufacturer":"vivo","buildModel":"vivo V3","buildName":"vivo","buildProduct":"PD1524","buildRadioVersion":"uzaudnxw","buildRelease":"7.1.2","buildSdk":"25","buildSerialno":"9f0eaac0","buildTags":"release-keys","buildType":"user","buildUser":"buildHost","buildUtc":1464463382662,"cellScan":["32902,61305","61698,23463","61709,167922974","61709,167922977","32777,96776577"],"ci":167922974,"contacts":["奶奶,13490055183","姑妈,15804331399","外婆,15504236304","外公,15303046162","舅舅,14703822640","舅妈,15801318049","姨父,18703812813","姨娘,13602335200","亲爱的,15800135942","老弟,18802782447","老妹,13800582398","小明,18700613647","小李子,15501713254","方佩胤,13402702686","Steve Phillips,15002906041","家涂胤,13305354039","侯守秋,15501868143","李恒,13503712147","Geraldine Adams,13901301691","焦实恒,15605227134","于璎,15304304486","杨永,13305106576","Carlos Mason,18005857960","羊先行,15505548760","杨锐佳,15307071258","陈海,15703222443","Elaine Sullivan,15705848566","李梁友,13006054111","伍密华,18800178248","王效萱,14700662813","Debbie Knight,14700793448","乌适京,18607625174","蒋宇倩,13802658980","胡虎时,13900592371","Lisa Powell,13601286990","李绵翰,13004482996","康译晟,18606833389","杨静联,15700750864","Eugene Hunt,14705518480","王璐,15707367182","莫盛驹,13802048492","张印联,13905980949","Denise Patterson,13508352403","于荃,15905266123","李雅,13807474445","沈声,15305732496","Anthony Garcia,15305350664","庞麟意,13604554769","郁信翰,15208052994","彭礼齐,15204617794","Margaret Gomez,13403916864"],"cpuName":"MT6750","densityDpi":560,"deviceId":"864294675918175","deviceSvn":"43","displayId":"PD1524-user 7.1.2 NMF26Q a7ebbe53 release-keys","extraInfo":"3gnet","height":0,"hidePkgs":[],"hmNotes":"","hookPkgs":[],"lac":61709,"latitude":30.6471099,"line1Number":"18380348174","longitude":104.1078607,"macAddress":"8d:fc:ac:e9:6b:96","memAvailable":23433018,"memFree":70299055,"memTotal":93732073,"mnc":"00","networkClass":2,"networkCountryIso":"cn","networkOperator":"46007","networkOperatorName":"中国移动","networkType":17,"networkTypeName":"TD_SCDMA","phoneType":1,"rgAndroid":"23","rgAreaode":"86","rgConNames":[],"rgCountry":"中国","rgDevice":"xiaomiRedmi 4X","rgIp":"119.4.254.172","rgLastLogin":1516244541236,"rgLocation":"四川省成都市 联通","rgNetType":"切换飞行模式","rgOrPhone":"18380348174","rgPhoneNo":"18380348174","rgServer":"飞行模式切换","rgTime":1515740221345,"rgVcode":"爱乐赞(接码/发码)","rgVersion":"1.6.2","rgWxError":"该微信帐号因批量或者使用非法软件注册被限制登录，如需继续使用，请轻触“确定”申请解除限制。","rgWxName":"酆江向","rgWxPasswd":"Rmst@7890","rgWxStatus":"异常","rgWxWindows":"否","serialno":"9f0eaac0","simCountryIso":"cn","simOperator":"46007","simOperatorName":"中国移动","simSerialNumber":"8986025871057609543","simState":5,"subscriberId":"460079733924630","type":0,"typeName":"MOBILE","width":0,"wifiScan":["Netcore_25470e,00:23:c9:a7:77:9f,[WPA2-PSK-CCMP][ESS],-91,2447,191731426","PHICOMM_cfeb8d,64:3a:b1:1c:60:c2,[WPA-PSK-CCMP][WPA2-PSK-CCMP][WPS][ESS],-73,2462,202520362","MERCURY_ed1db0,d0:c7:c0:5d:51:a4,[WPA-PSK-CCMP][WPA2-PSK-CCMP][WPS][ESS],-94,2437,2994138119","Netcore_7536b9,00:23:c9:6f:ca:c1,[WPA2-PSK-CCMP][ESS],-73,2412,290074201","Netcore_b8cb0e,00:23:c9:58:62:19,[WPA-PSK-CCMP][WPA2-PSK-CCMP][WPS][ESS],-82,2412,671136047"]}