{"BSSID":"00:f1:42:a7:a2:85","IpAddress":"10.18.67.130","P2p0Mac":"e9:34:86:9e:73:0a","SSID":"MERCURY_d1f30d","androidId":"d595467ce9f9f31b","batteryLevel":56,"btAddress":"4b:77:47:19:4b:be","btName":"MI 3","buildAbi":"armeabi-v7a","buildAbi2":"armeabi","buildBoard":"spyder","buildBrand":"Xiaomi","buildCodename":"REL","buildDescription":"Kenzo-user 5.1.1 LMY48G daa47603 release-keys","buildDevice":"Kenzo","buildFingerprint":"Xiaomi/MI 3/Kenzo:5.1.1/LMY48G/daa47603:user/release-keys","buildHardware":"qcom","buildHost":"mz-buider-2","buildId":"LMY48G","buildIncremental":"daa47603","buildManufacturer":"Xiaomi","buildModel":"MI 3","buildName":"Xiaomi","buildProduct":"Kenzo","buildRadioVersion":"aokqasslxabrhdan","buildRelease":"5.1.1","buildSdk":"22","buildSerialno":"616cc061","buildTags":"release-keys","buildType":"user","buildUser":"jenkins","buildUtc":1461434833826,"cellScan":["32797,57722","61713,167990971","61699,168386607","33034,2515","32797,38053"],"ci":167990971,"contacts":["奶奶,15607654826","姑妈,15105091031","外婆,13106742036","外公,18603581037","舅舅,15007375409","舅妈,13305688457","姨父,18705023619","姨娘,13808121330","亲爱的,18800565581","老弟,13490341818","老妹,13704880544","小明,18806734085","小李子,15805021580","张观,15905510999","Lewis Lewis,15202421245","吴雪,15307054417","杨王,15305244056","董仪守,13604472477","Dawn Ellis,13707983023","嵇焱怒,15301087578","宗况念,18001101503","陈河绣,13490503081","Monica Cox,18903732485","陈兴,13903060417","戎腾倩,13602022894","王为,15908544567","Joel Rice,15206266064","窦炫译,13100214122","仰海璐,15207686927","井郁净,18705238997","Maria Marshall,15701021868","童隆楷,13490410550","诸超,13504730157","张绣,13507045242","Shannon Lopez,13607260485","张佩洋,15707232003","谈谷怡,18001994905","李霖介,15107846327","Edwin Washington,15902032600","柏奇伟,15005652260","余平,13400238746","余耀,13100408652","Annette Stevens,15501380273","李似,15706721986","李瑛,15704216771"],"cpuName":"Qualcomm MSM8974PRO-AB","densityDpi":240,"deviceId":"862259941918988","deviceSvn":"53","displayId":"Kenzo-user 5.1.1 LMY48G daa47603 release-keys","extraInfo":"uninet","height":0,"hidePkgs":[],"hmNotes":"","hookPkgs":[],"lac":61713,"latitude":30.9148132,"line1Number":"18482327308","longitude":104.0150784,"macAddress":"42:24:fb:0b:e5:0c","memAvailable":937654848,"memFree":2812964544,"memTotal":3750619392,"mnc":"00","networkClass":3,"networkCountryIso":"cn","networkOperator":"46007","networkOperatorName":"中国移动","networkType":13,"networkTypeName":"LTE","phoneType":1,"rgAndroid":"23","rgAreaode":"86","rgConNames":[],"rgCountry":"中国","rgDevice":"xiaomiRedmi 4X","rgIp":"119.4.254.52","rgLastLogin":1516244495748,"rgLocation":"四川省成都市 联通","rgNetType":"切换飞行模式","rgOrPhone":"18482327308","rgPhoneNo":"18482327308","rgServer":"飞行模式切换","rgTime":1515739786554,"rgVcode":"爱乐赞(接码/发码)","rgVersion":"1.6.2","rgWxError":"该微信帐号因批量或者使用非法软件注册被限制登录，如需继续使用，请轻触“确定”申请解除限制。","rgWxName":"杨佩仕","rgWxPasswd":"Rmst@7890","rgWxStatus":"异常","rgWxWindows":"否","serialno":"616cc061","simCountryIso":"cn","simOperator":"46007","simOperatorName":"中国移动","simSerialNumber":"8986026140643549054","simState":5,"subscriberId":"460073590140248","type":0,"typeName":"MOBILE","width":0,"wifiScan":["Netcore_d26205,08:10:79:9c:f7:44,[WPA2-PSK-CCMP][ESS],-89,2462,201628140","Tenda_caed20,c0:61:18:a2:a4:52,[WPA2-PSK-CCMP][ESS],-74,2437,273236575","Netcore_cfe21e,0c:72:2c:d1:ba:d6,[WPA2-PSK-CCMP][WPS][ESS],-95,2437,438658360","TP-LINK_376205,44:97:5a:b3:f2:d6,[WPA-PSK-CCMP][WPA2-PSK-CCMP][ESS],-58,2412,3594527422","MERCURY_652f32,b8:55:10:82:5f:cc,[WPA-PSK-CCMP][WPA2-PSK-CCMP][ESS],-54,2437,200525071"]}