{"BSSID":"de:b4:98:6c:e8:1d","IpAddress":"192.168.30.200","P2p0Mac":"79:e5:ae:09:66:38","SSID":"Netcore_c43659","androidId":"2f68b71d1dedf38a","batteryLevel":81,"btAddress":"7a:7e:6f:16:cc:64","btName":"MI 2SC","buildAbi":"armeabi-v7a","buildAbi2":"armeabi","buildBoard":"APQ8084","buildBrand":"Xiaomi","buildCodename":"REL","buildDescription":"aries-user 7.0.0 NRD90M 4a39dc57 release-keys","buildDevice":"aries","buildFingerprint":"Xiaomi/MI 2SC/aries:7.0.0/NRD90M/4a39dc57:user/release-keys","buildHardware":"qcom","buildHost":"qh-miui-ota-bd51","buildId":"NRD90M","buildIncremental":"4a39dc57","buildManufacturer":"Xiaomi","buildModel":"MI 2SC","buildName":"Xiaomi","buildProduct":"aries","buildRadioVersion":"bgrvhapzi","buildRelease":"7.0.0","buildSdk":"24","buildSerialno":"7c0d5d87","buildTags":"release-keys","buildType":"user","buildUser":"buildHost","buildUtc":1500299627564,"cellScan":[],"ci":0,"contacts":["奶奶,13490528484","姑妈,14703423296","外婆,18905037802","外公,13500651772","舅舅,18708300392","舅妈,18706434975","姨父,15603904752","姨娘,15800695864","亲爱的,13705531916","老弟,13007803847","老妹,13490665665","小明,14704063247","小李子,18900665686","王享立,13508057067","Jane Marshall,13906135334","熊桂孝,18006942253","陈先瑟,15005475635","邓让实,13507637430","Chris Murphy,13904465202","娄屏裕,15703813842","毕贵誓,18003031850","厉怡棠,13000447122","Manuel Smith,13208884289","曹适吉,15302058302","于权,15307235228","王秋,15505541477","Marion Mason,13101631537","史瑟年,13490808299","杨实,13607197893","张添,13706973337","Diane Carpenter,13701802213","鲍阔易,15302520859","程怀蔚,13106188841","刁铭思,13004996921","Monica Ellis,13203041103","刁鹄岁,13907635985","长孙罗香,13404036749","雷贺隆,15706436648","Jerome Morales,14703994331","余薇,13604900856"],"cpuName":"MI 2","densityDpi":240,"deviceId":"860083248277084","deviceSvn":"55","displayId":"aries-user 7.0.0 NRD90M 4a39dc57 release-keys","extraInfo":"Netcore_c43659","height":0,"hidePkgs":[],"hmNotes":"","hookPkgs":[],"lac":0,"latitude":30.4542703,"line1Number":"13314153195","longitude":103.9055575,"macAddress":"d4:09:04:ce:b2:94","memAvailable":51165411,"memFree":153496234,"memTotal":204661645,"mnc":"03","networkClass":2,"networkCountryIso":"cn","networkOperator":"46003","networkOperatorName":"中国电信","networkType":12,"networkTypeName":"CDMA - EvDo rev. B","phoneType":2,"rgAndroid":"23","rgAreaode":"86","rgConNames":["葛阁江","上善若水"],"rgConsize":"2","rgCountry":"中国","rgDevice":"xiaomiRedmi 4X","rgIp":"119.4.255.165","rgLastLogin":1516244252894,"rgLocation":"四川省成都市 联通","rgNetType":"切换飞行模式","rgOrPhone":"13314153195","rgPhoneNo":"13314153195","rgServer":"飞行模式切换","rgTime":1515914089764,"rgVcode":"玉米(发码)","rgVersion":"1.6.0","rgWxEmail":"未绑定","rgWxError":"该微信帐号因批量或者使用非法软件注册被限制登录，如需继续使用，请轻触“确定”申请解除限制。","rgWxId":"wxid_zidtgilii4vm22","rgWxName":"葛阁江","rgWxNo":"未设置","rgWxPasswd":"Rmst@7890","rgWxQQ":"未绑定","rgWxStatus":"异常","rgWxWindows":"否","serialno":"7c0d5d87","simCountryIso":"cn","simOperator":"46003","simOperatorName":"中国电信","simSerialNumber":"8986037039659992971","simState":5,"subscriberId":"460039473114021","type":1,"typeName":"WIFI","width":0,"wifiScan":["FAST_ceae20,ff:1c:fb:46:63:58,[WPA-PSK-CCMP][WPA2-PSK-CCMP][WPS][ESS],-72,2437,504590185","Netcore_aed054,52:99:7a:d6:b8:31,[WPA2-PSK-CCMP][WPS][ESS],-86,2412,274829952","PHICOMM_49cafe,47:6d:da:c3:d2:59,[WPA-PSK-CCMP][WPA2-PSK-CCMP][WPS][ESS],-83,2437,2727427479","PHICOMM_326387,7c:50:2f:71:22:f7,[WPA-PSK-CCMP][WPA2-PSK-CCMP][ESS],-72,2412,466519933","FAST_376bed,0e:7e:4a:28:21:0e,[WPA-PSK-CCMP][WPA2-PSK-CCMP][WPS][ESS],-56,2412,250815909","Tenda_d10486,2f:1a:f0:b6:22:89,[WPA-PSK-CCMP][WPA2-PSK-CCMP][WPS][ESS],-88,2412,2327030420"]}