{"BSSID":"f9:81:d6:4b:a4:85","IpAddress":"10.92.19.220","P2p0Mac":"2b:e5:9f:e6:c3:a4","SSID":"ChainaNet_154c","androidId":"5dac6d55d144d27b","batteryLevel":85,"btAddress":"4c:35:75:ad:b5:20","btName":"Redmi Note 2","buildAbi":"armeabi-v7a","buildAbi2":"armeabi","buildBoard":"otterx","buildBrand":"Xiaomi","buildCodename":"REL","buildDescription":"hermes-user 5.1.1 LMY48G d55964bf release-keys","buildDevice":"hermes","buildFingerprint":"Xiaomi/Redmi Note 2/hermes:5.1.1/LMY48G/d55964bf:user/release-keys","buildHardware":"qcom","buildHost":"SEP-68","buildId":"LMY48G","buildIncremental":"d55964bf","buildManufacturer":"Xiaomi","buildModel":"Redmi Note 2","buildName":"Xiaomi","buildProduct":"hermes","buildRadioVersion":"egbgmmblflqqescu","buildRelease":"5.1.1","buildSdk":"22","buildSerialno":"56ddacdf","buildTags":"release-keys","buildType":"user","buildUser":"lgmobile","buildUtc":1493503062070,"cellScan":["33294,139617798","61726,11463","61726,33561","61726,169762681","61726,168662784"],"ci":169762681,"contacts":["奶奶,14704581305","姑妈,15604685825","外婆,13900346534","外公,18901428614","舅舅,13102045998","舅妈,18803067770","姨父,13404381348","姨娘,15508236262","亲爱的,13801254095","老弟,13807320254","老妹,13907454567","小明,18606322826","小李子,18002436516","李巍朔,15904186925","Dennis Mills,15203665068","毕森宫,18902405713","巴雨昱,18905062327","吴水青,13490339016","Paul Andrews,15304128095","粱佩室,13507830643","张军,15702310514","长孙裕梦,13801714674","Benjamin Rogers,13906115217","邢举童,13901860908","王翼,13605853155","罗遇宇,13101187426","Eddie Murphy,13208668982","严商嘉,13306625440","倪演为,18803818632","余铜渠,18607104095","Carol Peterson,13206565709","娄然熙,15106123999","李雍谷,15501974649","沈珀,15800955228","Samuel Porter,15801393015","金学屏,13506287945","吕协驹,15607880556","暴松江,15503364585","Nicole Jones,13108732505","裘明夜,13604891025"],"cpuName":"MT6795","densityDpi":480,"deviceId":"860268590868693","deviceSvn":"88","displayId":"hermes-user 5.1.1 LMY48G d55964bf release-keys","extraInfo":"uninet","height":0,"hidePkgs":[],"hmNotes":"","hookPkgs":[],"lac":61726,"latitude":30.6006362,"line1Number":"13342170441","longitude":104.1937118,"macAddress":"99:eb:06:5d:3b:0c","memAvailable":51188726,"memFree":153566178,"memTotal":204754904,"mnc":"03","networkClass":2,"networkCountryIso":"cn","networkOperator":"46003","networkOperatorName":"中国电信","networkType":6,"networkTypeName":"CDMA - EvDo rev. A","phoneType":2,"rgAndroid":"23","rgAreaode":"86","rgConNames":[],"rgCountry":"中国","rgDevice":"xiaomiRedmi 4X","rgIp":"119.4.253.213","rgLastLogin":1516244206143,"rgLocation":"四川省成都市 联通","rgNetType":"切换飞行模式","rgOrPhone":"13342170441","rgPhoneNo":"13342170441","rgServer":"飞行模式切换","rgTime":1515913609373,"rgVcode":"玉米(发码)","rgVersion":"1.6.0","rgWxError":"该微信帐号因批量或者使用非法软件注册被限制登录，如需继续使用，请轻触“确定”申请解除限制。","rgWxName":"吴元","rgWxPasswd":"Rmst@7890","rgWxStatus":"异常","rgWxWindows":"否","serialno":"56ddacdf","simCountryIso":"cn","simOperator":"46003","simOperatorName":"中国电信","simSerialNumber":"8986067388433983642","simState":5,"subscriberId":"460032140975254","type":0,"typeName":"MOBILE","width":0,"wifiScan":["FAST_ce10,c0:61:18:25:68:de,[WPA2-PSK-CCMP][WPS][ESS],-53,2437,331787613","TP-LINK_cbfcaf,80:48:a5:e6:d8:8a,[WPA2-PSK-CCMP][WPS][ESS],-78,2412,970728169","TP-LINK_d25410,00:6b:8e:3f:0d:d8,[WPA-PSK-CCMP][WPA2-PSK-CCMP][ESS],-84,2462,203045957","MERCURY_374104,00:3a:9a:f1:df:40,[WPA2-PSK-CCMP][WPS][ESS],-82,2447,3524028031","FAST_febaed,bc:46:99:b5:28:d6,[WPA2-PSK-CCMP][ESS],-74,2447,2614232468"]}