{"BSSID":"c4:17:ea:19:cd:2f","IpAddress":"192.168.51.91","P2p0Mac":"cb:91:b2:76:5b:89","SSID":"TP-LINK_6e2043","androidId":"d91fb398e6d1ab52","batteryLevel":87,"btAddress":"e4:e9:97:ed:07:fb","btName":"G730-T00","buildAbi":"armeabi-v7a","buildAbi2":"armeabi","buildBoard":"ether","buildBrand":"HUAWEI","buildCodename":"REL","buildDescription":"G730-T00-user 7.0.0 NRD90M 1ad61cb1 release-keys","buildDevice":"G730-T00","buildFingerprint":"HUAWEI/G730-T00/G730-T00:7.0.0/NRD90M/1ad61cb1:user/release-keys","buildHardware":"qcom","buildHost":"huawei-desktop","buildId":"NRD90M","buildIncremental":"1ad61cb1","buildManufacturer":"HUAWEI","buildModel":"G730-T00","buildName":"HUAWEI","buildProduct":"G730-T00","buildRadioVersion":"nhegcnskitcysh","buildRelease":"7.0.0","buildSdk":"24","buildSerialno":"947d0c3c","buildTags":"release-keys","buildType":"user","buildUser":"builder","buildUtc":1506430109868,"cellScan":["33031,1280","33031,6634","33031,1281","61729,169951944","39936,163577910"],"ci":1281,"contacts":["奶奶,13104538320","姑妈,18903503744","外婆,13604904310","外公,18003124071","舅舅,13806794418","舅妈,13008162399","姨父,13490162180","姨娘,18001872842","亲爱的,18902377215","老弟,13202787418","老妹,15304172156","小明,13604478756","小李子,14704302505","张瑕,15706077571","Jeff Stone,18803981080","何水梧,13906717420","乌欣怡,13701415332","盛勋渠,15803490619","Fred Ross,15803490524","于熙烁,13508191726","班华雷,18605607395","谈微甲,13206291655","Florence Warren,13205132842","张儒皓,15505622840","崔木宁,13200967055","李双义,15008805276","Richard Freeman,15207987907","裴任宣,18806267890","贾延权,13204841830","余星,15708431029","Joyce Martinez,15705972963","王焱,15100446583","杨求翔,15804097718","杜香野,13204084530","Justin Turner,15608655828","袁靖举,15808064838","余瑛,15703666767","洪顺涂,18700342320","Alfred Wagner,18800425001","邴克航,13107285644"],"cpuName":"MT6582","densityDpi":560,"deviceId":"864401589637581","deviceSvn":"60","displayId":"G730-T00-user 7.0.0 NRD90M 1ad61cb1 release-keys","extraInfo":"TP-LINK_6e2043","height":0,"hidePkgs":[],"hmNotes":"","hookPkgs":[],"lac":33031,"latitude":30.6952811,"line1Number":"15302998323","longitude":103.8333666,"macAddress":"da:7f:c1:18:fd:3a","memAvailable":129192094,"memFree":387576284,"memTotal":516768378,"mnc":"03","networkClass":3,"networkCountryIso":"cn","networkOperator":"46003","networkOperatorName":"中国电信","networkType":13,"networkTypeName":"LTE","phoneType":2,"rgAndroid":"23","rgAreaode":"86","rgConNames":["慕容灵卫","上善若水"],"rgConsize":"2","rgCountry":"中国","rgDevice":"xiaomiRedmi 4X","rgIp":"119.4.255.91","rgLastLogin":1516244113437,"rgLocation":"四川省成都市 联通","rgNetType":"切换飞行模式","rgOrPhone":"15302998323","rgPhoneNo":"15302998323","rgServer":"飞行模式切换","rgTime":1515910001569,"rgVcode":"尚一品(发码)","rgVersion":"1.6.0","rgWxEmail":"未绑定","rgWxError":"该微信帐号因批量或者使用非法软件注册被限制登录，如需继续使用，请轻触“确定”申请解除限制。","rgWxId":"wxid_1grd51co510a22","rgWxName":"慕容灵卫","rgWxNo":"未设置","rgWxPasswd":"Rmst@7890","rgWxQQ":"未绑定","rgWxStatus":"异常","rgWxWindows":"否","serialno":"947d0c3c","simCountryIso":"cn","simOperator":"46003","simOperatorName":"中国电信","simSerialNumber":"898530282993507116085","simState":5,"subscriberId":"460039143928297","type":1,"typeName":"WIFI","width":0,"wifiScan":["TP-LINK_758d86,6c:59:40:dd:67:66,[WPA-PSK-CCMP][WPA2-PSK-CCMP][WPS][ESS],-52,2412,618129336","TP-LINK_325487,64:3a:b1:2d:ca:b2,[WPA-PSK-CCMP][WPA2-PSK-CCMP][WPS][ESS],-59,2467,192123469","PHICOMM_76a853,14:e6:e4:2c:d8:48,[WPA2-PSK-CCMP][ESS],-71,2412,3266430172","Netcore_baed1e,fc:d7:33:0f:84:16,[WPA2-PSK-CCMP][WPS][ESS],-85,2437,376037091","Tenda_fafd20,08:10:79:7c:f1:95,[WPA2-PSK-CCMP][WPS][ESS],-86,2437,290282992"]}