{"BSSID":"c2:3f:9f:ee:6e:14","IpAddress":"10.53.5.169","P2p0Mac":"5d:09:4f:a8:48:dc","SSID":"iTV-fe10","androidId":"e9560191d56d9fe3","batteryLevel":37,"btAddress":"3d:9d:11:c3:ea:04","btName":"MI 2SC","buildAbi":"armeabi-v7a","buildAbi2":"armeabi","buildBoard":"umts_spyder","buildBrand":"Xiaomi","buildCodename":"REL","buildDescription":"MI 2SC-user 5.0 LRX21M 754b5cca release-keys","buildDevice":"MI 2SC","buildFingerprint":"Xiaomi/MI 2SC/MI 2SC:5.0/LRX21M/754b5cca:user/release-keys","buildHardware":"qcom","buildHost":"huawei-server-05","buildId":"LRX21M","buildIncremental":"754b5cca","buildManufacturer":"Xiaomi","buildModel":"MI 2SC","buildName":"Xiaomi","buildProduct":"MI 2SC","buildRadioVersion":"jlrarrgssxkjn","buildRelease":"5.0","buildSdk":"21","buildSerialno":"f1a494f1","buildTags":"release-keys","buildType":"user","buildUser":"android","buildUtc":1472801954421,"cellScan":["61726,169766482","61726,28242","39937,163615283","33045,117977119","1822,32215"],"ci":169766482,"contacts":["奶奶,13505795068","姑妈,15105998881","外婆,15002000743","外公,18906155429","舅舅,13406287245","舅妈,15706822229","姨父,15804007848","姨娘,13508551475","亲爱的,13007263299","老弟,15000865600","老妹,18907585984","小明,15201266968","小李子,13100402926","李思,18005481582","Samuel Palmer,18905728502","虞立怒,13805318343","杨皓彤,15703967207","张影净,15100297883","Suzanne Lopez,15804722008","明楷贤,13105432142","宗殊岩,15504400047","杨明,13306744649","Frederick Lewis,18902005304","苏芹寅,13708111126","邹逵阔,15204851845","张海炫,15605922336","Shirley Gibson,15604162947","阮英森,13607650651","俞弘添,18606085408","彭贺铁,18804521494","Pauline Ray,18701328026","庞辉嘉,13490585835","凤贵随,13901877567","魏玮棠,18803630861","Jeffery Wells,15708226723","李培建,14701466084","张晟,13490313181","王寿,13206658129","Daniel Thomas,15505791244","杨伊,18001696875","封薇如,15506877608","凌奎帅,18600406135","Christine Russell,15602541482","郗萱律,13606554517","李裕和,13605247012","包慎旭,15906463646","Hector Burns,15901334026","应泰经,15906757905","王杭,13607504199"],"cpuName":"MI 2","densityDpi":560,"deviceId":"862580355532969","deviceSvn":"12","displayId":"MI 2SC-user 5.0 LRX21M 754b5cca release-keys","extraInfo":"ctlte","height":0,"hidePkgs":[],"hmNotes":"","hookPkgs":[],"lac":61726,"latitude":30.5533608,"line1Number":"15302998321","longitude":104.1856583,"macAddress":"64:6b:17:a8:c1:61","memAvailable":31298517,"memFree":62597036,"memTotal":93895553,"mnc":"03","networkClass":2,"networkCountryIso":"cn","networkOperator":"46003","networkOperatorName":"中国电信","networkType":12,"networkTypeName":"CDMA - EvDo rev. B","phoneType":2,"rgAndroid":"23","rgAreaode":"86","rgConNames":["上善若水","张声吉"],"rgConsize":"2","rgCountry":"中国","rgDevice":"xiaomiRedmi 4X","rgIp":"119.4.253.32","rgLastLogin":1516195327442,"rgLocation":"四川省成都市 联通","rgNetType":"切换飞行模式","rgOrPhone":"15302998321","rgPhoneNo":"15302998321","rgServer":"飞行模式切换","rgTime":1515907779087,"rgVcode":"尚一品(发码)","rgVersion":"1.6.0","rgWxEmail":"未绑定","rgWxError":"帐号状态异常，本次登录已失效。请尝试重新登录，并根据弹窗提示操作。","rgWxId":"wxid_26vqfcd98rjn22","rgWxName":"张声吉","rgWxNo":"未设置","rgWxPasswd":"Rmst@7890","rgWxQQ":"未绑定","rgWxStatus":"异常","rgWxWindows":"否","serialno":"f1a494f1","simCountryIso":"cn","simOperator":"46003","simOperatorName":"中国电信","simSerialNumber":"898530274193218256569","simState":5,"subscriberId":"460031891137513","type":0,"typeName":"MOBILE","width":0,"wifiScan":["Netcore_6d1630,ec:17:2f:46:fb:66,[WPA-PSK-CCMP][WPA2-PSK-CCMP][ESS],-86,2412,2054738129","Netcore_b7b9dc,44:97:5a:3d:cd:ee,[WPA-PSK-CCMP][WPA2-PSK-CCMP][ESS],-59,2412,196402957","Netcore_10d0f3,24:05:0f:44:e2:90,[WPA-PSK-CCMP][WPA2-PSK-CCMP][ESS],-95,2457,3524131338","MERCURY_eaed20,e4:d3:32:50:84:00,[WPA-PSK-CCMP][WPA2-PSK-CCMP][WPS][ESS],-73,2437,353617749","Netcore_7bfe21,f8:0b:d0:09:5d:a1,[WPA2-PSK-CCMP][WPS][ESS],-89,2462,1437537730"]}