{"BSSID":"59:ff:eb:97:4b:0c","IpAddress":"10.22.88.101","P2p0Mac":"27:5e:35:3f:d3:59","SSID":"TP-LINK_dbe32f","androidId":"adc84a41d2b01260","batteryLevel":89,"btAddress":"b3:80:54:7b:5a:eb","btName":"Redmi Note 2","buildAbi":"armeabi-v7a","buildAbi2":"armeabi","buildBoard":"flounder","buildBrand":"Xiaomi","buildCodename":"REL","buildDescription":"hermes-user 7.1.2 NMF26Q ba6ad716 release-keys","buildDevice":"hermes","buildFingerprint":"Xiaomi/Redmi Note 2/hermes:7.1.2/NMF26Q/ba6ad716:user/release-keys","buildHardware":"qcom","buildHost":"taishan","buildId":"NMF26Q","buildIncremental":"ba6ad716","buildManufacturer":"Xiaomi","buildModel":"Redmi Note 2","buildName":"Xiaomi","buildProduct":"hermes","buildRadioVersion":"pmmpvzolhlzuqvtlj","buildRelease":"7.1.2","buildSdk":"25","buildSerialno":"3c381eea","buildTags":"release-keys","buildType":"user","buildUser":"jenkins","buildUtc":1493408408917,"cellScan":["32768,42726","61729,5863","39698,162556467","61729,169940711","32768,98312066"],"ci":98312066,"contacts":["奶奶,13400117458","姑妈,13602765509","外婆,15902882563","外公,13490234259","舅舅,15701245485","舅妈,13002794273","姨父,15308360234","姨娘,18906166354","亲爱的,13200949088","老弟,15802003111","老妹,13403383040","小明,13207641163","小李子,15303578253","富驹相,13500073780","Paul Ramirez,13900982153","樊然豪,13900935153","顾烁阳,18702264262","邵保联,18702781816","Terry Perkins,14701775004","上官微新,18007710811","杨仪儒,18604845252","裘骥设,15005210833","Jamie Andrews,15905468570","阮遇烈,15008061167","荀易魄,15806053569","杨任,13808628389","Alfred Robertson,13602395926","张阳三,15202763426","李添,18906055813","裴默焱,15605926915","Phyllis Dunn,13202576538","明雅骏,15801443503","龚甲齐,14706122176","夏侯适锦,15802825023","Jane Jones,13407297089","徐媛翔,15508253851","吴培克,13106884321","赵雅康,13907031102","Nathan Ross,13804353891","于愚超,13006141782","严能念,18607890428","林吾龙,13490348819","Jeanne Long,18905000845"],"cpuName":"MT6795","densityDpi":320,"deviceId":"860430132812650","deviceSvn":"51","displayId":"hermes-user 7.1.2 NMF26Q ba6ad716 release-keys","extraInfo":"cmwap","height":0,"hidePkgs":[],"hmNotes":"","hookPkgs":[],"lac":32768,"latitude":30.6691314,"line1Number":"15302998235","longitude":103.9372282,"macAddress":"fa:26:bc:87:cf:b9","memAvailable":129194332,"memFree":387582996,"memTotal":516777328,"mnc":"03","networkClass":1,"networkCountryIso":"cn","networkOperator":"46003","networkOperatorName":"中国电信","networkType":4,"networkTypeName":"CDMA","phoneType":2,"rgAndroid":"23","rgAreaode":"86","rgConNames":["上善若水","王守"],"rgConsize":"2","rgCountry":"中国","rgDevice":"xiaomiRedmi 4X","rgIp":"119.4.253.247","rgLastLogin":1516195761662,"rgLocation":"四川省成都市 联通","rgNetType":"切换飞行模式","rgOrPhone":"15302998235","rgPhoneNo":"15302998235","rgServer":"飞行模式切换","rgTime":1515910754378,"rgVcode":"尚一品(发码)","rgVersion":"1.6.0","rgWxEmail":"未绑定","rgWxError":"帐号状态异常，本次登录已失效。请尝试重新登录，并根据弹窗提示操作。","rgWxId":"wxid_grjkajzvho6w22","rgWxName":"王守","rgWxNo":"未设置","rgWxPasswd":"Rmst@7890","rgWxQQ":"未绑定","rgWxStatus":"异常","rgWxWindows":"否","serialno":"3c381eea","simCountryIso":"cn","simOperator":"46003","simOperatorName":"中国电信","simSerialNumber":"8986039742201438277","simState":5,"subscriberId":"460032970716062","type":0,"typeName":"MOBILE","width":0,"wifiScan":["Tenda_fc052f,b0:75:d5:03:de:64,[WPA2-PSK-CCMP][WPS][ESS],-71,2462,215823594","PHICOMM_d0f325,44:33:4c:e8:df:66,[WPA-PSK-CCMP][WPA2-PSK-CCMP][ESS],-93,2462,3626933133","Netcore_305387,0c:d2:92:73:e2:4b,[WPA-PSK-CCMP][WPA2-PSK-CCMP][WPS][ESS],-71,2437,323772660","Netcore_1598cb,1c:fa:68:8b:7a:46,[WPA2-PSK-CCMP][ESS],-92,2447,2996530210","TP-LINK_8caf,1c:fa:68:99:3d:42,[WPS][ESS],-95,2462,469315882"]}