{"BSSID":"4f:fb:6d:08:ae:22","IpAddress":"10.40.42.105","P2p0Mac":"b0:32:b8:b6:0b:b2","SSID":"PHICOMM_d1cb0e","androidId":"ee2c56acb58877aa","batteryLevel":75,"btAddress":"48:d1:3f:f4:bd:ba","btName":"MI MAX 2","buildAbi":"armeabi-v7a","buildAbi2":"armeabi","buildBoard":"otter","buildBrand":"Xiaomi","buildCodename":"REL","buildDescription":"oxygen-user 5.1.1 LMY48G 7410642f release-keys","buildDevice":"oxygen","buildFingerprint":"Xiaomi/MI MAX 2/oxygen:5.1.1/LMY48G/7410642f:user/release-keys","buildHardware":"qcom","buildHost":"wcc-miui-ota-bd07.bj","buildId":"LMY48G","buildIncremental":"7410642f","buildManufacturer":"Xiaomi","buildModel":"MI MAX 2","buildName":"Xiaomi","buildProduct":"oxygen","buildRadioVersion":"kxeqxasf","buildRelease":"5.1.1","buildSdk":"22","buildSerialno":"10c43ff0","buildTags":"release-keys","buildType":"user","buildUser":"Server","buildUtc":1466712388642,"cellScan":["61716,169492058","33292,96490624","61722,27904","33317,34570","33292,41962"],"ci":96490624,"contacts":["奶奶,13300365840","姑妈,15506133038","外婆,15103530225","外公,13307774882","舅舅,18704909080","舅妈,13907148271","姨父,13301646031","姨娘,18806914205","亲爱的,13706411974","老弟,18003536406","老妹,15105301148","小明,13200780004","小李子,15705355941","刘罗荣,14701731021","Herbert Stone,18801019002","崔祥逸,14704750790","杨绣,18705947796","王阔恺,13208772361","Vivian Freeman,18608651248","金伟辉,15506088604","郑卫木,13302884662","吴荣灵,13504765671","Nancy Dunn,13907933519","李乾雪,15008524298","韩寅,18700226156","司马献霖,13306017381","Wanda Smith,18900648449","骆任河,18800833193","李联萱,13408007440","江军骥,15102673826","Raymond Gray,15201456329","王朋誓,13907887212","窦梦秋,18805813290","巫曜寿,15906424450","Martin Armstrong,13400811906","水升生,18807296853","李誓,15205134216","杨升水,14706924599","Carrie Gonzales,18808598850","束景韶,18805655525","戴克心,15006950317","臧元镜,18003622623","Holly Clark,13307057734"],"cpuName":"Qualcomm Technologies, Inc MSM8953","densityDpi":320,"deviceId":"863667879097576","deviceSvn":"34","displayId":"oxygen-user 5.1.1 LMY48G 7410642f release-keys","extraInfo":"3gwap","height":0,"hidePkgs":[],"hmNotes":"","hookPkgs":[],"lac":33292,"latitude":30.4862018,"line1Number":"15302986684","longitude":103.9424475,"macAddress":"3f:ef:75:83:da:32","memAvailable":68411977,"memFree":136823956,"memTotal":205235933,"mnc":"03","networkClass":3,"networkCountryIso":"cn","networkOperator":"46003","networkOperatorName":"中国电信","networkType":13,"networkTypeName":"LTE","phoneType":2,"rgAndroid":"23","rgAreaode":"86","rgConNames":["李琴","上善若水"],"rgConsize":"2","rgCountry":"中国","rgDevice":"xiaomiRedmi 4X","rgIp":"119.4.254.47","rgLastLogin":1516244022100,"rgLocation":"四川省成都市 联通","rgNetType":"切换飞行模式","rgOrPhone":"15302986684","rgPhoneNo":"15302986684","rgServer":"飞行模式切换","rgTime":1515908741661,"rgVcode":"尚一品(发码)","rgVersion":"1.6.0","rgWxEmail":"未绑定","rgWxError":"该微信帐号因批量或者使用非法软件注册被限制登录，如需继续使用，请轻触“确定”申请解除限制。","rgWxId":"wxid_emc1v0kmr59e22","rgWxName":"李琴","rgWxNo":"未设置","rgWxPasswd":"Rmst@7890","rgWxQQ":"未绑定","rgWxStatus":"异常","rgWxWindows":"否","serialno":"10c43ff0","simCountryIso":"cn","simOperator":"46003","simOperatorName":"中国电信","simSerialNumber":"8986118336434111755","simState":5,"subscriberId":"460033413585164","type":0,"typeName":"MOBILE","width":0,"wifiScan":["MERCURY_141698,70:d9:31:1e:dc:e0,[WPA-PSK-CCMP][WPA2-PSK-CCMP][WPS][ESS],-77,2467,1987927416","TP-LINK_fc1f30,20:f4:1b:8c:78:00,[WPA2-PSK-CCMP][WPS][ESS],-78,2427,485734845","MERCURY_510536,64:3a:b1:d9:42:2a,[WPA2-PSK-CCMP][WPS][ESS],-82,2412,212651815","MERCURY_ed1f42,78:52:62:19:b0:03,[WPA2-PSK-CCMP][ESS],-87,2412,454536915","PHICOMM_e26f43,70:d9:31:18:e1:60,[WPA2-PSK-CCMP][ESS],-85,2422,2069328500"]}