{"BSSID":"89:79:fb:ae:40:8e","IpAddress":"10.78.78.146","P2p0Mac":"1e:70:46:66:b5:fd","SSID":"MERCURY_b77afc","androidId":"47f7c3f908c49666","batteryLevel":52,"btAddress":"0a:42:41:08:2d:9b","btName":"Redmi Note 2","buildAbi":"armeabi-v7a","buildAbi2":"armeabi","buildBoard":"piranha","buildBrand":"Xiaomi","buildCodename":"REL","buildDescription":"hermes-user 5.1.1 LMY48G 1ae20439 release-keys","buildDevice":"hermes","buildFingerprint":"Xiaomi/Redmi Note 2/hermes:5.1.1/LMY48G/1ae20439:user/release-keys","buildHardware":"qcom","buildHost":"SEP-68","buildId":"LMY48G","buildIncremental":"1ae20439","buildManufacturer":"Xiaomi","buildModel":"Redmi Note 2","buildName":"Xiaomi","buildProduct":"hermes","buildRadioVersion":"vgnohtidjoktlhq","buildRelease":"5.1.1","buildSdk":"22","buildSerialno":"ad1ff9c4","buildTags":"release-keys","buildType":"user","buildUser":"Server","buildUtc":1452147161029,"cellScan":["61708,168630462","32902,11870","33031,117474591","61709,168630432","32786,17986"],"ci":117474591,"contacts":["奶奶,13604445617","姑妈,15701361618","外婆,13508693652","外公,15703298989","舅舅,18006403517","舅妈,13400791705","姨父,13500126440","姨娘,13805575074","亲爱的,14706490282","老弟,13102787013","老妹,18605580966","小明,13805543116","小李子,15301436209","张炬影,15705335115","Ethel Rose,15706142405","纪宏利,13490401421","王鹄,13708615872","李剑康,15202208104","Emily Hunter,15803125876","龙嘉瑕,13490133682","杨菁,18808779084","余旺陵,15505642960","Lester Mitchell,15607868533","糜群权,15702020501","王渠,15300697507","章悠梧,13505344741","Pauline Moore,13504856338","李帅,18706307346","尹三阔,13800081622","吴棠菁,15706377582","Ramon Ruiz,14704028500","喻迅孝,15205682177","花卿让,15104864654","麻业绵,13705968105","Sarah Brooks,13801962364","束珂进,13300357017","秋凇翼,13905022651","荀况璎,15501688521","Melvin Baker,13106977738","支广诗,15703493084","邢翔玺,15705940101","余韶,15901518492","Sandra Watson,15200713458","杨怀求,13600588644","宣景乾,15807765377","严雪乐,13201324092","Alice Jenkins,15501385983","杨秀,13490724631","陈让,13202458197"],"cpuName":"MT6795","densityDpi":320,"deviceId":"860295913807165","deviceSvn":"81","displayId":"hermes-user 5.1.1 LMY48G 1ae20439 release-keys","extraInfo":"3gnet","height":0,"hidePkgs":[],"hmNotes":"","hookPkgs":[],"lac":33031,"latitude":30.6330766,"line1Number":"15302987947","longitude":104.0818014,"macAddress":"50:ae:0a:87:cd:50","memAvailable":172252780,"memFree":344505562,"memTotal":516758342,"mnc":"03","networkClass":2,"networkCountryIso":"cn","networkOperator":"46003","networkOperatorName":"中国电信","networkType":6,"networkTypeName":"CDMA - EvDo rev. A","phoneType":2,"rgAndroid":"23","rgAreaode":"86","rgConNames":["上善若水","王童"],"rgConsize":"2","rgCountry":"中国","rgDevice":"xiaomiRedmi 4X","rgIp":"119.4.255.152","rgLastLogin":1516244067934,"rgLocation":"四川省成都市 联通","rgNetType":"切换飞行模式","rgOrPhone":"15302987947","rgPhoneNo":"15302987947","rgServer":"飞行模式切换","rgTime":1515909058934,"rgVcode":"尚一品(发码)","rgVersion":"1.6.0","rgWxEmail":"未绑定","rgWxError":"该微信帐号因批量或者使用非法软件注册被限制登录，如需继续使用，请轻触“确定”申请解除限制。","rgWxId":"wxid_bbsgrr1txyq522","rgWxName":"王童","rgWxNo":"未设置","rgWxPasswd":"Rmst@7890","rgWxQQ":"未绑定","rgWxStatus":"异常","rgWxWindows":"否","serialno":"ad1ff9c4","simCountryIso":"cn","simOperator":"46003","simOperatorName":"中国电信","simSerialNumber":"8986039848049436003","simState":5,"subscriberId":"460039716133575","type":0,"typeName":"MOBILE","width":0,"wifiScan":["FAST_3db87a,00:26:c7:34:79:e5,[WPA-PSK-CCMP][WPA2-PSK-CCMP][ESS],-60,2412,498577806","FAST_1042fe,74:e5:0b:f1:79:29,[WPA-PSK-CCMP][WPA2-PSK-CCMP][ESS],-95,2412,287830869","Netcore_498586,64:cc:2e:d5:4b:e9,[WPA2-PSK-CCMP][WPS][ESS],-77,2437,233395203","FAST_6ba7,a8:ca:7b:54:dd:78,[WPA-PSK-CCMP][WPA2-PSK-CCMP][WPS][ESS],-85,2412,2067833940","MERCURY_9dc0,ec:55:f9:c0:b5:82,[WPA-PSK-CCMP][WPA2-PSK-CCMP][WPS][ESS],-94,2437,211927349"]}