{"BSSID":"4d:2d:1d:6d:7c:8a","IpAddress":"192.168.92.1","P2p0Mac":"09:47:eb:c8:0c:3a","SSID":"Netcore_837598","androidId":"08bf3021b8a96d61","batteryLevel":71,"btAddress":"ff:ea:34:f5:ff:55","btName":"HM NOTE 1S","buildAbi":"armeabi-v7a","buildAbi2":"armeabi","buildBoard":"deb","buildBrand":"Xiaomi","buildCodename":"REL","buildDescription":"HM NOTE 1S-user 7.1.2 NMF26Q 2f77c0da release-keys","buildDevice":"HM NOTE 1S","buildFingerprint":"Xiaomi/HM NOTE 1S/HM NOTE 1S:7.1.2/NMF26Q/2f77c0da:user/release-keys","buildHardware":"qcom","buildHost":"huawei-desktop","buildId":"NMF26Q","buildIncremental":"2f77c0da","buildManufacturer":"Xiaomi","buildModel":"HM NOTE 1S","buildName":"Xiaomi","buildProduct":"HM NOTE 1S","buildRadioVersion":"qalilmmw","buildRelease":"7.1.2","buildSdk":"25","buildSerialno":"318f74b2","buildTags":"release-keys","buildType":"user","buildUser":"lgmobile","buildUtc":1512130936813,"cellScan":["61713,168248466","32780,1541","61713,168889434","33039,118007585","61700,35226"],"ci":118007585,"contacts":["奶奶,15304420207","姑妈,18605062056","外婆,15108095157","外公,18701373940","舅舅,13801398792","舅妈,15707294826","姨父,13006794253","姨娘,13004104574","亲爱的,14707537927","老弟,15502641769","老妹,18802031419","小明,13805992443","小李子,15504842979","卜京俊,18903275841","Cheryl Franklin,13307846328","王炎厚,15504483169","卡联筱,18000748139","汲若殊,13804590606","Christine Kelly,13700886634","张团石,14708450019","包魁亚,13704146792","巴鹄梦,18005053567","David Gomez,13490284240","李权,15300231594","明渠群,13300561283","计绵愚,18603292897","Cynthia White,15504990991","胡三童,13408532635","于泉绍,15601674486","龙愚绵,18600893697","Alex Hill,18601698377","糜广卿,13907540897","杨善,13903964915","王佩,15603375530","Lynn Kennedy,13200948486","杨奎意,18701750014","苗骥璞,18704816526","储英奎,13406940987","Frances Phillips,15006850389","张璐瑟,13406466155","莫影熙,13103485674","陆康杭,15307575275","Laurie Perkins,18904936058","柯卿素,14707394299","李荣锦,18705084859","倪虹友,15603452729","Dorothy Bennett,15502750910","杨勋秀,13490133831","吴为,15003515106","李谦游,13005982354","Roberto Ray,13002565166","喻寿阁,15204256413"],"cpuName":"Qualcomm Technologies, Inc MSM8916","densityDpi":560,"deviceId":"862415831433799","deviceSvn":"12","displayId":"HM NOTE 1S-user 7.1.2 NMF26Q 2f77c0da release-keys","extraInfo":"Netcore_837598","height":0,"hidePkgs":[],"hmNotes":"","hookPkgs":[],"lac":33039,"latitude":30.7886559,"line1Number":"15363022607","longitude":104.0689919,"macAddress":"25:21:f6:f9:71:f4","memAvailable":4109702919,"memFree":12329108760,"memTotal":16438811679,"mnc":"03","networkClass":1,"networkCountryIso":"cn","networkOperator":"46003","networkOperatorName":"中国电信","networkType":4,"networkTypeName":"CDMA","phoneType":2,"rgAndroid":"23","rgAreaode":"86","rgConNames":["上善若水","吴熙"],"rgConsize":"2","rgCountry":"中国","rgDevice":"xiaomiRedmi 4X","rgIp":"119.4.252.23","rgLastLogin":1516196039158,"rgLocation":"四川省成都市 联通","rgNetType":"切换飞行模式","rgOrPhone":"15363022607","rgPhoneNo":"15363022607","rgServer":"飞行模式切换","rgTime":1515911744000,"rgVcode":"尚一品(发码)","rgVersion":"1.6.0","rgWxEmail":"未绑定","rgWxError":"帐号状态异常，本次登录已失效。请尝试重新登录，并根据弹窗提示操作。","rgWxId":"wxid_uuhygfjy029o22","rgWxName":"吴熙","rgWxNo":"未设置","rgWxPasswd":"Rmst@7890","rgWxQQ":"未绑定","rgWxStatus":"异常","rgWxWindows":"否","serialno":"318f74b2","simCountryIso":"cn","simOperator":"46003","simOperatorName":"中国电信","simSerialNumber":"898530238457441788677","simState":5,"subscriberId":"460038857788530","type":1,"typeName":"WIFI","width":0,"wifiScan":["PHICOMM_c040f2,e0:91:f5:fb:a1:aa,[WPA2-PSK-CCMP][WPS][ESS],-90,2437,463157521","FAST_7a76,6c:e8:73:32:47:92,[WPA2-PSK-CCMP][ESS],-75,2422,2862534201","Netcore_28ca76,0c:72:2c:a2:af:ec,[WPA2-PSK-CCMP][WPS][ESS],-67,2437,3261636515","Netcore_cfe215,00:23:c9:b3:62:e0,[WPA2-PSK-CCMP][ESS],-68,2442,292534941","Netcore_b8cafd,fc:d7:33:83:f2:d8,[WPA2-PSK-CCMP][ESS],-89,2462,1334727290"]}