{"BSSID":"9f:f4:fd:9c:b4:c7","IpAddress":"10.66.6.234","P2p0Mac":"56:f7:4e:a7:31:34","SSID":"MERCURY_487b76","androidId":"cdf70ef0e8799aa8","batteryLevel":41,"btAddress":"93:19:e4:fd:90:c0","btName":"MI 4C","buildAbi":"armeabi-v7a","buildAbi2":"armeabi","buildBoard":"msm8994","buildBrand":"Xiaomi","buildCodename":"REL","buildDescription":"cancro-user 6.0.1 MMB29T 9035f61b release-keys","buildDevice":"cancro","buildFingerprint":"Xiaomi/MI 4C/cancro:6.0.1/MMB29T/9035f61b:user/release-keys","buildHardware":"qcom","buildHost":"wcc-miui-ota-bd25","buildId":"MMB29T","buildIncremental":"9035f61b","buildManufacturer":"Xiaomi","buildModel":"MI 4C","buildName":"Xiaomi","buildProduct":"cancro","buildRadioVersion":"oofirqdlzsgiy","buildRelease":"6.0.1","buildSdk":"23","buildSerialno":"f5a008c8","buildTags":"release-keys","buildType":"user","buildUser":"MarkBuild","buildUtc":1490684158671,"cellScan":["61712,169122171","61716,23246","33284,134963457","32911,10623","32911,135148803"],"ci":23246,"contacts":["奶奶,13490469156","姑妈,13302271351","外婆,15205382700","外公,15707392884","舅舅,14701054672","舅妈,15108242288","姨父,13104063846","姨娘,15607943802","亲爱的,13701503709","老弟,15504613932","老妹,13305041803","小明,13107097391","小李子,15302292496","张嘉石,15504625682","Jim Sanders,13003775371","荣节贤,18807266498","富麟炎,14705834646","时幸烁,15506165101","Amanda Ward,18605507524","余儒仪,15307593528","张烁,18606163731","仇同桐,15606441227","Bobby Boyd,18605656738","王轩,15507289066","诸葛闻羡,18802582509","焦会曜,13803582057","Herman Hayes,13706431714","吴渠阔,18701887942","应贺荣,13305487358","林京适,13490865460","Bernice Reyes,13490275192","于耀克,13401053301","于泉,15303625262","杨似,13307204786","Ricky Smith,13490339152","陈焱雍,13507643215","王旭河,13404544547","杨洋协,13905700798","Leonard Anderson,13603912683","杨嘉和,15702844143","王默寿,14705635543","戎佩骥,15101107204","Andrew Clark,15106700364","夏侯嵬棠,15500887464","张瑟,15608314082","家贵学,15703172878","Charlie Evans,18802581337","陆骏茂,15507878318","李水嵬,15602108963","王寅诗,13400026811","Debra Rodriguez,15207553962"],"cpuName":"Qualcomm MSM8974PRO-AC","densityDpi":560,"deviceId":"860530520928180","deviceSvn":"13","displayId":"cancro-user 6.0.1 MMB29T 9035f61b release-keys","extraInfo":"cmnet","height":0,"hidePkgs":[],"hmNotes":"","hookPkgs":[],"lac":61716,"latitude":30.5251404,"line1Number":"15363022493","longitude":103.7581478,"macAddress":"68:67:c0:c1:59:6d","memAvailable":68201712,"memFree":136403424,"memTotal":204605136,"mnc":"03","networkClass":2,"networkCountryIso":"cn","networkOperator":"46003","networkOperatorName":"中国电信","networkType":12,"networkTypeName":"CDMA - EvDo rev. B","phoneType":2,"rgAndroid":"23","rgAreaode":"86","rgConNames":["昌芹隆","上善若水"],"rgConsize":"2","rgCountry":"中国","rgDevice":"xiaomiRedmi 4X","rgIp":"101.206.166.245","rgLastLogin":1516243975173,"rgLocation":"四川省 联通","rgNetType":"切换飞行模式","rgOrPhone":"15363022493","rgPhoneNo":"15363022493","rgServer":"飞行模式切换","rgTime":1515908217306,"rgVcode":"尚一品(发码)","rgVersion":"1.6.0","rgWxEmail":"未绑定","rgWxError":"该微信帐号因批量或者使用非法软件注册被限制登录，如需继续使用，请轻触“确定”申请解除限制。","rgWxId":"wxid_nfci0hfmb93822","rgWxName":"昌芹隆","rgWxNo":"未设置","rgWxPasswd":"Rmst@7890","rgWxQQ":"未绑定","rgWxStatus":"异常","rgWxWindows":"否","serialno":"f5a008c8","simCountryIso":"cn","simOperator":"46003","simOperatorName":"中国电信","simSerialNumber":"8986033049714896380","simState":5,"subscriberId":"460037943342614","type":0,"typeName":"MOBILE","width":0,"wifiScan":["iTV-f203,00:23:c9:d2:e2:46,[WPA2-PSK-CCMP][WPS][ESS],-90,2412,473673299","Netcore_c10326,00:36:76:3a:4b:3f,[WPA-PSK-CCMP][WPA2-PSK-CCMP][WPS][ESS],-77,2412,376265698","FAST_6497c8,e0:4f:bd:cd:63:ea,[WPA-PSK-CCMP][WPA2-PSK-CCMP][WPS][ESS],-88,2412,2348035225","FAST_859854,50:bd:5f:c2:7c:3e,[WPA2-PSK-CCMP][ESS],-73,2437,533344579","MERCURY_ea9dc0,00:23:c9:de:97:ca,[WPA-PSK-CCMP][WPA2-PSK-CCMP][ESS],-65,2462,482162301"]}