{"BSSID":"9d:5b:c0:f2:1f:aa","IpAddress":"192.168.30.75","P2p0Mac":"8e:ef:18:41:98:ff","SSID":"FAST_40d163","androidId":"97d9ebcb39e4c151","batteryLevel":69,"btAddress":"4c:a9:4f:d1:e0:6b","btName":"Redmi Note 2","buildAbi":"armeabi-v7a","buildAbi2":"armeabi","buildBoard":"p880","buildBrand":"Xiaomi","buildCodename":"REL","buildDescription":"hermes-user 5.1.1 LMY48G 70c34d6d release-keys","buildDevice":"hermes","buildFingerprint":"Xiaomi/Redmi Note 2/hermes:5.1.1/LMY48G/70c34d6d:user/release-keys","buildHardware":"qcom","buildHost":"huawei-server-05","buildId":"LMY48G","buildIncremental":"70c34d6d","buildManufacturer":"Xiaomi","buildModel":"Redmi Note 2","buildName":"Xiaomi","buildProduct":"hermes","buildRadioVersion":"xzllflkln","buildRelease":"5.1.1","buildSdk":"22","buildSerialno":"3b38b3c8","buildTags":"release-keys","buildType":"user","buildUser":"buildHost","buildUtc":1516101709224,"cellScan":["61703,168248216","61703,4236","61703,169423492","33295,38694","61703,168248465"],"ci":169423492,"contacts":["奶奶,18706565367","姑妈,13502905228","外婆,13908558696","外公,13101925671","舅舅,13308077830","舅妈,15806201777","姨父,13600178347","姨娘,13502443585","亲爱的,18903280073","老弟,15304535484","老妹,18001841829","小明,13103814745","小李子,13207503781","张伊江,13007336323","Robert Mitchell,15608821373","于炫,14705020860","支寿幸,18803194851","张建凇,18602798771","Terry Flores,18606213199","袁节卿,15007845769","郑行,15902154524","余仕,14702960528","Mario Duncan,14708498873","李庞声,15302484426","倪克瑜,13901077249","范绣心,18604384910","Jeremy Crawford,15606572171","殷立迅,13404171902","裘烁秋,18702851767","于伟竞,15801336626","Peter Campbell,15907151961","唐岳甲,13490850438","李嘉,13408445998","明虎虹,15801507475","Tracy Hill,15205324132","颜玺权,13606836012","王炬添,18806816626","廉团任,13490633004","Elaine James,13302257368","陈梧锦,15604925193"],"cpuName":"MT6795","densityDpi":320,"deviceId":"862814763706356","deviceSvn":"12","displayId":"hermes-user 5.1.1 LMY48G 70c34d6d release-keys","extraInfo":"FAST_40d163","height":0,"hidePkgs":[],"hmNotes":"","hookPkgs":[],"lac":61703,"latitude":30.778007,"line1Number":"15363022431","longitude":104.0459642,"macAddress":"01:60:c7:83:8d:74","memAvailable":24160486,"memFree":72481460,"memTotal":96641946,"mnc":"03","networkClass":3,"networkCountryIso":"cn","networkOperator":"46003","networkOperatorName":"中国电信","networkType":13,"networkTypeName":"LTE","phoneType":2,"rgAndroid":"23","rgAreaode":"86","rgConNames":["上善若水","汤烈如"],"rgConsize":"2","rgCountry":"中国","rgDevice":"xiaomiRedmi 4X","rgIp":"119.4.252.235","rgLastLogin":1516195900230,"rgLocation":"四川省成都市 联通","rgNetType":"切换飞行模式","rgOrPhone":"15363022431","rgPhoneNo":"15363022431","rgServer":"飞行模式切换","rgTime":1515910993765,"rgVcode":"尚一品(发码)","rgVersion":"1.6.0","rgWxEmail":"未绑定","rgWxError":"帐号状态异常，本次登录已失效。请尝试重新登录，并根据弹窗提示操作。","rgWxId":"wxid_jus1h5ydfcno22","rgWxName":"汤烈如","rgWxNo":"未设置","rgWxPasswd":"Rmst@7890","rgWxQQ":"未绑定","rgWxStatus":"异常","rgWxWindows":"否","serialno":"3b38b3c8","simCountryIso":"cn","simOperator":"46003","simOperatorName":"中国电信","simSerialNumber":"898530299221505882632","simState":5,"subscriberId":"460031649288135","type":1,"typeName":"WIFI","width":0,"wifiScan":["Netcore_8cafa9,d0:c7:c0:58:d2:72,[WPA-PSK-CCMP][WPA2-PSK-CCMP][ESS],-81,2412,297069588","Tenda_d21ebf,bc:0f:2b:8a:33:a3,[WPA2-PSK-CCMP][WPS][ESS],-64,2462,436551027","Tenda_a5a9da,fc:d7:33:16:2f:e4,[WPA-PSK-CCMP][WPA2-PSK-CCMP][WPS][ESS],-63,2472,2693232060","ChainaNet_9ec1,00:23:c9:a3:2d:85,[WPA2-PSK-CCMP][ESS],-83,2412,2397636337","TP-LINK_feb9,f4:ee:14:1b:c2:08,[WPA-PSK-CCMP][WPA2-PSK-CCMP][ESS],-95,2447,332935619"]}