{"BSSID":"18:44:28:4e:23:a7","IpAddress":"10.5.50.211","P2p0Mac":"48:45:7c:91:88:aa","SSID":"PHICOMM_040e25","androidId":"e1c0018be262ae94","batteryLevel":32,"btAddress":"b7:00:44:71:2a:89","btName":"G730-T00","buildAbi":"armeabi-v7a","buildAbi2":"armeabi","buildBoard":"ovation","buildBrand":"HUAWEI","buildCodename":"REL","buildDescription":"G730-T00-user 7.1.2 NMF26Q 75d508b5 release-keys","buildDevice":"G730-T00","buildFingerprint":"HUAWEI/G730-T00/G730-T00:7.1.2/NMF26Q/75d508b5:user/release-keys","buildHardware":"qcom","buildHost":"mz-buider-2","buildId":"NMF26Q","buildIncremental":"75d508b5","buildManufacturer":"HUAWEI","buildModel":"G730-T00","buildName":"HUAWEI","buildProduct":"G730-T00","buildRadioVersion":"kzaaeoikn","buildRelease":"7.1.2","buildSdk":"25","buildSerialno":"bddfb60f","buildTags":"release-keys","buildType":"user","buildUser":"android","buildUtc":1478489267199,"cellScan":["33301,139920643","33301,56523","39936,164152115","33301,139920642","33301,140192259"],"ci":164152115,"contacts":["奶奶,18003783086","姑妈,15300971467","外婆,18808113149","外公,13808103969","舅舅,18004820660","舅妈,18608454843","姨父,13801974410","姨娘,15206531602","亲爱的,15102658239","老弟,18607330448","老妹,15807375444","小明,18800158450","小李子,15805604104","糜岁如,13302515794","Beatrice Thomas,18007640557","粱慎辉,18605195391","潘敬群,13490134576","欧阳会为,13101070906","Randy Rogers,18607434801","时诗兴,15801117231","余翔,18700073548","杨铜,15704411972","Joann Ferguson,18706174725","尉迟礼庞,15807262406","杨扬蔚,15904332349","陈胜,18003564739","Ryan Fisher,18007053086","李然,15604285297","徐宣佑,18806813990","李桂铭,13107418074","Regina Martin,15505806364","杨业,18605370130","曹扬贺,18906621339","谈朔涂,13805201308","Christopher Russell,13600920020","杨适瑕,13106375753","王生举,15907508378","滕薇炎,13704113636","George Ortiz,13902251815","平吾宽,15808394495","章绵奇,13700364781","嵇介吾,13307018089","Beatrice Jenkins,18004367651","余虎绣,18803346099","吴砚,15900545480"],"cpuName":"MT6582","densityDpi":480,"deviceId":"860144354473105","deviceSvn":"86","displayId":"G730-T00-user 7.1.2 NMF26Q 75d508b5 release-keys","extraInfo":"uninet","height":0,"hidePkgs":[],"hmNotes":"","hookPkgs":[],"lac":39936,"latitude":30.7951951,"line1Number":"15363012648","longitude":103.7780342,"macAddress":"d2:12:be:ff:3e:ba","memAvailable":172202667,"memFree":344405335,"memTotal":516608002,"mnc":"03","networkClass":3,"networkCountryIso":"cn","networkOperator":"46003","networkOperatorName":"中国电信","networkType":13,"networkTypeName":"LTE","phoneType":2,"rgAndroid":"23","rgAreaode":"86","rgConNames":[],"rgCountry":"中国","rgDevice":"xiaomiRedmi 4X","rgIp":"119.4.254.51","rgLastLogin":1515998196644,"rgLocation":"四川省成都市 联通","rgNetType":"切换飞行模式","rgOrPhone":"15363012648","rgPhoneNo":"15363012648","rgServer":"飞行模式切换","rgTime":1515910318129,"rgVcode":"尚一品(发码)","rgVersion":"1.6.0","rgWxError":"帐号状态异常，本次登录已失效。请尝试重新登录，并根据弹窗提示操作。","rgWxName":"吴书","rgWxPasswd":"Rmst@7890","rgWxStatus":"异常","rgWxWindows":"否","serialno":"bddfb60f","simCountryIso":"cn","simOperator":"46003","simOperatorName":"中国电信","simSerialNumber":"898530736741778800537","simState":5,"subscriberId":"460039204579972","type":0,"typeName":"MOBILE","width":0,"wifiScan":["Netcore_fe2169,6c:59:40:ac:01:84,[WPA-PSK-CCMP][WPA2-PSK-CCMP][WPS][ESS],-76,2462,202119874","PHICOMM_e20548,00:23:c9:d2:f1:dc,[WPA2-PSK-CCMP][ESS],-55,2462,413919927","Netcore_9ed547,34:bd:f9:ce:01:28,[WPA-PSK-CCMP][WPA2-PSK-CCMP][ESS],-76,2462,463094348","TP-LINK_afeb9c,78:eb:14:2f:2c:96,[WPA2-PSK-CCMP][WPS][ESS],-94,2437,377186403","PHICOMM_b0fcae,64:88:ff:db:75:7e,[WPA2-PSK-CCMP][WPS][ESS],-93,2412,3166628731"]}