{"BSSID":"2e:0d:31:b4:ff:24","IpAddress":"192.168.55.164","P2p0Mac":"69:22:e8:e5:90:a4","SSID":"iTV-78d7","androidId":"5ad2caadb4e68c13","batteryLevel":53,"btAddress":"cb:9c:55:74:18:a9","btName":"HUAWEI GRA-CL10","buildAbi":"armeabi-v7a","buildAbi2":"armeabi","buildBoard":"pyramid","buildBrand":"HUAWEI","buildCodename":"REL","buildDescription":"HWGRA-user 5.1.1 LMY48G 1d09ddf8 release-keys","buildDevice":"HWGRA","buildFingerprint":"HUAWEI/HUAWEI GRA-CL10/HWGRA:5.1.1/LMY48G/1d09ddf8:user/release-keys","buildHardware":"qcom","buildHost":"huawei-server-05","buildId":"LMY48G","buildIncremental":"1d09ddf8","buildManufacturer":"HUAWEI","buildModel":"HUAWEI GRA-CL10","buildName":"HUAWEI","buildProduct":"HWGRA","buildRadioVersion":"rardifksvkoa","buildRelease":"5.1.1","buildSdk":"22","buildSerialno":"3d57dc40","buildTags":"release-keys","buildType":"user","buildUser":"android","buildUtc":1457903391450,"cellScan":["61713,168904476","39938,163580211","61713,23323","39938,163891507","61713,168904473"],"ci":163891507,"contacts":["奶奶,13804232161","姑妈,13507435617","外婆,13707141149","外公,13003893893","舅舅,13400420432","舅妈,15502362381","姨父,18607073116","姨娘,18700836518","亲爱的,14703048310","老弟,15506053038","老妹,13707734636","小明,15306667778","小李子,15300758123","陈锐荃,18607952195","Julia Miller,15500483034","虞协洋,13401446822","余团许,15908410034","王诗陵,13005551421","Michele Webb,15500554920","庞佩朔,15105838133","司马坚进,18008473365","吴联,13601655709","Edwin Brown,13501408801","全麟浩,13708643801","经倩韶,15900468301","李进,13402281036","Ana Crawford,15805884427","杨弘,15706506741","李贵,18006284920","欧阳谷津,18800363862","Elsie Morris,18807047299","杨渠,15800403321","孔璇佳,13405964538","余炫慎,13101382522","Gladys Shaw,18605884869","王媛岭,13601612560","余举求,13806816242","陈水礼,18808304740","Norman Nelson,15705261903","缪银译,13300960904","徐森友,13003925052","吴郡,15303938230","Jim Cook,18001484465","符红生,15008582309","成豪介,15605823149","张校,18700587725","Julia Greene,15707563166","李若,15101505333","强玺敬,13306530817","杨立,15605345702","Jill Dunn,13003092444"],"cpuName":"Kirin935","densityDpi":320,"deviceId":"865956384854441","deviceSvn":"84","displayId":"HWGRA-user 5.1.1 LMY48G 1d09ddf8 release-keys","extraInfo":"iTV-78d7","height":0,"hidePkgs":[],"hmNotes":"","hookPkgs":[],"lac":39938,"latitude":30.7947567,"line1Number":"15363011394","longitude":104.1754803,"macAddress":"7a:be:14:7f:32:db","memAvailable":128991748,"memFree":386975245,"memTotal":515966993,"mnc":"03","networkClass":1,"networkCountryIso":"cn","networkOperator":"46003","networkOperatorName":"中国电信","networkType":4,"networkTypeName":"CDMA","phoneType":2,"rgAndroid":"23","rgAreaode":"86","rgConNames":[],"rgCountry":"中国","rgDevice":"xiaomiRedmi 4X","rgIp":"119.4.254.112","rgLastLogin":1515994731311,"rgLocation":"四川省成都市 联通","rgNetType":"切换飞行模式","rgOrPhone":"15363011394","rgPhoneNo":"15363011394","rgServer":"飞行模式切换","rgTime":1515909318296,"rgVcode":"尚一品(发码)","rgVersion":"1.6.0","rgWxError":"帐号状态异常，本次登录已失效。请尝试重新登录，并根据弹窗提示操作。","rgWxName":"杨校","rgWxPasswd":"Rmst@7890","rgWxStatus":"异常","rgWxWindows":"否","serialno":"3d57dc40","simCountryIso":"cn","simOperator":"46003","simOperatorName":"中国电信","simSerialNumber":"898530733714154411221","simState":5,"subscriberId":"460032226941185","type":1,"typeName":"WIFI","width":0,"wifiScan":["TP-LINK_6f37ca,ec:26:ca:aa:d4:ba,[WPA2-PSK-CCMP][ESS],-80,2437,2115927106","PHICOMM_7a9648,ec:d9:d1:c4:4d:d8,[WPA2-PSK-CCMP][ESS],-79,2412,315669447","Netcore_9ec103,ec:d9:d1:c4:4e:48,[WPA-PSK-CCMP][WPA2-PSK-CCMP][WPS][ESS],-95,2412,209950591","Netcore_436626,64:5d:92:d8:12:f1,[WPA2-PSK-CCMP][WPS][ESS],-63,2462,458616382","iTV-1497,ec:d9:d1:c4:49:f0,[WPA-PSK-CCMP][WPA2-PSK-CCMP][WPS][ESS],-85,2427,2122135327"]}