{"BSSID":"2e:30:90:df:a9:d0","IpAddress":"10.60.76.172","P2p0Mac":"65:8d:4f:ed:4c:0b","SSID":"PHICOMM_cafe31","androidId":"c30125cbf6a9ea31","batteryLevel":81,"btAddress":"c7:74:66:1c:76:ec","btName":"MX4 Pro","buildAbi":"armeabi-v7a","buildAbi2":"armeabi","buildBoard":"mogami","buildBrand":"Meizu","buildCodename":"REL","buildDescription":"meizu_mx4pro-user 6.0.1 MMB29T 21c2d713 release-keys","buildDevice":"mx4pro","buildFingerprint":"Meizu/MX4 Pro/mx4pro:6.0.1/MMB29T/21c2d713:user/release-keys","buildHardware":"qcom","buildHost":"mz-buider-4","buildId":"MMB29T","buildIncremental":"21c2d713","buildManufacturer":"Meizu","buildModel":"MX4 Pro","buildName":"Meizu","buildProduct":"meizu_mx4pro","buildRadioVersion":"scnzuysx","buildRelease":"6.0.1","buildSdk":"23","buildSerialno":"5f67171e","buildTags":"release-keys","buildType":"user","buildUser":"lgmobile","buildUtc":1501772101650,"cellScan":["61726,169066855","61726,168628180","61726,33562","61709,169771802","61709,168100822"],"ci":169771802,"contacts":["奶奶,13806933086","姑妈,13490462258","外婆,13002080662","外公,15708541692","舅舅,13300536177","舅妈,18700938230","姨父,13406020137","姨娘,13506590929","亲爱的,18005504427","老弟,15901527907","老妹,18000700457","小明,15003012784","小李子,15301712744","乌泉添,15600472210","Carol Powell,13008614428","臧杏献,15700672490","崔峻红,15706322413","堪奎蔚,15501404674","Lorraine Willis,13103828396","王敬嵬,18707036159","赵津乐,13804247044","熊国骏,13408574207","Rose Spencer,13402797429","阮仁添,13401308880","张岳诗,15801036381","张王,15307862334","Elsie Carpenter,13490477571","符克昱,13100953176","宣尚硕,15608006192","汲兴翔,15700594948","Veronica Woods,18808856025","林善延,15802580042","米雄信,13808851013","李克,14705684801","Annie Clark,18705896327","王华,13301094366","吴琴延,15208587283","杨良,13901650128","William Payne,13508293492","成求念,13402582489","陈帅,15301216371","殷驹学,15900255260","Rose Dunn,15203342595","费翔谷,13490176470","董绵良,13905177805","班建岳,15602175760","Pedro Taylor,13005171406","陈怒,13902385608","全奎媛,15706067400","厉渠伟,13200481081","Lori Thomas,18602365433"],"cpuName":"M76","densityDpi":240,"deviceId":"867497393637996","deviceSvn":"74","displayId":"meizu_mx4pro-user 6.0.1 MMB29T 21c2d713 release-keys","extraInfo":"cmnet","height":0,"hidePkgs":[],"hmNotes":"","hookPkgs":[],"lac":61709,"latitude":30.5989038,"line1Number":"15363012781","longitude":104.1888943,"macAddress":"91:39:b3:50:7a:ea","memAvailable":51151408,"memFree":153454226,"memTotal":204605634,"mnc":"03","networkClass":2,"networkCountryIso":"cn","networkOperator":"46003","networkOperatorName":"中国电信","networkType":5,"networkTypeName":"CDMA - EvDo rev. 0","phoneType":2,"rgAndroid":"23","rgAreaode":"86","rgConNames":[],"rgCountry":"中国","rgDevice":"xiaomiRedmi 4X","rgIp":"119.4.252.49","rgLastLogin":1515994800584,"rgLocation":"四川省成都市 联通","rgNetType":"切换飞行模式","rgOrPhone":"15363012781","rgPhoneNo":"15363012781","rgServer":"飞行模式切换","rgTime":1515909659484,"rgVcode":"尚一品(发码)","rgVersion":"1.6.0","rgWxError":"帐号状态异常，本次登录已失效。请尝试重新登录，并根据弹窗提示操作。","rgWxName":"束如红","rgWxPasswd":"Rmst@7890","rgWxStatus":"异常","rgWxWindows":"否","serialno":"5f67171e","simCountryIso":"cn","simOperator":"46003","simOperatorName":"中国电信","simSerialNumber":"8986038385484883320","simState":5,"subscriberId":"460033392498732","type":0,"typeName":"MOBILE","width":0,"wifiScan":["Tenda_f0f216,00:3a:9a:f1:df:40,[WPA2-PSK-CCMP][WPS][ESS],-77,2412,541177754","Netcore_7c9659,78:eb:14:bc:06:72,[WPA-PSK-CCMP][WPA2-PSK-CCMP][WPS][ESS],-73,2437,3370230124","MERCURY_9ec1e3,14:2d:27:4e:ed:b8,[WPA2-PSK-CCMP][WPS][ESS],-89,2412,1126527509","TP-LINK_165963,78:eb:14:f9:9d:f0,[WPA2-PSK-TKIP+CCMP][WPS][ESS],-55,2427,189188000","PHICOMM_696598,08:10:78:32:55:88,[WPA2-PSK-CCMP][WPS][ESS],-82,2412,1328934154"]}