{"BSSID":"31:88:ba:e4:4e:55","IpAddress":"10.12.77.232","P2p0Mac":"97:1c:f0:cd:aa:6a","SSID":"Tenda_f2fd15","androidId":"a2895d12b8b5fcfa","batteryLevel":77,"btAddress":"73:72:f1:54:2d:0e","btName":"Xperia Z Ultra","buildAbi":"armeabi-v7a","buildAbi2":"armeabi","buildBoard":"ventana","buildBrand":"Sony","buildCodename":"REL","buildDescription":"Xperia Z Ultra-user 7.0.0 NRD90M 300f3ce8 release-keys","buildDevice":"Xperia Z Ultra","buildFingerprint":"Sony/Xperia Z Ultra/Xperia Z Ultra:7.0.0/NRD90M/300f3ce8:user/release-keys","buildHardware":"qcom","buildHost":"bs189","buildId":"NRD90M","buildIncremental":"300f3ce8","buildManufacturer":"Sony","buildModel":"Xperia Z Ultra","buildName":"Sony","buildProduct":"Xperia Z Ultra","buildRadioVersion":"rrmxcvyssxugfzs","buildRelease":"7.0.0","buildSdk":"24","buildSerialno":"ab853d3e","buildTags":"release-keys","buildType":"user","buildUser":"jenkins","buildUtc":1489878797703,"cellScan":["33061,9682","61731,30331","61731,170096251","33049,118204191","33034,27025"],"ci":27025,"contacts":["奶奶,18908653597","姑妈,15104031698","外婆,15102962537","外公,18704393931","舅舅,15304522660","舅妈,13702886584","姨父,13802663682","姨娘,13300380606","亲爱的,18706397774","老弟,15701474347","老妹,18606935126","小明,15707870507","小李子,15805086243","杨寿,18006096965","Danielle Davis,18000974390","伏伊江,15702142064","钮实倩,13702872819","堪恺思,13903603893","Annie Jackson,13702416948","马翼彦,13207462029","杨英平,15704256717","尹双影,14700320895","Carmen Peters,18804570901","秦琦齐,18806991788","秋苡仙,15904765216","宣思玉,13405466666","Dale James,15908744926","张思学,15500284342","羿雷岳,13405500405","李超,14701790006","Lester Mcdonald,14705735644","包嗣奎,13906984616","张灵,18602378246","张童翔,18808457836","Marilyn Washington,15705173301","吴炎童,13501526782","庞阁静,18808306393","余阳,13602727288","Warren Gibson,13608421312","伊露虹,13807531349","阮灵鹏,18705064857","余水尚,15503638701","Yvonne Mcdonald,13202140492","余杏勇,13305035008","缪升顺,13406458513","酆培冠,18707893175","Lillian Peterson,18800614716","景宁颂,13908287000","费剑厚,13207245023"],"cpuName":"Qualcomm MSM8974","densityDpi":240,"deviceId":"860049458255805","deviceSvn":"40","displayId":"Xperia Z Ultra-user 7.0.0 NRD90M 300f3ce8 release-keys","extraInfo":"cmnet","height":0,"hidePkgs":[],"hmNotes":"","hookPkgs":[],"lac":33034,"latitude":30.7573682,"line1Number":"15363011368","longitude":104.3886874,"macAddress":"c1:7f:88:24:05:ee","memAvailable":5479685482,"memFree":10959370966,"memTotal":16439056448,"mnc":"03","networkClass":1,"networkCountryIso":"cn","networkOperator":"46003","networkOperatorName":"中国电信","networkType":4,"networkTypeName":"CDMA","phoneType":2,"rgAndroid":"23","rgAreaode":"86","rgConNames":[],"rgCountry":"中国","rgDevice":"xiaomiRedmi 4X","rgIp":"119.4.254.217","rgLastLogin":1516244160347,"rgLocation":"四川省成都市 联通","rgNetType":"切换飞行模式","rgOrPhone":"15363011368","rgPhoneNo":"15363011368","rgServer":"飞行模式切换","rgTime":1515911303357,"rgVcode":"尚一品(发码)","rgVersion":"1.6.0","rgWxError":"该微信帐号因批量或者使用非法软件注册被限制登录，如需继续使用，请轻触“确定”申请解除限制。","rgWxName":"吴许王","rgWxPasswd":"Rmst@7890","rgWxStatus":"异常","rgWxWindows":"否","serialno":"ab853d3e","simCountryIso":"cn","simOperator":"46003","simOperatorName":"中国电信","simSerialNumber":"8986034192154886680","simState":5,"subscriberId":"460033807833517","type":0,"typeName":"MOBILE","width":0,"wifiScan":["MERCURY_eb032e,f0:eb:d0:8b:5c:c9,[WPA2-PSK-CCMP][ESS],-78,2462,788631555","MERCURY_0f276a,6c:e8:73:bb:d9:32,[WPA-PSK-CCMP][WPA2-PSK-CCMP][WPS][ESS],-63,2462,296024200","PHICOMM_feb8db,1c:78:39:09:d0:99,[WPA-PSK-CCMP][WPA2-PSK-CCMP][WPS][ESS],-89,2442,477979661","FAST_6205,f4:b8:a7:71:0c:34,[WPA2-PSK-CCMP][WPS][ESS],-80,2437,2772836560","MERCURY_dafda9,ec:38:8f:ce:01:a0,[WPA2-PSK-CCMP][ESS],-88,2412,367157727"]}