{"BSSID":"53:55:87:74:b5:ed","IpAddress":"192.168.64.24","P2p0Mac":"7a:41:a1:11:37:2c","SSID":"Tenda_798d0f","androidId":"578eaa09bf3b4969","batteryLevel":74,"btAddress":"cf:fe:2c:55:55:1d","btName":"HUAWEI GRA-CL10","buildAbi":"armeabi-v7a","buildAbi2":"armeabi","buildBoard":"ether","buildBrand":"HUAWEI","buildCodename":"REL","buildDescription":"HWGRA-user 5.1.1 LMY48G 2143af4d release-keys","buildDevice":"HWGRA","buildFingerprint":"HUAWEI/HUAWEI GRA-CL10/HWGRA:5.1.1/LMY48G/2143af4d:user/release-keys","buildHardware":"qcom","buildHost":"huawei-server-05","buildId":"LMY48G","buildIncremental":"2143af4d","buildManufacturer":"HUAWEI","buildModel":"HUAWEI GRA-CL10","buildName":"HUAWEI","buildProduct":"HWGRA","buildRadioVersion":"qihumfkojtq","buildRelease":"5.1.1","buildSdk":"22","buildSerialno":"ad6aa2c6","buildTags":"release-keys","buildType":"user","buildUser":"buildHost","buildUtc":1475826937984,"cellScan":[],"ci":0,"contacts":["奶奶,13105734425","姑妈,15702103928","外婆,13005488125","外公,18904325292","舅舅,18803493597","舅妈,18706046358","姨父,15201322673","姨娘,18801730349","亲爱的,13607444152","老弟,14700384831","老妹,15100821709","小明,13490383206","小李子,13605218655","贲湘龙,13306961297","Dustin Webb,18004978713","王仁,15707172275","慕容逸玺,15700898066","汲密节,13490631741","Chris Brown,18000024908","酆绵景,15805860018","张贺随,15108510597","余吾郡,13100998625","Norman Walker,13106505842","张仕守,18703790067","陆剑旺,18702520294","杨景,13101763043","Catherine Reed,15501217984","谷延团,13905843596","隗同威,18007307815","冯棠迅,13703861734","Timothy Bailey,13501228235","余建驹,18601921009","杨衔兴,13307925911","丁寅玮,15105744423","Gerald Fox,15102618784","李让敬,15102183862","崔思芹,18607940114","杨璐梦,18707310432","Nathan Washington,14705531097","强行设,14702030987","孔航设,13503510518","陈涂,14701714222","Debra Ferguson,18803766469","诸葛培随,15500657596","慕容谦英,13490351054","徐情图,13003344502","Amber Jordan,15503906965"],"cpuName":"Kirin935","densityDpi":240,"deviceId":"861687640774461","deviceSvn":"23","displayId":"HWGRA-user 5.1.1 LMY48G 2143af4d release-keys","extraInfo":"Tenda_798d0f","height":0,"hidePkgs":[],"hmNotes":"","hookPkgs":[],"lac":0,"latitude":30.8253455,"line1Number":"18482023461","longitude":103.9821793,"macAddress":"74:be:3a:84:45:46","memAvailable":937523711,"memFree":2812571134,"memTotal":3750094845,"mnc":"00","networkClass":1,"networkCountryIso":"cn","networkOperator":"46007","networkOperatorName":"中国移动","networkType":2,"networkTypeName":"EDGE","phoneType":1,"rgAndroid":"23","rgAreaode":"86","rgConNames":[],"rgCountry":"中国","rgDevice":"xiaomiRedmi 4X","rgIp":"119.4.254.87","rgLastLogin":1516001123374,"rgLocation":"四川省成都市 联通","rgNetType":"切换飞行模式","rgOrPhone":"18482023461","rgPhoneNo":"18482023461","rgServer":"飞行模式切换","rgTime":1515916950937,"rgVcode":"爱乐赞(接码/发码)","rgVersion":"1.6.0","rgWxError":"帐号状态异常，本次登录已失效。请尝试重新登录，并根据弹窗提示操作。","rgWxName":"李礼文","rgWxPasswd":"Rmst@7890","rgWxStatus":"异常","rgWxWindows":"否","serialno":"ad6aa2c6","simCountryIso":"cn","simOperator":"46007","simOperatorName":"中国移动","simSerialNumber":"8986028284724659705","simState":5,"subscriberId":"460075225381342","type":1,"typeName":"WIFI","width":0,"wifiScan":["Netcore_8a85a9,a5:ec:40:2a:a0:70,[WPA-PSK-CCMP][WPA2-PSK-CCMP][ESS],-80,2437,353729940","MERCURY_0e2649,5b:04:41:2e:07:32,[WPA-PSK-CCMP][WPA2-PSK-CCMP][ESS],-92,2437,447433619","Netcore_d98cb0,9b:32:0e:c2:a3:91,[WPA2-PSK-CCMP][ESS],-80,2462,337770663","Netcore_732548,f0:24:29:71:0d:0e,[WPA2-PSK-CCMP][WPS][ESS],-71,2437,204218314","TP-LINK_c9dc0f,38:a8:15:dd:30:d2,[WPA2-PSK-CCMP][ESS],-86,2472,3693028687","MERCURY_769dc5,8d:0a:cb:e6:5b:34,[WPA2-PSK-CCMP][WPS][ESS],-88,2427,313417536","FAST_6ba758,b7:2e:fd:27:65:ab,[WPA-PSK-CCMP][WPA2-PSK-CCMP][WPS][ESS],-76,2437,1038436838"]}