{"BSSID":"17:d6:86:99:82:9e","IpAddress":"192.168.45.7","P2p0Mac":"43:c2:0c:3d:45:1c","SSID":"Netcore_372164","androidId":"3639d61e0b78d03b","batteryLevel":67,"btAddress":"76:c8:d3:f9:7f:c6","btName":"vivo X6D","buildAbi":"armeabi-v7a","buildAbi2":"armeabi","buildBoard":"otter2","buildBrand":"vivo","buildCodename":"REL","buildDescription":"PD1415D-user 5.1.1 LMY48G e37f8e2d release-keys","buildDevice":"PD1415D","buildFingerprint":"vivo/vivo X6D/PD1415D:5.1.1/LMY48G/e37f8e2d:user/release-keys","buildHardware":"qcom","buildHost":"bs213","buildId":"LMY48G","buildIncremental":"e37f8e2d","buildManufacturer":"vivo","buildModel":"vivo X6D","buildName":"vivo","buildProduct":"PD1415D","buildRadioVersion":"vunwiqloth","buildRelease":"5.1.1","buildSdk":"22","buildSerialno":"f3f20550","buildTags":"release-keys","buildType":"user","buildUser":"buildHost","buildUtc":1464129833701,"cellScan":[],"ci":0,"contacts":["奶奶,14700173537","姑妈,13604476894","外婆,13604413545","外公,13490480191","舅舅,18707141492","舅妈,13803691424","姨父,13490661740","姨娘,14708162151","亲爱的,15303743468","老弟,13600065635","老妹,13403476001","小明,18805907232","小李子,13306933659","杨珊炫,14701270632","Lauren Freeman,14700556286","陈炬吾,15605990174","顾佩禄,15800566488","吴实,13206576406","Anna Walker,13008697252","梅相佩,15307178106","孙意,18905369029","夏巍利,18600132343","Kyle Sanders,15505375770","盛禄嗣,13107032740","陈珂,14703757246","范腾先,13305617078","Jacob Perry,18902080290","宁镜延,15105496697","盛诗岭,18806940398","孟康兴,13002407467","Roberta King,15607204580","李利游,13105168516","王皓,15508444659","李伟岩,18708272844","Sherry Jenkins,18704926067","王时义,13204652049","李元,13702387955","裘桐耀,18908887559","Ethel Smith,13490767579","杨会腾,14703861827","李伟,18805171112","汪意举,13207116615","Juan Rodriguez,13205507772","米联宁,15302177455","王嵬舒,15903634899","羊梦烁,15606638879","Edward Clark,15601731312","余岩,15103322114","乌乐克,13706003707","景似望,13700904927","Keith Peters,13505588785","吴宫烁,15101003039"],"cpuName":"MT6752","densityDpi":560,"deviceId":"861391049148795","deviceSvn":"17","displayId":"PD1415D-user 5.1.1 LMY48G e37f8e2d release-keys","extraInfo":"Netcore_372164","height":0,"hidePkgs":[],"hmNotes":"","hookPkgs":[],"lac":0,"latitude":30.9172278,"line1Number":"13408499216","longitude":104.406492,"macAddress":"35:63:08:27:87:80","memAvailable":24078182,"memFree":72234547,"memTotal":96312729,"mnc":"00","networkClass":1,"networkCountryIso":"cn","networkOperator":"46007","networkOperatorName":"中国移动","networkType":2,"networkTypeName":"EDGE","phoneType":1,"rgAndroid":"23","rgAreaode":"86","rgBackupPath":"/storage/emulated/0/.money/backup/20180107/13408499216_20180107.db","rgConNames":["吴幸逵"],"rgConsize":"1","rgCountry":"中国","rgDevice":"xiaomiRedmi 4X","rgIp":"119.4.254.195","rgLastLogin":1515547207693,"rgLocation":"四川省成都市 联通","rgNetType":"切换飞行模式","rgOrPhone":"13408499216","rgPhoneNo":"13408499216","rgServer":"飞行模式切换","rgTime":1515308424169,"rgVcode":"玉米(发码)","rgVersion":"1.6.0","rgWxEmail":"未绑定","rgWxError":"帐号状态异常，本次登录已失效。请尝试重新登录，并根据弹窗提示操作。","rgWxName":"吴幸逵","rgWxNo":"未设置","rgWxPasswd":"Rmst@7890","rgWxQQ":"未绑定","rgWxStatus":"异常","rgWxWindows":"否","serialno":"f3f20550","simCountryIso":"cn","simOperator":"46007","simOperatorName":"中国移动","simSerialNumber":"8986003693677252609","simState":5,"subscriberId":"460074515317933","type":1,"typeName":"WIFI","width":0,"wifiScan":["FAST_d0f42e,7c:f6:44:94:91:f2,[WPA2-PSK-CCMP][ESS],-93,2437,2177736905","PHICOMM_038616,a4:b4:ef:27:ad:40,[WPA-PSK-CCMP][WPA2-PSK-CCMP][WPS][ESS],-88,2462,377759756","Tenda_aed87c,bf:89:91:c8:4b:12,[WPA-PSK-CCMP][WPA2-PSK-CCMP][WPS][ESS],-79,2437,192509600","TP-LINK_4863,5e:53:5e:d8:e7:18,[WPA2-PSK-CCMP][WPS][ESS],-75,2437,369136553","Tenda_7a9ec1,37:55:1b:25:bb:e5,[WPA-PSK-CCMP][WPA2-PSK-CCMP][ESS],-81,2462,204493647","ChainaNet_cfeb,6c:a4:85:fe:c9:2e,[WPA-PSK-CCMP][WPA2-PSK-CCMP][ESS],-78,2472,475900973","TP-LINK_baed2d,39:9f:02:6d:1d:e8,[WPA2-PSK-CCMP][ESS],-74,2457,3243131173"]}