{"BSSID":"79:05:a9:41:1c:ab","IpAddress":"192.168.2.160","P2p0Mac":"e6:19:41:6c:ce:10","SSID":"Tenda_8032ed","androidId":"64f1ac9238cf32bc","batteryLevel":45,"btAddress":"02:d9:d8:19:45:62","btName":"OPPO A33m","buildAbi":"armeabi-v7a","buildAbi2":"armeabi","buildBoard":"w5","buildBrand":"OPPO","buildCodename":"REL","buildDescription":"A33-user 5.1.1 LMY48G bc9de376 release-keys","buildDevice":"A33","buildFingerprint":"OPPO/OPPO A33m/A33:5.1.1/LMY48G/bc9de376:user/release-keys","buildHardware":"qcom","buildHost":"Android-server","buildId":"LMY48G","buildIncremental":"bc9de376","buildManufacturer":"OPPO","buildModel":"OPPO A33m","buildName":"OPPO","buildProduct":"A33","buildRadioVersion":"ayszkkesadpagx","buildRelease":"5.1.1","buildSdk":"22","buildSerialno":"b2e3393c","buildTags":"release-keys","buildType":"user","buildUser":"android","buildUtc":1455669831790,"cellScan":[],"ci":0,"contacts":["奶奶,18803551289","姑妈,13508355223","外婆,18700602517","外公,13504250148","舅舅,14707442412","舅妈,15505535758","姨父,18905831708","姨娘,13000372692","亲爱的,13507681846","老弟,13606785379","老妹,15901588533","小明,13490036267","小李子,13805743957","王秋建,18807826744","Frances Gonzalez,18803831673","杨楷,13490644147","杨古,15808146221","杨罗,15902012544","Allen Rodriguez,15800702025","李恒银,18008346741","胡洋举,18706125360","王设,13100386735","Debbie Willis,13107003605","杨鹏,18801950715","夏侯炯适,13101682513","杨曜,15703025406","James Miller,14707918423","张年,15008630312","王进,15903218961","陈军殊,15701110576","Alvin Hunt,18707876924","昌良然,18001041724","陶雍永,14706181385","杨河,13905382694","Joann Harrison,13602987093","李静盛,15603142966","于皓秀,13702108723","戴演西,13307908628","Andrea Brooks,13302201456","霍璐玮,15300215255","於佩芹,13807706925","于竞嗣,15702537863","Maurice Crawford,18703695694","李如恒,18008886922"],"cpuName":"Qualcomm Technologies, Inc MSM8916","densityDpi":320,"deviceId":"860387418254611","deviceSvn":"20","displayId":"A33-user 5.1.1 LMY48G bc9de376 release-keys","extraInfo":"Tenda_8032ed","height":0,"hidePkgs":[],"hmNotes":"","hookPkgs":[],"lac":0,"latitude":30.405819,"line1Number":"18224457753","longitude":104.1789506,"macAddress":"20:f6:57:2f:f7:94","memAvailable":5479477643,"memFree":10958955287,"memTotal":16438432930,"mnc":"00","networkClass":3,"networkCountryIso":"cn","networkOperator":"46002","networkOperatorName":"中国移动","networkType":13,"networkTypeName":"LTE","phoneType":1,"rgAndroid":"23","rgAreaode":"86","rgBackupPath":"/storage/emulated/0/.money/backup/20180107/18224457753_20180107.db","rgConNames":["唐友靖"],"rgConsize":"1","rgCountry":"中国","rgDevice":"xiaomiRedmi 4X","rgIp":"119.4.255.155","rgLastLogin":1515547343556,"rgLocation":"四川省成都市 联通","rgNetType":"切换飞行模式","rgOrPhone":"18224457753","rgPhoneNo":"18224457753","rgServer":"飞行模式切换","rgTime":1515309785538,"rgVcode":"玉米(发码)","rgVersion":"1.6.0","rgWxEmail":"未绑定","rgWxError":"帐号状态异常，本次登录已失效。请尝试重新登录，并根据弹窗提示操作。","rgWxName":"唐友靖","rgWxNo":"未设置","rgWxPasswd":"Rmst@7890","rgWxQQ":"未绑定","rgWxStatus":"异常","rgWxWindows":"否","serialno":"b2e3393c","simCountryIso":"cn","simOperator":"46002","simOperatorName":"中国移动","simSerialNumber":"8986007579678549525","simState":5,"subscriberId":"460023966079358","type":1,"typeName":"WIFI","width":0,"wifiScan":["TP-LINK_d153,3e:f9:e9:0c:ba:a7,[WPA2-PSK-CCMP][WPS][ESS],-88,2412,190258342","PHICOMM_9cb6ba,90:53:2a:c1:9b:53,[WPA2-PSK-CCMP][ESS],-95,2427,1524637111","ChainaNet_7642,8d:de:a9:5f:39:37,[WPA-PSK-CCMP][WPA2-PSK-CCMP][ESS],-83,2462,273764184","MERCURY_ecfd21,cb:f3:28:4c:bd:bc,[WPA-PSK-CCMP][WPA2-PSK-CCMP][WPS][ESS],-81,2412,232850812","FAST_fe2ed1,46:30:9f:16:5c:00,[WPA2-PSK-CCMP][ESS],-94,2462,250153604","TP-LINK_8cb85a,5e:b9:34:b9:44:ed,[WPA-PSK-CCMP][WPA2-PSK-CCMP][ESS],-54,2462,360215920","PHICOMM_651058,ea:7f:7d:a3:42:a7,[WPA2-PSK-CCMP][WPS][ESS],-81,2427,493933442"]}