{"BSSID":"13:a6:a5:c8:6b:b0","IpAddress":"10.7.35.3","P2p0Mac":"91:d9:af:75:9c:26","SSID":"FAST_8baec9","androidId":"b7b0c1a5fe8ffc35","batteryLevel":62,"btAddress":"2f:fc:f3:ff:f3:18","btName":"Redmi Note 4X","buildAbi":"armeabi-v7a","buildAbi2":"armeabi","buildBoard":"ventana","buildBrand":"Xiaomi","buildCodename":"REL","buildDescription":"Redmi Note 4X-user 5.0 LRX21M 5ec2512a release-keys","buildDevice":"Redmi Note 4X","buildFingerprint":"Xiaomi/Redmi Note 4X/Redmi Note 4X:5.0/LRX21M/5ec2512a:user/release-keys","buildHardware":"qcom","buildHost":"SCL_XA241_102","buildId":"LRX21M","buildIncremental":"5ec2512a","buildManufacturer":"Xiaomi","buildModel":"Redmi Note 4X","buildName":"Xiaomi","buildProduct":"Redmi Note 4X","buildRadioVersion":"ghwwbfst","buildRelease":"5.0","buildSdk":"21","buildSerialno":"ad2a4385","buildTags":"release-keys","buildType":"user","buildUser":"builder","buildUtc":1491358532429,"cellScan":["33041,60074","61723,169066858","33032,117486111","39701,162848818","61708,168628361"],"ci":168628361,"contacts":["奶奶,18903620110","姑妈,13304745962","外婆,13406859078","外公,15008364827","舅舅,14708507003","舅妈,13904208177","姨父,18805452912","姨娘,14708431887","亲爱的,15506097645","老弟,15704033406","老妹,18708553321","小明,13200517311","小李子,13800242654","金贤童,13206417983","Glenn Brooks,13204373247","何琦嵬,13490151851","王泉,18904735691","杨许,13801847252","Eddie Garcia,13706604756","骆彤俊,13490645879","堪伊添,13490266555","梅求阁,13804655781","Gilbert Torres,13506285499","吴晟,18806434895","李思雅,15204024093","庞似仁,13004164690","George Snyder,15603481026","仲石华,13702285251","陈贤龙,13307921121","巫桂西,13204616463","Tommy Sullivan,13205617846","于薇,18001761904","于甲雨,18000134299","吴念稼,13105782750","Leonard Gonzalez,15502938245","余儒,18004760895","钭向阔,15203355097","李棠,15105758197","Marvin Henderson,15802017287","裴阁兴,18700690630","章炯立,13103496051"],"cpuName":"Qualcomm Technologies, Inc MSM8953","densityDpi":560,"deviceId":"860826345853441","deviceSvn":"20","displayId":"Redmi Note 4X-user 5.0 LRX21M 5ec2512a release-keys","extraInfo":"cmnet","height":0,"hidePkgs":[],"hmNotes":"","hookPkgs":[],"lac":61708,"latitude":30.5885603,"line1Number":"18280415085","longitude":104.0589153,"macAddress":"41:5f:ba:ed:e5:c1","memAvailable":5479465885,"memFree":10958931771,"memTotal":16438397656,"mnc":"00","networkClass":2,"networkCountryIso":"cn","networkOperator":"46002","networkOperatorName":"中国移动","networkType":8,"networkTypeName":"HSDPA","phoneType":1,"rgAndroid":"23","rgAreaode":"86","rgBackupPath":"/storage/emulated/0/.money/backup/20180107/18280415085_20180107.db","rgConNames":[],"rgCountry":"中国","rgDevice":"xiaomiRedmi 4X","rgIp":"119.4.252.115","rgLastLogin":1515374771810,"rgLocation":"四川省成都市 联通","rgNetType":"切换飞行模式","rgOrPhone":"18280415085","rgPhoneNo":"18280415085","rgServer":"飞行模式切换","rgTime":1515309277017,"rgVcode":"玉米(发码)","rgVersion":"1.6.0","rgWxError":"帐号状态异常，本次登录已失效。请尝试重新登录，并根据弹窗提示操作。","rgWxName":"弓瑛联","rgWxPasswd":"Rmst@7890","rgWxStatus":"异常","rgWxWindows":"否","serialno":"ad2a4385","simCountryIso":"cn","simOperator":"46002","simOperatorName":"中国移动","simSerialNumber":"8986007085215361146","simState":5,"subscriberId":"460026320825516","type":0,"typeName":"MOBILE","width":0,"wifiScan":["TP-LINK_0d8437,d8:15:0d:d4:1d:f0,[WPA2-PSK-CCMP][ESS],-92,2447,208124151","FAST_842769,14:75:90:cf:c3:16,[WPA-PSK-CCMP][WPA2-PSK-CCMP][WPS][ESS],-90,2437,481573842","Netcore_30587b,30:fc:68:a5:59:51,[WPA-PSK-CCMP][WPA2-PSK-CCMP][WPS][ESS],-79,2437,3321636853","Netcore_a6b8dc,88:25:93:39:38:96,[WPA2-PSK-CCMP][WPS][ESS],-88,2412,3625532464","MERCURY_87bfd2,88:25:93:0d:31:d2,[WPA-PSK-CCMP][WPA2-PSK-CCMP][WPS][ESS],-65,2412,205635148"]}