{"BSSID":"b7:a9:cf:87:f3:4c","IpAddress":"192.168.68.236","P2p0Mac":"cc:56:92:d2:e1:66","SSID":"Tenda_91f2fe","androidId":"630497db8046f4f0","batteryLevel":36,"btAddress":"fe:65:ca:13:d2:e6","btName":"m3 note","buildAbi":"armeabi-v7a","buildAbi2":"armeabi","buildBoard":"APQ8084","buildBrand":"Meizu","buildCodename":"REL","buildDescription":"m3note-user 7.0.0 NRD90M 9828bcf6 release-keys","buildDevice":"m3note","buildFingerprint":"Meizu/m3 note/m3note:7.0.0/NRD90M/9828bcf6:user/release-keys","buildHardware":"qcom","buildHost":"ubuntu","buildId":"NRD90M","buildIncremental":"9828bcf6","buildManufacturer":"Meizu","buildModel":"m3 note","buildName":"Meizu","buildProduct":"m3note","buildRadioVersion":"ybvmagbuj","buildRelease":"7.0.0","buildSdk":"24","buildSerialno":"8ae9e477","buildTags":"release-keys","buildType":"user","buildUser":"MarkBuild","buildUtc":1511911224228,"cellScan":[],"ci":0,"contacts":["奶奶,18805257361","姑妈,18907592294","外婆,18005037186","外公,13702596347","舅舅,13606411708","舅妈,13700141855","姨父,15201362029","姨娘,15503285018","亲爱的,13104570708","老弟,18800902193","老妹,13004516355","小明,13608028785","小李子,18805770258","王韶,13301304770","Darlene Hill,15301365609","明保恒,15907824438","狄情玺,15006850741","张介,18801972605","Sherry Cox,15701473084","洪亚校,13301072791","酆稼庞,18705672005","毛佩镜,13503103491","Monica Sanders,13903461002","糜介硕,13705360980","松许雄,15301881531","窦杏雄,13200801468","Ronald Parker,15507584514","家彤麟,13204841340","陈泉贵,15002688633","酆素乐,15103504777","Tom Wilson,15004351937","宫望冠,15803685541","章松琦,18800557146","王念,15307030737","Anita Young,13308258444","梅冠敬,13100616820","岑万洋,18800640904","彭辉渠,13404297866","Martin Long,13405372405","杨银,15505692822","李琦仁,18801868444","公孙广升,15901148385","Sam Howard,15107665619","杨夜岳,15501063157","陈静璇,18801237214","钮渠享,15203992785","Lois Marshall,15106795975","王苡涂,13406627598","吴倩演,13100842092","张克勇,13302700032","Jamie James,13300020806"],"cpuName":"MT6750","densityDpi":320,"deviceId":"860577743839744","deviceSvn":"28","displayId":"m3note-user 7.0.0 NRD90M 9828bcf6 release-keys","extraInfo":"Tenda_91f2fe","height":0,"hidePkgs":[],"hmNotes":"","hookPkgs":[],"lac":0,"latitude":30.7662372,"line1Number":"18280418624","longitude":104.399773,"macAddress":"4f:f2:a3:a9:3b:32","memAvailable":937583505,"memFree":2812750515,"memTotal":3750334020,"mnc":"00","networkClass":2,"networkCountryIso":"cn","networkOperator":"46000","networkOperatorName":"中国移动","networkType":17,"networkTypeName":"TD_SCDMA","phoneType":1,"rgAndroid":"23","rgAreaode":"86","rgBackupPath":"/storage/emulated/0/.money/backup/20180107/18280418624_20180107.db","rgConNames":[],"rgCountry":"中国","rgDevice":"xiaomiRedmi 4X","rgIp":"119.4.255.253","rgLastLogin":1515374438768,"rgLocation":"四川省成都市 联通","rgNetType":"切换飞行模式","rgOrPhone":"18280418624","rgPhoneNo":"18280418624","rgServer":"飞行模式切换","rgTime":1515307816938,"rgVcode":"玉米(发码)","rgVersion":"1.6.0","rgWxError":"帐号状态异常，本次登录已失效。请尝试重新登录，并根据弹窗提示操作。","rgWxName":"王业","rgWxPasswd":"Rmst@7890","rgWxStatus":"异常","rgWxWindows":"否","serialno":"8ae9e477","simCountryIso":"cn","simOperator":"46000","simOperatorName":"中国移动","simSerialNumber":"8986003487756782491","simState":5,"subscriberId":"460006542151381","type":1,"typeName":"WIFI","width":0,"wifiScan":["Tenda_b7adcf,50:e8:35:f7:eb:e9,[WPA2-PSK-CCMP][WPS][ESS],-81,2437,3280629150","TP-LINK_510486,d7:b8:5d:97:d1:d3,[WPA-PSK-CCMP][WPA2-PSK-CCMP][WPS][ESS],-73,2437,2454936145","MERCURY_e1fd1f,d8:fc:3c:cf:2f:21,[WPA2-PSK-CCMP][ESS],-87,2437,373869131","MERCURY_327597,9c:0a:a4:04:d2:bc,[WPA2-PSK-CCMP][ESS],-87,2437,514397959","TP-LINK_db032f,56:67:16:d2:90:d1,[WPA2-PSK-CCMP][WPS][ESS],-86,2437,2532427401"]}