{"BSSID":"ef:03:ea:a2:e3:53","IpAddress":"192.168.41.97","P2p0Mac":"49:4a:54:93:5e:f0","SSID":"ChainaNet_4742","androidId":"d3098ee91f75b445","batteryLevel":41,"btAddress":"f5:bc:78:0e:2d:0e","btName":"Redmi 3","buildAbi":"armeabi-v7a","buildAbi2":"armeabi","buildBoard":"t6wl","buildBrand":"Xiaomi","buildCodename":"REL","buildDescription":"ido-user 7.1.2 NMF26Q b662393a release-keys","buildDevice":"ido","buildFingerprint":"Xiaomi/Redmi 3/ido:7.1.2/NMF26Q/b662393a:user/release-keys","buildHardware":"qcom","buildHost":"glsrv4","buildId":"NMF26Q","buildIncremental":"b662393a","buildManufacturer":"Xiaomi","buildModel":"Redmi 3","buildName":"Xiaomi","buildProduct":"ido","buildRadioVersion":"behjldxyqa","buildRelease":"7.1.2","buildSdk":"25","buildSerialno":"c8d379d7","buildTags":"release-keys","buildType":"user","buildUser":"Server","buildUtc":1508959318786,"cellScan":[],"ci":0,"contacts":["奶奶,13490213247","姑妈,13490407541","外婆,15204108821","外公,18907354612","舅舅,15504021051","舅妈,18601094674","姨父,15800618258","姨娘,15903953626","亲爱的,13203727146","老弟,13200434642","老妹,18608291793","小明,13201373307","小李子,15503692111","董浩渠,15800291344","Grace Gonzales,15200994604","杨怀界,15306083072","王星,13704486750","奚岳璇,15806118639","Darlene Freeman,15106024842","杨帅炎,13608376247","周禄,15103243192","宓书骏,15700536412","Stephanie Rice,14706670396","王恺,14707638583","马同景,18006097233","李稼,18904903738","Tommy Miller,18908507377","邵建航,13406671108","王浩骥,15205818857","龚仁权,18003257101","Wanda Green,13307656974","杨万熙,15503055827","霍寅耕,15702033359","李为露,18602124921","Katie Nelson,15605588248","杨稼,13108156047","贺善炫,15604574481","杨寿精,15102581167","Timothy Martinez,15108581050","吴凇棠,13805187256","张微,13007814623","张楷,15003467318","Jim Price,13400752332","杨康宁,13707991745","仰情芹,15708498361","邹精庞,13701541316","Dan Bailey,13500925138","李友,15306102528"],"cpuName":"Qualcomm Technologies, Inc MSM8939","densityDpi":560,"deviceId":"861452150070721","deviceSvn":"57","displayId":"ido-user 7.1.2 NMF26Q b662393a release-keys","extraInfo":"ChainaNet_4742","height":0,"hidePkgs":[],"hmNotes":"","hookPkgs":[],"lac":0,"latitude":30.7042372,"line1Number":"18280417153","longitude":104.255669,"macAddress":"66:0b:bd:5d:45:9e","memAvailable":68266056,"memFree":136532114,"memTotal":204798170,"mnc":"00","networkClass":2,"networkCountryIso":"cn","networkOperator":"46007","networkOperatorName":"中国移动","networkType":8,"networkTypeName":"HSDPA","phoneType":1,"rgAndroid":"23","rgAreaode":"86","rgBackupPath":"/storage/emulated/0/.money/backup/20180107/18280417153_20180107.db","rgConNames":[],"rgCountry":"中国","rgDevice":"xiaomiRedmi 4X","rgIp":"119.4.255.174","rgLastLogin":1515375107359,"rgLocation":"四川省成都市 联通","rgNetType":"切换飞行模式","rgOrPhone":"18280417153","rgPhoneNo":"18280417153","rgServer":"飞行模式切换","rgTime":1515313033163,"rgVcode":"玉米(发码)","rgVersion":"1.6.0","rgWxError":"帐号状态异常，本次登录已失效。请尝试重新登录，并根据弹窗提示操作。","rgWxName":"魏坚甲","rgWxPasswd":"Rmst@7890","rgWxStatus":"异常","rgWxWindows":"否","serialno":"c8d379d7","simCountryIso":"cn","simOperator":"46007","simOperatorName":"中国移动","simSerialNumber":"8986006355596555344","simState":5,"subscriberId":"460078850792897","type":1,"typeName":"WIFI","width":0,"wifiScan":["Netcore_f150f4,8d:51:18:02:97:6b,[WPA-PSK-CCMP][WPA2-PSK-CCMP][WPS][ESS],-90,2412,412257818","Netcore_5487a8,c4:88:ac:b1:46:f9,[WPA2-PSK-CCMP][WPS][ESS],-57,2462,210548187","FAST_bed054,ae:52:4b:aa:5e:31,[WPA-PSK-TKIP+CCMP][WPA2-PSK-TKIP+CCMP][WPS][ESS],-95,2437,1648731367","TP-LINK_6b8548,c5:31:21:60:aa:2c,[WPA-PSK-CCMP][WPA2-PSK-CCMP][WPS][ESS],-62,2412,204235226","Tenda_597426,2d:c5:a0:6b:4b:65,[WPA-PSK-CCMP][WPA2-PSK-CCMP][WPS][ESS],-91,2442,3640230972","Netcore_d14376,71:20:e7:76:97:a1,[WPA-PSK-CCMP][WPA2-PSK-CCMP][WPS][ESS],-66,2462,357437583","TP-LINK_598c,42:b1:fe:49:5d:6b,[WPA-PSK-CCMP][WPA2-PSK-CCMP][WPS][ESS],-94,2452,223541536","FAST_5ec1e3,51:09:0d:4a:e2:95,[WPA2-PSK-CCMP][WPS][ESS],-81,2442,643328848"]}