{"BSSID":"6f:97:59:0f:5d:3b","IpAddress":"192.168.88.86","P2p0Mac":"49:d0:a9:41:4e:2d","SSID":"iTV-bf41","androidId":"655ee70cd7cc7d9d","batteryLevel":41,"btAddress":"07:ca:8e:0c:6f:94","btName":"R9sk","buildAbi":"armeabi-v7a","buildAbi2":"armeabi","buildBoard":"MSM8994","buildBrand":"OPPO","buildCodename":"REL","buildDescription":"R9sk-user 7.0.0 NRD90M 58fff43b release-keys","buildDevice":"R9sk","buildFingerprint":"OPPO/R9sk/R9sk:7.0.0/NRD90M/58fff43b:user/release-keys","buildHardware":"qcom","buildHost":"huawei-desktop","buildId":"NRD90M","buildIncremental":"58fff43b","buildManufacturer":"OPPO","buildModel":"R9sk","buildName":"OPPO","buildProduct":"R9sk","buildRadioVersion":"ihncbyhsmpitzyek","buildRelease":"7.0.0","buildSdk":"24","buildSerialno":"c108375b","buildTags":"release-keys","buildType":"user","buildUser":"Server","buildUtc":1486788265507,"cellScan":[],"ci":0,"contacts":["奶奶,15105628645","姑妈,18803826733","外婆,18902410670","外公,13106642106","舅舅,13490387178","舅妈,13701068014","姨父,13203442875","姨娘,13601568096","亲爱的,15804997225","老弟,18701855117","老妹,13490106571","小明,13800938309","小李子,15901182953","李意为,15800141790","Melissa Rose,15106895742","粱香闻,13490738457","巴余保,13707042360","霍盛怒,13503383884","Marvin Dixon,13602653071","吴添,18706483280","李义,13490237210","于古佳,15501048464","Glenn Kelley,13101770105","颜旺瑛,13404938128","段倩鹄,13490501075","李雷,15902974097","Jon Cook,15207431118","于协豪,13406169007","欧阳佩耀,15708858928","万培顺,13490527358","Ann Ferguson,13490624553","巴联铭,13490286526","诸涂,13307808998","余岁凇,18800351085","Geraldine Hayes,18805196221","李泉颂,13806008471","李禄,13607621142","张夏,15600500291","Dale Spencer,15607490706","施巍由,13100362671","仰毅河,15907226937"],"cpuName":"Qualcomm Technologies, Inc MSM8953","densityDpi":240,"deviceId":"862752584783131","deviceSvn":"14","displayId":"R9sk-user 7.0.0 NRD90M 58fff43b release-keys","extraInfo":"iTV-bf41","height":0,"hidePkgs":[],"hmNotes":"","hookPkgs":[],"lac":0,"latitude":30.6644905,"line1Number":"18328709349","longitude":104.0817583,"macAddress":"ea:48:8c:94:f3:2a","memAvailable":23484731,"memFree":70454194,"memTotal":93938925,"mnc":"00","networkClass":1,"networkCountryIso":"cn","networkOperator":"46000","networkOperatorName":"中国移动","networkType":2,"networkTypeName":"EDGE","phoneType":1,"rgAndroid":"23","rgAreaode":"86","rgBackupPath":"/storage/emulated/0/.money/backup/20180107/18328709349_20180107.db","rgConNames":["李兴楷"],"rgConsize":"1","rgCountry":"中国","rgDevice":"xiaomiRedmi 4X","rgIp":"119.4.255.124","rgLastLogin":1515547276660,"rgLocation":"四川省成都市 联通","rgNetType":"切换飞行模式","rgOrPhone":"18328709349","rgPhoneNo":"18328709349","rgServer":"飞行模式切换","rgTime":1515308794229,"rgVcode":"玉米(发码)","rgVersion":"1.6.0","rgWxEmail":"未绑定","rgWxError":"帐号状态异常，本次登录已失效。请尝试重新登录，并根据弹窗提示操作。","rgWxName":"李兴楷","rgWxNo":"未设置","rgWxPasswd":"Rmst@7890","rgWxQQ":"未绑定","rgWxStatus":"异常","rgWxWindows":"否","serialno":"c108375b","simCountryIso":"cn","simOperator":"46000","simOperatorName":"中国移动","simSerialNumber":"8986001116117860645","simState":5,"subscriberId":"460001725446476","type":1,"typeName":"WIFI","width":0,"wifiScan":["Netcore_1436b9,a4:f3:dd:cd:26:bd,[WPA2-PSK-CCMP][ESS],-77,2457,960831924","MERCURY_fd1541,c8:d7:f1:fa:af:1d,[WPA2-PSK-CCMP][WPS][ESS],-54,2437,209434775","FAST_aec0,8c:f5:be:bc:65:00,[WPA-PSK-CCMP][WPA2-PSK-CCMP][ESS],-88,2412,974527841","iTV-9ec4,76:a0:d7:20:ac:9b,[WPA2-PSK-CCMP][WPS][ESS],-95,2412,3256326478","TP-LINK_1f3265,a8:e1:ae:be:78:b2,[WPA-PSK-CCMP][WPA2-PSK-CCMP][ESS],-77,2437,192508716","MERCURY_5a8db7,f9:4d:4b:97:00:e4,[WPA2-PSK-CCMP][WPS][ESS],-89,2462,430974668","FAST_afe2fc,97:82:50:d1:6f:b8,[WPA2-PSK-CCMP][WPS][ESS],-73,2437,423362098","PHICOMM_153763,90:e3:f8:c0:d7:19,[WPA2-PSK-CCMP][ESS],-78,2442,929338566"]}