{"BSSID":"33:3e:13:0d:f9:22","IpAddress":"10.92.56.2","P2p0Mac":"f3:92:82:91:57:18","SSID":"Netcore_087afc","androidId":"7251da199f3487dd","batteryLevel":82,"btAddress":"19:b2:79:96:6b:87","btName":"MI 5","buildAbi":"armeabi-v7a","buildAbi2":"armeabi","buildBoard":"hummingbird","buildBrand":"Xiaomi","buildCodename":"REL","buildDescription":"gemini-user 7.0.0 NRD90M b20f8844 release-keys","buildDevice":"gemini","buildFingerprint":"Xiaomi/MI 5/gemini:7.0.0/NRD90M/b20f8844:user/release-keys","buildHardware":"qcom","buildHost":"huawei-desktop","buildId":"NRD90M","buildIncremental":"b20f8844","buildManufacturer":"Xiaomi","buildModel":"MI 5","buildName":"Xiaomi","buildProduct":"gemini","buildRadioVersion":"excxbvewu","buildRelease":"7.0.0","buildSdk":"24","buildSerialno":"246096f1","buildTags":"release-keys","buildType":"user","buildUser":"Server","buildUtc":1505477177112,"cellScan":["61715,169885843","1821,32324","61717,169176961","32899,34113","32899,13666"],"ci":13666,"contacts":["奶奶,13490693087","姑妈,18900146439","外婆,15504432305","外公,15806100995","舅舅,18705947948","舅妈,18008864308","姨父,18907628126","姨娘,13900636902","亲爱的,13490298528","老弟,13802727758","老妹,13802534117","小明,18005385811","小李子,13701898271","卜航铜,13490543625","Juanita Young,15302134234","支霖向,15604695617","公孙尚生,18001467681","隗铭夜,13901715896","Gail Johnson,13802861502","杨炬罗,13004498262","张硕,15007316758","束珊景,13804195752","Suzanne Mills,13601995671","邱慎敬,15203868997","余靖宫,13303755728","毛郡闻,18700977076","Daniel Gibson,18801748980","李立殊,13303055894","郭畏津,14701962979","李航,15805235850","Alicia Hill,15202021149","董佳萱,15200657452","杨立祥,13907707913","于建佳,13603150421","Daniel Armstrong,13805141709","李菁明,15908005891","詹阁亚,15806662316","乌宽欢,18004906355","Hector Carter,13490814802","陈群介,18907407866"],"cpuName":"Qualcomm Technologies, Inc MSM8996","densityDpi":560,"deviceId":"861655632509682","deviceSvn":"28","displayId":"gemini-user 7.0.0 NRD90M b20f8844 release-keys","extraInfo":"ctlte","height":0,"hidePkgs":[],"hmNotes":"","hookPkgs":[],"lac":32899,"latitude":30.5412362,"line1Number":"18382319457","longitude":104.1053742,"macAddress":"9a:20:53:b6:77:60","memAvailable":32335248,"memFree":64670498,"memTotal":97005746,"mnc":"00","networkClass":2,"networkCountryIso":"cn","networkOperator":"46000","networkOperatorName":"中国移动","networkType":8,"networkTypeName":"HSDPA","phoneType":1,"rgAndroid":"23","rgAreaode":"86","rgBackupPath":"/storage/emulated/0/.money/backup/20180107/18382319457_20180107.db","rgConNames":["孙苡向"],"rgConsize":"1","rgCountry":"中国","rgDevice":"xiaomiRedmi 4X","rgIp":"119.4.252.68","rgLastLogin":1515547410229,"rgLocation":"四川省成都市 联通","rgNetType":"切换飞行模式","rgOrPhone":"18382319457","rgPhoneNo":"18382319457","rgServer":"飞行模式切换","rgTime":1515310081538,"rgVcode":"玉米(发码)","rgVersion":"1.6.0","rgWxEmail":"未绑定","rgWxError":"帐号状态异常，本次登录已失效。请尝试重新登录，并根据弹窗提示操作。","rgWxName":"孙苡向","rgWxNo":"未设置","rgWxPasswd":"Rmst@7890","rgWxQQ":"未绑定","rgWxStatus":"异常","rgWxWindows":"否","serialno":"246096f1","simCountryIso":"cn","simOperator":"46000","simOperatorName":"中国移动","simSerialNumber":"8986022288391634248","simState":5,"subscriberId":"460003793077688","type":0,"typeName":"MOBILE","width":0,"wifiScan":["Netcore_697bed,20:10:7a:0a:e9:19,[WPA2-PSK-CCMP-preauth][ESS],-52,2412,217665091","Netcore_8587ba,78:a1:06:83:69:8c,[WPA2-PSK-CCMP][ESS],-58,2462,2398930927","Tenda_cfeb9e,c8:e7:d8:3c:06:68,[WPA2-PSK-CCMP][ESS],-85,2412,3447935804","MERCURY_40f326,ec:26:ca:cc:21:86,[WPA2-PSK-CCMP][WPS][ESS],-89,2462,507264749","Tenda_0f376a,74:a7:8e:08:f9:96,[WPA2-PSK-CCMP][WPS][ESS],-73,2437,1015229925"]}