{"BSSID":"fe:d2:09:6c:98:dc","IpAddress":"192.168.80.83","P2p0Mac":"64:48:b6:ed:8b:a8","SSID":"FAST_e630f3","androidId":"d4d76ff3ea1deffe","batteryLevel":50,"btAddress":"3e:d7:f0:07:73:41","btName":"OPPO R7sm","buildAbi":"armeabi-v7a","buildAbi2":"armeabi","buildBoard":"angler","buildBrand":"OPPO","buildCodename":"REL","buildDescription":"R7sm-user 7.0.0 NRD90M ade44648 release-keys","buildDevice":"R7sm","buildFingerprint":"OPPO/OPPO R7sm/R7sm:7.0.0/NRD90M/ade44648:user/release-keys","buildHardware":"qcom","buildHost":"zc-miui-ota-bd39.bj","buildId":"NRD90M","buildIncremental":"ade44648","buildManufacturer":"OPPO","buildModel":"OPPO R7sm","buildName":"OPPO","buildProduct":"R7sm","buildRadioVersion":"krydtfip","buildRelease":"7.0.0","buildSdk":"24","buildSerialno":"5699bcd7","buildTags":"release-keys","buildType":"user","buildUser":"Server","buildUtc":1503445788257,"cellScan":["33301,1798","33301,56772","33301,96710016","61729,169959451","33301,56773"],"ci":96710016,"contacts":["奶奶,13000265265","姑妈,13806245922","外婆,18704468082","外公,15608764769","舅舅,18701797523","舅妈,13603547224","姨父,15704932128","姨娘,18003436727","亲爱的,13490880736","老弟,13490208237","老妹,13702510606","小明,15803258216","小李子,13405110282","夏青杭,13006898066","Diana Hernandez,13201105625","费秋璞,13502395045","仰逸新,13800604957","上官华适,15302468878","Albert Gonzalez,13490605596","金宽恒,13408255977","沈商浩,18706008479","堪然江,13905317214","Charlotte Chavez,13703531753","武如古,13201451118","昌魄明,13801793981","班罗如,14707553250","Annie Mitchell,18802134123","家吾超,18701956210","王建,13607388905","王畏,18002286462","Miguel Smith,15307757586","杨帅,15800376548","杨兴,18808247642","李佳设,15308251693","Vivian Ramirez,13490780417","王心麟,18707115150","戚愚保,15208728209","俞琴怒,13600107143","Louise Stewart,13600361384","罗棠海,15103458657","堪善校,13304453325","荣珂耀,13402781194","Zachary Ruiz,15902702409","林绣三,15500418380","郎廉乾,18804600935","张魄晟,13205841532","Jason Gonzalez,15501942399","余吉,13806912139"],"cpuName":"Qualcomm Technologies, Inc MSM8939","densityDpi":560,"deviceId":"867813593760489","deviceSvn":"13","displayId":"R7sm-user 7.0.0 NRD90M ade44648 release-keys","extraInfo":"FAST_e630f3","height":0,"hidePkgs":[],"hmNotes":"","hookPkgs":[],"lac":33301,"latitude":30.7739245,"line1Number":"18402871431","longitude":103.7416359,"macAddress":"da:74:c0:c8:e2:dd","memAvailable":611020523,"memFree":1222041047,"memTotal":1833061570,"mnc":"00","networkClass":2,"networkCountryIso":"cn","networkOperator":"46007","networkOperatorName":"中国移动","networkType":8,"networkTypeName":"HSDPA","phoneType":1,"rgAndroid":"23","rgAreaode":"86","rgBackupPath":"/storage/emulated/0/.money/backup/20180107/18402871431_20180107.db","rgConNames":["屈心琦"],"rgConsize":"1","rgCountry":"中国","rgDevice":"xiaomiRedmi 4X","rgIp":"101.206.166.144","rgLastLogin":1515547141587,"rgLocation":"四川省 联通","rgNetType":"切换飞行模式","rgOrPhone":"18402871431","rgPhoneNo":"18402871431","rgServer":"飞行模式切换","rgTime":1515305685662,"rgVcode":"玉米(发码)","rgVersion":"1.6.0","rgWxEmail":"未绑定","rgWxError":"帐号状态异常，本次登录已失效。请尝试重新登录，并根据弹窗提示操作。","rgWxName":"屈心琦","rgWxNo":"未设置","rgWxPasswd":"Rmst@7890","rgWxQQ":"未绑定","rgWxStatus":"异常","rgWxWindows":"否","serialno":"5699bcd7","simCountryIso":"cn","simOperator":"46007","simOperatorName":"中国移动","simSerialNumber":"8986007773688343150","simState":5,"subscriberId":"460073021765499","type":1,"typeName":"WIFI","width":0,"wifiScan":["Tenda_7a326a,64:88:ff:db:74:96,[WPA-PSK-CCMP][WPA2-PSK-CCMP][WPS][ESS],-86,2437,3619130228","Netcore_6481f3,80:48:a5:77:67:32,[WPA-PSK-CCMP][WPA2-PSK-CCMP][WPS][ESS],-61,2412,2750129565","Netcore_6ed204,14:e6:e4:7a:33:1a,[WPA-PSK-CCMP][WPA2-PSK-CCMP][WPS][ESS],-81,2462,1402437031","PHICOMM_275a7c,a8:57:4e:9e:30:c2,[WPA2-PSK-CCMP][WPS][ESS],-68,2412,1680030817","Tenda_510436,80:89:17:32:9a:09,[WPA2-PSK-CCMP][ESS],-80,2412,289257990"]}