{"BSSID":"82:07:1a:49:ea:6e","IpAddress":"10.8.30.159","P2p0Mac":"5c:e4:ba:ee:94:b1","SSID":"TP-LINK_2649","androidId":"7c2967b8f0bf76f6","batteryLevel":87,"btAddress":"24:99:21:9d:c6:20","btName":"OPPO R7sm","buildAbi":"armeabi-v7a","buildAbi2":"armeabi","buildBoard":"targa","buildBrand":"OPPO","buildCodename":"REL","buildDescription":"R7sm-user 6.0.1 MMB29T 8aa0fc20 release-keys","buildDevice":"R7sm","buildFingerprint":"OPPO/OPPO R7sm/R7sm:6.0.1/MMB29T/8aa0fc20:user/release-keys","buildHardware":"qcom","buildHost":"glsrv4","buildId":"MMB29T","buildIncremental":"8aa0fc20","buildManufacturer":"OPPO","buildModel":"OPPO R7sm","buildName":"OPPO","buildProduct":"R7sm","buildRadioVersion":"jwotatmfzpvboypq","buildRelease":"6.0.1","buildSdk":"23","buildSerialno":"0e42e7ba","buildTags":"release-keys","buildType":"user","buildUser":"MarkBuild","buildUtc":1474221724630,"cellScan":[],"ci":0,"contacts":["奶奶,13800613355","姑妈,14708654730","外婆,13301887182","外公,13490534773","舅舅,18601748427","舅妈,15708493680","姨父,18603831761","姨娘,13606571763","亲爱的,13101945763","老弟,18803340109","老妹,15801653681","小明,13508078670","小李子,15307415083","杨灵,13207638923","Alan Ortiz,15604762310","王古微,18001307625","张炫随,15206115912","卢辉会,15202406531","Willie Simpson,15902591051","柏心宏,13701592486","余逸乾,18706192353","王璎,15003697142","Juan White,15900536289","王甲,18000824538","邹玉伊,13805464839","贲洋律,18606338345","Christina Sanders,15507433360","杨木广,15200186953","纪节廉,15705578084","杨然坚,15207111859","Ronnie Rogers,13405304765","杨思,15700056936","韩年净,13490618860","陈嘉帅,13102782970","Melissa Hawkins,13004722224","李厚,15500083429","杨骥竞,14706995475","甘皓然,13406465873","Bruce Reyes,15806473491","骆艺驹,13306678787","陈隆,15708854997","江业由,13406758551","Mildred Watson,15004533665"],"cpuName":"Qualcomm Technologies, Inc MSM8939","densityDpi":480,"deviceId":"860780515581524","deviceSvn":"51","displayId":"R7sm-user 6.0.1 MMB29T 8aa0fc20 release-keys","extraInfo":"ctlte","height":0,"hidePkgs":[],"hmNotes":"","hookPkgs":[],"lac":0,"latitude":30.7328345,"line1Number":"18402847408","longitude":103.887711,"macAddress":"b4:07:c7:eb:c4:94","memAvailable":129073038,"memFree":387219117,"memTotal":516292155,"mnc":"00","networkClass":3,"networkCountryIso":"cn","networkOperator":"46000","networkOperatorName":"中国移动","networkType":13,"networkTypeName":"LTE","phoneType":1,"rgAndroid":"23","rgAreaode":"86","rgBackupPath":"/storage/emulated/0/.money/backup/20180107/18402847408_20180107.db","rgConNames":["岑英慎"],"rgConsize":"1","rgCountry":"中国","rgDevice":"xiaomiRedmi 4X","rgIp":"119.4.254.61","rgLastLogin":1515547476556,"rgLocation":"四川省成都市 联通","rgNetType":"切换飞行模式","rgOrPhone":"18402847408","rgPhoneNo":"18402847408","rgServer":"飞行模式切换","rgTime":1515314116700,"rgVcode":"玉米(发码)","rgVersion":"1.6.0","rgWxEmail":"未绑定","rgWxError":"帐号状态异常，本次登录已失效。请尝试重新登录，并根据弹窗提示操作。","rgWxName":"岑英慎","rgWxNo":"未设置","rgWxPasswd":"Rmst@7890","rgWxQQ":"未绑定","rgWxStatus":"异常","rgWxWindows":"否","serialno":"0e42e7ba","simCountryIso":"cn","simOperator":"46000","simOperatorName":"中国移动","simSerialNumber":"8986002699050253425","simState":5,"subscriberId":"460001327191903","type":0,"typeName":"MOBILE","width":0,"wifiScan":["PHICOMM_74769d,37:23:fa:1b:c3:c8,[WPA-PSK-CCMP][WPA2-PSK-CCMP][ESS],-54,2452,210816903","Netcore_cfe31d,41:ee:58:c4:27:e1,[WPA-PSK-CCMP][WPA2-PSK-CCMP][WPS][ESS],-83,2437,408194528","FAST_69ed10,28:96:03:5e:c9:44,[WPA-PSK-CCMP][WPA2-PSK-CCMP][WPS][ESS],-92,2437,246994085","MERCURY_b91043,15:4b:19:e9:53:6f,[WPA2-PSK-CCMP][WPS][ESS],-80,2437,277554089","FAST_bafc1f,13:f9:3d:98:11:aa,[WPA-PSK-CCMP][WPA2-PSK-CCMP][WPS][ESS],-94,2462,1257426554","TP-LINK_0f4254,e8:e1:f3:2d:04:dc,[WPA2-PSK-CCMP][WPS][ESS],-64,2462,1641634419","PHICOMM_47cb75,b9:85:83:b1:af:e1,[WPA2-PSK-CCMP][ESS],-51,2462,3623031947","FAST_dbe326,bd:1e:b2:a6:16:c0,[WPA2-PSK-CCMP][ESS],-52,2437,1609729843"]}