{"BSSID":"5e:90:93:c5:61:91","IpAddress":"10.80.20.122","P2p0Mac":"a3:eb:8e:88:f0:b8","SSID":"FAST_1d1641","androidId":"d854f829e6026980","batteryLevel":58,"btAddress":"35:cc:ac:06:07:c0","btName":"MI 3","buildAbi":"armeabi-v7a","buildAbi2":"armeabi","buildBoard":"p3","buildBrand":"Xiaomi","buildCodename":"REL","buildDescription":"pisces-user 5.1.1 LMY48G 0cc54bab release-keys","buildDevice":"pisces","buildFingerprint":"Xiaomi/MI 3/pisces:5.1.1/LMY48G/0cc54bab:user/release-keys","buildHardware":"qcom","buildHost":"bs213","buildId":"LMY48G","buildIncremental":"0cc54bab","buildManufacturer":"Xiaomi","buildModel":"MI 3","buildName":"Xiaomi","buildProduct":"pisces","buildRadioVersion":"lepfkddlrrwibpkjl","buildRelease":"5.1.1","buildSdk":"22","buildSerialno":"91d7a730","buildTags":"release-keys","buildType":"user","buildUser":"lgmobile","buildUtc":1480518146089,"cellScan":["61721,26044","33045,61336","33045,26044","33045,13056","61721,31455"],"ci":26044,"contacts":["奶奶,18806175108","姑妈,13490362850","外婆,13402375395","外公,18703875021","舅舅,15007463843","舅妈,15507286095","姨父,14708387574","姨娘,18006638723","亲爱的,18904122449","老弟,13206363985","老妹,13603417527","小明,13308176768","小李子,13104981096","路嗣熙,13490634387","Ralph Palmer,13308300180","平熙康,13203664435","戚坚权,15305935990","干晟嘉,13600483349","Diane Taylor,13708712764","刁善妙,13402150515","杨利灵,15808343955","暴竞古,15803715290","Richard Bradley,15105300608","余祥隆,13002555077","卫骥,15904218014","伍生恺,13704687803","Jerome Perez,13608062183","陈扬羡,18801538483","宁旺岁,13108418550","盛义图,15100916346","Derek Price,15101158651","王观心,13490009596","计卫古,15107630827","杨实,15006726849","Micheal Williams,15903181513","杨岁昆,13303806631","盛念胜,15006247106","华桐超,18000143678","Rebecca Spencer,13490134542","束阔茂,13107458405"],"cpuName":"Qualcomm MSM8974PRO-AB","densityDpi":560,"deviceId":"861677558013994","deviceSvn":"49","displayId":"pisces-user 5.1.1 LMY48G 0cc54bab release-keys","extraInfo":"3gwap","height":0,"hidePkgs":[],"hmNotes":"","hookPkgs":[],"lac":33045,"latitude":30.7460165,"line1Number":"18402866068","longitude":103.9232856,"macAddress":"66:f3:c4:b2:6f:cd","memAvailable":701566560,"memFree":2104699683,"memTotal":2806266243,"mnc":"00","networkClass":2,"networkCountryIso":"cn","networkOperator":"46002","networkOperatorName":"中国移动","networkType":17,"networkTypeName":"TD_SCDMA","phoneType":1,"rgAndroid":"23","rgAreaode":"86","rgBackupPath":"/storage/emulated/0/.money/backup/20180107/18402866068_20180107.db","rgConNames":["武香炬"],"rgConsize":"1","rgCountry":"中国","rgDevice":"xiaomiRedmi 4X","rgIp":"119.4.254.79","rgLastLogin":1515547072541,"rgLocation":"四川省成都市 联通","rgNetType":"切换飞行模式","rgOrPhone":"18402866068","rgPhoneNo":"18402866068","rgServer":"飞行模式切换","rgTime":1515305412049,"rgVcode":"玉米(发码)","rgVersion":"1.6.0","rgWxEmail":"未绑定","rgWxError":"帐号状态异常，本次登录已失效。请尝试重新登录，并根据弹窗提示操作。","rgWxName":"武香炬","rgWxNo":"未设置","rgWxPasswd":"Rmst@7890","rgWxQQ":"未绑定","rgWxStatus":"异常","rgWxWindows":"否","serialno":"91d7a730","simCountryIso":"cn","simOperator":"46002","simOperatorName":"中国移动","simSerialNumber":"8986023662385213946","simState":5,"subscriberId":"460029526039620","type":0,"typeName":"MOBILE","width":0,"wifiScan":["Netcore_bd2040,88:25:93:6c:5b:5e,[WPA2-PSK-CCMP][ESS],-73,2437,330967579","ChainaNet_2143,1c:60:de:4a:9c:96,[WPA-PSK-CCMP][WPA2-PSK-CCMP][ESS],-92,2412,538803217","MERCURY_59cb,f4:b8:a7:6f:c1:e9,[WPA2-PSK-CCMP][ESS],-79,2447,2349237441","FAST_415410,78:eb:14:11:66:da,[WPA2-PSK-CCMP][ESS],-86,2462,472156189","iTV-96b9,ec:38:8f:b1:b0:c0,[WPA-PSK-CCMP][WPA2-PSK-CCMP][ESS],-56,2412,1320530842"]}