{"BSSID":"9d:3b:0d:73:91:bf","IpAddress":"10.69.69.58","P2p0Mac":"2f:dc:71:55:7d:88","SSID":"PHICOMM_b10430","androidId":"915225081a6e5929","batteryLevel":63,"btAddress":"89:f7:25:09:d4:28","btName":"Redmi Note 4X","buildAbi":"armeabi-v7a","buildAbi2":"armeabi","buildBoard":"manta","buildBrand":"Xiaomi","buildCodename":"REL","buildDescription":"Redmi Note 4X-user 5.0 LRX21M d8a899b0 release-keys","buildDevice":"Redmi Note 4X","buildFingerprint":"Xiaomi/Redmi Note 4X/Redmi Note 4X:5.0/LRX21M/d8a899b0:user/release-keys","buildHardware":"qcom","buildHost":"mine","buildId":"LRX21M","buildIncremental":"d8a899b0","buildManufacturer":"Xiaomi","buildModel":"Redmi Note 4X","buildName":"Xiaomi","buildProduct":"Redmi Note 4X","buildRadioVersion":"aucdmxspeaidzx","buildRelease":"5.0","buildSdk":"21","buildSerialno":"9983899e","buildTags":"release-keys","buildType":"user","buildUser":"jenkins","buildUtc":1475577112050,"cellScan":["1822,2125","33048,59823","39938,164007473","33034,2125"],"ci":2125,"contacts":["奶奶,15305067065","姑妈,13105104137","外婆,13307510416","外公,14703905397","舅舅,13490606792","舅妈,15008198404","姨父,13401084421","姨娘,18705216609","亲爱的,18801985586","老弟,15700297503","老妹,13108168590","小明,18802461004","小李子,15906293308","王君,13000288291","Anthony Ferguson,15504922536","李璇鑫,15506161990","杨棠星,18907838358","平介享,18808635046","Philip Roberts,14703931362","曹书时,13490261048","余诗,15006968900","于绣,13502859014","Annie Hunter,13802650951","王仙军,15202058331","焦玉洋,18604037912","杨诗余,13408284988","Leslie Wallace,15804128288","陈畏,13805758573","李敬,15900574516","殷轩罗,18907935404","Danny Dunn,15308826063","郎莉观,14701285683","王军,15108517305","杨烁,18005882581","Charlie Jackson,15301052011","王夜棠,15101502879","于洋,13908868220","于岳珀,18004763583","Marion Mills,18904132924","张萱,13905281360","吴铁弘,15303268587","段阁行,18902512171","Ronald Gardner,15308222164"],"cpuName":"Qualcomm Technologies, Inc MSM8953","densityDpi":240,"deviceId":"860136711784893","deviceSvn":"72","displayId":"Redmi Note 4X-user 5.0 LRX21M d8a899b0 release-keys","extraInfo":"ctnet","height":0,"hidePkgs":[],"hmNotes":"","hookPkgs":[],"lac":33034,"latitude":30.8355945,"line1Number":"18428337040","longitude":104.4024769,"macAddress":"f9:82:a0:88:90:7c","memAvailable":32093738,"memFree":64187477,"memTotal":96281215,"mnc":"00","networkClass":1,"networkCountryIso":"cn","networkOperator":"46000","networkOperatorName":"中国移动","networkType":2,"networkTypeName":"EDGE","phoneType":1,"rgAndroid":"23","rgAreaode":"86","rgBackupPath":"/storage/emulated/0/.money/backup/20180107/18428337040_20180107.db","rgConNames":["邹翔室"],"rgConsize":"1","rgCountry":"中国","rgDevice":"xiaomiRedmi 4X","rgIp":"119.4.255.119","rgLastLogin":1515547004736,"rgLocation":"四川省成都市 联通","rgNetType":"切换飞行模式","rgOrPhone":"18428337040","rgPhoneNo":"18428337040","rgServer":"飞行模式切换","rgTime":1515304402997,"rgVcode":"玉米(发码)","rgVersion":"1.6.0","rgWxEmail":"未绑定","rgWxError":"帐号状态异常，本次登录已失效。请尝试重新登录，并根据弹窗提示操作。","rgWxName":"邹翔室","rgWxNo":"未设置","rgWxPasswd":"Rmst@7890","rgWxQQ":"未绑定","rgWxStatus":"异常","rgWxWindows":"否","serialno":"9983899e","simCountryIso":"cn","simOperator":"46000","simOperatorName":"中国移动","simSerialNumber":"8986027986724467180","simState":5,"subscriberId":"460006697426035","type":0,"typeName":"MOBILE","width":0,"wifiScan":["Netcore_a7afe1,6c:59:40:c8:37:30,[WPA2-PSK-CCMP][WPS][ESS],-94,2437,2636835782","MERCURY_496427,8c:f2:28:da:86:10,[WPA2-PSK-CCMP][ESS],-90,2437,2050837459","MERCURY_237ba2,98:2f:3c:1c:46:78,[WPA-PSK-CCMP][WPA2-PSK-CCMP][ESS],-93,2412,1068033742","Tenda_bae215,1c:fa:68:c5:e0:08,[WPA2-PSK-CCMP][ESS],-92,2472,274583156","TP-LINK_db87ca,70:a8:e3:de:78:34,[WPA-PSK-CCMP][WPA2-PSK-CCMP][WPS][ESS],-71,2412,2009837934"]}