{"BSSID":"d7:fb:91:b4:83:67","IpAddress":"10.38.62.47","P2p0Mac":"3c:3e:ff:fd:8b:8f","SSID":"MERCURY_7a9dc4","androidId":"49c07dd69b9a2036","batteryLevel":76,"btAddress":"5c:00:f2:8a:20:9a","btName":"Redmi 4","buildAbi":"armeabi-v7a","buildAbi2":"armeabi","buildBoard":"t6","buildBrand":"Xiaomi","buildCodename":"REL","buildDescription":"Redmi 4-user 7.0.0 NRD90M a8719281 release-keys","buildDevice":"Redmi 4","buildFingerprint":"Xiaomi/Redmi 4/Redmi 4:7.0.0/NRD90M/a8719281:user/release-keys","buildHardware":"qcom","buildHost":"qh-miui-ota-bd54","buildId":"NRD90M","buildIncremental":"a8719281","buildManufacturer":"Xiaomi","buildModel":"Redmi 4","buildName":"Xiaomi","buildProduct":"Redmi 4","buildRadioVersion":"gkoxzdgr","buildRelease":"7.0.0","buildSdk":"24","buildSerialno":"36b2ef33","buildTags":"release-keys","buildType":"user","buildUser":"android","buildUtc":1495238473360,"cellScan":[],"ci":0,"contacts":["奶奶,15300821159","姑妈,15505364885","外婆,13700663477","外公,15802804364","舅舅,15602066183","舅妈,18004491055","姨父,13107356539","姨娘,15701527124","亲爱的,13701116872","老弟,13301404028","老妹,13906726772","小明,13307157290","小李子,13301784493","吴坚铭,15903333523","Cynthia Rose,15103643034","杨逸蔚,15507400828","杨逵逸,18707273589","龙水森,18701208651","Ana Hawkins,14702260077","成厚念,15701253861","任遇雄,18001508629","禹杭贵,15804802089","Danielle Nelson,15001786160","童书稼,13490168757","屈松念,18807133901","应桂朔,13008306077","Esther Harper,18606731697","郭玮思,15306650630","汤康昱,13490224144","裴畏烁,15308348681","Francisco Roberts,13490686566","刁桐津,15503957631","吴苡腾,18600210857","祝汉意,18003735990","Michele Marshall,13303246251","于秋宇,18807883368","潘蔚青,14703358667","王启蔚,15908206118","Alan Jones,15808372958","张灵,15302138025","陈梁,18704821743","周立权,15202871216","Joan Brooks,15904323799","傅伊建,13701896322","邓威立,13404476952","李兴,15501884497","Glenn Morales,13108403790","左异任,15803504242","惠业午,13803330132"],"cpuName":"Qualcomm Technologies, Inc MSM8953","densityDpi":560,"deviceId":"861821779186888","deviceSvn":"77","displayId":"Redmi 4-user 7.0.0 NRD90M a8719281 release-keys","extraInfo":"ctnet","height":0,"hidePkgs":[],"hmNotes":"","hookPkgs":[],"lac":0,"latitude":30.8474647,"line1Number":"13541078631","longitude":104.1205733,"macAddress":"d7:b1:7c:82:dd:e1","memAvailable":51219344,"memFree":153658033,"memTotal":204877377,"mnc":"00","networkClass":2,"networkCountryIso":"cn","networkOperator":"46002","networkOperatorName":"中国移动","networkType":17,"networkTypeName":"TD_SCDMA","phoneType":1,"rgAndroid":"23","rgAreaode":"86","rgConNames":["车荃演","上善若水"],"rgConsize":"2","rgCountry":"中国","rgDevice":"xiaomiRedmi 4X","rgIp":"119.4.255.126","rgLastLogin":1516277841866,"rgLocation":"四川省成都市 联通","rgNetType":"切换飞行模式","rgOrPhone":"13541078631","rgPhoneNo":"13541078631","rgServer":"飞行模式切换","rgTime":1516008921973,"rgVcode":"玉米(发码)","rgVersion":"1.6.3","rgWxEmail":"未绑定","rgWxError":"","rgWxId":"wxid_i4e06du4nakg22","rgWxName":"车荃演","rgWxNo":"未设置","rgWxPasswd":"Rmst@7890","rgWxQQ":"未绑定","rgWxStatus":"异常","rgWxWindows":"否","serialno":"36b2ef33","simCountryIso":"cn","simOperator":"46002","simOperatorName":"中国移动","simSerialNumber":"8986006122938686327","simState":5,"subscriberId":"460028530653522","type":0,"typeName":"MOBILE","width":0,"wifiScan":["TP-LINK_1b0e31,04:6a:41:e7:65:8b,[WPA2-PSK-CCMP][ESS],-80,2437,3027730096","MERCURY_95276a,a1:be:81:7f:84:ff,[WPA2-PSK-CCMP][WPS][ESS],-83,2462,397957854","PHICOMM_6ed105,17:41:8c:2b:62:b9,[WPA2-PSK-CCMP][WPS][ESS],-76,2437,191324695","MERCURY_325487,a3:92:4d:fe:17:ca,[WPA2-PSK-CCMP][WPS][ESS],-95,2437,3229738429","Netcore_b9d98d,97:bc:02:97:c3:de,[WPA2-PSK-CCMP][ESS],-95,2452,498133696","FAST_032fe2,b7:94:b6:dd:8c:42,[WPA-PSK-CCMP][WPA2-PSK-CCMP][ESS],-85,2437,365539943"]}