{"BSSID":"ef:b6:42:14:50:50","IpAddress":"192.168.97.63","P2p0Mac":"1f:c3:3e:99:23:25","SSID":"MERCURY_1258","androidId":"65e26583e98ca726","batteryLevel":45,"btAddress":"4d:f5:c5:14:3c:d8","btName":"HTC D816v","buildAbi":"armeabi-v7a","buildAbi2":"armeabi","buildBoard":"MSM8610","buildBrand":"htc","buildCodename":"REL","buildDescription":"htccn_chs_ct-user 7.1.2 NMF26Q 4ba8e2f3 release-keys","buildDevice":"htc_a5dwg1","buildFingerprint":"htc/HTC D816v/htc_a5dwg1:7.1.2/NMF26Q/4ba8e2f3:user/release-keys","buildHardware":"qcom","buildHost":"taishan","buildId":"NMF26Q","buildIncremental":"4ba8e2f3","buildManufacturer":"HTC","buildModel":"HTC D816v","buildName":"htc","buildProduct":"htccn_chs_ct","buildRadioVersion":"qmikzpayuovvaeq","buildRelease":"7.1.2","buildSdk":"25","buildSerialno":"54c8f365","buildTags":"release-keys","buildType":"user","buildUser":"lgmobile","buildUtc":1502908341855,"cellScan":[],"ci":0,"contacts":["奶奶,15703973056","姑妈,13801188240","外婆,18006003640","外公,15806555268","舅舅,18707668940","舅妈,15708083382","姨父,13701546023","姨娘,13801004295","亲爱的,13600390149","老弟,13490127512","老妹,13207687654","小明,13304840213","小李子,13101136201","葛勇颂,18602395045","Sarah Mcdonald,15606691857","余翔,13490450111","萧泰红,18801131869","张惠善,18701721558","Kevin Harper,18805434803","吴畏,13103792165","罗渠升,15505252725","戎友雪,18704691163","Jeffrey Powell,18808772269","陈宇,13101055432","於砚熙,13006907318","王宣杏,15708382473","Peter Mills,14707075015","杨凇,18808532989","卜岩求,13900644722","隗迅素,13906871554","Herbert Stone,13601641078","俞珂业,13805472977","于俊瑛,15002895749","高亚声,13407605796","Catherine Greene,13407812864","秋立鹄,13607027412","包实宇,15705981504","张适,18801770246","Esther Brown,14708560664","诸培炬,13706204480","诸葛恺西,13904801114","柏书悠,15707001544","Lawrence Fisher,18703564405","吴力罗,13000075142","钱靖旭,15502904450","任佳仙,18702456079","Jason Sims,18808138369","李玮,13902173145","戚如闻,18707980807","闵情午,13701347110","Rodney Rogers,13806316500"],"cpuName":"Qualcomm MSM8928","densityDpi":320,"deviceId":"860940628065423","deviceSvn":"84","displayId":"htccn_chs_ct-user 7.1.2 NMF26Q 4ba8e2f3 release-keys","extraInfo":"MERCURY_1258","height":0,"hidePkgs":[],"hmNotes":"","hookPkgs":[],"lac":0,"latitude":30.5752126,"line1Number":"15198148913","longitude":103.8136825,"macAddress":"01:f3:06:ed:9f:01","memAvailable":701685405,"memFree":2105056217,"memTotal":2806741622,"mnc":"00","networkClass":3,"networkCountryIso":"cn","networkOperator":"46002","networkOperatorName":"中国移动","networkType":13,"networkTypeName":"LTE","phoneType":1,"rgAndroid":"23","rgAreaode":"86","rgConNames":["上善若水","杨良念"],"rgConsize":"2","rgCountry":"中国","rgDevice":"xiaomiRedmi 4X","rgIp":"119.4.255.81","rgLastLogin":1516277544167,"rgLocation":"四川省成都市 联通","rgNetType":"切换飞行模式","rgOrPhone":"15198148913","rgPhoneNo":"15198148913","rgServer":"飞行模式切换","rgTime":1516005574126,"rgVcode":"玉米(发码)","rgVersion":"1.6.3","rgWxEmail":"未绑定","rgWxError":"","rgWxId":"wxid_v9rpxu29k3qj22","rgWxName":"杨良念","rgWxNo":"未设置","rgWxPasswd":"Rmst@7890","rgWxQQ":"未绑定","rgWxStatus":"异常","rgWxWindows":"否","serialno":"54c8f365","simCountryIso":"cn","simOperator":"46002","simOperatorName":"中国移动","simSerialNumber":"8986022378106933673","simState":5,"subscriberId":"460022353510812","type":1,"typeName":"WIFI","width":0,"wifiScan":["Netcore_8487ae,05:a9:c7:31:1c:8e,[WPA2-PSK-CCMP][WPS][ESS],-90,2462,1417729962","Netcore_fe10db,19:a7:1e:d6:e2:fe,[WPA2-PSK-CCMP][ESS],-50,2437,202725757","PHICOMM_bebaed,a9:9d:79:d1:34:fe,[WPA-PSK-CCMP][WPA2-PSK-CCMP][ESS],-72,2412,344725495","TP-LINK_325985,82:3b:b2:8f:a7:ab,[WPA-PSK-CCMP][WPA2-PSK-CCMP][WPS][ESS],-62,2462,1394632845","TP-LINK_afea8d,93:9b:b1:ba:71:c2,[WPA-PSK-CCMP][WPA2-PSK-CCMP][WPS][ESS],-80,2437,467646027","MERCURY_f325,0c:57:4a:4e:32:91,[WPA-PSK-CCMP][WPA2-PSK-CCMP][ESS],-74,2437,210121970"]}