{"BSSID":"33:49:e8:0c:ef:f5","IpAddress":"192.168.86.241","P2p0Mac":"77:7f:d1:86:7a:e6","SSID":"Netcore_8baeb9","androidId":"7a68f155fde05b43","batteryLevel":47,"btAddress":"23:33:0e:6f:23:62","btName":"GN9010","buildAbi":"armeabi-v7a","buildAbi2":"armeabi","buildBoard":"w5","buildBrand":"GiONEE","buildCodename":"REL","buildDescription":"GiONEE\u003dCBL7513-user 5.0 LRX21M 17fcd4a4 release-keys","buildDevice":"GiONEE_CBL7513","buildFingerprint":"GiONEE/GN9010/GiONEE_CBL7513:5.0/LRX21M/17fcd4a4:user/release-keys","buildHardware":"qcom","buildHost":"qh-miui-ota-bd51","buildId":"LRX21M","buildIncremental":"17fcd4a4","buildManufacturer":"GiONEE","buildModel":"GN9010","buildName":"GiONEE","buildProduct":"GiONEE\u003dCBL7513","buildRadioVersion":"mskohworsv","buildRelease":"5.0","buildSdk":"21","buildSerialno":"e396a375","buildTags":"release-keys","buildType":"user","buildUser":"builder","buildUtc":1493500198713,"cellScan":[],"ci":0,"contacts":["奶奶,18706102168","姑妈,18604594730","外婆,15908827129","外公,13706153096","舅舅,18604277457","舅妈,15604893777","姨父,13490074327","姨娘,18604351753","亲爱的,18802347452","老弟,18606626056","老妹,13504621985","小明,13808422190","小李子,13490026688","郁汉镜,13406691820","Steve Chavez,15802030953","程辉伊,13605051765","凤为靖,15307840442","苏钰相,13608540312","Danielle Thompson,13901730419","庞宇冠,15703207765","蓝嵬愚,13490726506","杨奇,15700632862","Richard Clark,14706722494","莫熙节,13304552746","杨友舒,15601141963","袁京郁,13490075474","Martin Sullivan,18006572477","张殊,15905596705","杨水,15303002412","贺联锐,13804435094","Alexander Stone,13501953782","余京杭,13105085621","于辉景,13804684306","杨珂河,18700388872","Patrick Harper,15707773183","李齐硕,18002741361","吴帅,13706811661","杨瑟,18008116178","Howard Jones,18001280305","杨慎岭,13104854406","祖梁可,13306771509"],"cpuName":"MT6753T","densityDpi":240,"deviceId":"861237636237634","deviceSvn":"22","displayId":"GiONEE\u003dCBL7513-user 5.0 LRX21M 17fcd4a4 release-keys","extraInfo":"Netcore_8baeb9","height":0,"hidePkgs":[],"hmNotes":"","hookPkgs":[],"lac":0,"latitude":30.8021932,"line1Number":"15708413001","longitude":104.2084401,"macAddress":"05:2f:18:ed:ec:60","memAvailable":31232858,"memFree":62465718,"memTotal":93698576,"mnc":"00","networkClass":2,"networkCountryIso":"cn","networkOperator":"46000","networkOperatorName":"中国移动","networkType":8,"networkTypeName":"HSDPA","phoneType":1,"rgAndroid":"23","rgAreaode":"86","rgConNames":["上善若水","杨庞"],"rgConsize":"2","rgCountry":"中国","rgDevice":"xiaomiRedmi 4X","rgIp":"119.4.255.235","rgLastLogin":1516277693217,"rgLocation":"四川省成都市 联通","rgNetType":"切换飞行模式","rgOrPhone":"15708413001","rgPhoneNo":"15708413001","rgServer":"飞行模式切换","rgTime":1516007100641,"rgVcode":"玉米(发码)","rgVersion":"1.6.3","rgWxEmail":"未绑定","rgWxError":"","rgWxId":"wxid_2ke7vrac3yx722","rgWxName":"杨庞","rgWxNo":"未设置","rgWxPasswd":"Rmst@7890","rgWxQQ":"未绑定","rgWxStatus":"异常","rgWxWindows":"否","serialno":"e396a375","simCountryIso":"cn","simOperator":"46000","simOperatorName":"中国移动","simSerialNumber":"8986003575339944315","simState":5,"subscriberId":"460005989170417","type":1,"typeName":"WIFI","width":0,"wifiScan":["PHICOMM_48b0db,76:f1:9c:52:8c:4a,[WPA2-PSK-CCMP][ESS],-59,2457,188953715","FAST_bada9d,a2:f3:ed:96:61:a1,[WPA-PSK-CCMP][WPA2-PSK-CCMP][WPS][ESS],-76,2437,515465094","TP-LINK_26497c,34:96:c8:6c:e1:e3,[WPA2-PSK-CCMP][WPS][ESS],-72,2412,857130705","FAST_8bafd2,dd:c0:a5:28:4c:be,[WPA-PSK-CCMP][WPA2-PSK-CCMP][WPS][ESS],-89,2412,1989129096","PHICOMM_8487ba,cc:54:30:1a:4f:86,[WPA-PSK-CCMP][WPA2-PSK-CCMP][WPS][ESS],-64,2427,1650631253","MERCURY_f21541,00:04:3f:21:8a:b6,[WPA2-PSK-CCMP][ESS],-80,2462,223820069","TP-LINK_98dbed,77:53:40:16:e9:dc,[WPA2-PSK-CCMP][WPS][ESS],-59,2422,1573833363"]}