{"BSSID":"b6:8b:a8:2e:bb:dc","IpAddress":"10.88.81.240","P2p0Mac":"41:81:54:38:14:57","SSID":"TP-LINK_4758","androidId":"6fa8745ce5f9220d","batteryLevel":33,"btAddress":"dc:0d:74:f3:14:50","btName":"vivo V3","buildAbi":"armeabi-v7a","buildAbi2":"armeabi","buildBoard":"MSM8916","buildBrand":"vivo","buildCodename":"REL","buildDescription":"PD1524-user 5.0 LRX21M b3dc0f82 release-keys","buildDevice":"PD1524","buildFingerprint":"vivo/vivo V3/PD1524:5.0/LRX21M/b3dc0f82:user/release-keys","buildHardware":"qcom","buildHost":"huangshan","buildId":"LRX21M","buildIncremental":"b3dc0f82","buildManufacturer":"vivo","buildModel":"vivo V3","buildName":"vivo","buildProduct":"PD1524","buildRadioVersion":"vtemzzlvclnjfwfps","buildRelease":"5.0","buildSdk":"21","buildSerialno":"fbb109bf","buildTags":"release-keys","buildType":"user","buildUser":"lgmobile","buildUtc":1494200900191,"cellScan":["32780,218066305","33295,22385","61713,169439061","33034,21376","61700,168056996"],"ci":169439061,"contacts":["奶奶,15301183728","姑妈,15306486575","外婆,15304020838","外公,15004484920","舅舅,15500296384","舅妈,18703664470","姨父,15304297899","姨娘,13607108994","亲爱的,15707470612","老弟,13203047698","老妹,14701761560","小明,18805233662","小李子,13490256214","杨岩,13808004234","Donald Hunt,13801277444","杨烁,15304725414","王尚绵,13107633165","成康享,13207731819","Robin Anderson,13000011336","张献宽,18006226942","杨盈声,15902113696","李荃,13306770493","Florence Sanders,13305356146","严如克,13306005877","李任薇,13400448036","骆易郡,13706843599","James Reed,13706232702","麻瑜隆,18908258908","王景,13505166563","杨朔元,15501158448","Alexander Bell,13104085822","杨魁,13003967996","于同恒,18808064293","王耀,13408343464","Kim Morgan,15803202377","于浩江,13101348407","郝影仪,14708187418","张乾,15804563918","Annette Freeman,15202721624","云珀仁,15708281496","姚隆余,15008013192","李卿权,15103287884","Barry Ruiz,13400174135","王剑海,13500016675","余异,15604696360","孟思莉,13505632373","Elizabeth Mitchell,13608405214","经艺香,14705884182"],"cpuName":"MT6750","densityDpi":240,"deviceId":"860929817060519","deviceSvn":"59","displayId":"PD1524-user 5.0 LRX21M b3dc0f82 release-keys","extraInfo":"cmwap","height":0,"hidePkgs":[],"hmNotes":"","hookPkgs":[],"lac":61713,"latitude":30.7894348,"line1Number":"18215611540","longitude":104.1025881,"macAddress":"43:e8:15:72:8a:53","memAvailable":4109698176,"memFree":12329094528,"memTotal":16438792704,"mnc":"00","networkClass":1,"networkCountryIso":"cn","networkOperator":"46002","networkOperatorName":"中国移动","networkType":2,"networkTypeName":"EDGE","phoneType":1,"rgAndroid":"23","rgAreaode":"86","rgConNames":["上善若水","诸夏勇"],"rgConsize":"2","rgCountry":"中国","rgDevice":"xiaomiRedmi 4X","rgIp":"119.4.252.38","rgLastLogin":1516277467983,"rgLocation":"四川省成都市 联通","rgNetType":"切换飞行模式","rgOrPhone":"18215611540","rgPhoneNo":"18215611540","rgServer":"飞行模式切换","rgTime":1516004067631,"rgVcode":"玉米(发码)","rgVersion":"1.6.3","rgWxEmail":"未绑定","rgWxError":"","rgWxId":"wxid_i794yotgxst022","rgWxName":"诸夏勇","rgWxNo":"未设置","rgWxPasswd":"Rmst@7890","rgWxQQ":"未绑定","rgWxStatus":"异常","rgWxWindows":"否","serialno":"fbb109bf","simCountryIso":"cn","simOperator":"46002","simOperatorName":"中国移动","simSerialNumber":"8986023231599281737","simState":5,"subscriberId":"460029760292381","type":0,"typeName":"MOBILE","width":0,"wifiScan":["Netcore_cec143,38:bc:1a:94:53:1b,[WPA-PSK-CCMP][WPA2-PSK-CCMP][WPS][ESS],-56,2462,1366731214","MERCURY_5275,78:52:62:1c:fc:4c,[WPA-PSK-CCMP][WPA2-PSK-CCMP][ESS],-86,2437,3082829889","Netcore_fc9ed1,40:a5:ef:04:ad:fc,[WPA-PSK-CCMP][WPA2-PSK-CCMP][ESS],-80,2437,203615823","Tenda_49ca31,d0:c7:c0:a0:f0:b0,[WPA-PSK-CCMP][WPA2-PSK-CCMP][ESS],-81,2412,430449523","Tenda_8c97ca,ec:26:ca:59:c0:cc,[WPA2-PSK-CCMP][WPS][ESS],-86,2437,1585035101"]}