{"BSSID":"87:f6:b5:14:69:4b","IpAddress":"192.168.63.225","P2p0Mac":"91:52:63:62:68:4b","SSID":"MERCURY_cd2154","androidId":"4d117fa380de1efe","batteryLevel":54,"btAddress":"e5:ef:6c:8d:94:ad","btName":"GT-I9308I","buildAbi":"armeabi-v7a","buildAbi2":"armeabi","buildBoard":"universal5433","buildBrand":"samsung","buildCodename":"REL","buildDescription":"GT-I9308I-user 5.1.1 LMY48G c6fb94b2 release-keys","buildDevice":"GT-I9308I","buildFingerprint":"samsung/GT-I9308I/GT-I9308I:5.1.1/LMY48G/c6fb94b2:user/release-keys","buildHardware":"qcom","buildHost":"zc-miui-ota-bd39.bj","buildId":"LMY48G","buildIncremental":"c6fb94b2","buildManufacturer":"samsung","buildModel":"GT-I9308I","buildName":"samsung","buildProduct":"GT-I9308I","buildRadioVersion":"wjiuguomfvnqrxdf","buildRelease":"5.1.1","buildSdk":"22","buildSerialno":"9e95a993","buildTags":"release-keys","buildType":"user","buildUser":"jenkins","buildUtc":1456901554791,"cellScan":["61701,168102713","61699,168102713","61703,168233785","61701,167970699","61703,168102713"],"ci":168233785,"contacts":["奶奶,15007796744","姑妈,18904376151","外婆,14704026759","外公,18800276602","舅舅,13706300581","舅妈,13806258212","姨父,18804890653","姨娘,13204888775","亲爱的,13103907196","老弟,13901845876","老妹,18603115997","小明,13404220474","小李子,15704774977","皮然森,18004630828","Alexander Sanders,13303318601","杨蔚,13490499446","司徒钰岳,18605233498","骆皓琴,13606400800","Cheryl Smith,13804304470","吴吾吉,15001939085","卢岳宫,15800651324","王骥,15300043322","Alfred Palmer,13490239584","王魄观,18008120750","纪群朔,15003181155","姚生雍,18902837942","Audrey Foster,18008562088","王竞律,15600735970","丁宫嗣,15301282853","徐平阳,13404963449","Sally Howard,15806678142","余旺郡,18801786699","明郡瑕,14700055375","李杏,13704252086","Dan Hawkins,13505536205","杨雅,18608491580","杨易,13106404040","马保汉,15800947212","Alvin Murphy,15900735605","余译寅,14700727961","吴阔,13800410438","鲍焱青,15603552742","Timothy Mason,15500921021","杨裕绵,13403806048"],"cpuName":"Qualcomm MSM 8226 (Flattened Device Tree)","densityDpi":480,"deviceId":"860158418187337","deviceSvn":"18","displayId":"GT-I9308I-user 5.1.1 LMY48G c6fb94b2 release-keys","extraInfo":"MERCURY_cd2154","height":0,"hidePkgs":[],"hmNotes":"","hookPkgs":[],"lac":61703,"latitude":30.753594,"line1Number":"18224434994","longitude":104.1196043,"macAddress":"84:83:2f:f7:70:80","memAvailable":1250009707,"memFree":2500019414,"memTotal":3750029121,"mnc":"00","networkClass":1,"networkCountryIso":"cn","networkOperator":"46007","networkOperatorName":"中国移动","networkType":2,"networkTypeName":"EDGE","phoneType":1,"rgAndroid":"23","rgAreaode":"86","rgConNames":[],"rgCountry":"中国","rgDevice":"xiaomiRedmi 4X","rgIp":"119.4.254.114","rgLastLogin":1516012828899,"rgLocation":"四川省成都市 联通","rgNetType":"切换飞行模式","rgOrPhone":"18224434994","rgPhoneNo":"18224434994","rgServer":"飞行模式切换","rgTime":1516000414390,"rgVcode":"玉米(发码)","rgVersion":"1.6.3","rgWxError":"帐号状态异常，本次登录已失效。请尝试重新登录，并根据弹窗提示操作。","rgWxId":"wxid_vte00oj4ko3e22","rgWxName":"张节锐","rgWxPasswd":"Rmst@7890","rgWxStatus":"异常","rgWxWindows":"否","serialno":"9e95a993","simCountryIso":"cn","simOperator":"46007","simOperatorName":"中国移动","simSerialNumber":"8986006016998115830","simState":5,"subscriberId":"460075120584815","type":1,"typeName":"WIFI","width":0,"wifiScan":["MERCURY_dfe20c,1c:60:de:75:b3:5c,[WPA-PSK-CCMP][WPA2-PSK-CCMP][ESS],-61,2462,525285094","FAST_f325,a8:15:4d:7c:d8:d2,[WPA2-PSK-CCMP][ESS],-79,2467,3107228303","PHICOMM_1e2053,64:3a:b1:7d:1b:22,[WPA2-PSK-CCMP][WPS][ESS],-90,2412,2097934290","TP-LINK_0da9c1,6c:a7:5f:52:6f:9a,[WPA2-PSK-CCMP][ESS],-92,2412,244043935","Tenda_b8db87,b4:98:42:80:69:af,[WPA2-PSK-CCMP][ESS],-80,2437,3107835643"]}