{"BSSID":"a1:db:2d:9c:ad:c1","IpAddress":"10.70.18.134","P2p0Mac":"ee:e8:94:55:da:ba","SSID":"Netcore_0d1647","androidId":"c6ceeb736f149e7b","batteryLevel":39,"btAddress":"61:49:b6:31:1a:26","btName":"Redmi Note 5A","buildAbi":"armeabi-v7a","buildAbi2":"armeabi","buildBoard":"msm8996","buildBrand":"Xiaomi","buildCodename":"REL","buildDescription":"ugg-user 5.0 LRX21M 3acf6ab2 release-keys","buildDevice":"ugg","buildFingerprint":"Xiaomi/Redmi Note 5A/ugg:5.0/LRX21M/3acf6ab2:user/release-keys","buildHardware":"qcom","buildHost":"glsrv4","buildId":"LRX21M","buildIncremental":"3acf6ab2","buildManufacturer":"Xiaomi","buildModel":"Redmi Note 5A","buildName":"Xiaomi","buildProduct":"ugg","buildRadioVersion":"hucknrprm","buildRelease":"5.0","buildSdk":"21","buildSerialno":"d0e8d823","buildTags":"release-keys","buildType":"user","buildUser":"buildHost","buildUtc":1483350096429,"cellScan":["32835,60212","32835,62554","32835,62125","32835,62122","61701,168145956"],"ci":168145956,"contacts":["奶奶,15206808445","姑妈,13306353901","外婆,15603820046","外公,18608702014","舅舅,15201831631","舅妈,15903707552","姨父,15103794401","姨娘,14706813456","亲爱的,13901498297","老弟,15205758092","老妹,13603563549","小明,13803749038","小李子,18708036827","杨净悠,13602260933","Manuel Richardson,13500186701","杨童静,13905230714","杨雷,13706263986","张宽,15600720279","Wayne Rodriguez,13001557835","李竞,13500456608","张汉信,13305869053","鲍经郡,15207343074","Brian Moore,15000746437","和霖业,13507146005","杨经礼,13606425311","张烈,13903751494","Sandra Cook,13701567720","柯享校,15905748942","计国凇,13301357248","张禄艺,13906487600","Richard Boyd,13508097387","王薇野,13406937984","奚野闻,18700283993","谷凇观,13702388511","Daniel Mitchell,13607862801","王翼水,15702091065","黄为康,13005496880","荀廉屏,13702738674","Wesley Roberts,13807340083","于秋,18003100422","张誓,13304886785","包秀寅,13007638364","Debbie Franklin,13107882418","虞欣香,13400585459","诸旭焱,13306122612","邵曜乾,13902082907","Victoria Sims,13608825911","米建梦,13490238717","松萱界,13801327408","诸吉孝,14704584853","Alvin Turner,18704151566"],"cpuName":"Qualcomm Technologies, Inc MSM8940","densityDpi":240,"deviceId":"860702541841060","deviceSvn":"18","displayId":"ugg-user 5.0 LRX21M 3acf6ab2 release-keys","extraInfo":"ctnet","height":0,"hidePkgs":[],"hmNotes":"","hookPkgs":[],"lac":61701,"latitude":30.6730824,"line1Number":"18224446909","longitude":104.1480104,"macAddress":"57:4c:b2:14:4a:a2","memAvailable":32043653,"memFree":64087306,"memTotal":96130959,"mnc":"00","networkClass":2,"networkCountryIso":"cn","networkOperator":"46007","networkOperatorName":"中国移动","networkType":17,"networkTypeName":"TD_SCDMA","phoneType":1,"rgAndroid":"23","rgAreaode":"86","rgConNames":["杨岁腾"],"rgConsize":"1","rgCountry":"中国","rgDevice":"xiaomiRedmi 4X","rgIp":"119.4.253.173","rgLastLogin":1516024372657,"rgLocation":"四川省成都市 联通","rgNetType":"切换飞行模式","rgOrPhone":"18224446909","rgPhoneNo":"18224446909","rgServer":"飞行模式切换","rgTime":1516005148524,"rgVcode":"玉米(发码)","rgVersion":"1.6.3","rgWxEmail":"未绑定","rgWxError":"帐号状态异常，本次登录已失效。请尝试重新登录，并根据弹窗提示操作。","rgWxId":"wxid_fs586pb4j71c22","rgWxName":"杨岁腾","rgWxNo":"未设置","rgWxPasswd":"Rmst@7890","rgWxQQ":"未绑定","rgWxStatus":"异常","rgWxWindows":"否","serialno":"d0e8d823","simCountryIso":"cn","simOperator":"46007","simOperatorName":"中国移动","simSerialNumber":"8986023214390158293","simState":5,"subscriberId":"460076762639938","type":0,"typeName":"MOBILE","width":0,"wifiScan":["Netcore_61ebad,58:66:ba:77:e2:31,[WPA-PSK-CCMP][WPA2-PSK-CCMP][WPS][ESS],-92,2437,455502803","Netcore_96b965,b0:d5:9d:30:f3:8e,[WPA-PSK-CCMP][WPA2-PSK-CCMP][WPS][ESS],-80,2412,1843329966","TP-LINK_c9d10c,9c:2a:70:ca:4c:63,[WPA-PSK-CCMP][WPA2-PSK-CCMP][ESS],-77,2437,3119027625","TP-LINK_6a8103,80:f6:2e:22:e4:b1,[WPA-PSK-CCMP][WPA2-PSK-CCMP][WPS][ESS],-81,2412,1475436665","iTV-698c,cc:34:29:1e:6a:9a,[WPA-PSK-CCMP][WPA2-PSK-CCMP][ESS],-83,2437,2509638384"]}