{"BSSID":"bb:27:8d:21:80:c3","IpAddress":"192.168.19.87","P2p0Mac":"de:fc:18:32:23:64","SSID":"TP-LINK_510374","androidId":"05691e41b6aab734","batteryLevel":44,"btAddress":"dc:54:d9:98:4a:43","btName":"Redmi Note 5A","buildAbi":"armeabi-v7a","buildAbi2":"armeabi","buildBoard":"ventana","buildBrand":"Xiaomi","buildCodename":"REL","buildDescription":"ugg-user 7.1.2 NMF26Q 8a1ed62f release-keys","buildDevice":"ugg","buildFingerprint":"Xiaomi/Redmi Note 5A/ugg:7.1.2/NMF26Q/8a1ed62f:user/release-keys","buildHardware":"qcom","buildHost":"qh-miui-ota-bd54","buildId":"NMF26Q","buildIncremental":"8a1ed62f","buildManufacturer":"Xiaomi","buildModel":"Redmi Note 5A","buildName":"Xiaomi","buildProduct":"ugg","buildRadioVersion":"vgavescwnaoxishfi","buildRelease":"7.1.2","buildSdk":"25","buildSerialno":"dfe81b44","buildTags":"release-keys","buildType":"user","buildUser":"android","buildUtc":1494460823187,"cellScan":["61716,169126342","33281,53291","61716,169118761","33028,4444","61716,43463"],"ci":43463,"contacts":["奶奶,15904738107","姑妈,13907282192","外婆,14701495576","外公,13201378976","舅舅,15202183220","舅妈,13101991563","姨父,15608351319","姨娘,15300632689","亲爱的,13490175347","老弟,15604663481","老妹,18805567116","小明,18008143476","小李子,15805621264","吴嘉,13002304318","Mario Wallace,13000224225","郑权轩,15903545912","郑况硕,13804042695","杨坚镜,18003196097","Melanie Hicks,13490486142","强荣贺,13908754692","夏华礼,14702136443","贝仕腾,13604637606","Julia Lopez,13806617440","陈彦炫,13600593613","张世,13101934765","凤仙岩,13605013859","Calvin Wagner,13703991949","李阁商,15605307975","于勋骥,18800201920","杨平,15105602970","Joel Bell,15808384907","符珊琦,13705737448","杨鹏岁,15303021310","杜苡信,15504845558","Annie Davis,13005733586","詹砚世,15102297422","长孙尚野,13490613091","陶权誓,15808340841","Edward Ramirez,15803915412","卢杭耕,15303400704"],"cpuName":"Qualcomm Technologies, Inc MSM8940","densityDpi":320,"deviceId":"861342646306674","deviceSvn":"17","displayId":"ugg-user 7.1.2 NMF26Q 8a1ed62f release-keys","extraInfo":"TP-LINK_510374","height":0,"hidePkgs":[],"hmNotes":"","hookPkgs":[],"lac":61716,"latitude":30.4902668,"line1Number":"18224029829","longitude":103.9021221,"macAddress":"02:cf:d1:db:28:00","memAvailable":937626984,"memFree":2812880952,"memTotal":3750507936,"mnc":"00","networkClass":2,"networkCountryIso":"cn","networkOperator":"46007","networkOperatorName":"中国移动","networkType":8,"networkTypeName":"HSDPA","phoneType":1,"rgAndroid":"23","rgAreaode":"86","rgConNames":["上善若水","杨菁"],"rgConsize":"2","rgCountry":"中国","rgDevice":"xiaomiRedmi 4X","rgIp":"101.206.167.153","rgLastLogin":1516277244466,"rgLocation":"四川省 联通","rgNetType":"切换飞行模式","rgOrPhone":"18224029829","rgPhoneNo":"18224029829","rgServer":"飞行模式切换","rgTime":1516000873583,"rgVcode":"玉米(发码)","rgVersion":"1.6.3","rgWxEmail":"未绑定","rgWxError":"","rgWxId":"wxid_y5w961075ob922","rgWxName":"杨菁","rgWxNo":"未设置","rgWxPasswd":"Rmst@7890","rgWxQQ":"未绑定","rgWxStatus":"异常","rgWxWindows":"否","serialno":"dfe81b44","simCountryIso":"cn","simOperator":"46007","simOperatorName":"中国移动","simSerialNumber":"8986028991734163119","simState":5,"subscriberId":"460078431655921","type":1,"typeName":"WIFI","width":0,"wifiScan":["Tenda_932e2f,d8:15:0d:bd:de:d2,[WPA2-PSK-CCMP][WPS][ESS],-53,2447,333833053","FAST_d0f3,8c:f2:28:97:0b:ba,[WPA2-PSK-CCMP][WPS][ESS],-74,2462,311357961","MERCURY_526597,9c:d2:1e:fb:c5:17,[WPA-PSK-CCMP][WPA2-PSK-CCMP][WPS][ESS],-77,2412,2378431397","Tenda_fc98cb,d0:c7:c0:d4:10:be,[WPA-PSK-CCMP][WPA2-PSK-CCMP][WPS][ESS],-91,2462,3168534364","Netcore_9dc042,c8:3a:35:fa:89:00,[WPA-PSK-CCMP][WPA2-PSK-CCMP][WPS][ESS],-86,2412,201125238"]}