{"BSSID":"7b:96:1f:2a:a3:35","IpAddress":"192.168.11.31","P2p0Mac":"a0:28:91:b6:79:de","SSID":"Tenda_658c0e","androidId":"490fe49c38b3caa6","batteryLevel":45,"btAddress":"43:8c:30:5c:4a:0f","btName":"YQ601","buildAbi":"armeabi-v7a","buildAbi2":"armeabi","buildBoard":"pyramid","buildBrand":"smartisan","buildCodename":"REL","buildDescription":"msm8916_32-user 7.0.0 NRD90M 37afb5b4 release-keys","buildDevice":"msm8916_32","buildFingerprint":"smartisan/YQ601/msm8916_32:7.0.0/NRD90M/37afb5b4:user/release-keys","buildHardware":"qcom","buildHost":"zc-miui-ota-bd39.bj","buildId":"NRD90M","buildIncremental":"37afb5b4","buildManufacturer":"smartisan","buildModel":"YQ601","buildName":"smartisan","buildProduct":"msm8916_32","buildRadioVersion":"gjqkmvtlnt","buildRelease":"7.0.0","buildSdk":"24","buildSerialno":"8627d5cb","buildTags":"release-keys","buildType":"user","buildUser":"android","buildUtc":1509938301409,"cellScan":[],"ci":0,"contacts":["奶奶,15307017777","姑妈,15501804392","外婆,13705278065","外公,13303920377","舅舅,13901556607","舅妈,13302965284","姨父,14706435628","姨娘,15506624071","亲爱的,13407405316","老弟,15500563467","老妹,18900051527","小明,15008625576","小李子,14702550783","管伟朔,15701030215","Kathy Price,14703678291","杨璎书,15904454501","杨盈俊,15108052698","李相先,15005535594","Lester Simmons,15805917321","杨阔隆,18006166676","齐瑕水,15002922912","路森铁,18808252733","Theresa Diaz,18703383794","杨全,14701737800","邹广精,18603468646","杨迅,15305106323","Michelle Hicks,13306000442","戚阔毅,13802096224","路寿义,15804756919","杨隆如,15705665043","Gilbert Rogers,14703693950","余威烁,14703158623","夏侯协古,18001502651","栾明盛,18705762079","Marilyn Duncan,15701754682","于伊,18901610582","长孙由贤,18005305952","杨湘,15305888208","Ronnie Woods,13301220288","汤兴荣,13401737226","王怡,13306115422","上官耕芹,18800466069","Earl Harris,15701166981","张仪,18904992483","杨宏亚,13400981171","余团似,18800513219","Marie Nichols,15708065419"],"cpuName":"Qualcomm Technologies, Inc MSM8939","densityDpi":480,"deviceId":"862829187764682","deviceSvn":"84","displayId":"msm8916_32-user 7.0.0 NRD90M 37afb5b4 release-keys","extraInfo":"Tenda_658c0e","height":0,"hidePkgs":[],"hmNotes":"","hookPkgs":[],"lac":0,"latitude":30.6249044,"line1Number":"18224463973","longitude":103.9110159,"macAddress":"c5:0d:ea:33:61:6e","memAvailable":935592681,"memFree":1871185364,"memTotal":2806778045,"mnc":"00","networkClass":2,"networkCountryIso":"cn","networkOperator":"46000","networkOperatorName":"中国移动","networkType":17,"networkTypeName":"TD_SCDMA","phoneType":1,"rgAndroid":"23","rgAreaode":"86","rgConNames":["李佑","上善若水"],"rgConsize":"2","rgCountry":"中国","rgDevice":"xiaomiRedmi 4X","rgIp":"119.4.253.59","rgLastLogin":1516277774827,"rgLocation":"四川省成都市 联通","rgNetType":"切换飞行模式","rgOrPhone":"18224463973","rgPhoneNo":"18224463973","rgServer":"飞行模式切换","rgTime":1516008159585,"rgVcode":"玉米(发码)","rgVersion":"1.6.3","rgWxEmail":"未绑定","rgWxError":"","rgWxId":"wxid_btu3mjhnjfvp22","rgWxName":"李佑","rgWxNo":"未设置","rgWxPasswd":"Rmst@7890","rgWxQQ":"未绑定","rgWxStatus":"异常","rgWxWindows":"否","serialno":"8627d5cb","simCountryIso":"cn","simOperator":"46000","simOperatorName":"中国移动","simSerialNumber":"8986027416177113042","simState":5,"subscriberId":"460008041416048","type":1,"typeName":"WIFI","width":0,"wifiScan":["Tenda_f108ca,6b:dd:f7:d9:aa:85,[WPA2-PSK-CCMP][ESS],-81,2427,1868727779","MERCURY_53f327,e2:c2:d2:ee:65:9c,[WPA2-PSK-CCMP][WPS][ESS],-84,2457,2378327545","Netcore_aed8dc,1d:e8:5a:69:4e:04,[WPA2-PSK-CCMP][WPS][ESS],-77,2437,209221192","Netcore_f41649,45:22:9a:e5:b7:78,[WPA2-PSK-CCMP][ESS],-69,2462,1241631346","Netcore_547b97,b9:93:5d:fc:d4:91,[WPA-PSK-TKIP+CCMP][WPA2-PSK-TKIP+CCMP][WPS][ESS],-76,2437,1399629574","Netcore_c87caf,07:0f:d9:8c:18:cf,[WPA2-PSK-CCMP][WPS][ESS],-90,2462,857230980"]}