{"BSSID":"bc:86:20:d4:88:63","IpAddress":"192.168.75.23","P2p0Mac":"d0:05:58:71:ff:c7","SSID":"FAST_0486","androidId":"e1ebd5c95cbe97c3","batteryLevel":73,"btAddress":"a2:44:74:21:7a:b3","btName":"OPPO A37m","buildAbi":"armeabi-v7a","buildAbi2":"armeabi","buildBoard":"shamu","buildBrand":"OPPO","buildCodename":"REL","buildDescription":"A37-user 5.1.1 LMY48G 3807bc5b release-keys","buildDevice":"A37","buildFingerprint":"OPPO/OPPO A37m/A37:5.1.1/LMY48G/3807bc5b:user/release-keys","buildHardware":"qcom","buildHost":"SCL_XA241_102","buildId":"LMY48G","buildIncremental":"3807bc5b","buildManufacturer":"OPPO","buildModel":"OPPO A37m","buildName":"OPPO","buildProduct":"A37","buildRadioVersion":"zldkqgwcdntmrg","buildRelease":"5.1.1","buildSdk":"22","buildSerialno":"c32d4abc","buildTags":"release-keys","buildType":"user","buildUser":"android","buildUtc":1493273876276,"cellScan":["61701,168065076","61701,168917044","33033,118379551","61701,168628180","33296,139628806"],"ci":118379551,"contacts":["奶奶,15004876141","姑妈,15005565773","外婆,18007695920","外公,15208278508","舅舅,13706604270","舅妈,13906187575","姨父,15001905525","姨娘,13503050427","亲爱的,15700932160","老弟,13502654252","老妹,15906258117","小明,15704566513","小李子,18805761508","吴伟,15606566386","Lewis Morales,13104588746","武行庞,15004752198","鲍桂砚,18703558933","吴伟夏,13703983625","Carmen Dunn,13500972700","杨瑟,13803586499","张颂,13706935952","任校午,18901460785","Justin Owens,18903935511","俞烁童,15903376863","王观,15304057475","余亚,13306484468","Monica Murphy,18006994450","余培,15703817667","方怀克,13202860151","杨浩,13700042415","Diane Peters,13701076936","张翰秋,15907056352","杨盛,13407306127","贝效寿,15807647724","Donald Anderson,15904291595","秋会郁,18703855000","于仙,13105362003","杨延,13803462239","Jesse Carroll,13602521144","薛岁江,18601741426"],"cpuName":"MT6750","densityDpi":320,"deviceId":"862493168364614","deviceSvn":"62","displayId":"A37-user 5.1.1 LMY48G 3807bc5b release-keys","extraInfo":"FAST_0486","height":0,"hidePkgs":[],"hmNotes":"","hookPkgs":[],"lac":33033,"latitude":30.7167439,"line1Number":"18224061274","longitude":104.1995025,"macAddress":"a1:67:01:ad:24:ea","memAvailable":51153999,"memFree":153462000,"memTotal":204615999,"mnc":"00","networkClass":1,"networkCountryIso":"cn","networkOperator":"46007","networkOperatorName":"中国移动","networkType":2,"networkTypeName":"EDGE","phoneType":1,"rgAndroid":"23","rgAreaode":"86","rgConNames":["上善若水","杨妙"],"rgConsize":"2","rgCountry":"中国","rgDevice":"xiaomiRedmi 4X","rgIp":"119.4.253.211","rgLastLogin":1516277321245,"rgLocation":"四川省成都市 联通","rgNetType":"切换飞行模式","rgOrPhone":"18224061274","rgPhoneNo":"18224061274","rgServer":"飞行模式切换","rgTime":1516001307983,"rgVcode":"玉米(发码)","rgVersion":"1.6.3","rgWxEmail":"未绑定","rgWxError":"","rgWxId":"wxid_gsxig2yix35322","rgWxName":"杨妙","rgWxNo":"未设置","rgWxPasswd":"Rmst@7890","rgWxQQ":"未绑定","rgWxStatus":"异常","rgWxWindows":"否","serialno":"c32d4abc","simCountryIso":"cn","simOperator":"46007","simOperatorName":"中国移动","simSerialNumber":"8986004116733482678","simState":5,"subscriberId":"460071399181643","type":1,"typeName":"WIFI","width":0,"wifiScan":["PHICOMM_efe304,1c:60:de:c5:0f:92,[WPA2-PSK-CCMP][WPS][ESS],-81,2412,3196627999","MERCURY_dc0cbf,14:75:90:53:82:32,[WPA-PSK-CCMP][WPA2-PSK-CCMP][ESS],-95,2452,303570295","PHICOMM_276980,08:10:79:8b:6a:e8,[WPA2-PSK-CCMP][ESS],-86,2457,2553928481","MERCURY_487b96,24:69:68:97:72:64,[WPA-PSK-CCMP][WPA2-PSK-CCMP][ESS],-81,2442,3129530580","MERCURY_dbf326,80:89:17:f4:c6:80,[WPA2-PSK-CCMP][WPS][ESS],-56,2472,228194632"]}