{"BSSID":"82:a7:b5:eb:83:b5","IpAddress":"192.168.83.152","P2p0Mac":"64:1a:be:01:4e:ff","SSID":"PHICOMM_2437b8","androidId":"37eb502afe10767d","batteryLevel":45,"btAddress":"b5:36:99:bb:c2:f4","btName":"2014811","buildAbi":"armeabi-v7a","buildAbi2":"armeabi","buildBoard":"m7","buildBrand":"Xiaomi","buildCodename":"REL","buildDescription":"HM2014811-user 7.0.0 NRD90M 52ba83c3 release-keys","buildDevice":"HM2014811","buildFingerprint":"Xiaomi/2014811/HM2014811:7.0.0/NRD90M/52ba83c3:user/release-keys","buildHardware":"qcom","buildHost":"wcc-miui-ota-bd07.bj","buildId":"NRD90M","buildIncremental":"52ba83c3","buildManufacturer":"Xiaomi","buildModel":"2014811","buildName":"Xiaomi","buildProduct":"HM2014811","buildRadioVersion":"xugmmtyoggqldvjk","buildRelease":"7.0.0","buildSdk":"24","buildSerialno":"7fba8a3d","buildTags":"release-keys","buildType":"user","buildUser":"MarkBuild","buildUtc":1498344570873,"cellScan":[],"ci":0,"contacts":["奶奶,14700533201","姑妈,13206917137","外婆,13490449199","外公,13402614622","舅舅,13801183873","舅妈,15701780649","姨父,15708130749","姨娘,15808464485","亲爱的,18906037133","老弟,13905026382","老妹,13507686280","小明,13405250629","小李子,18000041936","李佳先,18007796946","Brittany Lee,18900663982","巴雍求,18900662084","屈观隆,15002202239","杨水,13804649028","Anna Wagner,13805296179","章海陵,13490055324","陈晟,13607330381","于齐若,13490631237","Roberta Henry,18902535244","王佳亚,14704394603","焦梧嘉,13600802857","杨伊珀,13000095840","Alvin Long,18606818716","杨松津,15101831251","于楷嗣,18808637886","于绍意,15204263996","Alma Lee,15806744635","王瑟,15303593614","喻誓倩,15801914640","王欣,13402576826","Nicholas Palmer,15203177905","王贵,18805676911","杨秋介,13704558235","韦逸王,15107083348","Maurice Ramos,15004517680","霍奇乾,13107472390","杨协,13008438168","岑兴默,13706554226","Marilyn Greene,13902316927"],"cpuName":"Qualcomm Technologies, Inc MSM8916","densityDpi":320,"deviceId":"860627222732363","deviceSvn":"70","displayId":"HM2014811-user 7.0.0 NRD90M 52ba83c3 release-keys","extraInfo":"PHICOMM_2437b8","height":0,"hidePkgs":[],"hmNotes":"","hookPkgs":[],"lac":0,"latitude":30.6521065,"line1Number":"18228094618","longitude":103.9508878,"macAddress":"f4:0d:7c:6e:5e:93","memAvailable":4109810093,"memFree":12329430279,"memTotal":16439240372,"mnc":"00","networkClass":1,"networkCountryIso":"cn","networkOperator":"46002","networkOperatorName":"中国移动","networkType":2,"networkTypeName":"EDGE","phoneType":1,"rgAndroid":"23","rgAreaode":"86","rgConNames":[],"rgCountry":"中国","rgDevice":"xiaomiRedmi 4X","rgIp":"119.4.255.13","rgLastLogin":1516015344511,"rgLocation":"四川省成都市 联通","rgNetType":"切换飞行模式","rgOrPhone":"18228094618","rgPhoneNo":"18228094618","rgServer":"飞行模式切换","rgTime":1516006054758,"rgVcode":"玉米(发码)","rgVersion":"1.6.3","rgWxError":"帐号状态异常，本次登录已失效。请尝试重新登录，并根据弹窗提示操作。","rgWxName":"甄节晟","rgWxPasswd":"Rmst@7890","rgWxStatus":"异常","rgWxWindows":"否","serialno":"7fba8a3d","simCountryIso":"cn","simOperator":"46002","simOperatorName":"中国移动","simSerialNumber":"8986007293401706537","simState":5,"subscriberId":"460023127010290","type":1,"typeName":"WIFI","width":0,"wifiScan":["TP-LINK_8c98ba,fa:d9:2d:11:8d:62,[WPA2-PSK-CCMP][ESS],-80,2417,190642352","Netcore_97ca76,fd:e6:14:c3:c9:e3,[WPA2-PSK-CCMP][WPS][ESS],-73,2462,2858127796","TP-LINK_37a9,e8:ea:d5:9f:2a:63,[WPA2-PSK-CCMP][WPS][ESS],-78,2437,252034505","iTV-cbfb,6c:11:cc:a9:12:11,[WPA2-PSK-CCMP][ESS],-76,2437,502883653","MERCURY_1641,34:4c:e7:f9:99:d6,[WPA-PSK-CCMP][WPA2-PSK-CCMP][ESS],-59,2427,487002253"]}