{"BSSID":"98:c3:d9:49:1e:b7","IpAddress":"10.9.61.195","P2p0Mac":"bd:9c:41:70:1d:25","SSID":"FAST_d8b310","androidId":"19e6099c194266ee","batteryLevel":36,"btAddress":"a1:21:5a:33:2b:ae","btName":"OD103","buildAbi":"armeabi-v7a","buildAbi2":"armeabi","buildBoard":"m7","buildBrand":"SMARTISAN","buildCodename":"REL","buildDescription":"odin-user 6.0.1 MMB29T 4963d3fa release-keys","buildDevice":"odin","buildFingerprint":"SMARTISAN/OD103/odin:6.0.1/MMB29T/4963d3fa:user/release-keys","buildHardware":"qcom","buildHost":"Android-server","buildId":"MMB29T","buildIncremental":"4963d3fa","buildManufacturer":"smartisan","buildModel":"OD103","buildName":"SMARTISAN","buildProduct":"odin","buildRadioVersion":"jopxvsem","buildRelease":"6.0.1","buildSdk":"23","buildSerialno":"f00e4c65","buildTags":"release-keys","buildType":"user","buildUser":"builder","buildUtc":1481192973378,"cellScan":["39700,162599475","33042,118468639","61717,169492591","39700,162544689","61715,15483"],"ci":169492591,"contacts":["奶奶,18704360080","姑妈,13504738295","外婆,13903376442","外公,13004743994","舅舅,13507705824","舅妈,13102005193","姨父,13505516409","姨娘,13503496940","亲爱的,13905106317","老弟,18003894136","老妹,15701876685","小明,15904895058","小李子,15303840301","高奇畏,18805960832","Marion Wagner,18706058903","石岳朋,13508732753","杨敬,15307477383","於帅年,13000552538","Terry Hamilton,13106144002","王岩郁,15907450191","李保,18802194846","夏时诗,13607280671","Patricia Greene,13905056634","于甲昱,13601142799","李尚,13901916610","陈景,13907490273","Annette Chavez,13504122162","李闻,13490828291","郭似宇,13307676974","马汉甲,18605930115","Jeff Porter,13104765142","杨阳毅,13107725260","鲁玮立,18701018870","王逵坚,13402950088","Cheryl Ray,15104465283","江求瑛,15002311150","汲琴炎,13201870248","余钰,13208205698","Brent Barnes,13102600980","何铁菁,15207178023","王焱,13802175538","余海观,13490264647","Sam Gonzalez,15307496960","李轩,13306502179","诸观秀,18803555203","房镜瑕,13004861889","Jose Weaver,15507264080","常宏雄,13904411168"],"cpuName":"ualcomm Technologies, Inc MSM8953Pro","densityDpi":240,"deviceId":"862993178052125","deviceSvn":"15","displayId":"odin-user 6.0.1 MMB29T 4963d3fa release-keys","extraInfo":"ctnet","height":0,"hidePkgs":[],"hmNotes":"","hookPkgs":[],"lac":61717,"latitude":30.5223375,"line1Number":"18224427416","longitude":104.0335134,"macAddress":"e5:89:89:51:d5:47","memAvailable":1250148031,"memFree":2500296064,"memTotal":3750444095,"mnc":"00","networkClass":2,"networkCountryIso":"cn","networkOperator":"46002","networkOperatorName":"中国移动","networkType":8,"networkTypeName":"HSDPA","phoneType":1,"rgAndroid":"23","rgAreaode":"86","rgConNames":[],"rgCountry":"中国","rgDevice":"xiaomiRedmi 4X","rgIp":"101.206.167.64","rgLastLogin":1516016754035,"rgLocation":"四川省 联通","rgNetType":"切换飞行模式","rgOrPhone":"18224427416","rgPhoneNo":"18224427416","rgServer":"飞行模式切换","rgTime":1516009470013,"rgVcode":"玉米(发码)","rgVersion":"1.6.3","rgWxError":"帐号状态异常，本次登录已失效。请尝试重新登录，并根据弹窗提示操作。","rgWxId":"wxid_4yrxrvj5zoi122","rgWxName":"项吾松","rgWxPasswd":"Rmst@7890","rgWxStatus":"异常","rgWxWindows":"否","serialno":"f00e4c65","simCountryIso":"cn","simOperator":"46002","simOperatorName":"中国移动","simSerialNumber":"8986001766401913438","simState":5,"subscriberId":"460029426857657","type":0,"typeName":"MOBILE","width":0,"wifiScan":["PHICOMM_5dc9db,bc:46:99:b7:74:7c,[WPA-PSK-CCMP][WPA2-PSK-CCMP][ESS],-73,2437,270039846","TP-LINK_630f26,64:09:80:14:e8:43,[WPA2-PSK-CCMP][WPS][ESS],-77,2462,251236717","TP-LINK_587bae,bc:d1:77:95:ec:74,[WPA2-PSK-CCMP][WPS][ESS],-76,2412,508403539","PHICOMM_ec9dc1,e4:d3:32:7b:0b:2a,[WPA2-PSK-CCMP][ESS],-77,2437,254577855","Tenda_e1630f,00:e0:4b:cd:2a:6a,[WPA2-PSK-CCMP][WPS][ESS],-95,2462,405951413"]}