{"BSSID":"75:83:42:06:11:a2","IpAddress":"192.168.70.128","P2p0Mac":"46:9b:86:10:d5:b2","SSID":"PHICOMM_3751f4","androidId":"640326962ff8cf36","batteryLevel":66,"btAddress":"0c:f8:2d:78:3a:23","btName":"2014501","buildAbi":"armeabi-v7a","buildAbi2":"armeabi","buildBoard":"hummingbird","buildBrand":"Xiaomi","buildCodename":"REL","buildDescription":"2014501-user 5.0 LRX21M 8211e7a1 release-keys","buildDevice":"HM2014501","buildFingerprint":"Xiaomi/2014501/HM2014501:5.0/LRX21M/8211e7a1:user/release-keys","buildHardware":"qcom","buildHost":"Android-server","buildId":"LRX21M","buildIncremental":"8211e7a1","buildManufacturer":"Xiaomi","buildModel":"2014501","buildName":"Xiaomi","buildProduct":"2014501","buildRadioVersion":"szddzrxjevasal","buildRelease":"5.0","buildSdk":"21","buildSerialno":"9e28136e","buildTags":"release-keys","buildType":"user","buildUser":"buildHost","buildUtc":1488338829835,"cellScan":[],"ci":0,"contacts":["奶奶,13608602122","姑妈,15602714828","外婆,15608368238","外公,15701182923","舅舅,13102705535","舅妈,15805894750","姨父,13805823122","姨娘,13706171411","亲爱的,13605183437","老弟,15200500782","老妹,18602211682","小明,14707407331","小李子,13703857589","成烈守,13005633407","Stephanie Harris,15602471922","张蔚,13504157406","高谷巍,13490796676","卫由,18003915958","Brenda Flores,15304578519","仰艺立,13407908285","邢超万,13201155046","荣魄瑞,18907460747","Warren Lee,13490729390","滑鹄瑜,15305843518","李然珀,13905498962","吴辉,13201334300","Francis Carter,13103294431","杨怡佑,13205822853","杨朔,15907137036","胡校茜,15907130821","Albert Thompson,15007258433","尹锐伟,18704304369","傅衔秀,15002594167","项超延,13405681217","Tony Wilson,15905255935","卡守河,15103833471","杨骥桐,13308412737","郝新守,14701281632","Jorge Willis,14705474340","钮校木,13000418456","邴梦雷,18900927918","水奇祥,15806502073","Darrell Cole,13402693249","路童节,13200915019","李耕,13407591187","卫善意,13490822514","Jacqueline Marshall,18004320010","山红曜,15801430975"],"cpuName":"MT6582","densityDpi":320,"deviceId":"863184551353152","deviceSvn":"55","displayId":"2014501-user 5.0 LRX21M 8211e7a1 release-keys","extraInfo":"PHICOMM_3751f4","height":0,"hidePkgs":[],"hmNotes":"","hookPkgs":[],"lac":0,"latitude":30.4547984,"line1Number":"18224447809","longitude":103.9683758,"macAddress":"d7:55:b5:8f:86:0f","memAvailable":935515931,"memFree":1871031864,"memTotal":2806547795,"mnc":"00","networkClass":1,"networkCountryIso":"cn","networkOperator":"46002","networkOperatorName":"中国移动","networkType":2,"networkTypeName":"EDGE","phoneType":1,"rgAndroid":"23","rgAreaode":"86","rgConNames":["王杭"],"rgConsize":"1","rgCountry":"中国","rgDevice":"xiaomiRedmi 4X","rgIp":"119.4.255.53","rgLastLogin":1516023556040,"rgLocation":"四川省成都市 联通","rgNetType":"切换飞行模式","rgOrPhone":"18224447809","rgPhoneNo":"18224447809","rgServer":"飞行模式切换","rgTime":1516001749605,"rgVcode":"玉米(发码)","rgVersion":"1.6.3","rgWxEmail":"未绑定","rgWxError":"帐号状态异常，本次登录已失效。请尝试重新登录，并根据弹窗提示操作。","rgWxId":"wxid_fsuq5xphkmfq22","rgWxName":"王杭","rgWxNo":"未设置","rgWxPasswd":"Rmst@7890","rgWxQQ":"未绑定","rgWxStatus":"异常","rgWxWindows":"否","serialno":"9e28136e","simCountryIso":"cn","simOperator":"46002","simOperatorName":"中国移动","simSerialNumber":"8986003571819203420","simState":5,"subscriberId":"460029015721967","type":1,"typeName":"WIFI","width":0,"wifiScan":["PHICOMM_475a95,43:d8:94:ea:5e:e5,[WPA-PSK-CCMP][WPA2-PSK-CCMP][ESS],-85,2412,943437699","MERCURY_1e3141,8a:92:c6:46:11:28,[WPA-PSK-CCMP][WPA2-PSK-CCMP][WPS][ESS],-77,2412,2798836750","Tenda_c0db9e,21:4d:9f:f6:85:9b,[WPA-PSK-CCMP][WPA2-PSK-CCMP][ESS],-84,2412,419283817","TP-LINK_7a9db8,5a:e3:c8:9c:b5:d3,[WPA2-PSK-CCMP][WPS][ESS],-95,2462,262871601","MERCURY_aed20d,be:82:14:e7:dc:4f,[WPA2-PSK-CCMP][ESS],-78,2462,347402276","Tenda_caf205,c5:fa:bd:33:74:a8,[WPA2-PSK-CCMP][WPS][ESS],-84,2437,1846431609","Netcore_6a7597,5c:59:54:0c:d2:10,[WPA2-PSK-CCMP][ESS],-92,2437,1895736236"]}