{"BSSID":"44:27:10:cf:7d:f8","IpAddress":"192.168.8.111","P2p0Mac":"57:e4:83:5c:53:49","SSID":"MERCURY_13b903","androidId":"2e62538c8cab2992","batteryLevel":70,"btAddress":"f3:d6:af:ff:17:3a","btName":"vivo V3","buildAbi":"armeabi-v7a","buildAbi2":"armeabi","buildBoard":"pyramid","buildBrand":"vivo","buildCodename":"REL","buildDescription":"PD1524-user 5.0 LRX21M f485e614 release-keys","buildDevice":"PD1524","buildFingerprint":"vivo/vivo V3/PD1524:5.0/LRX21M/f485e614:user/release-keys","buildHardware":"qcom","buildHost":"sp-ci-01-desktop","buildId":"LRX21M","buildIncremental":"f485e614","buildManufacturer":"vivo","buildModel":"vivo V3","buildName":"vivo","buildProduct":"PD1524","buildRadioVersion":"wjchipjfyow","buildRelease":"5.0","buildSdk":"21","buildSerialno":"9c74206c","buildTags":"release-keys","buildType":"user","buildUser":"builder","buildUtc":1482617153467,"cellScan":[],"ci":0,"contacts":["奶奶,13803085878","姑妈,18804834885","外婆,15308811226","外公,14704836404","舅舅,13502298930","舅妈,13908462635","姨父,13802268785","姨娘,13006848026","亲爱的,13808333480","老弟,15300483572","老妹,15903437634","小明,15704920091","小李子,15002757635","司马团海,15700727810","Nancy Matthews,14708566039","毕启效,13701548912","于如,13490367022","樊仪巍,13490600793","Jeremy Cunningham,13490496869","王许,15202855607","李儒,15202272312","李夜海,13500597914","Lorraine Mitchell,13600690047","王启彤,13408858799","余进芹,13800641043","屈念隆,18603050981","Greg Hernandez,18602317164","张宁素,15205712090","吴魄雅,15302963799","于静,18002460603","Dale Black,15304920977","顾念贤,13303133415","吴勇,18002372223","裴海可,13403624835","Joseph Brooks,15102636929","东方奇英,18807742250","孙为颂,18802118327","张立裕,13200054317","Jon Patterson,15604137001","厉奇芹,18700404659","杨密密,13008781136","龚楷凇,15104611000","Ruth Willis,15801083211","祁凇仕,13605064293","李妙琴,15000274272","汤泰岭,18902900777","Melanie Bell,18902016580","伍炯佑,14700471651","杨岳,15805496471","王享利,13705040477","Carlos Perry,13907614027","钟江延,15906253622"],"cpuName":"Qualcomm Technologies, Inc MSM8939","densityDpi":240,"deviceId":"861366165252043","deviceSvn":"33","displayId":"PD1524-user 5.0 LRX21M f485e614 release-keys","extraInfo":"MERCURY_13b903","height":0,"hidePkgs":[],"hmNotes":"","hookPkgs":[],"lac":0,"latitude":30.6407591,"line1Number":"18244214309","longitude":103.9912543,"macAddress":"f9:ae:f3:78:00:8a","memAvailable":51174076,"memFree":153522229,"memTotal":204696305,"mnc":"00","networkClass":3,"networkCountryIso":"cn","networkOperator":"46002","networkOperatorName":"中国移动","networkType":13,"networkTypeName":"LTE","phoneType":1,"rgAndroid":"23","rgAreaode":"86","rgConNames":[],"rgCountry":"中国","rgDevice":"xiaomiRedmi 4X","rgIp":"119.4.255.172","rgLastLogin":1516016822716,"rgLocation":"四川省成都市 联通","rgNetType":"切换飞行模式","rgOrPhone":"18244214309","rgPhoneNo":"18244214309","rgServer":"飞行模式切换","rgTime":1516010936504,"rgVcode":"玉米(发码)","rgVersion":"1.6.3","rgWxError":"帐号状态异常，本次登录已失效。请尝试重新登录，并根据弹窗提示操作。","rgWxName":"谈和佩","rgWxPasswd":"Rmst@7890","rgWxStatus":"异常","rgWxWindows":"否","serialno":"9c74206c","simCountryIso":"cn","simOperator":"46002","simOperatorName":"中国移动","simSerialNumber":"8986024355655280684","simState":5,"subscriberId":"460028715575382","type":1,"typeName":"WIFI","width":0,"wifiScan":["FAST_9cae,00:30:12:13:7a:8b,[WPA-PSK-CCMP][WPA2-PSK-CCMP][WPS][ESS],-93,2437,516854103","iTV-c0ba,51:16:8d:72:10:c2,[WPA2-PSK-CCMP][WPS][ESS],-82,2462,602127907","MERCURY_4386ae,98:1f:e4:be:1f:af,[WPA-PSK-CCMP][WPA2-PSK-CCMP][WPS][ESS],-93,2412,3656426503","Netcore_1648cb,e4:21:1c:86:72:5c,[WPA2-PSK-CCMP][WPS][ESS],-82,2437,279811763","Tenda_264743,3e:47:69:97:94:d0,[WPA-PSK-CCMP][WPA2-PSK-CCMP][WPS][ESS],-85,2437,454107888","Tenda_15dbf3,71:69:2d:17:b4:64,[WPA-PSK-CCMP][WPA2-PSK-CCMP][ESS],-79,2437,459614218","FAST_9598cb,1f:3f:6b:1f:bb:f1,[WPA2-PSK-CCMP][ESS],-92,2412,521324279","MERCURY_276974,57:d7:8e:1a:93:f6,[WPA-PSK-CCMP][WPA2-PSK-CCMP][ESS],-56,2462,358233143"]}