{"BSSID":"81:2a:d5:0d:40:57","IpAddress":"192.168.93.49","P2p0Mac":"06:e0:6c:b1:57:6e","SSID":"MERCURY_36ec05","androidId":"69421fa6c38581c2","batteryLevel":63,"btAddress":"b4:45:80:e5:c2:6f","btName":"HM NOTE 1TD","buildAbi":"armeabi-v7a","buildAbi2":"armeabi","buildBoard":"galbi","buildBrand":"Xiaomi","buildCodename":"REL","buildDescription":"lcsh92_wet_tdd-user 5.0 LRX21M b802674e release-keys","buildDevice":"lcsh92_wet_tdd","buildFingerprint":"Xiaomi/HM NOTE 1TD/lcsh92_wet_tdd:5.0/LRX21M/b802674e:user/release-keys","buildHardware":"qcom","buildHost":"Android-server","buildId":"LRX21M","buildIncremental":"b802674e","buildManufacturer":"Xiaomi","buildModel":"HM NOTE 1TD","buildName":"Xiaomi","buildProduct":"lcsh92_wet_tdd","buildRadioVersion":"uagdzadiqaywdmjlp","buildRelease":"5.0","buildSdk":"21","buildSerialno":"9e2f30dc","buildTags":"release-keys","buildType":"user","buildUser":"android","buildUtc":1455298518273,"cellScan":[],"ci":0,"contacts":["奶奶,15801676071","姑妈,15906740081","外婆,13403608097","外公,15904524375","舅舅,15003203484","舅妈,15608417636","姨父,15606680057","姨娘,15306964022","亲爱的,18701050149","老弟,18907820893","老妹,13904273460","小明,13607335244","小李子,15901043383","余国颖,18700291949","Richard Freeman,15701964846","李幸盛,18000238880","施奇午,15206021505","杨峻,18002858118","Sam Hudson,13490361457","李嗣炫,15104346778","鲍麟齐,18008097469","干海雷,15108370650","Jose Wagner,15804726170","戎敬羡,13303674098","臧骥余,13104114558","庞余朔,18702500694","Alfred Anderson,18702525613","仲璞航,18805170219","杨为文,18605290497","吴吾,14706685933","Juanita Wood,18703800006","余绍迅,13305317741","杨颂野,15200417672","陈广,18005804462","Brandon Dixon,13490419639","王青,15306591720","雷王镜,15905111727","姜卿仪,15904007799","Pauline Carpenter,15808144125","龙仙剑,15201425545","贝适桂,13605417008","项同梁,15301064211","Edna Crawford,18906568951","陈奇古,13203145441","甄颖译,15602264057","杨岁浩,15707566052","Thomas Johnson,15706068621","杨杏,13006057492","全协王,13405554519","蓝悠节,13506528634","Clifford Berry,13603872172","应立铁,18006768600"],"cpuName":"MT6592","densityDpi":480,"deviceId":"861143990599124","deviceSvn":"70","displayId":"lcsh92_wet_tdd-user 5.0 LRX21M b802674e release-keys","extraInfo":"MERCURY_36ec05","height":0,"hidePkgs":[],"hmNotes":"","hookPkgs":[],"lac":0,"latitude":30.572738,"line1Number":"18280281430","longitude":104.1217173,"macAddress":"1a:c9:5c:78:2a:9d","memAvailable":24196787,"memFree":72590363,"memTotal":96787150,"mnc":"00","networkClass":2,"networkCountryIso":"cn","networkOperator":"46000","networkOperatorName":"中国移动","networkType":17,"networkTypeName":"TD_SCDMA","phoneType":1,"rgAndroid":"23","rgAreaode":"86","rgConNames":["上善若水","尤由宫"],"rgConsize":"2","rgCountry":"中国","rgDevice":"xiaomiRedmi 4X","rgIp":"101.206.166.38","rgLastLogin":1516277919928,"rgLocation":"四川省 联通","rgNetType":"切换飞行模式","rgOrPhone":"18280281430","rgPhoneNo":"18280281430","rgServer":"飞行模式切换","rgTime":1516011867000,"rgVcode":"玉米(发码)","rgVersion":"1.6.3","rgWxEmail":"未绑定","rgWxError":"","rgWxId":"wxid_s6o01hg1715k22","rgWxName":"尤由宫","rgWxNo":"未设置","rgWxPasswd":"Rmst@7890","rgWxQQ":"未绑定","rgWxStatus":"异常","rgWxWindows":"否","serialno":"9e2f30dc","simCountryIso":"cn","simOperator":"46000","simOperatorName":"中国移动","simSerialNumber":"8986009985193966852","simState":5,"subscriberId":"460004427664370","type":1,"typeName":"WIFI","width":0,"wifiScan":["PHICOMM_bed0eb,ee:c9:9a:1f:24:fa,[WPA-PSK-CCMP][WPA2-PSK-CCMP][WPS][ESS],-92,2437,249584427","MERCURY_5adc,7c:10:d0:89:b4:4b,[WPA2-PSK-CCMP][WPS][ESS],-88,2412,500070276","Netcore_75386b,de:38:53:92:90:ee,[WPA-PSK-CCMP][WPA2-PSK-CCMP][WPS][ESS],-95,2462,538139169","Netcore_8dcf32,9a:de:28:a9:96:fe,[WPA2-PSK-CCMP][ESS],-89,2437,338132920","FAST_7427a9,7c:cd:7b:12:c9:d1,[WPA2-PSK-CCMP][ESS],-94,2427,1000835020","MERCURY_8db0f2,47:36:16:30:74:df,[WPA2-PSK-CCMP][WPS][ESS],-87,2427,419708875"]}