{"BSSID":"3a:72:25:0c:e2:a3","IpAddress":"192.168.27.189","P2p0Mac":"11:6d:8a:b3:de:fa","SSID":"Netcore_365980","androidId":"2e7f33cfe099baa6","batteryLevel":68,"btAddress":"3f:7b:24:dc:75:35","btName":"OPPO A33m","buildAbi":"armeabi-v7a","buildAbi2":"armeabi","buildBoard":"qcom","buildBrand":"OPPO","buildCodename":"REL","buildDescription":"OPPO A33m-user 5.1.1 LMY48G be49a800 release-keys","buildDevice":"OPPO A33m","buildFingerprint":"OPPO/OPPO A33m/OPPO A33m:5.1.1/LMY48G/be49a800:user/release-keys","buildHardware":"qcom","buildHost":"glsrv4","buildId":"LMY48G","buildIncremental":"be49a800","buildManufacturer":"OPPO","buildModel":"OPPO A33m","buildName":"OPPO","buildProduct":"OPPO A33m","buildRadioVersion":"ytvzntvkcih","buildRelease":"5.1.1","buildSdk":"22","buildSerialno":"a3a8287a","buildTags":"release-keys","buildType":"user","buildUser":"MarkBuild","buildUtc":1493651350103,"cellScan":[],"ci":0,"contacts":["奶奶,15004655446","姑妈,18807631107","外婆,13807002765","外公,13490383401","舅舅,15702495020","舅妈,13900992034","姨父,15803552027","姨娘,15704901221","亲爱的,13308771830","老弟,18906957678","老妹,15000066195","小明,13490216447","小李子,15001376058","陶玮商,15701206854","Shirley Martin,15703365587","吴求齐,15703364304","翁情茜,15905376505","公孙世湘,13700488043","Marion Harris,13704348839","萧砚颖,15507447897","王炫,15705366616","余贤青,15707130678","Allen Gonzales,14702331200","何守镜,13207756836","贺望石,15708384149","于铜洋,15503351847","Larry Henry,15607823738","江铁良,13490493536","缪文禄,14705632666","李宣校,13304244804","Carmen Cooper,15305445475","杨冠瑞,15307132911","杨盛,15308248972","卜麟岩,13500594696","Timothy Parker,13606256431","王世梁,13700493018","方乾嘉,18903886590","吴靖怡,13200735981","Louise Myers,13203761577","岑时阳,15901194155","焦汉许,15206821891","伏弘克,15301366451","Norma Hunter,15304192354","杨望寿,13604408730","李禄旺,13401588850","王耕学,15507407086","Melanie Graham,13103681739","魏许信,15504534347","李翔,18006363582","昌炯嵬,18803920999","Kathryn Matthews,15708876562"],"cpuName":"Qualcomm Technologies, Inc MSM8916","densityDpi":560,"deviceId":"862242544481067","deviceSvn":"51","displayId":"OPPO A33m-user 5.1.1 LMY48G be49a800 release-keys","extraInfo":"Netcore_365980","height":0,"hidePkgs":[],"hmNotes":"","hookPkgs":[],"lac":0,"latitude":30.6813343,"line1Number":"18280406810","longitude":104.3864299,"macAddress":"51:ca:c8:fe:00:0a","memAvailable":32050901,"memFree":64101804,"memTotal":96152705,"mnc":"00","networkClass":3,"networkCountryIso":"cn","networkOperator":"46000","networkOperatorName":"中国移动","networkType":13,"networkTypeName":"LTE","phoneType":1,"rgAndroid":"23","rgAreaode":"86","rgConNames":[],"rgCountry":"中国","rgDevice":"xiaomiRedmi 4X","rgIp":"119.4.255.254","rgLastLogin":1516013907319,"rgLocation":"四川省成都市 联通","rgNetType":"切换飞行模式","rgOrPhone":"18280406810","rgPhoneNo":"18280406810","rgServer":"飞行模式切换","rgTime":1516002280349,"rgVcode":"玉米(发码)","rgVersion":"1.6.3","rgWxError":"帐号状态异常，本次登录已失效。请尝试重新登录，并根据弹窗提示操作。","rgWxName":"于锦业","rgWxPasswd":"Rmst@7890","rgWxStatus":"异常","rgWxWindows":"否","serialno":"a3a8287a","simCountryIso":"cn","simOperator":"46000","simOperatorName":"中国移动","simSerialNumber":"8986024159664424399","simState":5,"subscriberId":"460003899211465","type":1,"typeName":"WIFI","width":0,"wifiScan":["FAST_f20487,e3:f7:e1:62:ee:3a,[WPA-PSK-CCMP][WPA2-PSK-CCMP][WPS][ESS],-78,2472,2927031461","Netcore_c96598,7c:ff:d5:2b:3b:f2,[WPA2-PSK-CCMP][ESS],-77,2472,409055507","TP-LINK_0f265a,a5:b2:12:17:f1:7e,[WPA-PSK-CCMP][WPA2-PSK-CCMP][ESS],-63,2412,1359626881","FAST_adc0f2,e1:15:af:0d:40:a2,[WPA-PSK-CCMP][WPA2-PSK-CCMP][WPS][ESS],-74,2462,2332536399","MERCURY_69dc98,bf:58:19:43:82:cd,[WPA-PSK-CCMP][WPA2-PSK-CCMP][WPS][ESS],-80,2412,546132237","PHICOMM_f21ecf,aa:d0:cb:1d:b2:5d,[WPA2-PSK-CCMP][ESS],-95,2437,2541033863","Netcore_86b9cb,2b:fa:a7:a3:e8:23,[WPA2-PSK-CCMP][WPS][ESS],-82,2412,3445033897","PHICOMM_c04265,5d:f7:56:37:fc:dd,[WPA-PSK-CCMP][WPA2-PSK-CCMP][WPS][ESS],-88,2412,1082535322"]}