{"BSSID":"0a:67:d4:01:8b:5f","IpAddress":"192.168.54.93","P2p0Mac":"4d:9a:c3:e8:ce:e2","SSID":"MERCURY_e5496b","androidId":"3371cbb1c489b798","batteryLevel":44,"btAddress":"67:c3:2d:f9:0e:1b","btName":"MI 3W","buildAbi":"armeabi-v7a","buildAbi2":"armeabi","buildBoard":"MSM8952","buildBrand":"Xiaomi","buildCodename":"REL","buildDescription":"Kenzo-user 7.0.0 NRD90M cdfb0188 release-keys","buildDevice":"Kenzo","buildFingerprint":"Xiaomi/MI 3W/Kenzo:7.0.0/NRD90M/cdfb0188:user/release-keys","buildHardware":"qcom","buildHost":"mz-buider-4","buildId":"NRD90M","buildIncremental":"cdfb0188","buildManufacturer":"Xiaomi","buildModel":"MI 3W","buildName":"Xiaomi","buildProduct":"Kenzo","buildRadioVersion":"oapnfbycqn","buildRelease":"7.0.0","buildSdk":"24","buildSerialno":"0879617c","buildTags":"release-keys","buildType":"user","buildUser":"builder","buildUtc":1465748624964,"cellScan":[],"ci":0,"contacts":["奶奶,15204695957","姑妈,13306020872","外婆,18904991136","外公,18007617272","舅舅,13705526964","舅妈,13403992902","姨父,15303367894","姨娘,15802377202","亲爱的,13002315005","老弟,13405985931","老妹,13803350513","小明,15001164484","小李子,13306196695","王翔和,18706351820","Jesus Thomas,14700878133","李梧况,18900240674","王雪惠,15303057545","解毅仪,18801911459","Leslie Watson,18808804824","杨魄,15803552264","杨瑛绍,13802034658","彭然校,13500408918","Mildred Wagner,13803514277","于彤,15902284133","张随,18601216554","吴竞璇,13401577365","Theodore Dixon,15908606596","诸谦,15206720228","杨殊虎,13302458938","王室校,13803215368","Darlene Walker,13904191092","崔寅京,15502035329","纪立凇,13003776210","杨耕,13300392840","Patricia Jordan,18003704471","熊意砚,13104273858","贺慎坚,15905418366","孟雄浩,15604916285","Norma Reed,13004954483","王商惠,18008128096","于曜胤,13307617996","曹烁书,15508141585","Sarah Wright,18604141161","杨相,13490005233","虞超巍,18701800325","马全贺,13101975279","Amber Thomas,13107701095","李三,18703072251","安扬思,15202077958"],"cpuName":"Qualcomm MSM8974PRO-AB","densityDpi":240,"deviceId":"861494797014118","deviceSvn":"41","displayId":"Kenzo-user 7.0.0 NRD90M cdfb0188 release-keys","extraInfo":"MERCURY_e5496b","height":0,"hidePkgs":[],"hmNotes":"","hookPkgs":[],"lac":0,"latitude":30.7450219,"line1Number":"18302845798","longitude":104.0592882,"macAddress":"2c:87:d0:1f:3b:11","memAvailable":458333063,"memFree":1374999192,"memTotal":1833332255,"mnc":"00","networkClass":2,"networkCountryIso":"cn","networkOperator":"46000","networkOperatorName":"中国移动","networkType":8,"networkTypeName":"HSDPA","phoneType":1,"rgAndroid":"23","rgAreaode":"86","rgConNames":[],"rgCountry":"中国","rgDevice":"xiaomiRedmi 4X","rgIp":"119.4.254.128","rgLastLogin":1516014664288,"rgLocation":"四川省成都市 联通","rgNetType":"切换飞行模式","rgOrPhone":"18302845798","rgPhoneNo":"18302845798","rgServer":"飞行模式切换","rgTime":1516004775397,"rgVcode":"玉米(发码)","rgVersion":"1.6.3","rgWxError":"帐号状态异常，本次登录已失效。请尝试重新登录，并根据弹窗提示操作。","rgWxName":"田虎木","rgWxPasswd":"Rmst@7890","rgWxStatus":"异常","rgWxWindows":"否","serialno":"0879617c","simCountryIso":"cn","simOperator":"46000","simOperatorName":"中国移动","simSerialNumber":"8986027233189787851","simState":5,"subscriberId":"460006215546179","type":1,"typeName":"WIFI","width":0,"wifiScan":["iTV-e8be,90:09:e1:b3:03:ba,[WPA2-PSK-CCMP][ESS],-75,2437,430650834","FAST_cafa9e,3a:ad:29:7a:57:97,[WPA-PSK-CCMP][WPA2-PSK-CCMP][ESS],-87,2462,1002431132","FAST_98cbe3,86:17:ae:c7:e4:68,[WPA-PSK-CCMP][WPA2-PSK-CCMP][WPS][ESS],-67,2462,1170936462","Netcore_fe2540,68:47:fd:20:d9:99,[WPA2-PSK-CCMP][WPS][ESS],-75,2427,236331970","FAST_dc0e2f,0a:db:42:ba:f8:e1,[WPA2-PSK-CCMP][WPS][ESS],-72,2412,2756929583","TP-LINK_7baed8,12:d7:6c:eb:4f:67,[WPA-PSK-CCMP][WPA2-PSK-CCMP][ESS],-62,2437,1955136594","MERCURY_6325,7f:15:3d:88:6b:80,[WPA2-PSK-CCMP][ESS],-77,2437,1637734408","PHICOMM_eb0e31,9a:ce:36:1e:d3:dd,[WPA-PSK-CCMP][WPA2-PSK-CCMP][WPS][ESS],-84,2457,400533620"]}