{"BSSID":"f9:13:bb:f4:41:73","IpAddress":"192.168.35.223","P2p0Mac":"ae:ca:e8:ca:59:64","SSID":"PHICOMM_1325a7","androidId":"6f5720698d3ac6c1","batteryLevel":53,"btAddress":"dc:b7:c8:6f:28:c2","btName":"LEX720","buildAbi":"armeabi-v7a","buildAbi2":"armeabi","buildBoard":"umts_spyder","buildBrand":"LeEco","buildCodename":"REL","buildDescription":"ZL1_CN-user 7.1.2 NMF26Q 61f92caa release-keys","buildDevice":"le_zl1","buildFingerprint":"LeEco/LEX720/le_zl1:7.1.2/NMF26Q/61f92caa:user/release-keys","buildHardware":"qcom","buildHost":"linux-user","buildId":"NMF26Q","buildIncremental":"61f92caa","buildManufacturer":"LeMobile","buildModel":"LEX720","buildName":"LeEco","buildProduct":"ZL1_CN","buildRadioVersion":"uyqkjnolmzlvlrx","buildRelease":"7.1.2","buildSdk":"25","buildSerialno":"b4c67799","buildTags":"release-keys","buildType":"user","buildUser":"builder","buildUtc":1479051538695,"cellScan":["61710,168702418","32838,57173","32838,57175","61710,168702415","61721,169437152"],"ci":57173,"contacts":["奶奶,13507791413","姑妈,18704584551","外婆,18904058920","外公,15208885309","舅舅,13507672229","舅妈,18902884641","姨父,13607575182","姨娘,13800082560","亲爱的,18002308103","老弟,15003805725","老妹,15901205142","小明,13707057105","小李子,15101026570","林雄琦,18808416985","Amanda Daniels,18708404848","张似,18601726216","成望若,15201586882","巫仪兴,18700864572","Martha Ellis,15707784354","王渠,18807351660","杨帅任,15705575591","祝辉升,13507139005","Allen Henry,13801441624","秦贵密,13103661373","平威旭,13300469089","吴冠珊,13805746717","Joseph Davis,13908197077","邵红津,15708684743","舒水绵,13501467398","阮卫佳,18807465943","Clarence Lewis,14703560483","谈业尚,13490273833","袁萱彦,18907523266","杨梧义,15708655127","Robert Cole,14700226792","司徒惠升,13606997542","齐杭麟,15503725769","麻逸靖,15200715975","Herbert Rivera,15105024984","杨茜杭,13008830555","杨桂广,13302172091","梅郁夜,15005795548","Roy Owens,15904240351","盛伟裕,18704328790","秦炎超,13808586361","杨奇石,15208581407","Alma Mason,13406634675","王锦随,15307986933","王麟,13606707785","杨良,15903521505","Beverly Baker,15806373552"],"cpuName":"Qualcomm Technologies, Inc MSM8996pro","densityDpi":560,"deviceId":"864628153110120","deviceSvn":"32","displayId":"ZL1_CN-user 7.1.2 NMF26Q 61f92caa release-keys","extraInfo":"PHICOMM_1325a7","height":0,"hidePkgs":[],"hmNotes":"","hookPkgs":[],"lac":32838,"latitude":30.7418903,"line1Number":"18328707214","longitude":103.9750325,"macAddress":"1a:90:12:36:1b:59","memAvailable":51204088,"memFree":153612267,"memTotal":204816355,"mnc":"00","networkClass":2,"networkCountryIso":"cn","networkOperator":"46000","networkOperatorName":"中国移动","networkType":17,"networkTypeName":"TD_SCDMA","phoneType":1,"rgAndroid":"23","rgAreaode":"86","rgConNames":[],"rgCountry":"中国","rgDevice":"xiaomiRedmi 4X","rgIp":"101.206.166.178","rgLastLogin":1516013976343,"rgLocation":"四川省 联通","rgNetType":"切换飞行模式","rgOrPhone":"18328707214","rgPhoneNo":"18328707214","rgServer":"飞行模式切换","rgTime":1516002931647,"rgVcode":"玉米(发码)","rgVersion":"1.6.3","rgWxError":"帐号状态异常，本次登录已失效。请尝试重新登录，并根据弹窗提示操作。","rgWxName":"元梧桂","rgWxPasswd":"Rmst@7890","rgWxStatus":"异常","rgWxWindows":"否","serialno":"b4c67799","simCountryIso":"cn","simOperator":"46000","simOperatorName":"中国移动","simSerialNumber":"8986002307580543153","simState":5,"subscriberId":"460002613555225","type":1,"typeName":"WIFI","width":0,"wifiScan":["TP-LINK_7a7c75,ec:26:ca:06:dd:36,[WPA-PSK-CCMP][WPA2-PSK-CCMP][WPS][ESS],-67,2412,557027023","MERCURY_cf4276,38:83:45:3b:80:62,[WPA2-PSK-CCMP][WPS][ESS],-86,2437,3017838264","Netcore_c76b9d,30:fc:68:1c:f9:d5,[WPA-PSK-CCMP][WPA2-PSK-CCMP][ESS],-76,2462,2723535402","MERCURY_b03265,f4:b8:a7:70:2e:b8,[WPA-PSK-CCMP][WPA2-PSK-CCMP][WPS][ESS],-71,2462,499804813","Netcore_7698cb,14:cf:92:10:ff:d5,[WPA-PSK-CCMP][WPA2-PSK-CCMP][WPS][ESS],-74,2412,947738292"]}