{"BSSID":"5b:01:f9:1e:d1:5d","IpAddress":"10.1.89.226","P2p0Mac":"32:eb:3e:68:8a:2a","SSID":"PHICOMM_be3144","androidId":"0c963a8a2fc5399b","batteryLevel":40,"btAddress":"b9:91:df:a9:51:93","btName":"Coolpad 8675-HD","buildAbi":"armeabi-v7a","buildAbi2":"armeabi","buildBoard":"deb","buildBrand":"Coolpad","buildCodename":"REL","buildDescription":"Coolpad 8675-HD-user 7.1.2 NMF26Q c3b7ef22 release-keys","buildDevice":"Coolpad 8675-HD","buildFingerprint":"Coolpad/Coolpad 8675-HD/Coolpad 8675-HD:7.1.2/NMF26Q/c3b7ef22:user/release-keys","buildHardware":"qcom","buildHost":"mz-buider-4","buildId":"NMF26Q","buildIncremental":"c3b7ef22","buildManufacturer":"Coolpad","buildModel":"Coolpad 8675-HD","buildName":"Coolpad","buildProduct":"Coolpad 8675-HD","buildRadioVersion":"xrixkabwjxujguhyw","buildRelease":"7.1.2","buildSdk":"25","buildSerialno":"5f9c246a","buildTags":"release-keys","buildType":"user","buildUser":"MarkBuild","buildUtc":1461300766100,"cellScan":[],"ci":0,"contacts":["奶奶,13803523760","姑妈,18906329051","外婆,13505138728","外公,13490728522","舅舅,13301943718","舅妈,18706524732","姨父,13704005325","姨娘,15900213937","亲爱的,18800817093","老弟,13503878025","老妹,15902270789","小明,13804751609","小李子,15506107916","章筱佑,15305500606","Virginia Lewis,13490234259","东方让隆,14706904296","束梦璎,14708675874","倪涂寿,13804292423","Aaron Miller,13504917661","杨校凇,18808781141","张意昱,15502371800","严素阳,13400370113","Glenn Bradley,15207575190","李团珀,13908470246","傅佩协,13803317378","杨顺,18808703064","Sherry Ferguson,18806895994","王举心,14700766257","殷元宫,13204867421","杨奇,15306186749","Calvin Harris,18908495947","杨新,15903293973","杨任,14708579032","吴实,13104736270","Andrea Smith,13000453717","李寿,14701177010","费设景,13601731754","吴炯妙,13700954445","Diane Griffin,13601823961","包童颂,13490111465","李仙,15005856930","余炯,13603364168","Norma Young,13904274236","余佩裕,13405172228"],"cpuName":"MT6592","densityDpi":240,"deviceId":"866367290601802","deviceSvn":"87","displayId":"Coolpad 8675-HD-user 7.1.2 NMF26Q c3b7ef22 release-keys","extraInfo":"ctnet","height":0,"hidePkgs":[],"hmNotes":"","hookPkgs":[],"lac":0,"latitude":30.6930424,"line1Number":"18328725492","longitude":104.0027497,"macAddress":"fb:f8:2e:73:1f:92","memAvailable":24187498,"memFree":72562494,"memTotal":96749992,"mnc":"00","networkClass":3,"networkCountryIso":"cn","networkOperator":"46002","networkOperatorName":"中国移动","networkType":13,"networkTypeName":"LTE","phoneType":1,"rgAndroid":"23","rgAreaode":"86","rgConNames":[],"rgCountry":"中国","rgDevice":"xiaomiRedmi 4X","rgIp":"119.4.255.63","rgLastLogin":1516016889389,"rgLocation":"四川省成都市 联通","rgNetType":"切换飞行模式","rgOrPhone":"18328725492","rgPhoneNo":"18328725492","rgServer":"飞行模式切换","rgTime":1516011572187,"rgVcode":"玉米(发码)","rgVersion":"1.6.3","rgWxError":"帐号状态异常，本次登录已失效。请尝试重新登录，并根据弹窗提示操作。","rgWxName":"李全","rgWxPasswd":"Rmst@7890","rgWxStatus":"异常","rgWxWindows":"否","serialno":"5f9c246a","simCountryIso":"cn","simOperator":"46002","simOperatorName":"中国移动","simSerialNumber":"8986024302011289964","simState":5,"subscriberId":"460028680447877","type":0,"typeName":"MOBILE","width":0,"wifiScan":["TP-LINK_bed0,b9:82:b8:34:c7:32,[WPA-PSK-CCMP][WPA2-PSK-CCMP][WPS][ESS],-82,2437,1401532802","Netcore_aec0f4,13:58:30:53:15:7e,[WPA-PSK-CCMP][WPA2-PSK-CCMP][WPS][ESS],-54,2417,3590731319","MERCURY_7cafe1,10:f5:64:ad:58:a4,[WPA-PSK-CCMP][WPA2-PSK-CCMP][WPS][ESS],-93,2412,464534528","TP-LINK_487c96,ea:86:55:fb:05:73,[WPA2-PSK-CCMP][WPS][ESS],-95,2437,2864627290","Netcore_1051f4,e5:de:75:43:e8:aa,[WPA-PSK-CCMP][WPA2-PSK-CCMP][WPS][ESS],-73,2462,709037847","Netcore_87ba54,8d:cd:28:ea:bf:fa,[WPA-PSK-CCMP][WPA2-PSK-CCMP][WPS][ESS],-77,2437,337810706","PHICOMM_a9c0eb,63:fd:74:cf:d8:e2,[WPA2-PSK-CCMP][WPS][ESS],-86,2462,2165735756"]}