{"BSSID":"89:b8:3b:dc:75:f4","IpAddress":"192.168.33.146","P2p0Mac":"8d:51:9b:ab:4a:a3","SSID":"MERCURY_e15480","androidId":"05b4781040a8f85d","batteryLevel":44,"btAddress":"fe:a0:a6:56:d6:9e","btName":"Coolpad 8675-HD","buildAbi":"armeabi-v7a","buildAbi2":"armeabi","buildBoard":"bullhead","buildBrand":"Coolpad","buildCodename":"REL","buildDescription":"Coolpad 8675-HD-user 6.0.1 MMB29T 6eae9e7f release-keys","buildDevice":"Coolpad 8675-HD","buildFingerprint":"Coolpad/Coolpad 8675-HD/Coolpad 8675-HD:6.0.1/MMB29T/6eae9e7f:user/release-keys","buildHardware":"qcom","buildHost":"ubuntu","buildId":"MMB29T","buildIncremental":"6eae9e7f","buildManufacturer":"Coolpad","buildModel":"Coolpad 8675-HD","buildName":"Coolpad","buildProduct":"Coolpad 8675-HD","buildRadioVersion":"ysfqjeflhzqgvqq","buildRelease":"6.0.1","buildSdk":"23","buildSerialno":"6ac13e88","buildTags":"release-keys","buildType":"user","buildUser":"jenkins","buildUtc":1513112763996,"cellScan":[],"ci":0,"contacts":["奶奶,13306016348","姑妈,13800904195","外婆,18800833627","外公,15304264230","舅舅,15208523035","舅妈,14707291884","姨父,13806587897","姨娘,13701254741","亲爱的,15200561098","老弟,18907734360","老妹,15706037643","小明,15707533109","小李子,15700181141","宓献悠,18601093322","Diana Black,18600570391","李平,13301510183","孙意,14704687008","张锐,18603412644","Sue Gordon,15602997806","陈精卿,13306990018","郝古虎,18801866060","明亚敬,13200345684","Antonio Lawson,13008048230","陈湘,13101878206","羿驹镜,13601381342","景声适,14706678297","Tammy Morales,18806261086","杨佳蔚,13301226634","李楷伟,13504347732","张芹,18904275277","Peter Turner,13300840131","于韶双,13204970531","屈嘉炯,15304286584","王建任,13604480045","Bruce Baker,13501632948","卫京颂,18805491699","牧商声,13490137682","东方海水,13490088818","Ramon Henry,13490379322","杨涂逸,13902095931","汲砚三,18007386146","贝奇河,18901804899","Leroy Webb,18007157908","谈彤易,18708006420","吴京,13107195792","李罗,14707968766","Elsie Alexander,15704922842"],"cpuName":"MT6592","densityDpi":560,"deviceId":"860054693885135","deviceSvn":"23","displayId":"Coolpad 8675-HD-user 6.0.1 MMB29T 6eae9e7f release-keys","extraInfo":"MERCURY_e15480","height":0,"hidePkgs":[],"hmNotes":"","hookPkgs":[],"lac":0,"latitude":30.5658206,"line1Number":"18328704385","longitude":104.2447186,"macAddress":"4e:c4:e2:b7:37:1a","memAvailable":1249905153,"memFree":2499810306,"memTotal":3749715459,"mnc":"00","networkClass":2,"networkCountryIso":"cn","networkOperator":"46000","networkOperatorName":"中国移动","networkType":17,"networkTypeName":"TD_SCDMA","phoneType":1,"rgAndroid":"23","rgAreaode":"86","rgConNames":["上善若水","郑彦"],"rgConsize":"2","rgCountry":"中国","rgDevice":"xiaomiRedmi 4X","rgIp":"119.4.255.160","rgLastLogin":1516277397141,"rgLocation":"四川省成都市 联通","rgNetType":"切换飞行模式","rgOrPhone":"18328704385","rgPhoneNo":"18328704385","rgServer":"飞行模式切换","rgTime":1516003678199,"rgVcode":"玉米(发码)","rgVersion":"1.6.3","rgWxEmail":"未绑定","rgWxError":"","rgWxId":"wxid_7bx6n27kzvnr22","rgWxName":"郑彦","rgWxNo":"未设置","rgWxPasswd":"Rmst@7890","rgWxQQ":"未绑定","rgWxStatus":"异常","rgWxWindows":"否","serialno":"6ac13e88","simCountryIso":"cn","simOperator":"46000","simOperatorName":"中国移动","simSerialNumber":"8986026836628357275","simState":5,"subscriberId":"460008436677841","type":1,"typeName":"WIFI","width":0,"wifiScan":["PHICOMM_c7a9e1,b9:9d:b8:6a:0f:02,[WPA2-PSK-CCMP][WPS][ESS],-76,2447,241250670","TP-LINK_ed2030,47:44:ad:33:e8:ee,[WPA2-PSK-CCMP][ESS],-80,2437,1928135081","Netcore_548baf,d0:b0:84:e1:07:f8,[WPA-PSK-CCMP][WPA2-PSK-CCMP][WPS][ESS],-73,2412,455333976","MERCURY_054732,c7:59:fb:7f:74:4f,[WPA2-PSK-CCMP][WPS][ESS],-77,2462,239674102","iTV-8a9e,4f:18:46:cd:21:1a,[WPA2-PSK-CCMP][WPS][ESS],-71,2462,2777533918"]}