{"BSSID":"b9:96:94:0d:8b:1c","IpAddress":"192.168.84.244","P2p0Mac":"65:d2:c3:c1:1f:de","SSID":"ChainaNet_9c42","androidId":"c65ca5ced327ac9f","batteryLevel":34,"btAddress":"8a:fc:1b:f1:f5:18","btName":"m3","buildAbi":"armeabi-v7a","buildAbi2":"armeabi","buildBoard":"otterx","buildBrand":"Meizu","buildCodename":"REL","buildDescription":"m3-user 6.0.1 MMB29T b89fd531 release-keys","buildDevice":"m3","buildFingerprint":"Meizu/m3/m3:6.0.1/MMB29T/b89fd531:user/release-keys","buildHardware":"qcom","buildHost":"sp-ci-01-desktop","buildId":"MMB29T","buildIncremental":"b89fd531","buildManufacturer":"Meizu","buildModel":"m3","buildName":"Meizu","buildProduct":"m3","buildRadioVersion":"qzwsqsvu","buildRelease":"6.0.1","buildSdk":"23","buildSerialno":"25634ce4","buildTags":"release-keys","buildType":"user","buildUser":"android","buildUtc":1461390983436,"cellScan":[],"ci":0,"contacts":["奶奶,13406010549","姑妈,15605924847","外婆,15700696819","外公,18705770513","舅舅,18603112893","舅妈,18701522154","姨父,15103626775","姨娘,13200031820","亲爱的,13104935072","老弟,18903504112","老妹,14701306586","小明,15705721203","小李子,18701714345","包随怒,15801959042","Alice Cole,15006842603","郭雅瑟,18708684245","龚帅露,13803266394","郗元兴,15008876482","Shawn Parker,15908166866","李扬求,13900021328","吴绣,13006692415","郭翼杭,18706278557","Dorothy Hunt,18806224904","水余恺,15203201159","花怡英,15204308200","杨雷,13301670061","Gladys Thompson,18006107585","李影,13108503628","孔精万,15301132697","葛威阔,13400178179","Jack Rivera,15204507296","干瑕界,13605690854","王杭荃,18801721676","余烈适,18805875495","Philip West,18708407463","陈迅,15007374282","羊阔立,15700523440","牧荣炯,15003275943","Joan Arnold,15907482546","万锐驹,15107851880","韩阔,13902927212","吴楷,15107237161","Darrell Ray,15801365228","余能豪,18702492904","昌为阔,13105066578"],"cpuName":"MT6750","densityDpi":560,"deviceId":"862605190325111","deviceSvn":"49","displayId":"m3-user 6.0.1 MMB29T b89fd531 release-keys","extraInfo":"ChainaNet_9c42","height":0,"hidePkgs":[],"hmNotes":"","hookPkgs":[],"lac":0,"latitude":30.5292396,"line1Number":"18380362427","longitude":104.0795324,"macAddress":"8c:f8:cd:52:8b:22","memAvailable":5479651540,"memFree":10959303081,"memTotal":16438954621,"mnc":"00","networkClass":2,"networkCountryIso":"cn","networkOperator":"46000","networkOperatorName":"中国移动","networkType":8,"networkTypeName":"HSDPA","phoneType":1,"rgAndroid":"23","rgAreaode":"86","rgConNames":["上善若水","余泉广"],"rgConsize":"2","rgCountry":"中国","rgDevice":"xiaomiRedmi 4X","rgIp":"119.4.255.217","rgLastLogin":1516277614991,"rgLocation":"四川省成都市 联通","rgNetType":"切换飞行模式","rgOrPhone":"18380362427","rgPhoneNo":"18380362427","rgServer":"飞行模式切换","rgTime":1516006341043,"rgVcode":"玉米(发码)","rgVersion":"1.6.3","rgWxEmail":"未绑定","rgWxError":"帐号状态异常，本次登录已失效。请尝试重新登录，并根据弹窗提示操作。","rgWxId":"wxid_fl0p87vjtjgp22","rgWxName":"余泉广","rgWxNo":"未设置","rgWxPasswd":"Rmst@7890","rgWxQQ":"未绑定","rgWxStatus":"异常","rgWxWindows":"否","serialno":"25634ce4","simCountryIso":"cn","simOperator":"46000","simOperatorName":"中国移动","simSerialNumber":"8986001811189764799","simState":5,"subscriberId":"460002163316456","type":1,"typeName":"WIFI","width":0,"wifiScan":["TP-LINK_8cfebe,6c:76:74:21:f5:fb,[WPA2-PSK-CCMP][WPS][ESS],-88,2412,1278436698","Netcore_d1e31d,37:7e:33:e0:43:8b,[WPA2-PSK-CCMP][WPS][ESS],-94,2462,1956237137","FAST_98ca,4c:b0:07:90:0b:5d,[WPA-PSK-CCMP][WPA2-PSK-CCMP][WPS][ESS],-78,2462,325275548","Netcore_365214,92:57:df:7e:6d:67,[WPA2-PSK-CCMP][ESS],-82,2462,465947999","TP-LINK_dc1e76,4c:96:7d:33:52:9e,[WPA-PSK-CCMP][WPA2-PSK-CCMP][WPS][ESS],-88,2457,195904617"]}