{"BSSID":"7c:8c:b0:f1:cf:f6","IpAddress":"192.168.79.242","P2p0Mac":"d1:3e:61:54:b5:4f","SSID":"iTV-7969","androidId":"a8787d0105c0f54c","batteryLevel":88,"btAddress":"de:3e:2b:a2:78:90","btName":"Redmi Note 4X","buildAbi":"armeabi-v7a","buildAbi2":"armeabi","buildBoard":"mogami","buildBrand":"Xiaomi","buildCodename":"REL","buildDescription":"Redmi Note 4X-user 5.0 LRX21M cc9ee1fa release-keys","buildDevice":"Redmi Note 4X","buildFingerprint":"Xiaomi/Redmi Note 4X/Redmi Note 4X:5.0/LRX21M/cc9ee1fa:user/release-keys","buildHardware":"qcom","buildHost":"mz-buider-4","buildId":"LRX21M","buildIncremental":"cc9ee1fa","buildManufacturer":"Xiaomi","buildModel":"Redmi Note 4X","buildName":"Xiaomi","buildProduct":"Redmi Note 4X","buildRadioVersion":"gwsttjiayxefmsj","buildRelease":"5.0","buildSdk":"21","buildSerialno":"be377670","buildTags":"release-keys","buildType":"user","buildUser":"builder","buildUtc":1461431233745,"cellScan":["61708,29945","32834,4336","61708,22753","61708,168566534","32834,2113"],"ci":29945,"contacts":["奶奶,14704867732","姑妈,13904832027","外婆,13002634513","外公,15805710322","舅舅,13108523755","舅妈,15606856584","姨父,13508796584","姨娘,13490039452","亲爱的,13402743740","老弟,15706208817","老妹,18607232823","小明,18702150986","小李子,13207640394","王念景,15007774008","Leonard Cooper,13405020719","杨炫,15505562546","莫文仁,15701285355","魏骏仁,15502440340","Lynn Jordan,15500578190","吴冠,13101026483","杨献炎,18902558915","袁新阁,13900675267","Hector Sullivan,13500681715","夏侯游立,15606564784","虞桐联,13202043806","杨让,15202834657","Derek Crawford,15208320341","王湘,15307757250","杨联,13907534676","杨群,15507813218","Catherine Ford,13001148080","杨诗弘,14700555379","车文翰,13704624247","彭嗣耀,13400577946","Glen Ellis,15905916863","杨妙,15105632647","林游璐,15107504112","崔翼烁,15603131821","Terry Ward,13201132717","李焱乐,15707905790","吴翔观,13904690779","吴能,13708311916","Peggy Simmons,13606705066","李演,18002293488"],"cpuName":"Qualcomm Technologies, Inc MSM8953","densityDpi":240,"deviceId":"860024216431055","deviceSvn":"83","displayId":"Redmi Note 4X-user 5.0 LRX21M cc9ee1fa release-keys","extraInfo":"iTV-7969","height":0,"hidePkgs":[],"hmNotes":"","hookPkgs":[],"lac":61708,"latitude":30.5725755,"line1Number":"15198096649","longitude":104.0033824,"macAddress":"91:5d:10:a5:39:de","memAvailable":1250140542,"memFree":2500281085,"memTotal":3750421627,"mnc":"00","networkClass":2,"networkCountryIso":"cn","networkOperator":"46002","networkOperatorName":"中国移动","networkType":8,"networkTypeName":"HSDPA","phoneType":1,"rgAndroid":"23","rgAreaode":"86","rgBackupPath":"/storage/emulated/0/.money/backup/20180111/15198096649_20180111.db","rgConNames":[],"rgCountry":"中国","rgDevice":"xiaomiRedmi 4X","rgIp":"101.206.167.17","rgLastLogin":1515663231429,"rgLocation":"四川省 联通","rgNetType":"切换飞行模式","rgOrPhone":"15198096649","rgPhoneNo":"15198096649","rgServer":"飞行模式切换","rgTime":1515657804257,"rgVcode":"爱乐赞(接码/发码)","rgVersion":"1.6.0","rgWxError":"帐号状态异常，本次登录已失效。请尝试重新登录，并根据弹窗提示操作。","rgWxName":"吴佳","rgWxPasswd":"Rmst@7890","rgWxStatus":"异常","rgWxWindows":"否","serialno":"be377670","simCountryIso":"cn","simOperator":"46002","simOperatorName":"中国移动","simSerialNumber":"8986002345104963760","simState":5,"subscriberId":"460025584251933","type":1,"typeName":"WIFI","width":0,"wifiScan":["Netcore_03d0f2,a8:15:4d:45:2d:40,[WPA-PSK-CCMP][WPA2-PSK-CCMP][WPS][ESS],-69,2437,392404720","PHICOMM_cf4375,54:e6:fc:3a:45:80,[WPA-PSK-CCMP][WPA2-PSK-CCMP][WPS][ESS],-72,2437,2275935369","PHICOMM_9dc0ca,e0:4f:bd:f6:36:0a,[WPA2-PSK-CCMP][WPS][ESS],-91,2437,411964990","MERCURY_a90f42,74:a7:8e:09:26:cc,[WPA-PSK-CCMP][WPA2-PSK-CCMP][ESS],-79,2437,2712837206","ChainaNet_d154,f0:7d:68:93:9b:10,[WPA-PSK-CCMP][WPA2-PSK-CCMP][ESS],-86,2437,212264774"]}