{"BSSID":"54:00:93:45:ba:02","IpAddress":"10.99.92.100","P2p0Mac":"42:f0:2e:b9:d1:fe","SSID":"MERCURY_7a75a9","androidId":"7fa7c0f9f0c055ef","batteryLevel":39,"btAddress":"0b:0e:7a:83:4a:b6","btName":"MI 2SC","buildAbi":"armeabi-v7a","buildAbi2":"armeabi","buildBoard":"spyder","buildBrand":"Xiaomi","buildCodename":"REL","buildDescription":"MI 2SC-user 7.1.2 NMF26Q 6845c6f2 release-keys","buildDevice":"MI 2SC","buildFingerprint":"Xiaomi/MI 2SC/MI 2SC:7.1.2/NMF26Q/6845c6f2:user/release-keys","buildHardware":"qcom","buildHost":"shws40","buildId":"NMF26Q","buildIncremental":"6845c6f2","buildManufacturer":"Xiaomi","buildModel":"MI 2SC","buildName":"Xiaomi","buildProduct":"MI 2SC","buildRadioVersion":"elybnrxiwdccw","buildRelease":"7.1.2","buildSdk":"25","buildSerialno":"e6e065de","buildTags":"release-keys","buildType":"user","buildUser":"Server","buildUtc":1500416205415,"cellScan":["61731,3096","61713,41202","61731,3115","33039,118572575","33034,3096"],"ci":3115,"contacts":["奶奶,15203815692","姑妈,13306133004","外婆,18706416165","外公,15207530707","舅舅,13201424647","舅妈,13808854607","姨父,13400526655","姨娘,15607646856","亲爱的,13504001143","老弟,13490715692","老妹,14705520384","小明,18807903975","小李子,15907627684","张和行,15308767442","Rosa Woods,18908007628","李雷泉,18806343381","杨善,13001978583","王峻媛,13606252322","Emily Johnson,13803508552","杨吾庞,13490171895","靳陵魄,15902081910","余嘉,15008471942","Ruby Turner,13403961553","郎影薇,18006098045","臧禄易,13402027829","毕权雪,18803012874","Juanita Shaw,18700707256","邱顺灵,18700977866","李宫,13201397432","吴妙,14705431759","Gilbert Knight,18805675682","张吾,13204767242","盛裕行,18908594774","粱彤皓,15708110353","Carlos Baker,18703987685","武享郡,18905554573","吴西,18805050263","屈实熙,13408678978","Adam King,15204166668","林毅辉,15001313472","杨炬,13406134455"],"cpuName":"MI 2","densityDpi":240,"deviceId":"860516620215404","deviceSvn":"85","displayId":"MI 2SC-user 7.1.2 NMF26Q 6845c6f2 release-keys","extraInfo":"3gwap","height":0,"hidePkgs":[],"hmNotes":"","hookPkgs":[],"lac":61731,"latitude":30.8499879,"line1Number":"15208280124","longitude":104.2563239,"macAddress":"62:f1:43:70:4e:3d","memAvailable":68152854,"memFree":136305708,"memTotal":204458562,"mnc":"00","networkClass":1,"networkCountryIso":"cn","networkOperator":"46002","networkOperatorName":"中国移动","networkType":2,"networkTypeName":"EDGE","phoneType":1,"rgAndroid":"23","rgAreaode":"86","rgConNames":["上善若水","陈兴"],"rgConsize":"2","rgCountry":"中国","rgDevice":"xiaomiRedmi 4X","rgIp":"101.206.167.195","rgLastLogin":1516244402535,"rgLocation":"四川省 联通","rgNetType":"切换飞行模式","rgOrPhone":"15208280124","rgPhoneNo":"15208280124","rgServer":"飞行模式切换","rgTime":1515662446824,"rgVcode":"爱乐赞(接码/发码)","rgVersion":"1.6.0","rgWxEmail":"未绑定","rgWxError":"该微信帐号因批量或者使用非法软件注册被限制登录，如需继续使用，请轻触“确定”申请解除限制。","rgWxId":"wxid_5kr0ix532lcl22","rgWxName":"陈兴","rgWxNo":"未设置","rgWxPasswd":"Rmst@7890","rgWxQQ":"未绑定","rgWxStatus":"异常","rgWxWindows":"否","serialno":"e6e065de","simCountryIso":"cn","simOperator":"46002","simOperatorName":"中国移动","simSerialNumber":"8986021227164752192","simState":5,"subscriberId":"460023098249355","type":0,"typeName":"MOBILE","width":0,"wifiScan":["TP-LINK_eff205,b4:15:13:2d:e8:ec,[WPA-PSK-CCMP][WPA2-PSK-CCMP][ESS],-73,2412,2078736674","PHICOMM_598c87,ac:f7:f3:17:0b:47,[WPA2-PSK-CCMP][WPS][ESS],-86,2462,204918115","TP-LINK_a96487,d8:15:0d:47:15:be,[WPA2-PSK-CCMP][WPS][ESS],-61,2412,361964799","MERCURY_b75a9d,b4:98:42:6a:c6:83,[WPA-PSK-CCMP][WPA2-PSK-CCMP][WPS][ESS],-73,2462,2990627680","PHICOMM_275970,e4:d3:32:7e:96:c2,[WPS][ESS],-82,2462,2434231892"]}