{"BSSID":"a2:f3:7d:95:53:e5","IpAddress":"10.61.36.107","P2p0Mac":"6d:9a:8a:d2:a6:87","SSID":"Netcore_032530","androidId":"ec644f7779720879","batteryLevel":62,"btAddress":"32:50:7d:87:cb:ac","btName":"2014811","buildAbi":"armeabi-v7a","buildAbi2":"armeabi","buildBoard":"acclaim","buildBrand":"Xiaomi","buildCodename":"REL","buildDescription":"HM2014811-user 7.0.0 NRD90M 5e6b957b release-keys","buildDevice":"HM2014811","buildFingerprint":"Xiaomi/2014811/HM2014811:7.0.0/NRD90M/5e6b957b:user/release-keys","buildHardware":"qcom","buildHost":"Android-server","buildId":"NRD90M","buildIncremental":"5e6b957b","buildManufacturer":"Xiaomi","buildModel":"2014811","buildName":"Xiaomi","buildProduct":"HM2014811","buildRadioVersion":"ydhbdcyovyibd","buildRelease":"7.0.0","buildSdk":"24","buildSerialno":"026c9271","buildTags":"release-keys","buildType":"user","buildUser":"Server","buildUtc":1466851225270,"cellScan":["33028,40051","61726,11662","61726,30322"],"ci":40051,"contacts":["奶奶,13605973022","姑妈,13003542206","外婆,18607440466","外公,18907255368","舅舅,18603072949","舅妈,13104856106","姨父,18803580167","姨娘,15200763978","亲爱的,15007719094","老弟,13805167118","老妹,15206044630","小明,15103364260","小李子,13300398938","李森熙,18901557047","Sylvia Peterson,13490692335","李进仕,13600965964","于亚延,15702721378","祁楷心,15007392023","Gail Knight,13405136199","于平,13208076949","孙宏,18705070556","于虹敬,18707018201","Marjorie Daniels,18702776899","杨学,14703393065","吴铜遇,13000291446","长孙逵瑛,18003224004","April Walker,15303025656","车勋豪,13307971780","郑锦,15808701087","杜霖霖,13906366691","Andrew Moore,13607856090","张香,13603666308","毛仁佑,15006453530","沈佳,13100800619","Pamela Sims,13000735002","李若,15104626482","孟荃嘉,13490612432","邢余念,15108373659","Karen Andrews,15906738731","李朋,13707302129","张宽,18005451688","杨万桂,13701785023","Benjamin Kelley,13805828548","顾瑜青,13200686525","奚嘉鑫,15803813729"],"cpuName":"Qualcomm Technologies, Inc MSM8916","densityDpi":240,"deviceId":"861795755802702","deviceSvn":"14","displayId":"HM2014811-user 7.0.0 NRD90M 5e6b957b release-keys","extraInfo":"cmwap","height":0,"hidePkgs":[],"hmNotes":"","hookPkgs":[],"lac":33028,"latitude":30.5389016,"line1Number":"18328401872","longitude":104.3213899,"macAddress":"33:9e:23:db:89:d1","memAvailable":128997252,"memFree":386991757,"memTotal":515989009,"mnc":"00","networkClass":3,"networkCountryIso":"cn","networkOperator":"46007","networkOperatorName":"中国移动","networkType":13,"networkTypeName":"LTE","phoneType":1,"rgAndroid":"23","rgAreaode":"86","rgBackupPath":"/storage/emulated/0/.money/backup/20180111/18328401872_20180111.db","rgConNames":[],"rgCountry":"中国","rgDevice":"xiaomiRedmi 4X","rgIp":"119.4.254.138","rgLastLogin":1515664129059,"rgLocation":"四川省成都市 联通","rgNetType":"切换飞行模式","rgOrPhone":"18328401872","rgPhoneNo":"18328401872","rgServer":"飞行模式切换","rgTime":1515662128128,"rgVcode":"爱乐赞(接码/发码)","rgVersion":"1.6.0","rgWxError":"帐号状态异常，本次登录已失效。请尝试重新登录，并根据弹窗提示操作。","rgWxName":"吴如","rgWxPasswd":"Rmst@7890","rgWxStatus":"异常","rgWxWindows":"否","serialno":"026c9271","simCountryIso":"cn","simOperator":"46007","simOperatorName":"中国移动","simSerialNumber":"8986024729676863974","simState":5,"subscriberId":"460076829431742","type":0,"typeName":"MOBILE","width":0,"wifiScan":["FAST_416a,38:d8:2f:ab:ad:d9,[WPA-PSK-CCMP][WPA2-PSK-CCMP][ESS],-54,2412,978727338","FAST_9cb0eb,54:a5:1b:1c:93:b8,[WPA2-PSK-CCMP][WPS][ESS],-87,2462,190911769","Netcore_6a8547,d0:c7:c0:26:db:1c,[WPA-PSK-CCMP][WPA2-PSK-CCMP][ESS],-79,2437,3319437297","TP-LINK_cbfbae,14:e6:e4:cf:3a:62,[WPA2-PSK-CCMP][WPS][ESS],-59,2412,2234136149","TP-LINK_f437a9,04:5f:a7:27:e4:98,[WPA-PSK-CCMP][WPA2-PSK-CCMP][ESS],-74,2432,1054630463"]}