{"BSSID":"37:9f:68:eb:7f:39","IpAddress":"192.168.82.132","P2p0Mac":"14:05:e4:ae:df:e6","SSID":"Tenda_ea9e1f","androidId":"496890c4346a0b27","batteryLevel":72,"btAddress":"c3:a5:16:82:29:5b","btName":"m1 note","buildAbi":"armeabi-v7a","buildAbi2":"armeabi","buildBoard":"hummingbird","buildBrand":"Meizu","buildCodename":"REL","buildDescription":"m1 note-user 5.0 LRX21M af2d67c7 release-keys","buildDevice":"m1 note","buildFingerprint":"Meizu/m1 note/m1 note:5.0/LRX21M/af2d67c7:user/release-keys","buildHardware":"qcom","buildHost":"SEP-68","buildId":"LRX21M","buildIncremental":"af2d67c7","buildManufacturer":"Meizu","buildModel":"m1 note","buildName":"Meizu","buildProduct":"m1 note","buildRadioVersion":"vqdalszr","buildRelease":"5.0","buildSdk":"21","buildSerialno":"3963e770","buildTags":"release-keys","buildType":"user","buildUser":"jenkins","buildUtc":1457584492050,"cellScan":["32768,9130","61710,44473","32768,9140","32768,1622","61710,168737978"],"ci":9140,"contacts":["奶奶,14705965788","姑妈,18008322585","外婆,14700841046","外公,15604242432","舅舅,15105752482","舅妈,13301634775","姨父,18804453699","姨娘,15304028311","亲爱的,18708465048","老弟,13606745478","老妹,15906500424","小明,13103462382","小李子,15905504899","纪献超,18800497447","Kelly Henderson,18704550821","李夜,15506930682","李异,13702161343","王森,14708826295","Philip King,18806784022","张胤,15707451308","滕弘佳,15901000251","陈先求,15702741952","Francis Johnson,15703192483","宓翔立,15606550260","李羡湘,13490074907","杨幸,13201168558","Tina Walker,15606587385","糜铁佑,13206876563","仰权恺,14705605946","魏韶经,13490111116","Sandra Thompson,13308042250","侯午时,15100323199","杨夜仙,15803807811","杨渠雍,13501113079","Steven Moore,13905848039","芮媛驹,13506366260","于古,13502845359","张巍协,13805011935","Rick Nelson,13505202293","吴保甲,15203043739","虞秀念,15104373270","成经军,15505006877","Victor Martinez,13205152259","李屏,18805996007","诸葛竞联,14704084809"],"cpuName":"MT6752","densityDpi":320,"deviceId":"860353644568786","deviceSvn":"23","displayId":"m1 note-user 5.0 LRX21M af2d67c7 release-keys","extraInfo":"Tenda_ea9e1f","height":0,"hidePkgs":[],"hmNotes":"","hookPkgs":[],"lac":32768,"latitude":30.6823422,"line1Number":"18349341874","longitude":103.9828984,"macAddress":"b6:2c:b2:6d:67:03","memAvailable":611047267,"memFree":1222094536,"memTotal":1833141803,"mnc":"00","networkClass":2,"networkCountryIso":"cn","networkOperator":"46002","networkOperatorName":"中国移动","networkType":17,"networkTypeName":"TD_SCDMA","phoneType":1,"rgAndroid":"23","rgAreaode":"86","rgConNames":["上善若水","齐介心"],"rgConsize":"2","rgCountry":"中国","rgDevice":"xiaomiRedmi 4X","rgIp":"119.4.254.66","rgLastLogin":1516244310922,"rgLocation":"四川省成都市 联通","rgNetType":"切换飞行模式","rgOrPhone":"18349341874","rgPhoneNo":"18349341874","rgServer":"飞行模式切换","rgTime":1515659842507,"rgVcode":"爱乐赞(接码/发码)","rgVersion":"1.6.0","rgWxEmail":"未绑定","rgWxError":"该微信帐号因批量或者使用非法软件注册被限制登录，如需继续使用，请轻触“确定”申请解除限制。","rgWxName":"齐介心","rgWxNo":"未设置","rgWxPasswd":"Rmst@7890","rgWxQQ":"未绑定","rgWxStatus":"异常","rgWxWindows":"否","serialno":"3963e770","simCountryIso":"cn","simOperator":"46002","simOperatorName":"中国移动","simSerialNumber":"8986029599319537793","simState":5,"subscriberId":"460027358432058","type":1,"typeName":"WIFI","width":0,"wifiScan":["Netcore_fa8853,00:6b:8e:4e:9d:66,[WPA-PSK-CCMP][WPA2-PSK-CCMP][WPS][ESS],-88,2437,294248466","FAST_3155,d0:c7:c0:20:d1:a6,[WPA-PSK-CCMP][WPA2-PSK-CCMP][WPS][ESS],-68,2437,280368518","TP-LINK_644884,d4:ee:07:3c:ae:82,[WPS][ESS],-86,2437,1815034475","Netcore_621044,78:52:62:1a:45:4d,[WPA2-PSK-CCMP][ESS],-74,2437,477922555","iTV-7cb7,d4:ee:07:30:49:8e,[WPA2-PSK-CCMP][WPS][ESS],-88,2437,366346307"]}