{"BSSID":"87:eb:46:c4:41:9c","IpAddress":"192.168.38.147","P2p0Mac":"f4:58:52:91:c1:8b","SSID":"MERCURY_f86b8d","androidId":"cf399f28dabbc379","batteryLevel":89,"btAddress":"d3:51:e6:9f:29:94","btName":"OPPO R9tm","buildAbi":"armeabi-v7a","buildAbi2":"armeabi","buildBoard":"msm8994","buildBrand":"OPPO","buildCodename":"REL","buildDescription":"R9tm-user 6.0.1 MMB29T eb1ca87c release-keys","buildDevice":"R9","buildFingerprint":"OPPO/OPPO R9tm/R9:6.0.1/MMB29T/eb1ca87c:user/release-keys","buildHardware":"qcom","buildHost":"huawei-server-05","buildId":"MMB29T","buildIncremental":"eb1ca87c","buildManufacturer":"OPPO","buildModel":"OPPO R9tm","buildName":"OPPO","buildProduct":"R9tm","buildRadioVersion":"jxgiefjnaufe","buildRelease":"6.0.1","buildSdk":"23","buildSerialno":"c626826b","buildTags":"release-keys","buildType":"user","buildUser":"buildHost","buildUtc":1512256846123,"cellScan":["61710,168470433","32771,31764","61706,6781","61706,168434301","61710,168434301"],"ci":168434301,"contacts":["奶奶,18808540521","姑妈,14701669077","外婆,15908178866","外公,13102345002","舅舅,18605282218","舅妈,13804360724","姨父,18805848400","姨娘,18701534958","亲爱的,18601760116","老弟,15608522654","老妹,13907776947","小明,14700338404","小李子,15104071407","吴炬文,18801443169","Jay Stephens,18807631953","毛耀砚,13490546803","谢玺如,13902141353","和虹炫,13490213727","Richard Evans,18903952352","张曜为,15102123766","吴许,18901736495","宫卿业,13505896286","Bonnie Palmer,13802998145","陈俊兴,15802617998","李魄,15204358701","王厚精,13207128568","Bradley Cole,18608008196","秦棠梦,15500406977","林军瑜,15903513565","宋昆力,13200857822","Alexander Grant,18602755607","成河羡,13490510298","纪校薇,18904726614","暴魄立,18708215891","Bonnie Bell,14703221107","杨廉璞,15200977733","仲土古,18601712948","吴奎绵,13305030391","Thelma Lane,18002710398","於汉文,15807307461","陈力,13302420920"],"cpuName":"MT6755","densityDpi":320,"deviceId":"861911227469042","deviceSvn":"25","displayId":"R9tm-user 6.0.1 MMB29T eb1ca87c release-keys","extraInfo":"MERCURY_f86b8d","height":0,"hidePkgs":[],"hmNotes":"","hookPkgs":[],"lac":61706,"latitude":30.6435034,"line1Number":"18380480360","longitude":103.9898306,"macAddress":"5a:45:fa:af:2a:ea","memAvailable":68145970,"memFree":136291941,"memTotal":204437911,"mnc":"00","networkClass":2,"networkCountryIso":"cn","networkOperator":"46000","networkOperatorName":"中国移动","networkType":17,"networkTypeName":"TD_SCDMA","phoneType":1,"rgAndroid":"23","rgAreaode":"86","rgBackupPath":"/storage/emulated/0/.money/backup/20180111/18380480360_20180111.db","rgConNames":[],"rgCountry":"中国","rgDevice":"xiaomiRedmi 4X","rgIp":"101.206.166.8","rgLastLogin":1515664398805,"rgLocation":"四川省 联通","rgNetType":"切换飞行模式","rgOrPhone":"18380480360","rgPhoneNo":"18380480360","rgServer":"飞行模式切换","rgTime":1515662706249,"rgVcode":"爱乐赞(接码/发码)","rgVersion":"1.6.0","rgWxError":"帐号状态异常，本次登录已失效。请尝试重新登录，并根据弹窗提示操作。","rgWxName":"车稼齐","rgWxPasswd":"Rmst@7890","rgWxStatus":"异常","rgWxWindows":"否","serialno":"c626826b","simCountryIso":"cn","simOperator":"46000","simOperatorName":"中国移动","simSerialNumber":"8986003641208792366","simState":5,"subscriberId":"460006687446070","type":1,"typeName":"WIFI","width":0,"wifiScan":["Netcore_b8bafd,1c:af:f7:89:3a:32,[WPA2-PSK-CCMP][ESS],-81,2452,196133522","MERCURY_96ba,08:10:79:4d:7d:49,[WPA2-PSK-CCMP][ESS],-74,2437,298248326","MERCURY_36baed,d8:15:0d:19:6a:36,[WPA2-PSK-CCMP][WPS][ESS],-82,2427,2938727802","iTV-9ebf,08:10:79:86:cd:2e,[WPA2-PSK-CCMP][WPS][ESS],-91,2437,3015737966","TP-LINK_6498a9,74:a5:28:30:6f:7c,[WPA2-PSK-CCMP][WPS][ESS],-74,2462,1616829291"]}