{"BSSID":"9e:43:e4:f6:dd:1d","IpAddress":"192.168.13.25","P2p0Mac":"f9:7a:06:cc:a5:98","SSID":"MERCURY_d1f416","androidId":"ec89b85075d15a92","batteryLevel":74,"btAddress":"dd:25:82:3d:b7:2f","btName":"HUAWEI GRA-CL10","buildAbi":"armeabi-v7a","buildAbi2":"armeabi","buildBoard":"pyramid","buildBrand":"HUAWEI","buildCodename":"REL","buildDescription":"HWGRA-user 6.0.1 MMB29T 516d952c release-keys","buildDevice":"HWGRA","buildFingerprint":"HUAWEI/HUAWEI GRA-CL10/HWGRA:6.0.1/MMB29T/516d952c:user/release-keys","buildHardware":"qcom","buildHost":"mine","buildId":"MMB29T","buildIncremental":"516d952c","buildManufacturer":"HUAWEI","buildModel":"HUAWEI GRA-CL10","buildName":"HUAWEI","buildProduct":"HWGRA","buildRadioVersion":"iparjiydvizz","buildRelease":"6.0.1","buildSdk":"23","buildSerialno":"bb7d5cdb","buildTags":"release-keys","buildType":"user","buildUser":"jenkins","buildUtc":1466701103176,"cellScan":["33284,134612737","33284,45331","33035,31046","33280,34503","33035,1799"],"ci":31046,"contacts":["奶奶,13902681805","姑妈,13400992294","外婆,18704742309","外公,15306001849","舅舅,13490467276","舅妈,13506372287","姨父,15501832229","姨娘,15500360560","亲爱的,15707513338","老弟,18703752926","老妹,13406908041","小明,15108401232","小李子,15804375811","于土露,13000917476","Laura Hamilton,18605278577","钟古敬,18608427026","凌善旭,18701448027","王皓,15506073736","Sally Owens,18602035526","杨平蔚,18804761814","李广腾,15007881001","吴炎茂,18805982392","Alicia Taylor,15701491780","杨屏,15208501208","李驹媛,13508782825","穆进弘,15206206625","Dolores Garcia,13404820379","翁协观,13801944415","粱佩奎,15203067022","李朔,13302422295","Shannon Kelly,18005267922","路怡广,18706505488","余绵,15005751660","应雷敬,18603513586","Michael Burns,18600625427","崔铁鑫,13407420102","粱许晟,13405346060","李琴,13507762038","Jerome Green,13705827182","龙逸青,18808106189","李秀,13803613048","吴生,13504172611","Kimberly Hayes,13803974978","王绣,15206308395","喻易书,15802310323","和秋鹄,15004978499","Anne White,15800120791","李寿秋,13708880487","王律,13502702874"],"cpuName":"Kirin935","densityDpi":320,"deviceId":"860958438316927","deviceSvn":"67","displayId":"HWGRA-user 6.0.1 MMB29T 516d952c release-keys","extraInfo":"MERCURY_d1f416","height":0,"hidePkgs":[],"hmNotes":"","hookPkgs":[],"lac":33035,"latitude":30.4824563,"line1Number":"18380354668","longitude":103.7132598,"macAddress":"d4:f5:50:df:fa:f3","memAvailable":51289843,"memFree":153869532,"memTotal":205159375,"mnc":"00","networkClass":3,"networkCountryIso":"cn","networkOperator":"46000","networkOperatorName":"中国移动","networkType":13,"networkTypeName":"LTE","phoneType":1,"rgAndroid":"23","rgAreaode":"86","rgConNames":["上善若水","戴嘉耀"],"rgConsize":"2","rgCountry":"中国","rgDevice":"xiaomiRedmi 4X","rgIp":"119.4.255.235","rgLastLogin":1516244266185,"rgLocation":"四川省成都市 联通","rgNetType":"切换飞行模式","rgOrPhone":"18380354668","rgPhoneNo":"18380354668","rgServer":"飞行模式切换","rgTime":1515659343584,"rgVcode":"爱乐赞(接码/发码)","rgVersion":"1.6.0","rgWxEmail":"未绑定","rgWxError":"该微信帐号因批量或者使用非法软件注册被限制登录，如需继续使用，请轻触“确定”申请解除限制。","rgWxId":"wxid_b1zpd15rusli22","rgWxName":"戴嘉耀","rgWxNo":"未设置","rgWxPasswd":"Rmst@7890","rgWxQQ":"未绑定","rgWxStatus":"异常","rgWxWindows":"否","serialno":"bb7d5cdb","simCountryIso":"cn","simOperator":"46000","simOperatorName":"中国移动","simSerialNumber":"8986002262367382154","simState":5,"subscriberId":"460008125076689","type":1,"typeName":"WIFI","width":0,"wifiScan":["FAST_636b9c,9c:21:6a:9b:21:cc,[WPA2-PSK-CCMP][WPS][ESS],-73,2437,1715631661","Netcore_fe1043,98:2f:3c:40:dd:aa,[WPA-PSK-CCMP][WPA2-PSK-CCMP][ESS],-74,2437,1174332325","MERCURY_985376,f4:ee:14:48:f2:e2,[WPA2-PSK-CCMP][WPS][ESS],-69,2437,1596527136","PHICOMM_47c1f3,80:48:a5:0e:49:e2,[WPA-PSK-CCMP][WPA2-PSK-CCMP][WPS][ESS],-74,2462,477073264","TP-LINK_6a9db8,00:0f:32:98:78:78,[WPA-PSK-CCMP][WPA2-PSK-CCMP][WPS][ESS],-73,2462,475038930"]}