{"BSSID":"db:e0:df:47:53:53","IpAddress":"10.38.20.157","P2p0Mac":"8c:cf:f0:49:8a:b1","SSID":"PHICOMM_8bfda9","androidId":"01172017e0ed64a5","batteryLevel":65,"btAddress":"b1:f4:45:6c:51:62","btName":"vivo V3","buildAbi":"armeabi-v7a","buildAbi2":"armeabi","buildBoard":"fireball","buildBrand":"vivo","buildCodename":"REL","buildDescription":"PD1524-user 5.1.1 LMY48G cc7dcd6e release-keys","buildDevice":"PD1524","buildFingerprint":"vivo/vivo V3/PD1524:5.1.1/LMY48G/cc7dcd6e:user/release-keys","buildHardware":"qcom","buildHost":"mz-buider-2","buildId":"LMY48G","buildIncremental":"cc7dcd6e","buildManufacturer":"vivo","buildModel":"vivo V3","buildName":"vivo","buildProduct":"PD1524","buildRadioVersion":"hrdicdyxgyrtklsc","buildRelease":"5.1.1","buildSdk":"22","buildSerialno":"c7bf9bed","buildTags":"release-keys","buildType":"user","buildUser":"builder","buildUtc":1473041057192,"cellScan":["32822,139873794","61713,33445","33034,33445","32898,139873794","61700,168062067"],"ci":139873794,"contacts":["奶奶,13005318516","姑妈,15804500774","外婆,18708648060","外公,15608223584","舅舅,14700258564","舅妈,13305233074","姨父,15506754358","姨娘,13101865131","亲爱的,18705523817","老弟,15101138992","老妹,18801823508","小明,15005707014","小李子,18003667884","席烈礼,15002858835","Robert Stewart,15208281673","杨荃,13507401289","滕佑禄,15703208951","贺佩影,13406260656","Jerome Rodriguez,13404711330","李启,15101966262","陈桐,13490086865","欧阳琦涂,15007514842","Paula Weaver,15000412906","王念,13404324460","常韶郡,13506922107","岑秋铭,14705491589","Allen Lewis,18708427810","杨立昱,15305958157","王谦,13605170486","于佑,13603715726","Jennifer Bradley,13706991838","公孙弘行,15706668753","杨会渠,13003748398","方巍扬,13490130052","Evelyn Duncan,18904101635","高国念,13700695366","杨砚誓,15805618658","李贤,15903160941","Marcus Mills,15802853830","李学,13901976351","魏佑建,13804668679"],"cpuName":"Qualcomm Technologies, Inc MSM8939","densityDpi":560,"deviceId":"863771466611672","deviceSvn":"41","displayId":"PD1524-user 5.1.1 LMY48G cc7dcd6e release-keys","extraInfo":"cmnet","height":0,"hidePkgs":[],"hmNotes":"","hookPkgs":[],"lac":32898,"latitude":30.8498313,"line1Number":"18380478516","longitude":104.2161237,"macAddress":"ba:69:9b:e4:31:42","memAvailable":24183640,"memFree":72550923,"memTotal":96734563,"mnc":"00","networkClass":2,"networkCountryIso":"cn","networkOperator":"46002","networkOperatorName":"中国移动","networkType":8,"networkTypeName":"HSDPA","phoneType":1,"rgAndroid":"23","rgAreaode":"86","rgBackupPath":"/storage/emulated/0/.money/backup/20180111/18380478516_20180111.db","rgConNames":[],"rgCountry":"中国","rgDevice":"xiaomiRedmi 4X","rgIp":"119.4.255.209","rgLastLogin":1515663437473,"rgLocation":"四川省成都市 联通","rgNetType":"切换飞行模式","rgOrPhone":"18380478516","rgPhoneNo":"18380478516","rgServer":"飞行模式切换","rgTime":1515658979802,"rgVcode":"爱乐赞(接码/发码)","rgVersion":"1.6.0","rgWxError":"帐号状态异常，本次登录已失效。请尝试重新登录，并根据弹窗提示操作。","rgWxName":"杨媛硕","rgWxPasswd":"Rmst@7890","rgWxStatus":"异常","rgWxWindows":"否","serialno":"c7bf9bed","simCountryIso":"cn","simOperator":"46002","simOperatorName":"中国移动","simSerialNumber":"8986007033059944990","simState":5,"subscriberId":"460027663419715","type":0,"typeName":"MOBILE","width":0,"wifiScan":["Netcore_591037,c0:61:18:7c:5b:78,[WPA2-PSK-CCMP][ESS],-88,2462,422460912","PHICOMM_b7badc,0c:72:2c:a1:8b:58,[WPA2-PSK-CCMP][WPS][ESS],-62,2412,868132599","MERCURY_25ec10,ec:88:8f:2b:ed:a4,[WPA-PSK-CCMP][WPA2-PSK-CCMP][WPS][ESS],-83,2462,1901836276","PHICOMM_ba7a9d,20:dc:e6:5f:70:26,[WPA2-PSK-CCMP][WPS][ESS],-55,2437,271763500","Tenda_7b9ec0,f4:ee:14:1e:23:60,[WPA-PSK-CCMP][WPA2-PSK-CCMP][WPS][ESS],-95,2412,1867027191"]}