{"BSSID":"1b:cc:25:35:08:58","IpAddress":"192.168.9.43","P2p0Mac":"49:9e:11:dd:b1:31","SSID":"ChainaNet_5863","androidId":"fd0de183051b52ba","batteryLevel":58,"btAddress":"b7:f7:67:b8:52:bb","btName":"m3","buildAbi":"armeabi-v7a","buildAbi2":"armeabi","buildBoard":"ventana","buildBrand":"Meizu","buildCodename":"REL","buildDescription":"m3-user 6.0.1 MMB29T 13d774e4 release-keys","buildDevice":"m3","buildFingerprint":"Meizu/m3/m3:6.0.1/MMB29T/13d774e4:user/release-keys","buildHardware":"qcom","buildHost":"shws40","buildId":"MMB29T","buildIncremental":"13d774e4","buildManufacturer":"Meizu","buildModel":"m3","buildName":"Meizu","buildProduct":"m3","buildRadioVersion":"bnewkjdgejms","buildRelease":"6.0.1","buildSdk":"23","buildSerialno":"e8cdc55e","buildTags":"release-keys","buildType":"user","buildUser":"jenkins","buildUtc":1493518570401,"cellScan":["61715,169064977","61717,169877674","33033,1283","61717,169878076","61715,169064980"],"ci":169064977,"contacts":["奶奶,13804955688","姑妈,13101600217","外婆,13602146199","外公,15606997149","舅舅,15601821437","舅妈,13404198932","姨父,18008572640","姨娘,15008060265","亲爱的,13406010918","老弟,13203437554","老妹,18807478945","小明,13490122032","小李子,13603302831","汪意珊,15206292264","Larry Berry,13401721908","靳会昆,15308045352","杨情,15301083891","杨望,18800964860","Amanda Collins,18701508180","汪先豪,18707575592","左轩庞,13003105580","邱权敬,15701605291","Emma Martin,18700987282","尉迟华信,13603637266","王延耕,15702930463","于立,13490088322","Jennifer Lane,13490250485","王峻,13602166829","于宫,13601270335","张让昱,18704897253","Juan Dunn,18803565760","蓝津军,18701221979","吴灵午,18607197214","江设津,13705955480","Diane Weaver,13808714356","袁守雅,15505771259","陈权轩,13801048295","杨靖,13300196114","Tom Gibson,13490041680","李愚,13208133388"],"cpuName":"MT6750","densityDpi":480,"deviceId":"866162771569085","deviceSvn":"39","displayId":"m3-user 6.0.1 MMB29T 13d774e4 release-keys","extraInfo":"ChainaNet_5863","height":0,"hidePkgs":[],"hmNotes":"","hookPkgs":[],"lac":61715,"latitude":30.5534015,"line1Number":"18482130212","longitude":104.0862664,"macAddress":"28:68:8a:43:1f:4c","memAvailable":701569173,"memFree":2104707519,"memTotal":2806276692,"mnc":"00","networkClass":1,"networkCountryIso":"cn","networkOperator":"46002","networkOperatorName":"中国移动","networkType":2,"networkTypeName":"EDGE","phoneType":1,"rgAndroid":"23","rgAreaode":"86","rgBackupPath":"/storage/emulated/0/.money/backup/20180111/18482130212_20180111.db","rgConNames":[],"rgCountry":"中国","rgDevice":"xiaomiRedmi 4X","rgIp":"101.206.167.170","rgLastLogin":1515663301009,"rgLocation":"四川省 联通","rgNetType":"切换飞行模式","rgOrPhone":"18482130212","rgPhoneNo":"18482130212","rgServer":"飞行模式切换","rgTime":1515658084277,"rgVcode":"爱乐赞(接码/发码)","rgVersion":"1.6.0","rgWxError":"帐号状态异常，本次登录已失效。请尝试重新登录，并根据弹窗提示操作。","rgWxName":"童薇红","rgWxPasswd":"Rmst@7890","rgWxStatus":"异常","rgWxWindows":"否","serialno":"e8cdc55e","simCountryIso":"cn","simOperator":"46002","simOperatorName":"中国移动","simSerialNumber":"8986027542375619786","simState":5,"subscriberId":"460024754343633","type":1,"typeName":"WIFI","width":0,"wifiScan":["Netcore_921cb0,50:bd:5f:b6:cf:d8,[WPA-PSK-CCMP][WPA2-PSK-CCMP][ESS],-87,2462,489922663","Tenda_a7cb80,bc:46:99:4e:59:84,[WPA-PSK-CCMP][WPA2-PSK-CCMP][WPS][ESS],-52,2472,1816630619","PHICOMM_b03198,d8:15:0d:29:b8:d6,[WPA-PSK-CCMP][WPA2-PSK-CCMP][WPS][ESS],-75,2412,2376727900","FAST_5154,64:3a:b1:41:84:12,[WPA2-PSK-CCMP][ESS],-75,2462,3081531736","Netcore_aed053,40:16:9f:52:c0:46,[WPA-PSK-CCMP][WPA2-PSK-CCMP][ESS],-79,2412,466951741"]}