{"BSSID":"4d:20:37:e5:a4:10","IpAddress":"10.4.13.201","P2p0Mac":"86:2b:de:cd:4b:be","SSID":"Netcore_caed0d","androidId":"ebbf3c02104a69d7","batteryLevel":80,"btAddress":"9a:15:40:52:07:1b","btName":"GT-I9308I","buildAbi":"armeabi-v7a","buildAbi2":"armeabi","buildBoard":"MSM8960","buildBrand":"samsung","buildCodename":"REL","buildDescription":"GT-I9308I-user 5.0 LRX21M 6a8fc7d0 release-keys","buildDevice":"GT-I9308I","buildFingerprint":"samsung/GT-I9308I/GT-I9308I:5.0/LRX21M/6a8fc7d0:user/release-keys","buildHardware":"qcom","buildHost":"ubuntu","buildId":"LRX21M","buildIncremental":"6a8fc7d0","buildManufacturer":"samsung","buildModel":"GT-I9308I","buildName":"samsung","buildProduct":"GT-I9308I","buildRadioVersion":"smfauzhvfzz","buildRelease":"5.0","buildSdk":"21","buildSerialno":"193bfeaa","buildTags":"release-keys","buildType":"user","buildUser":"lgmobile","buildUtc":1474750286944,"cellScan":["61726,28191","32819,52751","32819,25114","32819,25115","33045,117977889"],"ci":25115,"contacts":["奶奶,14703034984","姑妈,18005423386","外婆,15705048631","外公,13507651742","舅舅,15003959074","舅妈,15705845658","姨父,15202785396","姨娘,15108546538","亲爱的,14701591683","老弟,14702992937","老妹,13304027568","小明,15902716345","小李子,13907746303","李砚寿,15806435516","Julia Perez,15108045676","王岩,15301205318","陈权,15907067132","吴雍,18807923592","Joan Dunn,18705886429","刁古泰,13905008825","郭皓保,15601068099","石弘腾,15608570917","Thelma Fox,15603654528","夏良仕,13608806877","杨密,15707044851","乌龙慎,18908512449","Ann Duncan,15304170507","屈儒蔚,15306220018","韩会,15201053476","马欣鑫,18903091737","Deborah Barnes,18905005679","杨湘,18707923268","杨王,13505767177","李峻桐,13403560681","Jennifer Wagner,15006894062","卫羡诗,15201702300","杨罗悠,15003052677","咎炬明,13107697551","Ruby Robinson,18608721300","谷团嵬,15605695036","滕明会,13400774240","余童伊,13701300633","Theodore Chavez,13902284316","王硕诗,15900945112"],"cpuName":"Qualcomm MSM 8226 (Flattened Device Tree)","densityDpi":240,"deviceId":"865188091601754","deviceSvn":"82","displayId":"GT-I9308I-user 5.0 LRX21M 6a8fc7d0 release-keys","extraInfo":"ctlte","height":0,"hidePkgs":[],"hmNotes":"","hookPkgs":[],"lac":32819,"latitude":30.5330752,"line1Number":"18482144653","longitude":104.231042,"macAddress":"3a:8e:91:58:69:9f","memAvailable":701769200,"memFree":2105307600,"memTotal":2807076800,"mnc":"00","networkClass":1,"networkCountryIso":"cn","networkOperator":"46007","networkOperatorName":"中国移动","networkType":2,"networkTypeName":"EDGE","phoneType":1,"rgAndroid":"23","rgAreaode":"86","rgBackupPath":"/storage/emulated/0/.money/backup/20180111/18482144653_20180111.db","rgConNames":[],"rgCountry":"中国","rgDevice":"xiaomiRedmi 4X","rgIp":"119.4.253.180","rgLastLogin":1515663367523,"rgLocation":"四川省成都市 联通","rgNetType":"切换飞行模式","rgOrPhone":"18482144653","rgPhoneNo":"18482144653","rgServer":"飞行模式切换","rgTime":1515658647697,"rgVcode":"爱乐赞(接码/发码)","rgVersion":"1.6.0","rgWxError":"帐号状态异常，本次登录已失效。请尝试重新登录，并根据弹窗提示操作。","rgWxName":"郁让静","rgWxPasswd":"Rmst@7890","rgWxStatus":"异常","rgWxWindows":"否","serialno":"193bfeaa","simCountryIso":"cn","simOperator":"46007","simOperatorName":"中国移动","simSerialNumber":"8986022672651238203","simState":5,"subscriberId":"460079622579897","type":0,"typeName":"MOBILE","width":0,"wifiScan":["FAST_d298ca,8c:be:be:1e:a9:29,[WPA-PSK-CCMP][WPA2-PSK-CCMP][WPS][ESS],-79,2437,536388928","TP-LINK_0416,00:23:c9:cf:7b:60,[WPA2-PSK-CCMP][ESS],-71,2437,2774432963","TP-LINK_7a9dbf,f0:f7:55:d8:72:48,[WPA-PSK-CCMP][WPA2-PSK-CCMP][WPS][ESS],-75,2437,543626438","PHICOMM_c10da0,ac:85:3d:21:dd:00,[WPA-PSK-CCMP][WPA2-PSK-CCMP][WPS][ESS],-64,2417,427961399","ChainaNet_4104,64:3a:b1:79:4d:5a,[WPA2-PSK-CCMP][ESS],-81,2457,292454326"]}