{"BSSID":"a0:a1:7c:79:81:ae","IpAddress":"192.168.64.215","P2p0Mac":"19:96:b6:64:11:b3","SSID":"FAST_79c1ea","androidId":"fd41c9c0f55970c5","batteryLevel":69,"btAddress":"bb:de:11:e5:cf:9a","btName":"HUAWEI GRA-CL10","buildAbi":"armeabi-v7a","buildAbi2":"armeabi","buildBoard":"p970","buildBrand":"HUAWEI","buildCodename":"REL","buildDescription":"GRA-CL10-user 5.0 LRX21M ef5b3c71 release-keys","buildDevice":"HWGRA","buildFingerprint":"HUAWEI/HUAWEI GRA-CL10/HWGRA:5.0/LRX21M/ef5b3c71:user/release-keys","buildHardware":"qcom","buildHost":"mine","buildId":"LRX21M","buildIncremental":"ef5b3c71","buildManufacturer":"HUAWEI","buildModel":"HUAWEI GRA-CL10","buildName":"HUAWEI","buildProduct":"GRA-CL10","buildRadioVersion":"xcyrkiqsydcdq","buildRelease":"5.0","buildSdk":"21","buildSerialno":"2e3371f9","buildTags":"release-keys","buildType":"user","buildUser":"buildHost","buildUtc":1461156257479,"cellScan":["61707,168099981","61707,168099984","61707,168493433","61699,168099984","33033,117628704"],"ci":168493433,"contacts":["奶奶,15002045272","姑妈,13004508079","外婆,14700373205","外公,13205800059","舅舅,18800017732","舅妈,13501875877","姨父,15300995648","姨娘,13108450577","亲爱的,13104042298","老弟,14707201547","老妹,18901023251","小明,13907552009","小李子,13907445391","李怒,13201435312","Sue Palmer,13107396413","王利贺,15207677126","滑曜思,13805900285","水昆逵,15903627890","Jeanette Rose,15902940283","李涂峻,13503677075","费莉素,15007253485","尤瑛蔚,18706178092","Doris Armstrong,18707896407","家童时,18806693605","于岳,18800274608","秋梦岩,18007807863","Oscar Harris,13490199315","吴愚设,13901513940","王进礼,14708508934","杨绵,18901780350","Ida Collins,18001858505","储阔能,18807997168","娄如嵬,13807178133","王影勇,13905057065","Matthew Mitchell,13904984356","常室瑞,18805232800","于仪,13700391284","吴琴,15605731258","Jeanette Cox,15502760299","张津,13401078998","陈游,13303232861","吕琴芹,13102864236","Curtis Johnson,13007800934","于建,15603422664","夏阁郡,15907832419","王翔寅,13204613943","Bernard Stone,18601203301","余思协,13302338686"],"cpuName":":0","densityDpi":480,"deviceId":"861570450279823","deviceSvn":"81","displayId":"GRA-CL10-user 5.0 LRX21M ef5b3c71 release-keys","extraInfo":"FAST_79c1ea","height":0,"hidePkgs":[],"hmNotes":"","hookPkgs":[],"lac":61707,"latitude":30.6758559,"line1Number":"18482061048","longitude":104.1056161,"macAddress":"b7:68:a5:57:08:39","memAvailable":32109061,"memFree":64218124,"memTotal":96327185,"mnc":"00","networkClass":3,"networkCountryIso":"cn","networkOperator":"46002","networkOperatorName":"中国移动","networkType":13,"networkTypeName":"LTE","phoneType":1,"rgAndroid":"23","rgAreaode":"86","rgConNames":["上善若水","张衔"],"rgConsize":"2","rgCountry":"中国","rgDevice":"xiaomiRedmi 4X","rgIp":"119.4.253.58","rgLastLogin":1516244356045,"rgLocation":"四川省成都市 联通","rgNetType":"切换飞行模式","rgOrPhone":"18482061048","rgPhoneNo":"18482061048","rgServer":"飞行模式切换","rgTime":1515660231107,"rgVcode":"爱乐赞(接码/发码)","rgVersion":"1.6.0","rgWxEmail":"未绑定","rgWxError":"该微信帐号因批量或者使用非法软件注册被限制登录，如需继续使用，请轻触“确定”申请解除限制。","rgWxName":"张衔","rgWxNo":"未设置","rgWxPasswd":"Rmst@7890","rgWxQQ":"未绑定","rgWxStatus":"异常","rgWxWindows":"否","serialno":"2e3371f9","simCountryIso":"cn","simOperator":"46002","simOperatorName":"中国移动","simSerialNumber":"8986022710116630064","simState":5,"subscriberId":"460026942786894","type":1,"typeName":"WIFI","width":0,"wifiScan":["ChainaNet_ded0,c4:09:38:03:a6:31,[WPA2-PSK-CCMP][WPS][ESS],-78,2437,217285658","Tenda_585476,c0:61:18:38:7b:0a,[WPA2-PSK-CCMP][WPS][ESS],-92,2437,3307630077","MERCURY_474375,6c:59:40:77:f3:44,[WPA-PSK-CCMP][WPA2-PSK-CCMP][WPS][ESS],-82,2462,197508792","MERCURY_d98c0e,00:74:04:f1:02:f1,[WPA-PSK-CCMP][WPA2-PSK-CCMP][ESS],-51,2437,2566631879","MERCURY_d0f42e,e4:d3:32:41:a5:38,[WPA-PSK-CCMP][WPA2-PSK-CCMP][WPS][ESS],-78,2412,2568727909"]}