{"BSSID":"de:b9:0c:17:8d:c3","IpAddress":"10.38.18.156","P2p0Mac":"71:a4:db:58:87:9d","SSID":"TP-LINK_dbf31e","androidId":"89e38e48af2cac67","batteryLevel":86,"btAddress":"da:09:62:ee:ae:60","btName":"OPPO A59s","buildAbi":"armeabi-v7a","buildAbi2":"armeabi","buildBoard":"ventana","buildBrand":"OPPO","buildCodename":"REL","buildDescription":"A59-user 5.0 LRX21M 8ae47181 release-keys","buildDevice":"A59","buildFingerprint":"OPPO/OPPO A59s/A59:5.0/LRX21M/8ae47181:user/release-keys","buildHardware":"qcom","buildHost":"ubuntu","buildId":"LRX21M","buildIncremental":"8ae47181","buildManufacturer":"OPPO","buildModel":"OPPO A59s","buildName":"OPPO","buildProduct":"A59","buildRadioVersion":"ntiydbafypbedcbf","buildRelease":"5.0","buildSdk":"21","buildSerialno":"3c0296d7","buildTags":"release-keys","buildType":"user","buildUser":"buildHost","buildUtc":1487291493227,"cellScan":[],"ci":0,"contacts":["奶奶,15905830536","姑妈,18607776656","外婆,13307960837","外公,15308684874","舅舅,15801430564","舅妈,13206834271","姨父,15500678538","姨娘,13602772252","亲爱的,13401393728","老弟,15005424734","老妹,13305481155","小明,13604787940","小李子,13504705634","凌薇炬,18802655960","Laurie Cruz,18804454385","王明,18706376256","许耕砚,15006673573","张琦,13307063498","Alan Dunn,15306652811","鲍佑焱,14708658795","吴延,13705923267","吴奇儒,15703581373","Frank Rodriguez,15700880467","王苡愚,13707448010","吴愚寿,15500910274","于雪双,18704494924","Kathryn Cole,15707896643","苗默渠,13908213479","戴英添,13490816206","余盛,13304691726","Ronnie Murphy,18006582938","路情嘉,15603674846","张佳,15800021679","杨昆,13704162838","Bertha Stewart,13506492563","杨若,13506568198","魏贤楷,15206850678","魏随思,18803991447","Melvin Baker,14701324276","王惠,13490696466","束如欣,15700717087"],"cpuName":"MT6750","densityDpi":480,"deviceId":"865230394518952","deviceSvn":"71","displayId":"A59-user 5.0 LRX21M 8ae47181 release-keys","extraInfo":"ctlte","height":0,"hidePkgs":[],"hmNotes":"","hookPkgs":[],"lac":0,"latitude":30.4908794,"line1Number":"15198167243","longitude":104.3177569,"macAddress":"a1:50:d0:0d:5d:f8","memAvailable":31351971,"memFree":62703943,"memTotal":94055914,"mnc":"00","networkClass":3,"networkCountryIso":"cn","networkOperator":"46002","networkOperatorName":"中国移动","networkType":13,"networkTypeName":"LTE","phoneType":1,"rgAndroid":"23","rgAreaode":"86","rgConNames":["上善若水","李古仕"],"rgConsize":"2","rgCountry":"中国","rgDevice":"xiaomiRedmi 4X","rgIp":"119.4.254.27","rgLastLogin":1516244772016,"rgLocation":"四川省成都市 联通","rgNetType":"切换飞行模式","rgOrPhone":"15198167243","rgPhoneNo":"15198167243","rgServer":"飞行模式切换","rgTime":1515830604121,"rgVcode":"玉米(发码)","rgVersion":"1.6.0","rgWxEmail":"未绑定","rgWxError":"该微信帐号因批量或者使用非法软件注册被限制登录，如需继续使用，请轻触“确定”申请解除限制。","rgWxId":"wxid_krx46ni7jtd422","rgWxName":"李古仕","rgWxNo":"未设置","rgWxPasswd":"Rmst@7890","rgWxQQ":"未绑定","rgWxStatus":"异常","rgWxWindows":"否","serialno":"3c0296d7","simCountryIso":"cn","simOperator":"46002","simOperatorName":"中国移动","simSerialNumber":"8986021465793938520","simState":5,"subscriberId":"460022720630185","type":0,"typeName":"MOBILE","width":0,"wifiScan":["Netcore_9cfe31,40:d5:14:55:85:2c,[WPA-PSK-CCMP][WPA2-PSK-CCMP][ESS],-83,2412,2124134593","MERCURY_2f3863,01:dd:0c:90:aa:1e,[WPA2-PSK-CCMP][WPS][ESS],-95,2412,355401586","MERCURY_dcfe21,72:d7:19:fc:fe:4e,[WPA-PSK-CCMP][WPA2-PSK-CCMP][WPS][ESS],-59,2462,415632075","MERCURY_58db0f,51:09:a7:27:8e:19,[WPA2-PSK-CCMP][ESS],-90,2412,298230684","Netcore_169815,23:fc:00:75:c8:6e,[WPA-PSK-CCMP][WPA2-PSK-CCMP][WPS][ESS],-61,2437,1975237021","MERCURY_9eb0,ce:a7:f6:0e:4f:b6,[WPA-PSK-CCMP][WPA2-PSK-CCMP][WPS][ESS],-75,2462,247683465","FAST_2649,4f:f3:7e:64:c4:7b,[WPA-PSK-CCMP][WPA2-PSK-CCMP][WPS][ESS],-79,2437,400949915"]}