{"BSSID":"30:6a:12:65:0d:81","IpAddress":"192.168.12.94","P2p0Mac":"38:5c:6f:15:1e:82","SSID":"FAST_2638","androidId":"b799861ef0235fef","batteryLevel":83,"btAddress":"42:1c:e3:b1:bb:2b","btName":"m3 note","buildAbi":"armeabi-v7a","buildAbi2":"armeabi","buildBoard":"MSM8226","buildBrand":"Meizu","buildCodename":"REL","buildDescription":"m3note-user 6.0.1 MMB29T 5300ddb2 release-keys","buildDevice":"m3note","buildFingerprint":"Meizu/m3 note/m3note:6.0.1/MMB29T/5300ddb2:user/release-keys","buildHardware":"qcom","buildHost":"mz-buider-4","buildId":"MMB29T","buildIncremental":"5300ddb2","buildManufacturer":"Meizu","buildModel":"m3 note","buildName":"Meizu","buildProduct":"m3note","buildRadioVersion":"jeymcfxsdoia","buildRelease":"6.0.1","buildSdk":"23","buildSerialno":"ea6e63e7","buildTags":"release-keys","buildType":"user","buildUser":"jenkins","buildUtc":1468284798069,"cellScan":["33292,23043","65535,4443","65535,2228","39700,162582323","33028,28056"],"ci":23043,"contacts":["奶奶,15704085036","姑妈,15704428285","外婆,13006961033","外公,18801851110","舅舅,14703505271","舅妈,14700687728","姨父,14706798914","姨娘,18701540083","亲爱的,15900111497","老弟,13800741292","老妹,15906724203","小明,15104481326","小李子,15207318824","陈贤,18803067253","Evelyn Wilson,15701102668","巫泉朔,15701926743","单儒航,13302395543","王立怒,15800502297","Dean Lopez,15206130238","卜铁楷,13302133007","束浩茂,14706322558","王锦铜,18807514424","Maurice Long,18804154386","尉迟殊鹄,13408490934","吴权,18808567035","黄界钰,13503867457","Vanessa James,13804012175","吴克愚,15701865062","于俊,15505252173","阮厚明,13703398532","Judith Black,13702166116","王净,18702602649","储行情,18907240762","杨朔,13201557373","Scott Olson,13101966252","伏三恒,15102580165","封虹奎,13708720719","李贤,13905280670","Bruce Nichols,13903963035","魏立儒,18007413809"],"cpuName":"MT6750","densityDpi":320,"deviceId":"862807336634873","deviceSvn":"58","displayId":"m3note-user 6.0.1 MMB29T 5300ddb2 release-keys","extraInfo":"FAST_2638","height":0,"hidePkgs":[],"hmNotes":"","hookPkgs":[],"lac":33292,"latitude":30.4256612,"line1Number":"15198153248","longitude":103.961432,"macAddress":"fa:ce:6d:1b:ec:fe","memAvailable":701764772,"memFree":2105294316,"memTotal":2807059088,"mnc":"00","networkClass":2,"networkCountryIso":"cn","networkOperator":"46007","networkOperatorName":"中国移动","networkType":17,"networkTypeName":"TD_SCDMA","phoneType":1,"rgAndroid":"23","rgAreaode":"86","rgBackupPath":"/storage/emulated/0/.money/backup/20180113/15198153248_20180113.db","rgConNames":[],"rgCountry":"中国","rgDevice":"xiaomiRedmi 4X","rgIp":"119.4.255.125","rgLastLogin":1515837760678,"rgLocation":"四川省成都市 联通","rgNetType":"切换飞行模式","rgOrPhone":"15198153248","rgPhoneNo":"15198153248","rgServer":"飞行模式切换","rgTime":1515825577127,"rgVcode":"玉米(发码)","rgVersion":"1.6.0","rgWxError":"帐号状态异常，本次登录已失效。请尝试重新登录，并根据弹窗提示操作。","rgWxName":"樊琴琴","rgWxPasswd":"Rmst@7890","rgWxStatus":"异常","rgWxWindows":"否","serialno":"ea6e63e7","simCountryIso":"cn","simOperator":"46007","simOperatorName":"中国移动","simSerialNumber":"8986028723507789290","simState":5,"subscriberId":"460075137930971","type":1,"typeName":"WIFI","width":0,"wifiScan":["FAST_1fe164,0c:72:2c:d3:d5:0a,[WPA2-PSK-CCMP][WPS][ESS],-88,2437,511534553","Netcore_6a9648,28:2c:b2:e6:08:aa,[WPA2-PSK-CCMP][WPS][ESS],-84,2462,242738200","PHICOMM_8d0fba,e4:d3:32:5c:0f:c2,[WPA2-PSK-CCMP][ESS],-81,2437,471327902","MERCURY_1dc0f3,38:d8:2f:aa:3a:51,[WPA-PSK-CCMP][WPA2-PSK-CCMP][WPS][ESS],-78,2462,1518227358","FAST_316586,8c:f2:28:56:32:9e,[WPA-PSK-CCMP][WPA2-PSK-CCMP][ESS],-74,2462,296463494"]}