{"BSSID":"8d:59:f6:45:ca:cf","IpAddress":"10.71.69.235","P2p0Mac":"df:fe:ab:5b:ad:0d","SSID":"MERCURY_d0f376","androidId":"825ac0ef852cba7b","batteryLevel":57,"btAddress":"69:63:e9:96:ba:d4","btName":"HUAWEI GRA-CL10","buildAbi":"armeabi-v7a","buildAbi2":"armeabi","buildBoard":"t1","buildBrand":"HUAWEI","buildCodename":"REL","buildDescription":"HWGRA-user 5.0 LRX21M 82f71921 release-keys","buildDevice":"HWGRA","buildFingerprint":"HUAWEI/HUAWEI GRA-CL10/HWGRA:5.0/LRX21M/82f71921:user/release-keys","buildHardware":"qcom","buildHost":"mz-buider-4","buildId":"LRX21M","buildIncremental":"82f71921","buildManufacturer":"HUAWEI","buildModel":"HUAWEI GRA-CL10","buildName":"HUAWEI","buildProduct":"HWGRA","buildRadioVersion":"bjtlckqvfs","buildRelease":"5.0","buildSdk":"21","buildSerialno":"8a4e3976","buildTags":"release-keys","buildType":"user","buildUser":"android","buildUtc":1463156537500,"cellScan":["61713,26824","33024,96993153","33034,26824","61731,170080291","61713,168900643"],"ci":170080291,"contacts":["奶奶,15802208163","姑妈,15503805895","外婆,13607177607","外公,15808362643","舅舅,15904383279","舅妈,18801923965","姨父,18806415857","姨娘,13403601619","亲爱的,15701069063","老弟,13407107942","老妹,13300786767","小明,18605595602","小李子,13401570632","贲媛亚,18900700412","Catherine Clark,18004495097","郑随,15906444215","潘廉佩,18806550945","于彦,15604684922","Nancy King,13004681557","吴逵岩,18808426366","李峻校,13103266144","张羡素,15204440515","Sylvia Lopez,15102556557","何可翔,13901467192","张适,13908380327","邬夏思,13002896820","Jeffery Bryant,13102882075","杨锦世,18706458402","娄雪团,13300345452","荀荃泰,18703142607","Brandon Mason,14707884210","唐联芹,18803523056","席献午,13603822662","李璇午,13308286667","Miguel Hunt,15301950098","陈屏嘉,13108851170","于礼,15303221921","夏侯行利,13103166261","Stephanie Lane,15604836856","经宣如,18801436026"],"cpuName":"Kirin935","densityDpi":240,"deviceId":"867091086689230","deviceSvn":"30","displayId":"HWGRA-user 5.0 LRX21M 82f71921 release-keys","extraInfo":"ctnet","height":0,"hidePkgs":[],"hmNotes":"","hookPkgs":[],"lac":61731,"latitude":30.8049752,"line1Number":"15708432421","longitude":104.357603,"macAddress":"87:b9:27:92:56:10","memAvailable":31485492,"memFree":62970986,"memTotal":94456478,"mnc":"00","networkClass":1,"networkCountryIso":"cn","networkOperator":"46002","networkOperatorName":"中国移动","networkType":2,"networkTypeName":"EDGE","phoneType":1,"rgAndroid":"23","rgAreaode":"86","rgConNames":["上善若水","余骥适"],"rgConsize":"2","rgCountry":"中国","rgDevice":"xiaomiRedmi 4X","rgIp":"101.206.166.200","rgLastLogin":1516244819300,"rgLocation":"四川省 联通","rgNetType":"切换飞行模式","rgOrPhone":"15708432421","rgPhoneNo":"15708432421","rgServer":"飞行模式切换","rgTime":1515835730620,"rgVcode":"玉米(发码)","rgVersion":"1.6.0","rgWxEmail":"未绑定","rgWxError":"该微信帐号因批量或者使用非法软件注册被限制登录，如需继续使用，请轻触“确定”申请解除限制。","rgWxId":"wxid_64ve3e9levsk22","rgWxName":"余骥适","rgWxNo":"未设置","rgWxPasswd":"Rmst@7890","rgWxQQ":"未绑定","rgWxStatus":"异常","rgWxWindows":"否","serialno":"8a4e3976","simCountryIso":"cn","simOperator":"46002","simOperatorName":"中国移动","simSerialNumber":"8986028457994193436","simState":5,"subscriberId":"460027926247494","type":0,"typeName":"MOBILE","width":0,"wifiScan":["Netcore_e1f475,98:2f:3c:41:13:92,[WPA-PSK-CCMP][WPA2-PSK-CCMP][WPS][ESS],-86,2412,2967638161","MERCURY_f475,6c:59:40:22:23:80,[WPA2-PSK-CCMP][WPS][ESS],-68,2412,396885670","Tenda_cfebae,8c:f2:28:12:0c:a6,[WPA-PSK-CCMP][WPA2-PSK-CCMP][WPS][ESS],-72,2427,2805134664","MERCURY_fc9ed1,6c:59:40:4f:52:6a,[WPA2-PSK-CCMP][WPS][ESS],-95,2412,2787734321","TP-LINK_05db0e,6c:59:40:22:23:8c,[WPA2-PSK-CCMP][WPS][ESS],-82,2462,3416033508"]}