{"BSSID":"c6:86:9c:0b:8a:63","IpAddress":"192.168.11.236","P2p0Mac":"31:e7:f1:56:e7:7b","SSID":"ChainaNet_eb9c","androidId":"66a58f00cf3821ee","batteryLevel":80,"btAddress":"8b:12:92:4e:e3:33","btName":"OPPO A59s","buildAbi":"armeabi-v7a","buildAbi2":"armeabi","buildBoard":"w5","buildBrand":"OPPO","buildCodename":"REL","buildDescription":"A59-user 5.1.1 LMY48G 2e89d9cc release-keys","buildDevice":"A59","buildFingerprint":"OPPO/OPPO A59s/A59:5.1.1/LMY48G/2e89d9cc:user/release-keys","buildHardware":"qcom","buildHost":"taishan","buildId":"LMY48G","buildIncremental":"2e89d9cc","buildManufacturer":"OPPO","buildModel":"OPPO A59s","buildName":"OPPO","buildProduct":"A59","buildRadioVersion":"ucqqwzhg","buildRelease":"5.1.1","buildSdk":"22","buildSerialno":"a3cc99fb","buildTags":"release-keys","buildType":"user","buildUser":"MarkBuild","buildUtc":1462714860660,"cellScan":["33061,136844546","39937,163947059","33045,118124832","33061,140004614","33061,140004617"],"ci":163947059,"contacts":["奶奶,15706295142","姑妈,13490237427","外婆,18808037593","外公,13601053270","舅舅,13706838355","舅妈,13403673487","姨父,13006423982","姨娘,13490678127","亲爱的,15300102818","老弟,15307139000","老妹,13805626911","小明,13902917501","小李子,13504847735","王楷玉,15207608187","Maurice Hamilton,15101811542","王学,18805171452","李烁航,13500545490","范国浩,15901668322","Rick Turner,15004187661","云广胤,15803490391","潘向宫,15305775297","滑然兴,18801944256","Jorge Phillips,15701124858","舒幸畏,15902785797","杨轩君,13501356510","余双,15901410394","Ricky Garcia,13406464557","厉腾静,18706908622","吴思西,15104206231","尹伊佳,18908224560","Evelyn Cruz,18904192547","巴游熙,18705932990","杨易媛,13305655579","宋蔚炬,18003194058","Regina Murray,13308490506","张儒童,13490704452","上官世熙,15900062757","束宫室,15601102233","Randall Marshall,18601054229","陈宣逵,18707277354","缪河荣,13602730311","张影,13405616252","Eugene Nichols,15006642473","余耀瑞,13490841259","杨吉坚,13302076049","李界诗,13607042010","Michael Green,13504811648","滕仁悠,13705658479","宋景昱,15205930557","单香雨,13000500118","Joann Brown,13205015448"],"cpuName":"MT6750","densityDpi":480,"deviceId":"864310780841365","deviceSvn":"72","displayId":"A59-user 5.1.1 LMY48G 2e89d9cc release-keys","extraInfo":"ChainaNet_eb9c","height":0,"hidePkgs":[],"hmNotes":"","hookPkgs":[],"lac":39937,"latitude":30.6977765,"line1Number":"15719450549","longitude":104.3406624,"macAddress":"f0:93:a7:df:b7:81","memAvailable":701662266,"memFree":2104986801,"memTotal":2806649067,"mnc":"00","networkClass":1,"networkCountryIso":"cn","networkOperator":"46000","networkOperatorName":"中国移动","networkType":2,"networkTypeName":"EDGE","phoneType":1,"rgAndroid":"23","rgAreaode":"86","rgBackupPath":"/storage/emulated/0/.money/backup/20180113/15719450549_20180113.db","rgConNames":[],"rgCountry":"中国","rgDevice":"xiaomiRedmi 4X","rgIp":"101.206.167.142","rgLastLogin":1515837175383,"rgLocation":"四川省 联通","rgNetType":"切换飞行模式","rgOrPhone":"15719450549","rgPhoneNo":"15719450549","rgServer":"飞行模式切换","rgTime":1515815716574,"rgVcode":"玉米(发码)","rgVersion":"1.6.0","rgWxError":"帐号状态异常，本次登录已失效。请尝试重新登录，并根据弹窗提示操作。","rgWxName":"滑弘彤","rgWxPasswd":"Rmst@7890","rgWxStatus":"异常","rgWxWindows":"否","serialno":"a3cc99fb","simCountryIso":"cn","simOperator":"46000","simOperatorName":"中国移动","simSerialNumber":"8986026996213639779","simState":5,"subscriberId":"460009236037641","type":1,"typeName":"WIFI","width":0,"wifiScan":["Netcore_1d1048,70:a8:e3:de:b5:24,[WPA2-PSK-CCMP][WPS][ESS],-95,2412,3129037339","TP-LINK_df4164,24:69:68:47:3e:12,[WPA-PSK-CCMP][WPA2-PSK-CCMP][ESS],-82,2437,209183613","iTV-1498,a8:ca:7b:56:2e:d0,[WPA-PSK-CCMP][WPA2-PSK-CCMP][WPS][ESS],-75,2462,1945536523","FAST_8caf21,9c:21:6a:cf:74:ac,[WPA-PSK-CCMP][WPA2-PSK-CCMP][WPS][ESS],-92,2417,1053438412","TP-LINK_0d2148,38:83:45:2c:f7:18,[WPA-PSK-CCMP][WPA2-PSK-CCMP][WPS][ESS],-90,2412,204452361"]}