{"BSSID":"a6:ec:6d:9e:68:27","IpAddress":"192.168.43.157","P2p0Mac":"96:54:34:d3:1b:09","SSID":"FAST_025376","androidId":"4ec23a19a96a6f92","batteryLevel":38,"btAddress":"8a:91:07:ea:ed:98","btName":"M5 Note","buildAbi":"armeabi-v7a","buildAbi2":"armeabi","buildBoard":"MSM8916","buildBrand":"Meizu","buildCodename":"REL","buildDescription":"meizu_M5 Note-user 7.1.2 NMF26Q 0f1e25b0 release-keys","buildDevice":"M5Note","buildFingerprint":"Meizu/M5 Note/M5Note:7.1.2/NMF26Q/0f1e25b0:user/release-keys","buildHardware":"qcom","buildHost":"mz-buider-2","buildId":"NMF26Q","buildIncremental":"0f1e25b0","buildManufacturer":"Meizu","buildModel":"M5 Note","buildName":"Meizu","buildProduct":"meizu_M5 Note","buildRadioVersion":"hsmtovkxuoxlsi","buildRelease":"7.1.2","buildSdk":"25","buildSerialno":"5165e7aa","buildTags":"release-keys","buildType":"user","buildUser":"buildHost","buildUtc":1504898281146,"cellScan":["1821,34163","39700,162883891","33312,21652"],"ci":34163,"contacts":["奶奶,14706577382","姑妈,15306028261","外婆,18803179099","外公,15800498921","舅舅,18807881404","舅妈,18805304270","姨父,13901606188","姨娘,15003808147","亲爱的,15800987923","老弟,13908686514","老妹,13205957493","小明,18800506988","小李子,13401162537","缪轩禄,18600614271","Leo Holmes,13102760656","李进裕,18706966368","李向望,13803848112","李奇佳,18602638749","Cindy Lane,13101362369","柳星渠,15003900816","王航,13601636587","班升书,18700864753","Alan Watson,18708647095","阮茜可,15307017849","滑卫胜,13304233477","于君,13490569429","Peggy Morales,18904124640","王界晟,15105837734","吴瑕耀,13490690234","滑立相,15002843915","Florence Diaz,15100531370","毛尚贵,15900958773","张屏,18901275076","杨恺,15006971008","Teresa Carpenter,15804196043","杨嘉,18807434690","苏生棠,15707804215","王棠恒,18708641865","Melvin Webb,15703255159","单界龙,13201132531","杨权,18604565354","余敬,15003014790","Ronald James,15803360304","储江麟,18004237717","张求,15307344628","嵇适怀,18705537429","Glenn Knight,18800096678","米昱贵,13005498207"],"cpuName":"MT6755M","densityDpi":480,"deviceId":"860351866175538","deviceSvn":"83","displayId":"meizu_M5 Note-user 7.1.2 NMF26Q 0f1e25b0 release-keys","extraInfo":"FAST_025376","height":0,"hidePkgs":[],"hmNotes":"","hookPkgs":[],"lac":1821,"latitude":30.5005014,"line1Number":"15928583703","longitude":104.1523852,"macAddress":"f1:71:a6:97:fa:38","memAvailable":31427388,"memFree":62854776,"memTotal":94282164,"mnc":"00","networkClass":1,"networkCountryIso":"cn","networkOperator":"46007","networkOperatorName":"中国移动","networkType":2,"networkTypeName":"EDGE","phoneType":1,"rgAndroid":"23","rgAreaode":"86","rgConNames":["上善若水","杨砚卿"],"rgConsize":"2","rgCountry":"中国","rgDevice":"xiaomiRedmi 4X","rgIp":"119.4.255.102","rgLastLogin":1516875947654,"rgLocation":"四川省成都市 联通","rgNetType":"切换飞行模式","rgOrPhone":"15928583703","rgPhoneNo":"15928583703","rgServer":"飞行模式切换","rgTime":1515826103558,"rgVcode":"玉米(发码)","rgVersion":"1.6.0","rgWxEmail":"未绑定","rgWxError":"","rgWxName":"杨砚卿","rgWxNo":"未设置","rgWxPasswd":"Rmst@7890","rgWxQQ":"未绑定","rgWxStatus":"异常","rgWxWindows":"否","serialno":"5165e7aa","simCountryIso":"cn","simOperator":"46007","simOperatorName":"中国移动","simSerialNumber":"8986021216786391689","simState":5,"subscriberId":"460072537733141","type":1,"typeName":"WIFI","width":0,"wifiScan":["MERCURY_8d9dbf,cc:34:29:46:29:dc,[WPA-PSK-CCMP][WPA2-PSK-CCMP][WPS][ESS],-56,2437,3181933559","ChainaNet_6275,80:89:17:c2:46:28,[WPA-PSK-CCMP][WPA2-PSK-CCMP][WPS][ESS],-81,2442,2086533971","Tenda_aed10d,14:75:90:0b:a9:d8,[WPA2-PSK-CCMP][WPS][ESS],-73,2462,250663356","TP-LINK_1436,ec:38:8f:d8:1d:64,[WPA2-PSK-CCMP][WPS][ESS],-84,2462,3432037863","Tenda_053842,6c:59:40:00:05:b2,[WPA2-PSK-CCMP][WPS][ESS],-87,2472,189123790"]}