{"BSSID":"47:27:31:4d:b5:a2","IpAddress":"192.168.35.42","P2p0Mac":"f2:3c:89:66:5c:3d","SSID":"Netcore_8ab9dc","androidId":"0f62b36a5690923a","batteryLevel":30,"btAddress":"70:88:91:23:c6:0c","btName":"2014501","buildAbi":"armeabi-v7a","buildAbi2":"armeabi","buildBoard":"steelhead","buildBrand":"Xiaomi","buildCodename":"REL","buildDescription":"HM2014501-user 5.1.1 LMY48G 72860bd6 release-keys","buildDevice":"HM2014501","buildFingerprint":"Xiaomi/2014501/HM2014501:5.1.1/LMY48G/72860bd6:user/release-keys","buildHardware":"qcom","buildHost":"Android-server","buildId":"LMY48G","buildIncremental":"72860bd6","buildManufacturer":"Xiaomi","buildModel":"2014501","buildName":"Xiaomi","buildProduct":"HM2014501","buildRadioVersion":"yaipjvxtsjvnvnq","buildRelease":"5.1.1","buildSdk":"22","buildSerialno":"4b72415e","buildTags":"release-keys","buildType":"user","buildUser":"Server","buildUtc":1454046625525,"cellScan":["32822,43375","33034,1284","33034,28935","61713,168903614","61700,4425"],"ci":168903614,"contacts":["奶奶,15004503393","姑妈,13807198142","外婆,13608421942","外公,15305193004","舅舅,13901311858","舅妈,13001164599","姨父,13902890881","姨娘,13490124085","亲爱的,13105671966","老弟,13808813676","老妹,18002478113","小明,15203082024","小李子,15904387020","余璎灵,18905355731","Victor Mcdonald,13490535867","董行薇,18803162092","李誓英,18801633501","童珀银,14703207074","Denise Ramirez,18705458547","元琴泉,15908154939","陈郡诗,13490797587","孟京虎,18706362156","Greg Arnold,14706322369","李谦,15902211722","谢松轩,15504691348","王君绍,15008765134","Cindy Hughes,13403870475","康畏义,13504924076","王耀鹄,13405418124","王胤,15306961361","Gene Fisher,15303747627","贾诗泰,13490389846","薛河森,13900596689","王雪,18903854891","Stephanie Phillips,13490745681","吴如闻,15801096122","任勇印,13204576342","陈嵬仕,13701107560","Sally Harper,13900561851","杨畏,14705978001","杨石,13507038265"],"cpuName":"MT6582","densityDpi":560,"deviceId":"860010022255432","deviceSvn":"48","displayId":"HM2014501-user 5.1.1 LMY48G 72860bd6 release-keys","extraInfo":"Netcore_8ab9dc","height":0,"hidePkgs":[],"hmNotes":"","hookPkgs":[],"lac":61713,"latitude":30.8145186,"line1Number":"18224457357","longitude":104.1427113,"macAddress":"6e:bd:f1:74:23:57","memAvailable":701803109,"memFree":2105409328,"memTotal":2807212437,"mnc":"00","networkClass":2,"networkCountryIso":"cn","networkOperator":"46007","networkOperatorName":"中国移动","networkType":8,"networkTypeName":"HSDPA","phoneType":1,"rgAndroid":"23","rgAreaode":"86","rgConNames":["李菁","上善若水"],"rgConsize":"2","rgCountry":"中国","rgDevice":"xiaomiRedmi 4X","rgIp":"101.206.167.86","rgLastLogin":1516244635621,"rgLocation":"四川省 联通","rgNetType":"切换飞行模式","rgOrPhone":"18224457357","rgPhoneNo":"18224457357","rgServer":"飞行模式切换","rgTime":1515814643797,"rgVcode":"玉米(发码)","rgVersion":"1.6.0","rgWxEmail":"未绑定","rgWxError":"该微信帐号因批量或者使用非法软件注册被限制登录，如需继续使用，请轻触“确定”申请解除限制。","rgWxId":"wxid_yls7inh1tkcv22","rgWxName":"李菁","rgWxNo":"未设置","rgWxPasswd":"Rmst@7890","rgWxQQ":"未绑定","rgWxStatus":"异常","rgWxWindows":"否","serialno":"4b72415e","simCountryIso":"cn","simOperator":"46007","simOperatorName":"中国移动","simSerialNumber":"8986004358757610261","simState":5,"subscriberId":"460072163156075","type":1,"typeName":"WIFI","width":0,"wifiScan":["Netcore_e26204,0c:72:2c:d1:e7:1c,[WPA-PSK-CCMP][WPA2-PSK-CCMP][WPS][ESS],-51,2412,3135334057","Netcore_ae20dc,00:23:c9:73:68:ed,[WPA2-PSK-CCMP][ESS],-93,2437,3539837980","FAST_36587b,20:dc:e6:46:41:4e,[WPA-PSK-CCMP][WPA2-PSK-CCMP][WPS][ESS],-94,2412,424602030","MERCURY_e10d0e,bc:46:99:28:5f:5a,[WPA2-PSK-CCMP][ESS],-92,2412,506894902","MERCURY_731648,e0:4f:bd:c0:09:d1,[WPA2-PSK-CCMP][WPS][ESS],-78,2427,536278819"]}