{"BSSID":"68:3b:e3:34:be:45","IpAddress":"192.168.90.143","P2p0Mac":"75:6f:cf:76:45:f1","SSID":"TP-LINK_052630","androidId":"49a7673bbce0aac3","batteryLevel":72,"btAddress":"a8:60:a7:41:4c:5f","btName":"vivo V3","buildAbi":"armeabi-v7a","buildAbi2":"armeabi","buildBoard":"p880","buildBrand":"vivo","buildCodename":"REL","buildDescription":"PD1524-user 5.1.1 LMY48G b79290ac release-keys","buildDevice":"PD1524","buildFingerprint":"vivo/vivo V3/PD1524:5.1.1/LMY48G/b79290ac:user/release-keys","buildHardware":"qcom","buildHost":"SCL_XA241_102","buildId":"LMY48G","buildIncremental":"b79290ac","buildManufacturer":"vivo","buildModel":"vivo V3","buildName":"vivo","buildProduct":"PD1524","buildRadioVersion":"lromgvdwkbn","buildRelease":"5.1.1","buildSdk":"22","buildSerialno":"2487b16e","buildTags":"release-keys","buildType":"user","buildUser":"android","buildUtc":1485724541288,"cellScan":["61731,170103121","32818,52912","33049,118186272","39938,163725362","32818,1025"],"ci":170103121,"contacts":["奶奶,13103216199","姑妈,15703497008","外婆,18804252699","外公,15806408224","舅舅,15608200113","舅妈,15205107315","姨父,14708598008","姨娘,13803806695","亲爱的,15602335234","老弟,15503181522","老妹,13705559076","小明,18803652219","小李子,18003543492","隗玉俊,13490320769","Ronnie Henderson,13490105009","杨汉童,13490042354","杨仁,14707693104","李蔚铭,15100764616","Patrick Roberts,15206244324","杨玉君,13501903665","张魄吉,13902375140","凤游绣,13490792855","Kelly Kelly,13303821197","张遇,15300051206","杨胜,15002343214","崔坚海,15608661672","Loretta Hayes,15606967162","史声愚,18800286017","王媛,15706547152","杨俊,18702715231","Mike Hall,14703937437","邵蔚惠,13490759861","余嗣甲,18002477529","蔡秀璎,15208857237","Craig Gray,15907310147","计航恺,13305048971","吕卫薇,15000590938","龚欣旺,13506880752","Nicholas Greene,13601955527","杨烁精,13402688158","于水瑜,13206412903","江怒享,15707822092","Emma Wagner,14704541511","杨陵,14708696944","贾保筱,13506932199","蔡友伊,13490551611","Steve Hunt,18004532018","孔影华,18708228230","于立,15507815107","车昆奇,15106871280","Ann Garcia,15008265638","羊万进,18006106113"],"cpuName":"MT6750","densityDpi":320,"deviceId":"864777071481871","deviceSvn":"31","displayId":"PD1524-user 5.1.1 LMY48G b79290ac release-keys","extraInfo":"TP-LINK_052630","height":0,"hidePkgs":[],"hmNotes":"","hookPkgs":[],"lac":61731,"latitude":30.8763605,"line1Number":"18224004055","longitude":104.3042088,"macAddress":"24:9b:69:bf:99:58","memAvailable":935641808,"memFree":1871283618,"memTotal":2806925426,"mnc":"00","networkClass":2,"networkCountryIso":"cn","networkOperator":"46002","networkOperatorName":"中国移动","networkType":17,"networkTypeName":"TD_SCDMA","phoneType":1,"rgAndroid":"23","rgAreaode":"86","rgBackupPath":"/storage/emulated/0/.money/backup/20180113/18224004055_20180113.db","rgConNames":[],"rgCountry":"中国","rgDevice":"xiaomiRedmi 4X","rgIp":"119.4.255.100","rgLastLogin":1515837489362,"rgLocation":"四川省成都市 联通","rgNetType":"切换飞行模式","rgOrPhone":"18224004055","rgPhoneNo":"18224004055","rgServer":"飞行模式切换","rgTime":1515822373835,"rgVcode":"玉米(发码)","rgVersion":"1.6.0","rgWxError":"帐号状态异常，本次登录已失效。请尝试重新登录，并根据弹窗提示操作。","rgWxName":"王欢","rgWxPasswd":"Rmst@7890","rgWxStatus":"异常","rgWxWindows":"否","serialno":"2487b16e","simCountryIso":"cn","simOperator":"46002","simOperatorName":"中国移动","simSerialNumber":"8986029994854773240","simState":5,"subscriberId":"460022397975580","type":1,"typeName":"WIFI","width":0,"wifiScan":["Tenda_38c326,6c:59:40:8a:df:2c,[WPA2-PSK-CCMP][ESS],-55,2427,442072119","Netcore_8cafda,64:3a:b1:7a:68:ea,[WPA-PSK-CCMP][WPA2-PSK-CCMP][WPS][ESS],-80,2462,2973834500","iTV-ed2f,18:44:e6:53:4f:b3,[WPA-PSK-CCMP][WPA2-PSK-CCMP][WPS][ESS],-90,2462,1321337869","FAST_498c,24:69:68:b9:24:fe,[WPA2-PSK-CCMP][WPS][ESS],-95,2462,2150834680","PHICOMM_bfd10d,6c:59:40:d2:3e:66,[WPS][ESS],-80,2412,270824781"]}