{"BSSID":"2a:dd:4f:e3:dc:dc","IpAddress":"10.19.39.233","P2p0Mac":"49:c6:b8:8e:e4:25","SSID":"Netcore_b6597b","androidId":"a13b1130b0e7fa93","batteryLevel":54,"btAddress":"bb:3b:c0:70:aa:17","btName":"Coolpad 8675-HD","buildAbi":"armeabi-v7a","buildAbi2":"armeabi","buildBoard":"hummingbird","buildBrand":"Coolpad","buildCodename":"REL","buildDescription":"8675-HD-user 7.1.2 NMF26Q 919a8c60 release-keys","buildDevice":"8675-HD","buildFingerprint":"Coolpad/Coolpad 8675-HD/8675-HD:7.1.2/NMF26Q/919a8c60:user/release-keys","buildHardware":"qcom","buildHost":"mine","buildId":"NMF26Q","buildIncremental":"919a8c60","buildManufacturer":"Coolpad","buildModel":"Coolpad 8675-HD","buildName":"Coolpad","buildProduct":"8675-HD","buildRadioVersion":"jcvwrjyzd","buildRelease":"7.1.2","buildSdk":"25","buildSerialno":"3037e7c9","buildTags":"release-keys","buildType":"user","buildUser":"android","buildUtc":1506245442004,"cellScan":["61728,28196","1821,28196","33042,118010913","32899,54996","61728,3565"],"ci":28196,"contacts":["奶奶,13302413870","姑妈,13403331883","外婆,18003903603","外公,15001161081","舅舅,13000834559","舅妈,15907216612","姨父,13802133915","姨娘,13703240411","亲爱的,13490547405","老弟,15302385053","老妹,18706531509","小明,18705678975","小李子,13804705386","杨影义,13802041352","Vincent Willis,13800645341","杨颂,18606340583","于静,15302650477","吴甲,18007893212","Eddie Matthews,18006883795","汪如芹,18908286014","吴仙随,18003976902","杨土炎,18603833092","Alan Sims,13103726211","王航,13803151220","庞岭寅,13107024531","王扬惠,13105506484","Sean Lewis,13202437472","慕容思如,13806675237","王薇朔,14702228600","鲁明进,13902445408","Philip Hunt,13708582867","李翰,13701645341","吉颂群,15705416469","糜权伟,13490509312","Ruth Austin,13306283884","詹贺介,13008152906","裘宣荣,18805511490","杨图孝,13305310431","Victoria Dixon,15307455053","杨厚,15301076020","李茜世,15306998924","陈奇,18902158372","Lauren Elliott,13490388696","尉迟如辉,13101063785","李焱,18802020792","王庞,13005634807","Ricardo Lee,15606125503","张行璇,13103885891","侯罗新,13702713017","柯巍萱,13803244215","Leo Thomas,13701385966"],"cpuName":"MT6592","densityDpi":560,"deviceId":"860301327295219","deviceSvn":"34","displayId":"8675-HD-user 7.1.2 NMF26Q 919a8c60 release-keys","extraInfo":"cmnet","height":0,"hidePkgs":[],"hmNotes":"","hookPkgs":[],"lac":61728,"latitude":30.5297638,"line1Number":"18228098784","longitude":104.0897612,"macAddress":"eb:d3:c8:e3:9c:65","memAvailable":701698630,"memFree":2105095892,"memTotal":2806794522,"mnc":"00","networkClass":2,"networkCountryIso":"cn","networkOperator":"46002","networkOperatorName":"中国移动","networkType":8,"networkTypeName":"HSDPA","phoneType":1,"rgAndroid":"23","rgAreaode":"86","rgBackupPath":"/storage/emulated/0/.money/backup/20180113/18228098784_20180113.db","rgConNames":[],"rgCountry":"中国","rgDevice":"xiaomiRedmi 4X","rgIp":"119.4.254.205","rgLastLogin":1515838438264,"rgLocation":"四川省成都市 联通","rgNetType":"切换飞行模式","rgOrPhone":"18228098784","rgPhoneNo":"18228098784","rgServer":"飞行模式切换","rgTime":1515833666862,"rgVcode":"玉米(发码)","rgVersion":"1.6.0","rgWxError":"帐号状态异常，本次登录已失效。请尝试重新登录，并根据弹窗提示操作。","rgWxName":"张菁","rgWxPasswd":"Rmst@7890","rgWxStatus":"异常","rgWxWindows":"否","serialno":"3037e7c9","simCountryIso":"cn","simOperator":"46002","simOperatorName":"中国移动","simSerialNumber":"8986008808518563180","simState":5,"subscriberId":"460021238986501","type":0,"typeName":"MOBILE","width":0,"wifiScan":["Tenda_d84365,44:97:5a:0c:1c:ca,[WPA-PSK-CCMP][WPA2-PSK-CCMP][WPS][ESS],-86,2462,1174332726","PHICOMM_eb0edb,00:b0:c6:2f:d3:88,[WPA-PSK-CCMP][WPA2-PSK-CCMP][WPS][ESS],-93,2442,244683920","Netcore_26a9da,b0:d5:9d:3b:42:07,[WPA2-PSK-CCMP][WPS][ESS],-68,2437,1757036676","MERCURY_beda9c,6c:59:40:5f:c9:96,[WPA-PSK-CCMP][WPA2-PSK-CCMP][WPS][ESS],-86,2437,277920005","Netcore_8cbfa9,00:b0:c6:2d:4a:d0,[WPA2-PSK-CCMP][ESS],-53,2437,260412122"]}