{"BSSID":"dc:03:5d:69:df:47","IpAddress":"10.97.33.190","P2p0Mac":"4d:ae:30:13:32:bd","SSID":"MERCURY_3e3659","androidId":"554fc525cbf17dff","batteryLevel":51,"btAddress":"17:4e:fe:06:c9:ca","btName":"vivo X6D","buildAbi":"armeabi-v7a","buildAbi2":"armeabi","buildBoard":"n1","buildBrand":"vivo","buildCodename":"REL","buildDescription":"PD1415D-user 7.1.2 NMF26Q 78d61b1a release-keys","buildDevice":"PD1415D","buildFingerprint":"vivo/vivo X6D/PD1415D:7.1.2/NMF26Q/78d61b1a:user/release-keys","buildHardware":"qcom","buildHost":"huawei-server-05","buildId":"NMF26Q","buildIncremental":"78d61b1a","buildManufacturer":"vivo","buildModel":"vivo X6D","buildName":"vivo","buildProduct":"PD1415D","buildRadioVersion":"uvcsnmxhiq","buildRelease":"7.1.2","buildSdk":"25","buildSerialno":"e9b9781b","buildTags":"release-keys","buildType":"user","buildUser":"lgmobile","buildUtc":1506829820379,"cellScan":["61715,32834","33312,24381","61715,169063060","61715,169063065","61715,169063067"],"ci":24381,"contacts":["奶奶,15702787075","姑妈,13303627422","外婆,15305115426","外公,13102907260","舅舅,15908863178","舅妈,18007713987","姨父,13803392100","姨娘,18808262064","亲爱的,15108456251","老弟,15704257649","老妹,15705751097","小明,18008216031","小李子,14702478349","李信锦,13801057737","Ralph Thompson,13506917396","王效,15205986987","张商先,13401140648","郁桂郡,15506478495","Ann Peterson,15505036690","康棠峻,18606637555","宣启盛,13804874888","翁炎昆,13003628981","Theodore Ross,15606633046","詹冠乐,15201487652","葛雄雅,15302475563","杨念佩,18804914131","Carrie Alexander,18804979093","牧商效,13703240873","李庞旺,15107037292","张情亚,13208241984","Alice Allen,15607322016","张佩,18704017697","于介,13806901039","柏盛盈,18600493453","Shawn Tucker,13007654876","杨兴,18607540255","程游雍,18801390969","吴国屏,13807418395","Crystal Wells,13501785163","暴菁森,15701947719"],"cpuName":"MT6752","densityDpi":480,"deviceId":"860802340742509","deviceSvn":"59","displayId":"PD1415D-user 7.1.2 NMF26Q 78d61b1a release-keys","extraInfo":"cmwap","height":0,"hidePkgs":[],"hmNotes":"","hookPkgs":[],"lac":33312,"latitude":30.4801637,"line1Number":"18280419038","longitude":104.1450706,"macAddress":"6b:fe:59:03:28:7a","memAvailable":937648100,"memFree":2812944302,"memTotal":3750592402,"mnc":"00","networkClass":3,"networkCountryIso":"cn","networkOperator":"46002","networkOperatorName":"中国移动","networkType":13,"networkTypeName":"LTE","phoneType":1,"rgAndroid":"23","rgAreaode":"86","rgBackupPath":"/storage/emulated/0/.money/backup/20180113/18280419038_20180113.db","rgConNames":[],"rgCountry":"中国","rgDevice":"xiaomiRedmi 4X","rgIp":"119.4.254.247","rgLastLogin":1515838028997,"rgLocation":"四川省成都市 联通","rgNetType":"切换飞行模式","rgOrPhone":"18280419038","rgPhoneNo":"18280419038","rgServer":"飞行模式切换","rgTime":1515826518898,"rgVcode":"玉米(发码)","rgVersion":"1.6.0","rgWxError":"帐号状态异常，本次登录已失效。请尝试重新登录，并根据弹窗提示操作。","rgWxName":"王校","rgWxPasswd":"Rmst@7890","rgWxStatus":"异常","rgWxWindows":"否","serialno":"e9b9781b","simCountryIso":"cn","simOperator":"46002","simOperatorName":"中国移动","simSerialNumber":"8986029064876627839","simState":5,"subscriberId":"460021368958010","type":0,"typeName":"MOBILE","width":0,"wifiScan":["FAST_eafd1e,ec:88:8f:52:c7:58,[WPA2-PSK-CCMP][WPS][ESS],-53,2412,217659145","Netcore_154874,64:3a:b1:53:20:52,[WPA2-PSK-CCMP][WPS][ESS],-79,2437,445144214","FAST_bedf21,64:3a:b1:76:37:c2,[WPA2-PSK-CCMP][ESS],-82,2422,803134620","PHICOMM_3fd205,0c:82:68:38:6a:74,[WPA-PSK-CCMP][WPA2-PSK-CCMP][ESS],-95,2437,429101323","TP-LINK_36598c,14:75:90:22:36:42,[WPA2-PSK-CCMP][WPS][ESS],-86,2412,1805734637"]}