{"BSSID":"fa:9d:1e:82:ca:3e","IpAddress":"10.98.5.247","P2p0Mac":"d2:4a:75:f7:8a:6d","SSID":"Tenda_e9dcfe","androidId":"f61fd2811a1842d4","batteryLevel":80,"btAddress":"dc:d8:2c:86:ab:c6","btName":"H30-T00","buildAbi":"armeabi-v7a","buildAbi2":"armeabi","buildBoard":"pyramid","buildBrand":"HUAWEI","buildCodename":"REL","buildDescription":"H30-T00-user 6.0.1 MMB29T 201aa93d release-keys","buildDevice":"H30-T00","buildFingerprint":"HUAWEI/H30-T00/H30-T00:6.0.1/MMB29T/201aa93d:user/release-keys","buildHardware":"qcom","buildHost":"linux-user","buildId":"MMB29T","buildIncremental":"201aa93d","buildManufacturer":"HUAWEI","buildModel":"H30-T00","buildName":"HUAWEI","buildProduct":"H30-T00","buildRadioVersion":"htsllgcfgxgexh","buildRelease":"6.0.1","buildSdk":"23","buildSerialno":"95fef616","buildTags":"release-keys","buildType":"user","buildUser":"MarkBuild","buildUtc":1499602639667,"cellScan":["65535,4549","32788,2383","33031,117615392","61709,168657317","61709,168672330"],"ci":117615392,"contacts":["奶奶,13000525574","姑妈,15800930762","外婆,18903530688","外公,13901190515","舅舅,15901798084","舅妈,18901790708","姨父,18905036221","姨娘,18803532674","亲爱的,15800561375","老弟,15003334698","老妹,13601840509","小明,18002328834","小李子,13507076720","樊璞如,13802008755","Anita Roberts,13807703772","时佑渠,15302697190","甄绣夏,15807121508","柳佩印,15506631004","Oscar Stephens,15606182169","杨明界,13005940464","陈扬殊,13702293793","李奎炬,13490778025","Anne Watson,13303716676","杨嗣,13907343101","于楷雪,13200666370","廉佩朔,13604840749","Jacqueline Bradley,13808377959","吴兴,18803458159","邬恒钰,15706568935","伍帅郡,13608480901","Andrew Barnes,13507005759","杨露殊,13401644650","李顺许,18007613772","余烈,13103184866","Barry Burns,13201127443","凌佩禄,15203637320","常峻全,13600956625","孔舒郁,15106341967","Harry Mason,15205963987","明珊珂,13602014699","侯耕年,13900144214","水薇韶,13806882783","Bernard Mason,13501635191","万怀平,15705905014"],"cpuName":"MT6582","densityDpi":320,"deviceId":"862384643396745","deviceSvn":"85","displayId":"H30-T00-user 6.0.1 MMB29T 201aa93d release-keys","extraInfo":"3gwap","height":0,"hidePkgs":[],"hmNotes":"","hookPkgs":[],"lac":33031,"latitude":30.6061316,"line1Number":"18280409974","longitude":104.1320487,"macAddress":"6c:90:ed:63:58:03","memAvailable":937443587,"memFree":2812330763,"memTotal":3749774350,"mnc":"00","networkClass":3,"networkCountryIso":"cn","networkOperator":"46007","networkOperatorName":"中国移动","networkType":13,"networkTypeName":"LTE","phoneType":1,"rgAndroid":"23","rgAreaode":"86","rgConNames":[],"rgCountry":"中国","rgDevice":"xiaomiRedmi 4X","rgIp":"119.4.253.135","rgLastLogin":1516244682250,"rgLocation":"四川省成都市 联通","rgNetType":"切换飞行模式","rgOrPhone":"18280409974","rgPhoneNo":"18280409974","rgServer":"飞行模式切换","rgTime":1515825207689,"rgVcode":"玉米(发码)","rgVersion":"1.6.0","rgWxError":"该微信帐号因批量或者使用非法软件注册被限制登录，如需继续使用，请轻触“确定”申请解除限制。","rgWxName":"张业吾","rgWxPasswd":"Rmst@7890","rgWxStatus":"异常","rgWxWindows":"否","serialno":"95fef616","simCountryIso":"cn","simOperator":"46007","simOperatorName":"中国移动","simSerialNumber":"8986009810190177685","simState":5,"subscriberId":"460071622088611","type":0,"typeName":"MOBILE","width":0,"wifiScan":["MERCURY_8bad,28:2c:b2:c2:9f:42,[WPA2-PSK-CCMP][ESS],-76,2472,2100927262","TP-LINK_c0fafe,4c:b1:6c:46:dc:fb,[WPA2-PSK-CCMP][WPS][ESS],-86,2437,2852134213","Netcore_c9ed9d,78:a1:06:41:76:4e,[WPA-PSK-CCMP][WPA2-PSK-CCMP][ESS],-74,2412,1866431715","MERCURY_e103,8c:21:0a:a8:88:c0,[WPA-PSK-CCMP][WPA2-PSK-CCMP][WPS][ESS],-93,2412,359135625","Tenda_f37632,70:62:b8:90:f6:e5,[WPA-PSK-CCMP][WPA2-PSK-CCMP][WPS][ESS],-85,2462,890037501"]}