{"BSSID":"ea:59:82:24:24:e0","IpAddress":"192.168.60.146","P2p0Mac":"6f:06:90:b3:1f:dd","SSID":"PHICOMM_374974","androidId":"feb8c07d59241026","batteryLevel":42,"btAddress":"a3:6d:c6:3f:9a:ff","btName":"R6007","buildAbi":"armeabi-v7a","buildAbi2":"armeabi","buildBoard":"mogami","buildBrand":"OPPO","buildCodename":"REL","buildDescription":"R6007-user 5.0 LRX21M a5539f9c release-keys","buildDevice":"R6007","buildFingerprint":"OPPO/R6007/R6007:5.0/LRX21M/a5539f9c:user/release-keys","buildHardware":"qcom","buildHost":"qh-miui-ota-bd51","buildId":"LRX21M","buildIncremental":"a5539f9c","buildManufacturer":"OPPO","buildModel":"R6007","buildName":"OPPO","buildProduct":"R6007","buildRadioVersion":"fglamzichioxmpv","buildRelease":"5.0","buildSdk":"21","buildSerialno":"4d45aa8a","buildTags":"release-keys","buildType":"user","buildUser":"buildHost","buildUtc":1501703594100,"cellScan":["61703,21084","33295,134812420","61711,168234055","61711,168757504","61699,167988071"],"ci":168234055,"contacts":["奶奶,13506180990","姑妈,18707916138","外婆,18608514185","外公,13807298774","舅舅,13105829062","舅妈,15907504905","姨父,18706891770","姨娘,18006867860","亲爱的,13490371585","老弟,13105681179","老妹,13308251878","小明,18901456738","小李子,15506876592","余杭,15804448057","Michele Thomas,15908310140","余译,18007673273","罗孝颖,15701755377","沈义鹏,18000103539","Herbert Bryant,13301028009","虞遇宣,18900867006","康怡余,13304526923","李霖,15700742483","Yvonne Myers,15704586028","李军,13003605725","李耀佩,18008540556","赵旺会,15002756710","Theodore Woods,15907808881","堪梁焱,18705535039","于瑟,13302997309","韦祥薇,18804314612","Dorothy Cox,18707813448","贺阁炎,18800262826","陈信军,13001395378","明翼兴,15505323519","Robin Alexander,15605314637","李佑启,18706776985","张宇凇,13490071894","柳权卿,13904171466","Jacob Walker,13702107762","贾群观,15601530850","牧和珊,13908024498"],"cpuName":"Qualcomm MSM 8226 (Flattened Device Tree)","densityDpi":480,"deviceId":"867730680909342","deviceSvn":"83","displayId":"R6007-user 5.0 LRX21M a5539f9c release-keys","extraInfo":"PHICOMM_374974","height":0,"hidePkgs":[],"hmNotes":"","hookPkgs":[],"lac":61711,"latitude":30.7504247,"line1Number":"18280420311","longitude":104.0622307,"macAddress":"6a:21:5b:77:55:02","memAvailable":4109665827,"memFree":12328997482,"memTotal":16438663309,"mnc":"00","networkClass":2,"networkCountryIso":"cn","networkOperator":"46007","networkOperatorName":"中国移动","networkType":8,"networkTypeName":"HSDPA","phoneType":1,"rgAndroid":"23","rgAreaode":"86","rgBackupPath":"/storage/emulated/0/.money/backup/20180113/18280420311_20180113.db","rgConNames":[],"rgCountry":"中国","rgDevice":"xiaomiRedmi 4X","rgIp":"119.4.253.182","rgLastLogin":1515838371720,"rgLocation":"四川省成都市 联通","rgNetType":"切换飞行模式","rgOrPhone":"18280420311","rgPhoneNo":"18280420311","rgServer":"飞行模式切换","rgTime":1515830951803,"rgVcode":"玉米(发码)","rgVersion":"1.6.0","rgWxError":"帐号状态异常，本次登录已失效。请尝试重新登录，并根据弹窗提示操作。","rgWxName":"秋麟冠","rgWxPasswd":"Rmst@7890","rgWxStatus":"异常","rgWxWindows":"否","serialno":"4d45aa8a","simCountryIso":"cn","simOperator":"46007","simOperatorName":"中国移动","simSerialNumber":"8986023395839876191","simState":5,"subscriberId":"460073393924771","type":1,"typeName":"WIFI","width":0,"wifiScan":["Netcore_bfc153,e4:d3:32:06:3f:0c,[WPA2-PSK-CCMP][WPS][ESS],-85,2412,289574451","FAST_476985,a0:93:47:a5:e2:85,[WPA-PSK-CCMP][WPA2-PSK-CCMP][ESS],-74,2462,1511731535","MERCURY_d1042e,28:2c:b2:06:63:ba,[WPA2-PSK-CCMP][WPS][ESS],-88,2462,472709804","iTV-1598,00:87:46:07:09:a4,[WPA-PSK-CCMP][WPA2-PSK-CCMP][ESS],-95,2432,344029961","ChainaNet_7cbe,64:3a:b1:d9:e2:12,[WPA-PSK-CCMP][WPA2-PSK-CCMP][WPS][ESS],-72,2462,455121371"]}