{"BSSID":"b8:fa:b8:3b:37:b8","IpAddress":"10.35.84.33","P2p0Mac":"96:29:5a:b9:37:11","SSID":"Netcore_0f7476","androidId":"c759e5c02d6f8a87","batteryLevel":86,"btAddress":"d4:fc:40:f6:f8:19","btName":"2014811","buildAbi":"armeabi-v7a","buildAbi2":"armeabi","buildBoard":"manta","buildBrand":"Xiaomi","buildCodename":"REL","buildDescription":"HM2014811-user 5.1.1 LMY48G 85a7b9ef release-keys","buildDevice":"HM2014811","buildFingerprint":"Xiaomi/2014811/HM2014811:5.1.1/LMY48G/85a7b9ef:user/release-keys","buildHardware":"qcom","buildHost":"sp-ci-01-desktop","buildId":"LMY48G","buildIncremental":"85a7b9ef","buildManufacturer":"Xiaomi","buildModel":"2014811","buildName":"Xiaomi","buildProduct":"HM2014811","buildRadioVersion":"znjufpzofnyest","buildRelease":"5.1.1","buildSdk":"22","buildSerialno":"b4235adb","buildTags":"release-keys","buildType":"user","buildUser":"buildHost","buildUtc":1451992710948,"cellScan":[],"ci":0,"contacts":["奶奶,13807464002","姑妈,18002146719","外婆,15006062148","外公,15700733052","舅舅,18003336438","舅妈,15300631995","姨父,15507247169","姨娘,15302657698","亲爱的,13801073749","老弟,15605710199","老妹,15703313282","小明,13107574319","小李子,14708081058","王群露,15107735188","Albert Snyder,15102631673","秦生珊,15806077365","柏由启,15007148115","李力瑜,18704895197","Yvonne Collins,14706988557","姜况儒,13803095216","程殊时,13506884210","臧求怒,13490057143","Lori Allen,13490178210","窦旭锦,18704176146","吴雨王,15807711254","王万,18707661226","Megan Arnold,15704786014","李慎,13302920947","山联泉,18704911703","贝魁稼,18703882882","Erin Stewart,14706196882","李陵游,14706587298","季如秀,18708879032","颜航愚,13490157815","Megan Dixon,18006337304","姜广界,18903972938","张嵬航,13202463331","李建,18900842736","Vivian Parker,18904586982","杨雄,18904378366","张汉念,14704163254","卡升异,18905944744","Leslie Rice,13301965630","孟可礼,18000538800","任遇泉,13302046259","成弘精,15304147487","Nathan Freeman,15301882272","杨由君,18906101772","杨嵬,18008786445","符麟峻,15301014696","Suzanne Hernandez,13490037679","金星介,13703594397"],"cpuName":"Qualcomm Technologies, Inc MSM8916","densityDpi":480,"deviceId":"860956046764363","deviceSvn":"25","displayId":"HM2014811-user 5.1.1 LMY48G 85a7b9ef release-keys","extraInfo":"cmwap","height":0,"hidePkgs":[],"hmNotes":"","hookPkgs":[],"lac":0,"latitude":30.6623348,"line1Number":"18302846210","longitude":104.0276652,"macAddress":"57:ec:82:ae:6b:55","memAvailable":1250122815,"memFree":2500245631,"memTotal":3750368446,"mnc":"00","networkClass":1,"networkCountryIso":"cn","networkOperator":"46002","networkOperatorName":"中国移动","networkType":2,"networkTypeName":"EDGE","phoneType":1,"rgAndroid":"23","rgAreaode":"86","rgBackupPath":"/storage/emulated/0/.money/backup/20180113/18302846210_20180113.db","rgConNames":[],"rgCountry":"中国","rgDevice":"xiaomiRedmi 4X","rgIp":"119.4.254.146","rgLastLogin":1515838096307,"rgLocation":"四川省成都市 联通","rgNetType":"切换飞行模式","rgOrPhone":"18302846210","rgPhoneNo":"18302846210","rgServer":"飞行模式切换","rgTime":1515828719406,"rgVcode":"玉米(发码)","rgVersion":"1.6.0","rgWxError":"帐号状态异常，本次登录已失效。请尝试重新登录，并根据弹窗提示操作。","rgWxName":"祖余权","rgWxPasswd":"Rmst@7890","rgWxStatus":"异常","rgWxWindows":"否","serialno":"b4235adb","simCountryIso":"cn","simOperator":"46002","simOperatorName":"中国移动","simSerialNumber":"8986002413866792898","simState":5,"subscriberId":"460021218055576","type":0,"typeName":"MOBILE","width":0,"wifiScan":["Netcore_f10d0f,16:87:15:1f:75:c8,[WPA2-PSK-CCMP][ESS],-54,2462,1695133952","TP-LINK_dcf4,92:60:e2:b6:be:3e,[WPA-PSK-CCMP][WPA2-PSK-CCMP][WPS][ESS],-83,2437,223646759","Netcore_597427,ec:11:0b:49:a2:5e,[WPA-PSK-CCMP][WPA2-PSK-CCMP][WPS][ESS],-84,2437,2077330947","PHICOMM_77aa8d,7c:7f:05:af:b6:db,[WPA2-PSK-CCMP][ESS],-84,2462,1162829061","FAST_11f326,05:a4:99:57:25:4d,[WPA2-PSK-CCMP][WPS][ESS],-78,2412,1352226878","MERCURY_104275,b4:4a:83:18:da:f1,[WPA2-PSK-CCMP][WPS][ESS],-54,2412,935331174"]}