{"BSSID":"c1:83:d8:f9:54:94","IpAddress":"10.9.97.228","P2p0Mac":"5b:33:e1:0f:04:58","SSID":"FAST_eb8dcf","androidId":"3228490d233c60a4","batteryLevel":79,"btAddress":"f8:95:78:28:95:db","btName":"MIX 2","buildAbi":"armeabi-v7a","buildAbi2":"armeabi","buildBoard":"geefhd","buildBrand":"Xiaomi","buildCodename":"REL","buildDescription":"chiron-user 5.1.1 LMY48G f5693f5b release-keys","buildDevice":"chiron","buildFingerprint":"Xiaomi/MIX 2/chiron:5.1.1/LMY48G/f5693f5b:user/release-keys","buildHardware":"qcom","buildHost":"qh-miui-ota-bd51","buildId":"LMY48G","buildIncremental":"f5693f5b","buildManufacturer":"Xiaomi","buildModel":"MIX 2","buildName":"Xiaomi","buildProduct":"chiron","buildRadioVersion":"moilnntbkwvkkc","buildRelease":"5.1.1","buildSdk":"22","buildSerialno":"1b0f2aca","buildTags":"release-keys","buildType":"user","buildUser":"MarkBuild","buildUtc":1501465570651,"cellScan":["33034,63954","61774,34936","61774,3074","61774,3086","65535,5568"],"ci":63954,"contacts":["奶奶,15100832822","姑妈,13704848265","外婆,18600375275","外公,15308578140","舅舅,15208110651","舅妈,13208345235","姨父,18004140939","姨娘,13704928904","亲爱的,15303777956","老弟,13500151915","老妹,15502314806","小明,13901858047","小李子,13490853456","蓝影曜,13803452474","Patricia King,13802446095","柯荣经,13490378509","李实厚,13906646437","王麟,18902351942","Walter Evans,13490216224","张康,13807157241","陈璎,13606998296","元香雅,15606457887","Fred Armstrong,15500652963","焦思图,13490276434","龙宏香,15504111626","吴耀,15708372848","Chad King,14706846745","陈遇,15708755542","杨浩,18704788947","李若立,18000537991","Alfred Daniels,15305514977","吴雅青,15508433119","臧胜情,13005826848","杨茂权,18804527553","Carl Bell,14705906034","杨甲,18705481528","詹杏锦,13501683851","惠会童,18907236909","Todd Turner,13307442832","戚若裕,15005920536","芮利荣,15600072339","李鹄怀,13400043907","Ruth Jones,15802357473","张遇,18706483114","吴联翼,13906646865","诸随,13490144596","Steven Simmons,13305978167","屈棠世,15301487291","杨萱,13308156391"],"cpuName":"Qualcomm Technologies, Inc MSM8998","densityDpi":240,"deviceId":"861316584514622","deviceSvn":"23","displayId":"chiron-user 5.1.1 LMY48G f5693f5b release-keys","extraInfo":"cmnet","height":0,"hidePkgs":[],"hmNotes":"","hookPkgs":[],"lac":33034,"latitude":30.8990999,"line1Number":"18328710394","longitude":104.3377038,"macAddress":"1c:3b:56:0b:d1:91","memAvailable":68352211,"memFree":136704423,"memTotal":205056634,"mnc":"00","networkClass":3,"networkCountryIso":"cn","networkOperator":"46000","networkOperatorName":"中国移动","networkType":13,"networkTypeName":"LTE","phoneType":1,"rgAndroid":"23","rgAreaode":"86","rgBackupPath":"/storage/emulated/0/.money/backup/20180113/18328710394_20180113.db","rgConNames":[],"rgCountry":"中国","rgDevice":"xiaomiRedmi 4X","rgIp":"119.4.255.94","rgLastLogin":1515837106281,"rgLocation":"四川省成都市 联通","rgNetType":"切换飞行模式","rgOrPhone":"18328710394","rgPhoneNo":"18328710394","rgServer":"飞行模式切换","rgTime":1515814970817,"rgVcode":"玉米(发码)","rgVersion":"1.6.0","rgWxError":"帐号状态异常，本次登录已失效。请尝试重新登录，并根据弹窗提示操作。","rgWxName":"万平超","rgWxPasswd":"Rmst@7890","rgWxStatus":"异常","rgWxWindows":"否","serialno":"1b0f2aca","simCountryIso":"cn","simOperator":"46000","simOperatorName":"中国移动","simSerialNumber":"8986006531517630128","simState":5,"subscriberId":"460004215348339","type":0,"typeName":"MOBILE","width":0,"wifiScan":["FAST_8d1dc0,f0:eb:d0:4e:73:81,[WPA-PSK-CCMP][WPA2-PSK-CCMP][WPS][ESS],-72,2412,502488730","FAST_587416,64:5d:92:9f:56:51,[WPA-PSK-CCMP][WPA2-PSK-CCMP][ESS],-74,2467,2627326487","FAST_9da9cb,64:88:ff:da:68:36,[WPA-PSK-CCMP][WPA2-PSK-CCMP][WPS][ESS],-72,2437,372775462","Tenda_eb0f32,d0:c7:c0:b7:74:2e,[WPA2-PSK-CCMP][WPS][ESS],-71,2437,378010309","TP-LINK_0e76ad,64:3a:b1:03:89:ba,[WPA2-PSK-CCMP][ESS],-73,2462,3324935629"]}