{"BSSID":"45:b3:19:2b:ba:81","IpAddress":"192.168.67.60","P2p0Mac":"8f:51:e4:e4:cf:61","SSID":"MERCURY_6a6486","androidId":"8258e11420b72e3c","batteryLevel":77,"btAddress":"2f:77:47:1a:10:51","btName":"C5503","buildAbi":"armeabi-v7a","buildAbi2":"armeabi","buildBoard":"MSM8960","buildBrand":"Sony","buildCodename":"REL","buildDescription":"C5503-user 7.0.0 NRD90M 98840b6e release-keys","buildDevice":"C5503","buildFingerprint":"Sony/C5503/C5503:7.0.0/NRD90M/98840b6e:user/release-keys","buildHardware":"qcom","buildHost":"SEP-68","buildId":"NRD90M","buildIncremental":"98840b6e","buildManufacturer":"Sony","buildModel":"C5503","buildName":"Sony","buildProduct":"C5503","buildRadioVersion":"fvnmporhc","buildRelease":"7.0.0","buildSdk":"24","buildSerialno":"5c754e6b","buildTags":"release-keys","buildType":"user","buildUser":"MarkBuild","buildUtc":1483548234743,"cellScan":["61715,169043667","61717,169174739","32805,134987523","39700,163341617","39700,163002674"],"ci":163002674,"contacts":["奶奶,18004524333","姑妈,15907144867","外婆,18807467865","外公,13306118398","舅舅,15908111019","舅妈,15703214830","姨父,13906603788","姨娘,15605375566","亲爱的,15206118942","老弟,18006038053","老妹,13506453326","小明,18704652561","小李子,13803713652","于然殊,13007258108","Anne Peters,18603207371","王夏烈,13903907471","吴吉硕,15205680789","杨薇同,13904344944","Edward Perry,13507840072","邓秋罗,15105326696","吴昱,13107198773","储羡进,13106861970","April Garcia,18605187555","汲利若,13900578553","诸图,15004698246","高贺硕,15105983106","Dan West,13401034955","李渠立,18900308909","吴浩,13703254067","井况雷,13606431195","Danny Jones,13508704532","荀帅添,14700798723","苏阁阁,13405043490","夏克恺,15201520793","Jim Lopez,15906237194","松耀室,13301945350","吴许砚,13305463744","卢铭适,13405984055","Shane Mason,15906745363","屈培河,15907253487","张立,15804526917","余时寿,18006791436","Lawrence Ramos,15301567516","焦翔万,13490156342","王瑜羡,15900406806","郁岭瑞,14707704157","Jesus Freeman,15705797585","于石冠,14701082815","庞声屏,13600541725"],"cpuName":"Sony Mobile fusion3","densityDpi":240,"deviceId":"860632924779720","deviceSvn":"29","displayId":"C5503-user 7.0.0 NRD90M 98840b6e release-keys","extraInfo":"MERCURY_6a6486","height":0,"hidePkgs":[],"hmNotes":"","hookPkgs":[],"lac":39700,"latitude":30.4215948,"line1Number":"18380367411","longitude":104.0002695,"macAddress":"5c:bf:cd:d7:01:27","memAvailable":935486409,"memFree":1870972818,"memTotal":2806459227,"mnc":"00","networkClass":2,"networkCountryIso":"cn","networkOperator":"46002","networkOperatorName":"中国移动","networkType":8,"networkTypeName":"HSDPA","phoneType":1,"rgAndroid":"23","rgAreaode":"86","rgBackupPath":"/storage/emulated/0/.money/backup/20180113/18380367411_20180113.db","rgConNames":[],"rgCountry":"中国","rgDevice":"xiaomiRedmi 4X","rgIp":"119.4.254.76","rgLastLogin":1515837555416,"rgLocation":"四川省成都市 联通","rgNetType":"切换飞行模式","rgOrPhone":"18380367411","rgPhoneNo":"18380367411","rgServer":"飞行模式切换","rgTime":1515823369136,"rgVcode":"玉米(发码)","rgVersion":"1.6.0","rgWxError":"帐号状态异常，本次登录已失效。请尝试重新登录，并根据弹窗提示操作。","rgWxName":"焦任念","rgWxPasswd":"Rmst@7890","rgWxStatus":"异常","rgWxWindows":"否","serialno":"5c754e6b","simCountryIso":"cn","simOperator":"46002","simOperatorName":"中国移动","simSerialNumber":"8986026882489437151","simState":5,"subscriberId":"460029804634667","type":1,"typeName":"WIFI","width":0,"wifiScan":["Tenda_5a9598,88:25:93:ad:84:da,[WPA2-PSK-CCMP][ESS],-58,2462,414656185","ChainaNet_adb9,88:25:93:ad:85:3b,[WPA2-PSK-CCMP][ESS],-84,2412,2313035059","Netcore_753163,6c:59:40:9f:ee:98,[WPA-PSK-CCMP][WPA2-PSK-CCMP][WPS][ESS],-91,2422,314290472","PHICOMM_baf216,00:6b:8e:31:f8:3e,[WPA-PSK-CCMP][WPA2-PSK-CCMP][WPS][ESS],-87,2462,807130786","PHICOMM_c0e365,00:1a:a9:da:22:09,[WPA2-PSK-CCMP][WPS][ESS],-71,2412,408557949"]}