{"BSSID":"ac:28:b7:bd:f0:b7","IpAddress":"10.53.34.247","P2p0Mac":"c8:ce:07:2b:72:94","SSID":"Netcore_db8c9d","androidId":"f835427c85e44e0e","batteryLevel":38,"btAddress":"50:50:95:7b:ae:71","btName":"MI 3","buildAbi":"armeabi-v7a","buildAbi2":"armeabi","buildBoard":"roth","buildBrand":"Xiaomi","buildCodename":"REL","buildDescription":"Kenzo-user 5.1.1 LMY48G e78be0bf release-keys","buildDevice":"Kenzo","buildFingerprint":"Xiaomi/MI 3/Kenzo:5.1.1/LMY48G/e78be0bf:user/release-keys","buildHardware":"qcom","buildHost":"bs189","buildId":"LMY48G","buildIncremental":"e78be0bf","buildManufacturer":"Xiaomi","buildModel":"MI 3","buildName":"Xiaomi","buildProduct":"Kenzo","buildRadioVersion":"iwvdrjioegcgahati","buildRelease":"5.1.1","buildSdk":"22","buildSerialno":"ec3a9cee","buildTags":"release-keys","buildType":"user","buildUser":"jenkins","buildUtc":1465405904009,"cellScan":[],"ci":0,"contacts":["奶奶,15901788628","姑妈,15204168621","外婆,18803592897","外公,18906852519","舅舅,15902092989","舅妈,13501411245","姨父,13207972702","姨娘,15001625414","亲爱的,13490788655","老弟,15005200018","老妹,13001830147","小明,18704434784","小李子,18900175387","咎岩商,14702808343","Craig Taylor,15705443963","惠幸超,13207047152","杨峻,15803560036","洪古效,15202588762","Linda Jordan,13402593766","李铁,18906338196","李铜,13103996938","于国,13604176531","Gladys Myers,13801581858","杨屏豪,13307037421","张楷茂,13402430107","贲盛闻,15002645026","Joshua Bradley,15907658424","李媛,13107070908","吴瑞,13307702655","邵妙炯,15205545874","Amy Martin,15007408670","杨西,18700218223","束宽禄,15105476207","施立随,13802271203","Ricky Henderson,13507549077","吴岁旺,15507625268","李霖廉,15504737599","杨逸,13303952561","Stacy Anderson,18904412717","于洋,13405581495"],"cpuName":"Qualcomm MSM8974PRO-AB","densityDpi":560,"deviceId":"864598164972547","deviceSvn":"54","displayId":"Kenzo-user 5.1.1 LMY48G e78be0bf release-keys","extraInfo":"ctnet","height":0,"hidePkgs":[],"hmNotes":"","hookPkgs":[],"lac":0,"latitude":30.4956965,"line1Number":"18428199831","longitude":103.7977521,"macAddress":"b4:2f:bc:17:90:eb","memAvailable":1250062806,"memFree":2500125612,"memTotal":3750188418,"mnc":"00","networkClass":3,"networkCountryIso":"cn","networkOperator":"46002","networkOperatorName":"中国移动","networkType":13,"networkTypeName":"LTE","phoneType":1,"rgAndroid":"23","rgAreaode":"86","rgBackupPath":"/storage/emulated/0/.money/backup/20180113/18428199831_20180113.db","rgConNames":[],"rgCountry":"中国","rgDevice":"xiaomiRedmi 4X","rgIp":"119.4.255.68","rgLastLogin":1515837420495,"rgLocation":"四川省成都市 联通","rgNetType":"切换飞行模式","rgOrPhone":"18428199831","rgPhoneNo":"18428199831","rgServer":"飞行模式切换","rgTime":1515821702120,"rgVcode":"玉米(发码)","rgVersion":"1.6.0","rgWxError":"帐号状态异常，本次登录已失效。请尝试重新登录，并根据弹窗提示操作。","rgWxName":"路亚镜","rgWxPasswd":"Rmst@7890","rgWxStatus":"异常","rgWxWindows":"否","serialno":"ec3a9cee","simCountryIso":"cn","simOperator":"46002","simOperatorName":"中国移动","simSerialNumber":"8986027697974648483","simState":5,"subscriberId":"460023305713484","type":0,"typeName":"MOBILE","width":0,"wifiScan":["Netcore_6a5386,a8:99:49:11:b9:32,[WPA2-PSK-CCMP][WPS][ESS],-89,2462,329061633","Netcore_a598ca,e2:f6:00:df:7e:e4,[WPA2-PSK-CCMP][ESS],-56,2412,270200618","Netcore_586d10,21:c0:aa:42:30:98,[WPA2-PSK-CCMP][WPS][ESS],-73,2417,1145030902","MERCURY_aed0fa,86:99:f4:f2:ff:d3,[WPA-PSK-CCMP][WPA2-PSK-CCMP][WPS][ESS],-93,2462,232777872","MERCURY_696387,f3:02:d0:4c:b0:fb,[WPA-PSK-CCMP][WPA2-PSK-CCMP][WPS][ESS],-83,2417,202525371"]}