{"BSSID":"2e:34:e1:f1:5d:c0","IpAddress":"192.168.32.149","P2p0Mac":"b0:be:80:09:5c:6d","SSID":"Netcore_a2649c","androidId":"2a9157f2e83d7bf7","batteryLevel":82,"btAddress":"cd:7b:c1:b6:1e:ff","btName":"HUAWEI HN3-T01","buildAbi":"armeabi-v7a","buildAbi2":"armeabi","buildBoard":"clark","buildBrand":"HUAWEI","buildCodename":"REL","buildDescription":"HUAWEI HN3-T01-user 7.1.2 NMF26Q 935577c2 release-keys","buildDevice":"HUAWEI HN3-T01","buildFingerprint":"HUAWEI/HUAWEI HN3-T01/HUAWEI HN3-T01:7.1.2/NMF26Q/935577c2:user/release-keys","buildHardware":"qcom","buildHost":"ubuntu","buildId":"NMF26Q","buildIncremental":"935577c2","buildManufacturer":"HUAWEI","buildModel":"HUAWEI HN3-T01","buildName":"HUAWEI","buildProduct":"HUAWEI HN3-T01","buildRadioVersion":"zlnkrryxbn","buildRelease":"7.1.2","buildSdk":"25","buildSerialno":"48133a2a","buildTags":"release-keys","buildType":"user","buildUser":"buildHost","buildUtc":1465191467735,"cellScan":["61718,169232866","61718,169232863","61721,169452752","61721,26055","33041,117819679"],"ci":169232863,"contacts":["奶奶,13707718379","姑妈,15003200391","外婆,18906370341","外公,18606497263","舅舅,13490747045","舅妈,18908173219","姨父,13004388084","姨娘,13103413123","亲爱的,18906776013","老弟,15603302119","老妹,18708295959","小明,15000144124","小李子,15103926026","董实明,18806766447","Travis Clark,18707061649","倪晟延,13490587357","宓顺渠,15206607046","杨雅,18704672697","Dale Jackson,14701765535","唐向良,15507845639","余然齐,13490270076","邓香瑜,18803831882","Travis Perez,18801501222","李麟群,15801266732","余水,15504352207","江瑕津,18003656515","Russell Black,13490098159","陈友幸,13906158544","余朋,13900488328","昌雍烈,13802254913","Melvin Berry,13702980810","靳行骥,18803477611","仇和旭,15805070472","柏薇军,13908393200","Fred Martinez,13701382308","于适棠,14708437627","杨红翔,13602543935","荀玺稼,13004370401","Kathy Diaz,13006871546","李木坚,13506836522","张佳菁,18901218997","蒋奇冠,15908560130","Joan Crawford,15900673167","李郡香,18901268049","霍洋室,15608247165","杨诗仪,15708343041","Alicia Butler,15702030029","吴康,13608355442","凌权游,18908727819","巫友和,13490622850","Justin Gibson,18003502723"],"cpuName":"MT6582","densityDpi":240,"deviceId":"861862031762033","deviceSvn":"11","displayId":"HUAWEI HN3-T01-user 7.1.2 NMF26Q 935577c2 release-keys","extraInfo":"Netcore_a2649c","height":0,"hidePkgs":[],"hmNotes":"","hookPkgs":[],"lac":61718,"latitude":30.7804062,"line1Number":"18428199893","longitude":103.9398153,"macAddress":"13:2a:fc:6d:0c:da","memAvailable":701649994,"memFree":2104949984,"memTotal":2806599978,"mnc":"00","networkClass":2,"networkCountryIso":"cn","networkOperator":"46002","networkOperatorName":"中国移动","networkType":8,"networkTypeName":"HSDPA","phoneType":1,"rgAndroid":"23","rgAreaode":"86","rgBackupPath":"/storage/emulated/0/.money/backup/20180113/18428199893_20180113.db","rgConNames":[],"rgCountry":"中国","rgDevice":"xiaomiRedmi 4X","rgIp":"119.4.253.132","rgLastLogin":1515837622495,"rgLocation":"四川省成都市 联通","rgNetType":"切换飞行模式","rgOrPhone":"18428199893","rgPhoneNo":"18428199893","rgServer":"飞行模式切换","rgTime":1515824944012,"rgVcode":"玉米(发码)","rgVersion":"1.6.0","rgWxError":"帐号状态异常，本次登录已失效。请尝试重新登录，并根据弹窗提示操作。","rgWxName":"李韶校","rgWxPasswd":"Rmst@7890","rgWxStatus":"异常","rgWxWindows":"否","serialno":"48133a2a","simCountryIso":"cn","simOperator":"46002","simOperatorName":"中国移动","simSerialNumber":"8986024400943630335","simState":5,"subscriberId":"460022415996550","type":1,"typeName":"WIFI","width":0,"wifiScan":["PHICOMM_27385a,54:35:30:28:3f:cb,[WPA-PSK-CCMP][WPA2-PSK-CCMP][WPS][ESS],-79,2412,198782026","MERCURY_87c9,d8:15:0d:a6:38:ec,[WPA2-PSK-CCMP][WPS][ESS],-93,2412,391426025","TP-LINK_d1ed1f,ec:38:8f:97:22:28,[WPA-PSK-CCMP][WPA2-PSK-CCMP][WPS][ESS],-87,2462,3130034843","Tenda_103873,08:10:77:d7:7b:b2,[WPA2-PSK-CCMP][WPS][ESS],-71,2412,3572926436","PHICOMM_58dc96,1c:60:de:2c:94:2c,[WPA-PSK-CCMP][WPA2-PSK-CCMP][ESS],-72,2432,472611412"]}