{"BSSID":"c8:ff:d2:fd:61:41","IpAddress":"10.3.21.65","P2p0Mac":"27:b6:3d:87:7d:bc","SSID":"Netcore_b699c1","androidId":"dd621e4172a81dcc","batteryLevel":87,"btAddress":"64:fc:09:a0:24:ea","btName":"R6007","buildAbi":"armeabi-v7a","buildAbi2":"armeabi","buildBoard":"ether","buildBrand":"OPPO","buildCodename":"REL","buildDescription":"R6007-user 5.0 LRX21M b7a53406 release-keys","buildDevice":"R6007","buildFingerprint":"OPPO/R6007/R6007:5.0/LRX21M/b7a53406:user/release-keys","buildHardware":"qcom","buildHost":"mz-buider-2","buildId":"LRX21M","buildIncremental":"b7a53406","buildManufacturer":"OPPO","buildModel":"R6007","buildName":"OPPO","buildProduct":"R6007","buildRadioVersion":"mmnhpsnm","buildRelease":"5.0","buildSdk":"21","buildSerialno":"089ab983","buildTags":"release-keys","buildType":"user","buildUser":"jenkins","buildUtc":1452791531208,"cellScan":["33056,20121","33056,28923","33037,118255649","33056,10206","33037,118575391"],"ci":20121,"contacts":["奶奶,13305553911","姑妈,15607270125","外婆,13304320451","外公,13704822173","舅舅,15107780257","舅妈,18000553431","姨父,13306535288","姨娘,13602608692","亲爱的,13602427792","老弟,14703965768","老妹,13403874410","小明,15802894686","小李子,14707572078","李谷毅,13490656371","Jeremy Hernandez,13490771172","钮影佩,13802790808","于巍明,13800702720","董默培,13807960771","Angela Stephens,13507382451","乐夏相,13506240290","吴筱,13306497194","戚力铭,18804536988","Wendy Jordan,18800178359","杨影,15701347817","陈念秋,15905537055","羊礼古,13702705648","Teresa Butler,13601972567","王璞商,15701313880","余旺默,15202351364","杨由,13103768056","Frances Howard,15506575600","韩勋,13304736876","杨璐随,18004338398","于升坚,15606092290","Jon Kelly,18607030562","余似,15507462227","吴律水,15301441971","张瑛,13600554554","Ricky Andrews,13805442055","郑奇静,18701852280","杨似,18001198158","吴西三,15304881079","Steve Grant,18000735810","张珂,18002623431","史青佑,15703643133","李思龙,18601755427","Bill Alexander,15503000413"],"cpuName":"Qualcomm MSM 8226 (Flattened Device Tree)","densityDpi":320,"deviceId":"862846261587672","deviceSvn":"43","displayId":"R6007-user 5.0 LRX21M b7a53406 release-keys","extraInfo":"ctlte","height":0,"hidePkgs":[],"hmNotes":"","hookPkgs":[],"lac":33056,"latitude":30.8283717,"line1Number":"15198143917","longitude":103.861469,"macAddress":"04:33:f2:fe:19:5a","memAvailable":32180827,"memFree":64361656,"memTotal":96542483,"mnc":"00","networkClass":2,"networkCountryIso":"cn","networkOperator":"46007","networkOperatorName":"中国移动","networkType":17,"networkTypeName":"TD_SCDMA","phoneType":1,"rgAndroid":"23","rgAreaode":"86","rgConNames":["上善若水","崔珀岩"],"rgConsize":"2","rgCountry":"中国","rgDevice":"xiaomiRedmi 4X","rgIp":"119.4.254.134","rgLastLogin":1516244677286,"rgLocation":"四川省成都市 联通","rgNetType":"切换飞行模式","rgOrPhone":"15198143917","rgPhoneNo":"15198143917","rgServer":"飞行模式切换","rgTime":1515656998378,"rgVcode":"玉米(发码)","rgVersion":"1.6.0","rgWxEmail":"未绑定","rgWxError":"该微信帐号因批量或者使用非法软件注册被限制登录，如需继续使用，请轻触“确定”申请解除限制。","rgWxId":"wxid_7f9hosfl1yu622","rgWxName":"崔珀岩","rgWxNo":"未设置","rgWxPasswd":"Rmst@7890","rgWxQQ":"未绑定","rgWxStatus":"异常","rgWxWindows":"否","serialno":"089ab983","simCountryIso":"cn","simOperator":"46007","simOperatorName":"中国移动","simSerialNumber":"8986026463217787149","simState":5,"subscriberId":"460071573931153","type":0,"typeName":"MOBILE","width":0,"wifiScan":["Tenda_8d10cb,78:a1:06:a7:78:64,[WPA2-PSK-CCMP][WPS][ESS],-80,2437,430634735","Netcore_cbfeba,c0:61:18:5d:56:68,[WPA2-PSK-CCMP][ESS],-85,2412,371409805","MERCURY_4375b9,28:2c:b2:a6:3c:ce,[WPA-PSK-CCMP][WPA2-PSK-CCMP][WPS][ESS],-77,2422,403060399","TP-LINK_98dcb0,a8:57:4e:c8:63:3e,[WPA2-PSK-CCMP][WPS][ESS],-71,2462,2028327454","Tenda_155977,00:90:4c:39:34:53,[WPA2-PSK-CCMP][ESS],-86,2462,954531383"]}