{"BSSID":"b1:76:e5:5c:a0:ca","IpAddress":"10.44.3.95","P2p0Mac":"e1:4d:17:8a:04:e6","SSID":"MERCURY_8b426a","androidId":"cdf41ec5ac8976f6","batteryLevel":72,"btAddress":"f4:6c:af:3a:8c:ea","btName":"Redmi Note 5A","buildAbi":"armeabi-v7a","buildAbi2":"armeabi","buildBoard":"otter2","buildBrand":"Xiaomi","buildCodename":"REL","buildDescription":"ugglite-user 5.1.1 LMY48G 10055939 release-keys","buildDevice":"ugglite","buildFingerprint":"Xiaomi/Redmi Note 5A/ugglite:5.1.1/LMY48G/10055939:user/release-keys","buildHardware":"qcom","buildHost":"wcc-miui-ota-bd07.bj","buildId":"LMY48G","buildIncremental":"10055939","buildManufacturer":"Xiaomi","buildModel":"Redmi Note 5A","buildName":"Xiaomi","buildProduct":"ugglite","buildRadioVersion":"flvaghrjrufs","buildRelease":"5.1.1","buildSdk":"22","buildSerialno":"e8c7bce3","buildTags":"release-keys","buildType":"user","buildUser":"lgmobile","buildUtc":1484683287432,"cellScan":["65535,4110","61709,168673472","61709,27584","61709,168673473","61726,168665942"],"ci":168673472,"contacts":["奶奶,18707286226","姑妈,14707054181","外婆,15502325858","外公,13490806828","舅舅,13001445400","舅妈,13306698944","姨父,15701725664","姨娘,15900994223","亲爱的,15704182763","老弟,18700201293","老妹,13102850587","小明,18704635509","小李子,15005578542","慕容隆素,15703688398","Josephine Perez,14707654368","公孙童隆,15705144591","卜悠泰,15601731029","杨羡节,15201183960","Frances Ferguson,13400243272","李孝夜,18902010175","余诗,15702743470","陈图,15502723837","Sylvia Payne,13108740080","山轩杏,13104777926","安鹄杏,15904781539","水京意,15608046926","Sarah Sullivan,13004438836","屈嘉随,13003271198","杨万敬,18808144678","陆荃璎,15106834907","Eleanor Lewis,15801144044","邢意银,15907681642","狄业罗,15201805127","陈镜康,18005505943","Francisco Allen,18001450574","全克静,13705777517","杨西珂,15204353651","杨愚,18001918305","Anita Cox,15301773830","路念儒,15602647586","王贵京,14703905226","吴易,13206212813","Bobby Stewart,15603726243","康勋冠,13706848718"],"cpuName":"Qualcomm Technologies, Inc MSM8917","densityDpi":480,"deviceId":"863022964199962","deviceSvn":"19","displayId":"ugglite-user 5.1.1 LMY48G 10055939 release-keys","extraInfo":"cmnet","height":0,"hidePkgs":[],"hmNotes":"","hookPkgs":[],"lac":61709,"latitude":30.5921572,"line1Number":"18224042728","longitude":104.1388077,"macAddress":"ad:36:af:50:e0:47","memAvailable":5479622497,"memFree":10959244995,"memTotal":16438867492,"mnc":"00","networkClass":2,"networkCountryIso":"cn","networkOperator":"46000","networkOperatorName":"中国移动","networkType":17,"networkTypeName":"TD_SCDMA","phoneType":1,"rgAndroid":"23","rgAreaode":"86","rgConNames":["上善若水","邢汉经"],"rgConsize":"2","rgCountry":"中国","rgDevice":"xiaomiRedmi 4X","rgIp":"101.206.167.48","rgLastLogin":1516875444970,"rgLocation":"四川省 联通","rgNetType":"切换飞行模式","rgOrPhone":"18224042728","rgPhoneNo":"18224042728","rgServer":"飞行模式切换","rgTime":1515661417551,"rgVcode":"玉米(发码)","rgVersion":"1.6.0","rgWxEmail":"未绑定","rgWxError":"","rgWxName":"邢汉经","rgWxNo":"未设置","rgWxPasswd":"Rmst@7890","rgWxQQ":"未绑定","rgWxStatus":"异常","rgWxWindows":"否","serialno":"e8c7bce3","simCountryIso":"cn","simOperator":"46000","simOperatorName":"中国移动","simSerialNumber":"8986001536474831072","simState":5,"subscriberId":"460008527047577","type":0,"typeName":"MOBILE","width":0,"wifiScan":["Netcore_c775ed,a8:57:4e:e1:01:14,[WPA2-PSK-CCMP][WPS][ESS],-53,2437,1703433085","MERCURY_53976b,bc:46:99:b4:70:bf,[WPA-PSK-CCMP][WPA2-PSK-CCMP][WPS][ESS],-90,2412,531241128","Netcore_1ff3a9,6c:e8:73:43:4b:de,[WPA2-PSK-CCMP][WPS][ESS],-93,2437,3689128983","PHICOMM_fcaaee,1c:fa:68:e9:ba:80,[WPA-PSK-CCMP][WPA2-PSK-CCMP][ESS],-95,2462,245825306","Netcore_ed1097,08:10:79:6a:6d:c5,[WPA2-PSK-CCMP][WPS][ESS],-65,2437,327128762"]}