{"BSSID":"ad:60:0c:29:64:0e","IpAddress":"192.168.50.227","P2p0Mac":"27:8f:5a:a3:52:42","SSID":"ChainaNet_ae20","androidId":"3c94107723a50556","batteryLevel":39,"btAddress":"ff:78:f0:24:54:4b","btName":"GN9010","buildAbi":"armeabi-v7a","buildAbi2":"armeabi","buildBoard":"shamu","buildBrand":"GiONEE","buildCodename":"REL","buildDescription":"GiONEE\u003dCBL7513-user 7.0.0 NRD90M 76683acc release-keys","buildDevice":"GiONEE_CBL7513","buildFingerprint":"GiONEE/GN9010/GiONEE_CBL7513:7.0.0/NRD90M/76683acc:user/release-keys","buildHardware":"qcom","buildHost":"Android-server","buildId":"NRD90M","buildIncremental":"76683acc","buildManufacturer":"GiONEE","buildModel":"GN9010","buildName":"GiONEE","buildProduct":"GiONEE\u003dCBL7513","buildRadioVersion":"rxhurvwsngjbuhc","buildRelease":"7.0.0","buildSdk":"24","buildSerialno":"9f72034b","buildTags":"release-keys","buildType":"user","buildUser":"Server","buildUtc":1509791931264,"cellScan":["33045,30725","61703,169451444","33038,96605824","33036,118387745","33038,46963"],"ci":46963,"contacts":["奶奶,13606471093","姑妈,15204713767","外婆,18908361466","外公,13705710943","舅舅,15500362416","舅妈,18807417096","姨父,13801466119","姨娘,13001932084","亲爱的,18908752465","老弟,15003224232","老妹,13202934751","小明,15804604644","小李子,18700293386","杨陵铁,13002073595","Vivian Campbell,13005921964","邢扬岩,13606301324","陈杏经,13800700729","颜锦江,15902884619","Gladys Long,15204206738","吴魄宫,13800100136","屈先雅,13101130468","郑誓,13202982724","Brandon Walker,13101447668","邴毅苡,15002198934","邢怒璇,13103695052","陈朋,13008758586","Leonard Hayes,13102240943","臧权骏,18802992436","卢炎界,18608120092","杨津善,13404287768","Chad Rivera,15106955879","张津津,13803076537","马骏况,13704876666","杨若能,13100594842","Jacqueline Mcdonald,13205567943","李宁,13708237031","程宣望,15007125190","甘权朋,18806755563","Howard Simpson,18707730328","李孝,13604926201","李铭,15304344013","李庞会,13805471802","Alicia Hayes,13505707500","毕木旺,18704826034","韦嗣弘,15608308586"],"cpuName":"MT6753T","densityDpi":240,"deviceId":"860895814863819","deviceSvn":"35","displayId":"GiONEE\u003dCBL7513-user 7.0.0 NRD90M 76683acc release-keys","extraInfo":"ChainaNet_ae20","height":0,"hidePkgs":[],"hmNotes":"","hookPkgs":[],"lac":33038,"latitude":30.7772015,"line1Number":"18280418937","longitude":104.0225269,"macAddress":"4d:55:00:dd:3b:1a","memAvailable":23606815,"memFree":70820448,"memTotal":94427263,"mnc":"00","networkClass":3,"networkCountryIso":"cn","networkOperator":"46000","networkOperatorName":"中国移动","networkType":13,"networkTypeName":"LTE","phoneType":1,"rgAndroid":"23","rgAreaode":"86","rgBackupPath":"/storage/emulated/0/.money/backup/20180111/18280418937_20180111.db","rgConNames":[],"rgCountry":"中国","rgDevice":"xiaomiRedmi 4X","rgIp":"119.4.254.79","rgLastLogin":1515663287965,"rgLocation":"四川省成都市 联通","rgNetType":"切换飞行模式","rgOrPhone":"18280418937","rgPhoneNo":"18280418937","rgServer":"飞行模式切换","rgTime":1515659078111,"rgVcode":"玉米(发码)","rgVersion":"1.6.0","rgWxError":"帐号状态异常，本次登录已失效。请尝试重新登录，并根据弹窗提示操作。","rgWxName":"单勇梧","rgWxPasswd":"Rmst@7890","rgWxStatus":"异常","rgWxWindows":"否","serialno":"9f72034b","simCountryIso":"cn","simOperator":"46000","simOperatorName":"中国移动","simSerialNumber":"8986007991313330910","simState":5,"subscriberId":"460008899846903","type":1,"typeName":"WIFI","width":0,"wifiScan":["Netcore_dbed14,80:48:a5:e7:34:4a,[WPA-PSK-CCMP][WPA2-PSK-CCMP][ESS],-50,2412,239322001","TP-LINK_aec143,9c:21:6a:43:4c:84,[WPA-PSK-CCMP][WPA2-PSK-CCMP][WPS][ESS],-76,2462,201579266","Tenda_1630f3,78:eb:14:f2:5f:38,[WPA-PSK-CCMP][WPA2-PSK-CCMP][ESS],-75,2462,475736999","MERCURY_7cbed6,bc:46:99:db:22:56,[WPA2-PSK-CCMP][ESS],-95,2412,957535921","Tenda_dc0fca,50:bd:5f:09:fa:a8,[WPA2-PSK-CCMP][WPS][ESS],-59,2412,917631502"]}