{"BSSID":"fa:80:9e:b4:24:bd","IpAddress":"10.95.89.61","P2p0Mac":"4a:dc:74:68:01:a1","SSID":"ChainaNet_e4fe","androidId":"7ddcc471da899a61","batteryLevel":48,"btAddress":"d5:a5:e1:ef:fb:6b","btName":"LEX720","buildAbi":"armeabi-v7a","buildAbi2":"armeabi","buildBoard":"mogami","buildBrand":"LeEco","buildCodename":"REL","buildDescription":"LEX720-user 5.0 LRX21M fc60a22f release-keys","buildDevice":"LEX720","buildFingerprint":"LeEco/LEX720/LEX720:5.0/LRX21M/fc60a22f:user/release-keys","buildHardware":"qcom","buildHost":"LGEACI2R5","buildId":"LRX21M","buildIncremental":"fc60a22f","buildManufacturer":"LeEco","buildModel":"LEX720","buildName":"LeEco","buildProduct":"LEX720","buildRadioVersion":"xycuayiqozjw","buildRelease":"5.0","buildSdk":"21","buildSerialno":"74d4c3ad","buildTags":"release-keys","buildType":"user","buildUser":"builder","buildUtc":1510148056954,"cellScan":["39938,163885363","61713,60882","32822,27925","32822,11992","32822,134719237"],"ci":27925,"contacts":["奶奶,18705393016","姑妈,18701183354","外婆,18803038272","外公,15305361903","舅舅,15200637927","舅妈,13900341855","姨父,18901623463","姨娘,15205684701","亲爱的,18908452368","老弟,13101871875","老妹,18808264338","小明,13002071217","小李子,15904047098","张昆梁,18001998131","Raymond Wood,18901034921","杨妙明,13490885774","余文翔,15603655820","王雪,15004595013","William Butler,15208755481","尉迟鑫蔚,15503173533","余青,13404783929","杨浩,13908757930","Charlie Nichols,13807196949","山逸雍,18905684085","甘绵军,18904737623","翁杭荃,15501454151","Tim Clark,15602684539","顾熙玺,15100886046","冯媛况,15508594445","萧瑜谦,13807630545","Joan Torres,13901202577","诸佳祥,13490840039","杨华,15905120685","凤辉璞,13906301850","Vanessa James,13807486746","陈闻延,13302670174","杨禄似,15100342475","余岁,18800631499","Mark Murray,15707564416","李京,13307976939","喻室商,18604373004","戴联游,13006030972","Jon Hudson,18601181160","王昱,13603732658","裴倩冠,14705986081","杨微夜,13204084654","Leo Baker,13202814207","陈茜,13201571745","伊香晟,15001940816"],"cpuName":"Qualcomm Technologies, Inc MSM8996pro","densityDpi":240,"deviceId":"864202499269865","deviceSvn":"17","displayId":"LEX720-user 5.0 LRX21M fc60a22f release-keys","extraInfo":"uninet","height":0,"hidePkgs":[],"hmNotes":"","hookPkgs":[],"lac":32822,"latitude":30.8276722,"line1Number":"18302832824","longitude":104.1672686,"macAddress":"7f:0b:0c:11:31:a0","memAvailable":937590989,"memFree":2812772968,"memTotal":3750363957,"mnc":"00","networkClass":3,"networkCountryIso":"cn","networkOperator":"46007","networkOperatorName":"中国移动","networkType":13,"networkTypeName":"LTE","phoneType":1,"rgAndroid":"23","rgAreaode":"86","rgBackupPath":"/storage/emulated/0/.money/backup/20180111/18302832824_20180111.db","rgConNames":[],"rgCountry":"中国","rgDevice":"xiaomiRedmi 4X","rgIp":"119.4.255.38","rgLastLogin":1515663353864,"rgLocation":"四川省成都市 联通","rgNetType":"切换飞行模式","rgOrPhone":"18302832824","rgPhoneNo":"18302832824","rgServer":"飞行模式切换","rgTime":1515659917672,"rgVcode":"玉米(发码)","rgVersion":"1.6.0","rgWxError":"帐号状态异常，本次登录已失效。请尝试重新登录，并根据弹窗提示操作。","rgWxName":"杨砚","rgWxPasswd":"Rmst@7890","rgWxStatus":"异常","rgWxWindows":"否","serialno":"74d4c3ad","simCountryIso":"cn","simOperator":"46007","simOperatorName":"中国移动","simSerialNumber":"8986009364020327409","simState":5,"subscriberId":"460079972111912","type":0,"typeName":"MOBILE","width":0,"wifiScan":["TP-LINK_1326,64:3a:b1:3e:f7:9a,[WPA2-PSK-CCMP][ESS],-71,2437,309091602","MERCURY_9cbfeb,1c:fa:68:8b:93:88,[WPA-PSK-CCMP][WPA2-PSK-CCMP][ESS],-71,2412,731334693","MERCURY_4386a9,54:be:53:37:92:43,[WPA-PSK-CCMP][WPA2-PSK-CCMP][WPS][ESS],-67,2412,935529004","PHICOMM_e8599e,20:dc:e6:a4:62:70,[WPA-PSK-CCMP][WPA2-PSK-CCMP][WPS][ESS],-79,2437,534887451","MERCURY_fd2053,6c:59:40:09:7f:56,[WPA-PSK-CCMP][WPA2-PSK-CCMP][WPS][ESS],-93,2427,221795656"]}