{"BSSID":"65:dd:90:31:45:96","IpAddress":"192.168.86.42","P2p0Mac":"fc:c8:93:5b:86:06","SSID":"ChainaNet_02f2","androidId":"3ed47aa876fc73a2","batteryLevel":61,"btAddress":"7a:c5:73:ed:e1:41","btName":"Redmi Note 3","buildAbi":"armeabi-v7a","buildAbi2":"armeabi","buildBoard":"p880","buildBrand":"Xiaomi","buildCodename":"REL","buildDescription":"hennessy-user 7.1.2 NMF26Q b0e6aa91 release-keys","buildDevice":"hennessy","buildFingerprint":"Xiaomi/Redmi Note 3/hennessy:7.1.2/NMF26Q/b0e6aa91:user/release-keys","buildHardware":"qcom","buildHost":"taishan","buildId":"NMF26Q","buildIncremental":"b0e6aa91","buildManufacturer":"Xiaomi","buildModel":"Redmi Note 3","buildName":"Xiaomi","buildProduct":"hennessy","buildRadioVersion":"lgjezotyupoqi","buildRelease":"7.1.2","buildSdk":"25","buildSerialno":"be809070","buildTags":"release-keys","buildType":"user","buildUser":"jenkins","buildUtc":1500153143164,"cellScan":["65535,50902","33243,51161","65535,51286","42330,173539890","33256,6351"],"ci":50902,"contacts":["奶奶,18603807520","姑妈,15300347382","外婆,18701490851","外公,13490081045","舅舅,15602744867","舅妈,13703852954","姨父,15102250468","姨娘,18903612889","亲爱的,13903950196","老弟,13402556667","老妹,13502803030","小明,15803338925","小李子,18002053686","李儒演,13508833775","Samantha Gomez,13900616925","张绵萱,15300634020","戴文吾,18702218739","张骥,13001273781","Kelly Brown,15501683803","姜铁力,13905096662","李密似,18905555579","余羡由,15708256187","Juan Owens,14707033603","杨逸卿,13103220056","姚乾仪,13400803480","高友万,15907765810","Bernice Sullivan,15808480169","杨昱,13303956674","封国实,13701502115","裴向思,15906313209","Lori Kennedy,15908301006","李玺,15900451915","杨镜骏,15507728730","王随让,13805910467","Mario Gibson,13604627429","王译,13907191593","羊灵木,15301452577","张生图,13701152508","Ray Hall,13808095294","吴星,13800494709","戴佳群,13490786123","于瑟,18901713871","Leonard Peterson,18903018366","王利皓,13303451868","王全旭,13307535202","余伊隆,14708758059","Emily Harper,18806211002","陈江,18001318120","於若宇,18905323008"],"cpuName":"Qualcomm Technologies, Inc MSM8956","densityDpi":560,"deviceId":"865636196068303","deviceSvn":"37","displayId":"hennessy-user 7.1.2 NMF26Q b0e6aa91 release-keys","extraInfo":"ChainaNet_02f2","height":0,"hidePkgs":[],"hmNotes":"","hookPkgs":[],"lac":65535,"latitude":30.4241914,"line1Number":"15302998807","longitude":104.3385406,"macAddress":"d4:9c:c2:0a:dc:4c","memAvailable":458394033,"memFree":1375182101,"memTotal":1833576134,"mnc":"03","networkClass":2,"networkCountryIso":"cn","networkOperator":"46003","networkOperatorName":"中国电信","networkType":5,"networkTypeName":"CDMA - EvDo rev. 0","phoneType":2,"rgAndroid":"23","rgAreaode":"86","rgConNames":[],"rgCountry":"中国","rgDevice":"xiaomiRedmi 4X","rgIp":"119.4.255.183","rgLastLogin":1516875698387,"rgLocation":"四川省成都市 联通","rgNetType":"切换飞行模式","rgOrPhone":"15302998807","rgPhoneNo":"15302998807","rgServer":"飞行模式切换","rgTime":1515910657681,"rgVcode":"尚一品(发码)","rgVersion":"1.6.3","rgWxError":"","rgWxName":"薛建衔","rgWxPasswd":"Rmst@7890","rgWxStatus":"异常","rgWxWindows":"否","serialno":"be809070","simCountryIso":"cn","simOperator":"46003","simOperatorName":"中国电信","simSerialNumber":"8986036235558551458","simState":5,"subscriberId":"460036350947049","type":1,"typeName":"WIFI","width":0,"wifiScan":["PHICOMM_acfe30,24:7f:3c:d4:68:34,[WPA-PSK-CCMP][WPA2-PSK-CCMP][WPS][ESS],-82,2462,3689727291","Tenda_597376,9c:28:ef:58:0f:e8,[WPA-PSK-CCMP][WPA2-PSK-CCMP][WPS][ESS],-91,2437,1764128946","FAST_cfe21e,9c:28:ef:58:22:8c,[WPA2-PSK-CCMP][WPS][ESS],-76,2462,702030174","TP-LINK_d20487,04:5f:a7:3e:df:8c,[WPA2-PSK-CCMP][WPS][ESS],-72,2412,697128140","Netcore_e31dd1,f0:eb:d0:02:28:d0,[WPA-PSK-CCMP][WPA2-PSK-CCMP][ESS],-87,2437,3343729767"]}