{"BSSID":"16:4d:55:2a:9a:d1","IpAddress":"192.168.34.206","P2p0Mac":"9c:03:30:73:1a:56","SSID":"PHICOMM_e16981","androidId":"0df56d76447ed8df","batteryLevel":56,"btAddress":"1e:0d:83:4c:97:c7","btName":"vivo X9","buildAbi":"armeabi-v7a","buildAbi2":"armeabi","buildBoard":"ventana","buildBrand":"vivo","buildCodename":"REL","buildDescription":"PD1616-user 7.0.0 NRD90M cb6c0293 release-keys","buildDevice":"PD1616","buildFingerprint":"vivo/vivo X9/PD1616:7.0.0/NRD90M/cb6c0293:user/release-keys","buildHardware":"qcom","buildHost":"glsrv4","buildId":"NRD90M","buildIncremental":"cb6c0293","buildManufacturer":"vivo","buildModel":"vivo X9","buildName":"vivo","buildProduct":"PD1616","buildRadioVersion":"zpmroipdoetqr","buildRelease":"7.0.0","buildSdk":"24","buildSerialno":"5316e3ae","buildTags":"release-keys","buildType":"user","buildUser":"buildHost","buildUtc":1457365862537,"cellScan":["32847,36723","61729,23134","61729,168829798","32847,1412","61712,23115"],"ci":1412,"contacts":["奶奶,15803105509","姑妈,13502173919","外婆,13704375061","外公,15700396929","舅舅,18703886473","舅妈,15001036140","姨父,14700414006","姨娘,13606690874","亲爱的,13903292102","老弟,15102994198","老妹,18004425467","小明,13708304943","小李子,15504621366","杨齐,15502361893","Denise Hamilton,13106115933","孔烈密,15900985773","薛浩伟,13800910753","盛厚涂,18708205225","Carrie Rogers,18704191768","杨虎,13100935788","闵雪伊,18606664285","任翔棠,15903858096","Wayne Crawford,15004736367","严耕廉,18607805767","杨雅可,13001572960","李雅,14707482231","Darlene Lawson,18801476896","杨微坚,15807614160","杨杭岳,18701481990","余靖欢,15208096750","Anita Thompson,15202283090","杨珂能,15606098563","王礼瑜,15502270693","李万双,15900658477","Martin Daniels,15008524297","张绵秋,15701946990","张烈奇,18903376539","余欢仪,13807283731","Albert Jones,13504821740","杨冠胤,18905850236","羊陵世,13490790579","包桂衔,15604052025","Irene Ellis,13106386261","全龙晟,13104525054","禹衔朔,13004164627"],"cpuName":"Qualcomm Technologies, Inc MSM8953","densityDpi":480,"deviceId":"863468143042898","deviceSvn":"63","displayId":"PD1616-user 7.0.0 NRD90M cb6c0293 release-keys","extraInfo":"PHICOMM_e16981","height":0,"hidePkgs":[],"hmNotes":"","hookPkgs":[],"lac":32847,"latitude":30.7179572,"line1Number":"15363022511","longitude":103.7308404,"macAddress":"3a:3b:9d:91:96:af","memAvailable":31373353,"memFree":62746706,"memTotal":94120059,"mnc":"03","networkClass":2,"networkCountryIso":"cn","networkOperator":"46003","networkOperatorName":"中国电信","networkType":6,"networkTypeName":"CDMA - EvDo rev. A","phoneType":2,"rgAndroid":"23","rgAreaode":"86","rgConNames":["上善若水","尤耀奎"],"rgConsize":"2","rgCountry":"中国","rgDevice":"xiaomiRedmi 4X","rgIp":"119.4.254.150","rgLastLogin":1516244906277,"rgLocation":"四川省成都市 联通","rgNetType":"切换飞行模式","rgOrPhone":"15363022511","rgPhoneNo":"15363022511","rgServer":"飞行模式切换","rgTime":1515908161109,"rgVcode":"尚一品(发码)","rgVersion":"1.6.0","rgWxEmail":"未绑定","rgWxError":"该微信帐号因批量或者使用非法软件注册被限制登录，如需继续使用，请轻触“确定”申请解除限制。","rgWxId":"wxid_4ej0hz73ltdr22","rgWxName":"尤耀奎","rgWxNo":"未设置","rgWxPasswd":"Rmst@7890","rgWxQQ":"未绑定","rgWxStatus":"异常","rgWxWindows":"否","serialno":"5316e3ae","simCountryIso":"cn","simOperator":"46003","simOperatorName":"中国电信","simSerialNumber":"8986034872569460153","simState":5,"subscriberId":"460033172429264","type":1,"typeName":"WIFI","width":0,"wifiScan":["Tenda_9fbed1,9c:28:ef:4d:d7:74,[WPA-PSK-CCMP][WPA2-PSK-CCMP][WPS][ESS],-93,2437,2715233296","Tenda_cbfe64,70:a8:e3:d7:b3:18,[WPA2-PSK-CCMP][ESS],-90,2437,473399709","MERCURY_ad20,ec:8a:4c:5a:05:cf,[WPA-PSK-CCMP][WPA2-PSK-CCMP][WPS][ESS],-61,2437,1530135479","Tenda_310476,08:10:76:92:35:2a,[WPA2-PSK-CCMP][ESS],-89,2437,3677630016","Tenda_96b75a,00:23:c9:b0:1d:cd,[WPA-PSK-CCMP][WPA2-PSK-CCMP][WPS][ESS],-74,2412,342737567"]}