{"BSSID":"3d:0b:87:50:e2:ed","IpAddress":"192.168.97.149","P2p0Mac":"13:51:69:58:2c:77","SSID":"Tenda_58e240","androidId":"a92ffb2a02cd9fe3","batteryLevel":54,"btAddress":"4a:ca:de:ab:c5:b1","btName":"OPPO R11 Plus","buildAbi":"armeabi-v7a","buildAbi2":"armeabi","buildBoard":"acclaim","buildBrand":"OPPO","buildCodename":"REL","buildDescription":"gucci-user 6.0.1 MMB29T 111bd369 release-keys","buildDevice":"gucci","buildFingerprint":"OPPO/OPPO R11 Plus/gucci:6.0.1/MMB29T/111bd369:user/release-keys","buildHardware":"qcom","buildHost":"zc-miui-ota-bd39.bj","buildId":"MMB29T","buildIncremental":"111bd369","buildManufacturer":"OPPO","buildModel":"OPPO R11 Plus","buildName":"OPPO","buildProduct":"gucci","buildRadioVersion":"qyzwdualzippfg","buildRelease":"6.0.1","buildSdk":"23","buildSerialno":"86e55819","buildTags":"release-keys","buildType":"user","buildUser":"android","buildUtc":1473313236040,"cellScan":["33243,1541","42330,173539890","33262,2474","61765,169791622","61765,171248279"],"ci":169791622,"contacts":["奶奶,18904851407","姑妈,14707490075","外婆,13200355956","外公,13208725724","舅舅,18702422924","舅妈,18905896381","姨父,15804760400","姨娘,18607704606","亲爱的,13200713422","老弟,13508695493","老妹,15104517599","小明,14704025910","小李子,14704043118","严京生,15504162702","Brent Bryant,18601906181","杨万景,13907071458","张微,15203892410","吴慎,15906614732","Annie Austin,15002757338","祝译欣,13204513216","高耀甲,15307014238","杨望荃,13000938694","Diana Hawkins,15505212538","杨璞,13503771506","王隆阁,13503336640","刁凇江,13107781847","Albert Owens,15506591828","夏永骏,15602565466","费胤殊,15301816166","张童,13305223026","Patrick Holmes,18002012968","李齐军,13408864264","王勋,13208285015","李文,18008034013","Eleanor Campbell,18902897406","于朔,15104630594","傅超璎,15601476822","徐佩露,18802081864","Stephen Weaver,18802600660","梅瑞翼,18006590727","王岳,18907260770","张英桂,13108544795","Katherine Evans,15502333410","王诗异,18702528408","张烁精,18608547061","常郡联,15304030928","Mark Tucker,13490396041","麻信求,13800642447","尉迟素伊,15500474765"],"cpuName":"Qualcomm Technologies, Inc MSM8916","densityDpi":480,"deviceId":"861653832106508","deviceSvn":"65","displayId":"gucci-user 6.0.1 MMB29T 111bd369 release-keys","extraInfo":"Tenda_58e240","height":0,"hidePkgs":[],"hmNotes":"","hookPkgs":[],"lac":61765,"latitude":30.4173513,"line1Number":"15363012791","longitude":104.3471765,"macAddress":"0f:72:e5:12:ca:7b","memAvailable":68324642,"memFree":136649285,"memTotal":204973927,"mnc":"03","networkClass":2,"networkCountryIso":"cn","networkOperator":"46003","networkOperatorName":"中国电信","networkType":12,"networkTypeName":"CDMA - EvDo rev. B","phoneType":2,"rgAndroid":"23","rgAreaode":"86","rgConNames":[],"rgCountry":"中国","rgDevice":"xiaomiRedmi 4X","rgIp":"101.206.166.125","rgLastLogin":1515993059177,"rgLocation":"四川省 联通","rgNetType":"切换飞行模式","rgOrPhone":"15363012791","rgPhoneNo":"15363012791","rgServer":"飞行模式切换","rgTime":1515907355305,"rgVcode":"尚一品(发码)","rgVersion":"1.6.0","rgWxError":"帐号状态异常，本次登录已失效。请尝试重新登录，并根据弹窗提示操作。","rgWxName":"单宣节","rgWxPasswd":"Rmst@7890","rgWxStatus":"异常","rgWxWindows":"否","serialno":"86e55819","simCountryIso":"cn","simOperator":"46003","simOperatorName":"中国电信","simSerialNumber":"8986116480472148859","simState":5,"subscriberId":"460031116832934","type":1,"typeName":"WIFI","width":0,"wifiScan":["MERCURY_7a9db0,ec:38:8f:bc:1d:0c,[WPA-PSK-CCMP][WPA2-PSK-CCMP][WPS][ESS],-60,2437,452961399","MERCURY_bed105,80:89:17:c9:6e:04,[WPA2-PSK-CCMP][ESS],-82,2437,834634095","TP-LINK_16641f,54:be:53:31:35:a6,[WPA-PSK-CCMP][WPA2-PSK-CCMP][ESS],-89,2462,393406326","MERCURY_5aa8ca,00:16:78:4d:a6:ac,[WPA2-PSK-CCMP][WPS][ESS],-62,2412,3399034408","FAST_215330,f0:eb:d0:02:28:d0,[WPA-PSK-CCMP][WPA2-PSK-CCMP][WPS][ESS],-85,2462,479127900"]}