{"BSSID":"98:65:42:83:34:5c","IpAddress":"192.168.63.144","P2p0Mac":"a4:a8:ce:7d:66:1c","SSID":"Netcore_8427a9","androidId":"37fa6e7c7a3930bf","batteryLevel":33,"btAddress":"5e:c8:93:5c:3f:fc","btName":"OPPO A33m","buildAbi":"armeabi-v7a","buildAbi2":"armeabi","buildBoard":"maserati","buildBrand":"OPPO","buildCodename":"REL","buildDescription":"A33-user 6.0.1 MMB29T 8489c36b release-keys","buildDevice":"A33","buildFingerprint":"OPPO/OPPO A33m/A33:6.0.1/MMB29T/8489c36b:user/release-keys","buildHardware":"qcom","buildHost":"mine","buildId":"MMB29T","buildIncremental":"8489c36b","buildManufacturer":"OPPO","buildModel":"OPPO A33m","buildName":"OPPO","buildProduct":"A33","buildRadioVersion":"bdqyrvabbtw","buildRelease":"6.0.1","buildSdk":"23","buildSerialno":"ca7f37bc","buildTags":"release-keys","buildType":"user","buildUser":"android","buildUtc":1469163110667,"cellScan":["39700,162889777","33033,21174","61722,169879844","61728,37752","33051,117830943"],"ci":21174,"contacts":["奶奶,18001638355","姑妈,15707128865","外婆,13105893164","外公,18000271734","舅舅,15801177356","舅妈,13608304449","姨父,13405970293","姨娘,18902824679","亲爱的,15106797415","老弟,18000836671","老妹,14707785632","小明,13905940388","小李子,18808291317","公孙旺学,13507757147","Sam Ward,13501592457","伊随绵,15905456108","吴铜剑,15705262738","余佩,13104804647","Wayne White,13204865880","夏诗森,18808205855","杨净,18808350760","和勋梁,13904362519","Roberto Burns,13507083006","詹顺湘,13208322627","林思绍,13302024101","贾超闻,15705648953","Elizabeth Mcdonald,18803966399","祁蔚密,15104792980","张珀菁,13104718141","于衔让,14707193138","Martha Moore,18703398858","杨古,13906932170","凤万坚,13704163718","丁阔誓,13503127049","Jennifer Berry,13603477457","李伟,15902375519","蔡轩三,15900656482","巴巍明,18605861683","Josephine Johnson,13105624934","杨魁永,13407804023","周权杭,13601535668","于雪,14701481210","Lynn Peterson,15708628159","祝元荃,18603414838","陈瑜魄,13802658786","王夜,15900545350","Samuel Long,15804665490","于秀,15202233095","郑秀,13302594715","吴翼景,15607100068","Darlene Kennedy,13002651972","咎室筱,13804883746"],"cpuName":"Qualcomm Technologies, Inc MSM8916","densityDpi":560,"deviceId":"860170839197217","deviceSvn":"58","displayId":"A33-user 6.0.1 MMB29T 8489c36b release-keys","extraInfo":"Netcore_8427a9","height":0,"hidePkgs":[],"hmNotes":"","hookPkgs":[],"lac":33033,"latitude":30.5496449,"line1Number":"15363011073","longitude":104.0405956,"macAddress":"bf:ad:50:f4:67:b9","memAvailable":129133212,"memFree":387399638,"memTotal":516532850,"mnc":"03","networkClass":3,"networkCountryIso":"cn","networkOperator":"46003","networkOperatorName":"中国电信","networkType":13,"networkTypeName":"LTE","phoneType":2,"rgAndroid":"23","rgAreaode":"86","rgConNames":[],"rgCountry":"中国","rgDevice":"xiaomiRedmi 4X","rgIp":"119.4.253.142","rgLastLogin":1515994716398,"rgLocation":"四川省成都市 联通","rgNetType":"切换飞行模式","rgOrPhone":"15363011073","rgPhoneNo":"15363011073","rgServer":"飞行模式切换","rgTime":1515911932925,"rgVcode":"尚一品(发码)","rgVersion":"1.6.3","rgWxError":"帐号状态异常，本次登录已失效。请尝试重新登录，并根据弹窗提示操作。","rgWxName":"王慎","rgWxPasswd":"Rmst@7890","rgWxStatus":"异常","rgWxWindows":"否","serialno":"ca7f37bc","simCountryIso":"cn","simOperator":"46003","simOperatorName":"中国电信","simSerialNumber":"898530224753227601682","simState":5,"subscriberId":"460038206083591","type":1,"typeName":"WIFI","width":0,"wifiScan":["FAST_926495,88:ce:fa:0a:73:64,[WPA-PSK-CCMP][WPA2-PSK-CCMP][WPS][ESS],-94,2417,3594137682","TP-LINK_beba,00:b0:c6:47:c8:e4,[WPA2-PSK-CCMP][WPS][ESS],-89,2412,334324363","PHICOMM_21541e,00:9a:cd:89:c3:80,[WPA-PSK-CCMP][WPA2-PSK-CCMP][ESS],-86,2462,3326936579","Tenda_a95487,a8:57:4e:e5:e8:06,[WPA-PSK-CCMP][WPA2-PSK-CCMP][WPS][ESS],-75,2462,3220929014","Netcore_a8dc0c,bc:0f:2b:93:21:0f,[WPA-PSK-CCMP][WPA2-PSK-CCMP][ESS],-78,2412,533888252"]}