{"BSSID":"78:5b:bc:a2:8b:8a","IpAddress":"192.168.52.41","P2p0Mac":"b2:72:a0:7f:ee:7e","SSID":"TP-LINK_0f310e","androidId":"cfe61b2976b48fde","batteryLevel":62,"btAddress":"7d:a2:52:81:ed:5f","btName":"X5","buildAbi":"armeabi-v7a","buildAbi2":"armeabi","buildBoard":"otterx","buildBrand":"vivo","buildCodename":"REL","buildDescription":"X5-user 5.1.1 LMY48G 8176c6e7 release-keys","buildDevice":"X5","buildFingerprint":"vivo/X5/X5:5.1.1/LMY48G/8176c6e7:user/release-keys","buildHardware":"qcom","buildHost":"huangshan","buildId":"LMY48G","buildIncremental":"8176c6e7","buildManufacturer":"vivo","buildModel":"X5","buildName":"vivo","buildProduct":"X5","buildRadioVersion":"juyrbpmgvjo","buildRelease":"5.1.1","buildSdk":"22","buildSerialno":"3b4a8069","buildTags":"release-keys","buildType":"user","buildUser":"android","buildUtc":1462500692824,"cellScan":["33061,13326","33061,48783","33296,8861","61726,169770823","33296,8865"],"ci":169770823,"contacts":["奶奶,13803210782","姑妈,13400170461","外婆,15105538753","外公,14705647702","舅舅,13903176966","舅妈,18907632567","姨父,18003226247","姨娘,18008411585","亲爱的,13302601853","老弟,18007148258","老妹,15302738307","小明,13105610136","小李子,18702703105","芮群图,13503126489","Audrey Campbell,13705070859","李奇,13507458909","陆随衔,15807930946","凌军辉,13490001824","Jon Lawrence,18906638767","于雪倩,15705311412","经思锐,13208087566","岑设秀,13700484316","Jesus Greene,13706650875","喻珀校,13608037005","王靖桂,13100521605","费为似,15501543766","Greg Daniels,15507564773","庞阔立,13604208379","花伊添,15305906276","诸许璇,18806652673","Susan Gonzalez,14708014729","何旭香,15707335527","许嘉素,15005081947","李景森,13901597910","Pamela Collins,13804414706","王霖,15303234061","于吾齐,18000182714","杨利吉,13404239077","Ana Robertson,15800617313","于玉,13902282240","酆航立,13905015936","甘宫野,13304506328","Henry Jenkins,18008024415","赵曜霖,15708686216","王豪,15104043263","张汉罗,15908587388","Henry Howard,15905821761","余校,14702818163","包群胤,18803158190","李航,18003900209","Elaine Lane,18906006343"],"cpuName":"MT6592","densityDpi":560,"deviceId":"861712651977793","deviceSvn":"50","displayId":"X5-user 5.1.1 LMY48G 8176c6e7 release-keys","extraInfo":"TP-LINK_0f310e","height":0,"hidePkgs":[],"hmNotes":"","hookPkgs":[],"lac":61726,"latitude":30.6508624,"line1Number":"18382468353","longitude":104.2403029,"macAddress":"92:48:fa:14:b6:2f","memAvailable":24123929,"memFree":72371790,"memTotal":96495719,"mnc":"00","networkClass":1,"networkCountryIso":"cn","networkOperator":"46007","networkOperatorName":"中国移动","networkType":2,"networkTypeName":"EDGE","phoneType":1,"rgAndroid":"23","rgAreaode":"86","rgConNames":[],"rgCountry":"中国","rgDevice":"xiaomiRedmi 4X","rgIp":"119.4.252.101","rgLastLogin":1515994784455,"rgLocation":"四川省成都市 联通","rgNetType":"切换飞行模式","rgOrPhone":"18382468353","rgPhoneNo":"18382468353","rgServer":"飞行模式切换","rgTime":1515917725466,"rgVcode":"爱乐赞(接码/发码)","rgVersion":"1.6.3","rgWxError":"帐号状态异常，本次登录已失效。请尝试重新登录，并根据弹窗提示操作。","rgWxId":"wxid_fu3qo9qlte0a22","rgWxName":"万欣兴","rgWxPasswd":"Rmst@7890","rgWxStatus":"异常","rgWxWindows":"否","serialno":"3b4a8069","simCountryIso":"cn","simOperator":"46007","simOperatorName":"中国移动","simSerialNumber":"8986007578031815081","simState":5,"subscriberId":"460077935365736","type":1,"typeName":"WIFI","width":0,"wifiScan":["TP-LINK_8bed1f,d0:c7:c0:ea:69:36,[WPA2-PSK-CCMP][WPS][ESS],-89,2457,270884765","PHICOMM_436326,e4:d3:32:96:83:ba,[WPA-PSK-CCMP][WPA2-PSK-CCMP][ESS],-61,2462,234625414","MERCURY_76b9eb,28:f3:66:c4:4b:e7,[WPA2-PSK-CCMP][ESS],-89,2462,426665863","MERCURY_8b0e31,8c:21:0a:ad:05:ec,[WPA-PSK-CCMP][WPA2-PSK-CCMP][WPS][ESS],-95,2437,1720834245","MERCURY_9db97c,a8:15:4d:bf:6d:e8,[WPA2-PSK-CCMP][ESS],-90,2437,204060755"]}