{"BSSID":"b3:8a:e3:50:74:9e","IpAddress":"10.5.77.205","P2p0Mac":"a0:d9:cd:73:e0:2c","SSID":"MERCURY_727597","androidId":"9900ad3f6f0860c6","batteryLevel":57,"btAddress":"ea:6d:4f:4d:fd:57","btName":"OPPO A59s","buildAbi":"armeabi-v7a","buildAbi2":"armeabi","buildBoard":"acclaim","buildBrand":"OPPO","buildCodename":"REL","buildDescription":"A59-user 7.1.2 NMF26Q bf3df9b2 release-keys","buildDevice":"A59","buildFingerprint":"OPPO/OPPO A59s/A59:7.1.2/NMF26Q/bf3df9b2:user/release-keys","buildHardware":"qcom","buildHost":"qh-miui-ota-bd51","buildId":"NMF26Q","buildIncremental":"bf3df9b2","buildManufacturer":"OPPO","buildModel":"OPPO A59s","buildName":"OPPO","buildProduct":"A59","buildRadioVersion":"zsnwzoqonkjkbx","buildRelease":"7.1.2","buildSdk":"25","buildSerialno":"c7eb6e6b","buildTags":"release-keys","buildType":"user","buildUser":"android","buildUtc":1459719359434,"cellScan":["33040,1025","61703,168234323","33040,1281","61703,2551","61703,168233464"],"ci":168234323,"contacts":["奶奶,18803077343","姑妈,14704566234","外婆,13507574759","外公,15205530585","舅舅,15905002622","舅妈,15002272589","姨父,13106636167","姨娘,15702740832","亲爱的,15908358493","老弟,18706386871","老妹,13606214267","小明,18003888669","小李子,13490255730","于杏,15704964192","Fred Gonzalez,15700200645","元湘克,13405333466","余会,15705112502","钭玮欣,13608305309","Martin Thompson,13606476940","费贤鹏,15908222524","许华殊,13101935554","咎遇苡,18608101234","Elaine Warren,18601211957","于卫,18008111996","鲁萱异,15902245729","李信,13506697778","Brittany Fisher,13603196873","杨寿佩,13203488540","井孝慎,15803885393","胡夏怡,18804422795","Juan Sims,18702932532","奚寿盈,14703503735","吴信,15206592738","莫桐宏,13104422571","Joe Wright,18601374287","谷雄随,13206983622","班灵游,13208661506","张全校,14705173949","Annie Torres,14700706206","班江由,15704782636","姜世仪,13908851851","杨锐璐,13905327049","Veronica Freeman,13902893091","杨启阳,18601467453","李虎,18606947326"],"cpuName":"MT6750","densityDpi":560,"deviceId":"860801914248950","deviceSvn":"33","displayId":"A59-user 7.1.2 NMF26Q bf3df9b2 release-keys","extraInfo":"cmnet","height":0,"hidePkgs":[],"hmNotes":"","hookPkgs":[],"lac":61703,"latitude":30.7183226,"line1Number":"13408538552","longitude":104.0622741,"macAddress":"cc:36:e5:11:85:51","memAvailable":68164522,"memFree":136329044,"memTotal":204493566,"mnc":"00","networkClass":1,"networkCountryIso":"cn","networkOperator":"46007","networkOperatorName":"中国移动","networkType":2,"networkTypeName":"EDGE","phoneType":1,"rgAndroid":"23","rgAreaode":"86","rgConNames":[],"rgCountry":"中国","rgDevice":"xiaomiRedmi 4X","rgIp":"119.4.253.128","rgLastLogin":1516102847665,"rgLocation":"四川省成都市 联通","rgNetType":"切换飞行模式","rgOrPhone":"13408538552","rgPhoneNo":"13408538552","rgServer":"飞行模式切换","rgTime":1516095201210,"rgVcode":"玉米(发码)","rgVersion":"1.6.3","rgWxError":"帐号状态异常，本次登录已失效。请尝试重新登录，并根据弹窗提示操作。","rgWxName":"王妙净","rgWxPasswd":"Rmst@7890","rgWxStatus":"异常","rgWxWindows":"否","serialno":"c7eb6e6b","simCountryIso":"cn","simOperator":"46007","simOperatorName":"中国移动","simSerialNumber":"8986002252514109804","simState":5,"subscriberId":"460072735453552","type":0,"typeName":"MOBILE","width":0,"wifiScan":["PHICOMM_e21543,00:87:46:1e:02:39,[WPA-PSK-CCMP][WPA2-PSK-CCMP][WPS][ESS],-95,2442,330546399","ChainaNet_9744,00:36:76:57:f9:b9,[WPA-PSK-CCMP][WPA2-PSK-CCMP][WPS][ESS],-79,2437,409729622","PHICOMM_ecc0e4,08:10:78:e0:9f:5f,[WPA-PSK-CCMP][WPA2-PSK-CCMP][ESS],-68,2437,379759638","TP-LINK_1f53,08:57:00:8d:a1:8a,[WPA2-PSK-CCMP][WPS][ESS],-69,2462,3225534169","FAST_427652,0c:82:68:36:84:df,[WPA-PSK-CCMP][WPA2-PSK-CCMP][WPS][ESS],-90,2442,2852335662"]}