{"BSSID":"a2:d6:b1:8d:6a:87","IpAddress":"10.94.60.16","P2p0Mac":"d9:da:90:fb:c7:59","SSID":"MERCURY_6d116a","androidId":"410237f8d4a9cf5d","batteryLevel":63,"btAddress":"e7:88:93:35:27:99","btName":"MI 3W","buildAbi":"armeabi-v7a","buildAbi2":"armeabi","buildBoard":"smdk4x12","buildBrand":"Xiaomi","buildCodename":"REL","buildDescription":"MI 3W-user 5.1.1 LMY48G 575a5b21 release-keys","buildDevice":"MI 3W","buildFingerprint":"Xiaomi/MI 3W/MI 3W:5.1.1/LMY48G/575a5b21:user/release-keys","buildHardware":"qcom","buildHost":"Android-server","buildId":"LMY48G","buildIncremental":"575a5b21","buildManufacturer":"Xiaomi","buildModel":"MI 3W","buildName":"Xiaomi","buildProduct":"MI 3W","buildRadioVersion":"ickquwakl","buildRelease":"5.1.1","buildSdk":"22","buildSerialno":"cc42c57b","buildTags":"release-keys","buildType":"user","buildUser":"Server","buildUtc":1465567260856,"cellScan":["33312,97076608","33256,217593473","33256,2212","33256,217593475","1821,46894"],"ci":217593475,"contacts":["奶奶,13601791217","姑妈,13490530020","外婆,15606320427","外公,13205066767","舅舅,13003783518","舅妈,13301488605","姨父,15002898163","姨娘,13306483282","亲爱的,18704848482","老弟,14703400816","老妹,13906471410","小明,18006403787","小李子,13006714092","邹岁世,15107262605","Earl Carroll,15007174984","李立诗,13704853673","吴倩,13502707226","王秋鹏,15206915694","Margaret Reed,15107545015","厉楷剑,13808020464","陈贵,18000395107","路联学,13408077344","Ellen Phillips,15901117869","孙守,15800296980","盛君颖,13502391944","宗颖筱,18701737397","Ana Thompson,18706706259","戴逵恺,15507330482","杨驹玮,15800857021","余启桐,13002175337","Jeff Cunningham,13000986245","王魁佳,15208617167","杨绣,15207232843","傅勋绣,14704487172","Teresa Parker,15707475152","杨朋,13107572397","李麟,13607863017","杨焱誓,13905674720","Richard Myers,13907141830","施祥谦,15804775707","危棠保,15507646379","钭逵惠,18005060943","Ethel Perez,18905587487","左雅仙,13490484507","张添,13503207957"],"cpuName":"Qualcomm MSM8974PRO-AB","densityDpi":240,"deviceId":"865103478940675","deviceSvn":"53","displayId":"MI 3W-user 5.1.1 LMY48G 575a5b21 release-keys","extraInfo":"cmwap","height":0,"hidePkgs":[],"hmNotes":"","hookPkgs":[],"lac":33256,"latitude":30.4310863,"line1Number":"13540166354","longitude":104.2614036,"macAddress":"5e:ad:ee:ed:68:5d","memAvailable":935624810,"memFree":1871249620,"memTotal":2806874430,"mnc":"00","networkClass":2,"networkCountryIso":"cn","networkOperator":"46000","networkOperatorName":"中国移动","networkType":17,"networkTypeName":"TD_SCDMA","phoneType":1,"rgAndroid":"23","rgAreaode":"86","rgConNames":["贾尚衔","上善若水"],"rgConsize":"2","rgCountry":"中国","rgDevice":"xiaomiRedmi 4X","rgIp":"101.206.166.175","rgLastLogin":1516420744263,"rgLocation":"四川省 联通","rgNetType":"切换飞行模式","rgOrPhone":"13540166354","rgPhoneNo":"13540166354","rgServer":"飞行模式切换","rgTime":1516090234739,"rgVcode":"玉米(发码)","rgVersion":"1.6.3","rgWxEmail":"未绑定","rgWxError":"该微信帐号因批量或者使用非法软件注册被限制登录，如需继续使用，请轻触“确定”申请解除限制。","rgWxId":"wxid_r80zsyzm6rg922","rgWxName":"贾尚衔","rgWxNo":"未设置","rgWxPasswd":"Rmst@7890","rgWxQQ":"未绑定","rgWxStatus":"异常","rgWxWindows":"否","serialno":"cc42c57b","simCountryIso":"cn","simOperator":"46000","simOperatorName":"中国移动","simSerialNumber":"8986008182898828697","simState":5,"subscriberId":"460006683099552","type":0,"typeName":"MOBILE","width":0,"wifiScan":[]}