{"BSSID":"45:8e:53:d3:b9:85","IpAddress":"10.5.79.237","P2p0Mac":"71:5b:8a:85:25:10","SSID":"FAST_f3fd","androidId":"dda0fe55bd2bb9a7","batteryLevel":45,"btAddress":"af:80:11:e6:42:48","btName":"Redmi Note 5A","buildAbi":"armeabi-v7a","buildAbi2":"armeabi","buildBoard":"p760","buildBrand":"Xiaomi","buildCodename":"REL","buildDescription":"ugglite-user 5.0 LRX21M ef27d3b6 release-keys","buildDevice":"ugglite","buildFingerprint":"Xiaomi/Redmi Note 5A/ugglite:5.0/LRX21M/ef27d3b6:user/release-keys","buildHardware":"qcom","buildHost":"wcc-miui-ota-bd07.bj","buildId":"LRX21M","buildIncremental":"ef27d3b6","buildManufacturer":"Xiaomi","buildModel":"Redmi Note 5A","buildName":"Xiaomi","buildProduct":"ugglite","buildRadioVersion":"inaeyyzhy","buildRelease":"5.0","buildSdk":"21","buildSerialno":"51446a35","buildTags":"release-keys","buildType":"user","buildUser":"jenkins","buildUtc":1478649664821,"cellScan":["33536,218103169","33284,11062","33035,42735","61716,169118803","61716,34042"],"ci":11062,"contacts":["奶奶,13604006713","姑妈,14704932915","外婆,18700055972","外公,15901422572","舅舅,13303926094","舅妈,18904813895","姨父,15703790957","姨娘,18603771485","亲爱的,13104183807","老弟,14704651485","老妹,13603467598","小明,13507102300","小李子,13103944542","仰望佑,15002434149","Cynthia Richardson,15104805318","徐学适,15008014986","吴裕,18707088666","蓝郁渠,15205653232","Ruby Gray,13404260949","陈仕虹,13704703426","狄军雪,15108520548","禹誓鹄,15304402701","Bernice Stephens,18005963029","苏杏精,15605688594","柏亚庞,13903197803","山江佑,13305770962","Marjorie Bennett,18002823121","伍翔默,15306330948","蔡俊适,15903882707","柯威思,13490732088","Elsie Rogers,18905836633","臧兴童,13208527756","冯良立,18902633613","杨航,13000493745","Albert Shaw,15506515647","缪晟兴,15306645161","王冠,15804108827","余骥,13401453506","Michele Perry,15103092829","符佩培,14704187406","李扬,15605031836","武介儒,18600907951","Mike Hawkins,18608561397","李琴宣,18006374696","于望烁,15304343552","王卿雍,15701414569","Zachary Lane,14705490415","杨香旭,18002452524","吴协,18605175312","杨驹锦,15602931477","Wendy Woods,13005029065"],"cpuName":"Qualcomm Technologies, Inc MSM8917","densityDpi":480,"deviceId":"861913823138732","deviceSvn":"41","displayId":"ugglite-user 5.0 LRX21M ef27d3b6 release-keys","extraInfo":"ctlte","height":0,"hidePkgs":[],"hmNotes":"","hookPkgs":[],"lac":33284,"latitude":30.4219547,"line1Number":"15884495141","longitude":103.7111649,"macAddress":"51:f3:d5:a1:46:91","memAvailable":1250075286,"memFree":2500150572,"memTotal":3750225858,"mnc":"00","networkClass":3,"networkCountryIso":"cn","networkOperator":"46000","networkOperatorName":"中国移动","networkType":13,"networkTypeName":"LTE","phoneType":1,"rgAndroid":"23","rgAreaode":"86","rgConNames":["安勇仁","上善若水"],"rgConsize":"2","rgCountry":"中国","rgDevice":"xiaomiRedmi 4X","rgIp":"119.4.254.108","rgLastLogin":1516420702522,"rgLocation":"四川省成都市 联通","rgNetType":"切换飞行模式","rgOrPhone":"15884495141","rgPhoneNo":"15884495141","rgServer":"飞行模式切换","rgTime":1516082085146,"rgVcode":"玉米(发码)","rgVersion":"1.6.3","rgWxEmail":"未绑定","rgWxError":"该微信帐号因批量或者使用非法软件注册被限制登录，如需继续使用，请轻触“确定”申请解除限制。","rgWxId":"wxid_rqy0drd2junh22","rgWxName":"安勇仁","rgWxNo":"未设置","rgWxPasswd":"Rmst@7890","rgWxQQ":"未绑定","rgWxStatus":"异常","rgWxWindows":"否","serialno":"51446a35","simCountryIso":"cn","simOperator":"46000","simOperatorName":"中国移动","simSerialNumber":"8986025065573572064","simState":5,"subscriberId":"460007997627533","type":0,"typeName":"MOBILE","width":0,"wifiScan":["TP-LINK_1e26,24:69:68:9d:d7:bc,[WPA-PSK-CCMP][WPA2-PSK-CCMP][WPS][ESS],-72,2462,311952030","MERCURY_a5497c,44:97:5a:9a:c0:64,[WPA2-PSK-CCMP][WPS][ESS],-79,2412,1471133173","Tenda_c86bae,08:10:79:8b:93:b0,[WPA-PSK-CCMP][WPA2-PSK-CCMP][WPS][ESS],-91,2437,367315515","MERCURY_c981ed,00:16:78:25:da:18,[WPA-PSK-CCMP][WPA2-PSK-CCMP][WPS][ESS],-95,2412,469921499","TP-LINK_1430e3,6c:59:40:d8:76:0a,[WPA2-PSK-CCMP][WPS][ESS],-74,2437,195593740"]}