{"BSSID":"6f:fc:b3:1e:2e:a2","IpAddress":"10.66.89.143","P2p0Mac":"3a:1e:8d:8f:57:35","SSID":"PHICOMM_026474","androidId":"534ac8445989be10","batteryLevel":32,"btAddress":"b3:13:a5:14:29:6a","btName":"MI 2SC","buildAbi":"armeabi-v7a","buildAbi2":"armeabi","buildBoard":"p880","buildBrand":"Xiaomi","buildCodename":"REL","buildDescription":"MI 2SC-user 5.0 LRX21M 3149e25e release-keys","buildDevice":"MI 2SC","buildFingerprint":"Xiaomi/MI 2SC/MI 2SC:5.0/LRX21M/3149e25e:user/release-keys","buildHardware":"qcom","buildHost":"wcc-miui-ota-bd25","buildId":"LRX21M","buildIncremental":"3149e25e","buildManufacturer":"Xiaomi","buildModel":"MI 2SC","buildName":"Xiaomi","buildProduct":"MI 2SC","buildRadioVersion":"uxptdacye","buildRelease":"5.0","buildSdk":"21","buildSerialno":"6118b0d1","buildTags":"release-keys","buildType":"user","buildUser":"android","buildUtc":1494298858800,"cellScan":["33024,64064","33024,15821","61731,168071616","61731,170086352","39938,164163890"],"ci":15821,"contacts":["奶奶,15007130534","姑妈,15304314333","外婆,18801145130","外公,18703957422","舅舅,18002467444","舅妈,15100317976","姨父,13508033132","姨娘,15602591041","亲爱的,18701274782","老弟,13204284766","老妹,13502945494","小明,14704177925","小李子,18902616540","李凇,15707164245","Lillian Long,14706479094","靳书节,14701755025","陈书,15903118014","于魄昆,18708843837","Leslie Taylor,14700823036","吴楷香,15702885042","杨浩,13607306674","萧厚伟,18904366635","Carl Ray,15306088586","杨能求,13490390741","栾彤魁,15207438603","杨愚随,15506142632","Lauren Gonzalez,13108776433","陈剑望,15802203052","王添,18704946354","余午,13703903172","Elsie Willis,13804467978","王泉,18603110850","吴群庞,13905154072","麻律岩,15805321029","Edna Willis,15201238910","卢菁童,18003745678","黄曜同,15605162480","江嘉升,15205857814","Barry Ford,15101875618","李镜岳,13700522812","苗嗣颖,13202321884","李烁,15902697227","Carol Walker,15008802057","牧欢奎,13807488248","羊举豪,15302675740","李银,15105504113","Rosa Long,13406882589","李兴轩,13305678897","杨宏,15805622847"],"cpuName":"MI 2","densityDpi":320,"deviceId":"861909257403956","deviceSvn":"42","displayId":"MI 2SC-user 5.0 LRX21M 3149e25e release-keys","extraInfo":"ctlte","height":0,"hidePkgs":[],"hmNotes":"","hookPkgs":[],"lac":33024,"latitude":30.8067696,"line1Number":"18224432568","longitude":104.2308124,"macAddress":"05:34:1f:9e:55:fa","memAvailable":31517000,"memFree":63034002,"memTotal":94551002,"mnc":"00","networkClass":1,"networkCountryIso":"cn","networkOperator":"46000","networkOperatorName":"中国移动","networkType":2,"networkTypeName":"EDGE","phoneType":1,"rgAndroid":"23","rgAreaode":"86","rgConNames":[],"rgCountry":"中国","rgDevice":"xiaomiRedmi 4X","rgIp":"119.4.254.173","rgLastLogin":1516102064171,"rgLocation":"四川省成都市 联通","rgNetType":"切换飞行模式","rgOrPhone":"18224432568","rgPhoneNo":"18224432568","rgServer":"飞行模式切换","rgTime":1516082867689,"rgVcode":"玉米(发码)","rgVersion":"1.6.3","rgWxError":"帐号状态异常，本次登录已失效。请尝试重新登录，并根据弹窗提示操作。","rgWxName":"李耕","rgWxPasswd":"Rmst@7890","rgWxStatus":"异常","rgWxWindows":"否","serialno":"6118b0d1","simCountryIso":"cn","simOperator":"46000","simOperatorName":"中国移动","simSerialNumber":"8986001514816293165","simState":5,"subscriberId":"460003001647598","type":0,"typeName":"MOBILE","width":0,"wifiScan":["TP-LINK_05d5,0c:d2:92:a3:ba:a2,[WPA-PSK-CCMP][WPA2-PSK-CCMP][WPS][ESS],-80,2437,205174087","Netcore_5a6598,b0:d5:9d:0c:ce:11,[WPA-PSK-CCMP][WPA2-PSK-CCMP][WPS][ESS],-76,2462,217931245","PHICOMM_c0ebad,74:e5:0b:45:e5:17,[WPA-PSK-CCMP][WPA2-PSK-CCMP][WPS][ESS],-78,2412,219756207","MERCURY_0b0f31,c0:61:18:57:b9:3c,[WPA2-PSK-TKIP+CCMP][WPS][ESS],-93,2437,255650386","MERCURY_b9dc0f,00:87:36:1f:2f:7a,[WPA2-PSK-CCMP][WPS][ESS],-91,2462,2638828643"]}