{"BSSID":"14:2f:ab:45:b9:b3","IpAddress":"10.64.69.8","P2p0Mac":"bd:ac:93:a0:d8:3a","SSID":"Netcore_bc1fc6","androidId":"543634dad9fe8863","batteryLevel":50,"btAddress":"73:cb:88:27:04:0a","btName":"Redmi Note 4X","buildAbi":"armeabi-v7a","buildAbi2":"armeabi","buildBoard":"acclaim","buildBrand":"Xiaomi","buildCodename":"REL","buildDescription":"Redmi Note 4X-user 7.0.0 NRD90M 9b4d6274 release-keys","buildDevice":"Redmi Note 4X","buildFingerprint":"Xiaomi/Redmi Note 4X/Redmi Note 4X:7.0.0/NRD90M/9b4d6274:user/release-keys","buildHardware":"qcom","buildHost":"huangshan","buildId":"NRD90M","buildIncremental":"9b4d6274","buildManufacturer":"Xiaomi","buildModel":"Redmi Note 4X","buildName":"Xiaomi","buildProduct":"Redmi Note 4X","buildRadioVersion":"okzrlvorrhwbf","buildRelease":"7.0.0","buildSdk":"24","buildSerialno":"1d0606b7","buildTags":"release-keys","buildType":"user","buildUser":"android","buildUtc":1502611570279,"cellScan":[],"ci":0,"contacts":["奶奶,15502680267","姑妈,13208077284","外婆,13107584645","外公,15706032397","舅舅,18704799001","舅妈,15705578617","姨父,15100768953","姨娘,18600294748","亲爱的,13904926689","老弟,18801055976","老妹,15907333306","小明,13600484896","小李子,13490708671","杨渠,13403532020","Dennis Rose,13401077073","宁鹏菁,18706993659","于献,15708626397","牧杭誓,18004822404","Ricky Diaz,13305653281","秦桂旭,15703862323","井烈会,13003971432","李权默,13605434941","Carl Dunn,13503545753","张石,15304805633","颜顺业,13302329064","王龙心,13901181055","Clarence White,13907305552","王盈诗,15504890682","张况,15504616267","夏香茜,18706614983","Patricia Wagner,18808726661","杨然,18600992735","杨图,13602230764","房奎彦,13801701591","Carlos Walker,13508514260","计绍荃,18905684981","倪媛锐,13508635021","张净,13103175281","Leonard Wood,13204257071","杨瑛炎,13707042797","陈行坚,15508787513"],"cpuName":"Qualcomm Technologies, Inc MSM8953","densityDpi":240,"deviceId":"862055394910807","deviceSvn":"40","displayId":"Redmi Note 4X-user 7.0.0 NRD90M 9b4d6274 release-keys","extraInfo":"3gnet","height":0,"hidePkgs":[],"hmNotes":"","hookPkgs":[],"lac":0,"latitude":30.5847275,"line1Number":"18280264441","longitude":104.372029,"macAddress":"4d:db:52:52:87:77","memAvailable":32178265,"memFree":64356530,"memTotal":96534795,"mnc":"00","networkClass":3,"networkCountryIso":"cn","networkOperator":"46002","networkOperatorName":"中国移动","networkType":13,"networkTypeName":"LTE","phoneType":1,"rgAndroid":"23","rgAreaode":"86","rgConNames":["上善若水","余宣"],"rgConsize":"2","rgCountry":"中国","rgDevice":"xiaomiRedmi 4X","rgIp":"119.4.255.186","rgLastLogin":1516875894915,"rgLocation":"四川省成都市 联通","rgNetType":"切换飞行模式","rgOrPhone":"18280264441","rgPhoneNo":"18280264441","rgServer":"飞行模式切换","rgTime":1516100635595,"rgVcode":"玉米(发码)","rgVersion":"1.6.3","rgWxEmail":"未绑定","rgWxError":"","rgWxId":"wxid_jrjo3dupvjhi22","rgWxName":"余宣","rgWxNo":"未设置","rgWxPasswd":"Rmst@7890","rgWxQQ":"未绑定","rgWxStatus":"存活","rgWxWindows":"否","serialno":"1d0606b7","simCountryIso":"cn","simOperator":"46002","simOperatorName":"中国移动","simSerialNumber":"8986021645741739157","simState":5,"subscriberId":"460028911434395","type":0,"typeName":"MOBILE","width":0,"wifiScan":["Tenda_7ba759,73:61:7a:18:9a:0d,[WPA-PSK-CCMP][WPA2-PSK-CCMP][WPS][ESS],-82,2437,204106361","iTV-98bf,62:cb:28:7b:bc:a5,[WPA-PSK-CCMP][WPA2-PSK-CCMP][WPS][ESS],-73,2462,2318531655","iTV-c97c,44:a5:85:13:d4:e7,[WPA2-PSK-CCMP][ESS],-58,2462,2522529682","MERCURY_2aed10,80:13:5a:00:1d:b6,[WPA-PSK-CCMP][WPA2-PSK-CCMP][ESS],-60,2412,441628485","Tenda_c10436,1d:4b:84:20:f1:99,[WPA2-PSK-CCMP][WPS][ESS],-80,2462,1376135632","Netcore_ed0eba,e8:93:22:48:10:08,[WPA2-PSK-CCMP][ESS],-64,2427,482458864","TP-LINK_6a9649,a4:b0:6b:c0:36:ec,[WPA-PSK-CCMP][WPA2-PSK-CCMP][ESS],-90,2412,232458892","MERCURY_8b9e,36:0b:ce:0a:00:2e,[WPA-PSK-CCMP][WPA2-PSK-CCMP][WPS][ESS],-89,2427,3444030049"]}