{"BSSID":"a2:d0:25:81:e9:80","IpAddress":"192.168.46.242","P2p0Mac":"f6:7d:e1:4a:63:5c","SSID":"PHICOMM_baecae","androidId":"ccf1935845c89d39","batteryLevel":89,"btAddress":"7b:3a:fa:c5:23:4d","btName":"V3","buildAbi":"armeabi-v7a","buildAbi2":"armeabi","buildBoard":"geefhd","buildBrand":"vivo","buildCodename":"REL","buildDescription":"V3-user 7.1.2 NMF26Q 82d4332f release-keys","buildDevice":"V3","buildFingerprint":"vivo/V3/V3:7.1.2/NMF26Q/82d4332f:user/release-keys","buildHardware":"qcom","buildHost":"glsrv4","buildId":"NMF26Q","buildIncremental":"82d4332f","buildManufacturer":"vivo","buildModel":"V3","buildName":"vivo","buildProduct":"V3","buildRadioVersion":"xumkodzdmjzvkimsz","buildRelease":"7.1.2","buildSdk":"25","buildSerialno":"4363d231","buildTags":"release-keys","buildType":"user","buildUser":"lgmobile","buildUtc":1465148936583,"cellScan":["61705,169951571","33300,20332","61705,169976089","33056,139976194","61705,168393236"],"ci":168393236,"contacts":["奶奶,13102388761","姑妈,18704507517","外婆,15906148917","外公,15207304686","舅舅,15006503426","舅妈,13202838131","姨父,13001080546","姨娘,15506135889","亲爱的,18706382271","老弟,13408678450","老妹,15205522479","小明,13490398693","小李子,15204720362","于瑞,13201805081","Yolanda Smith,18602274649","杨平扬,13405385077","杨旺,13208570107","盛峻易,15805357473","Gilbert Ray,13402561297","高魄孝,15205522717","杭佩谷,13007836973","范仪翔,14702674632","Harry Rice,18805699078","陈殊权,18905864057","钮剑为,13707746217","张岩,15900165533","Christopher James,13403616447","梅礼陵,15900481435","余静,13900300241","余思怡,15506674661","Megan Willis,13205687088","张嗣立,15303464961","余先,15200957848","熊西鹄,15206210703","Emma Kennedy,15007626476","范颖闻,15801593585","余浩,14703070659","郎贤岩,15106704652","Dustin Warren,15802398917","李校,15905192925"],"cpuName":"MT6750","densityDpi":480,"deviceId":"860806048020555","deviceSvn":"54","displayId":"V3-user 7.1.2 NMF26Q 82d4332f release-keys","extraInfo":"PHICOMM_baecae","height":0,"hidePkgs":[],"hmNotes":"","hookPkgs":[],"lac":61705,"latitude":30.8179818,"line1Number":"18280274338","longitude":103.7814637,"macAddress":"3b:b5:06:48:fe:ab","memAvailable":171989494,"memFree":343978988,"memTotal":515968482,"mnc":"00","networkClass":2,"networkCountryIso":"cn","networkOperator":"46007","networkOperatorName":"中国移动","networkType":17,"networkTypeName":"TD_SCDMA","phoneType":1,"rgAndroid":"23","rgAreaode":"86","rgConNames":["缪石彦","上善若水"],"rgConsize":"2","rgCountry":"中国","rgDevice":"xiaomiRedmi 4X","rgIp":"119.4.255.253","rgLastLogin":1516420787381,"rgLocation":"四川省成都市 联通","rgNetType":"切换飞行模式","rgOrPhone":"18280274338","rgPhoneNo":"18280274338","rgServer":"飞行模式切换","rgTime":1516094097140,"rgVcode":"玉米(发码)","rgVersion":"1.6.3","rgWxEmail":"未绑定","rgWxError":"该微信帐号因批量或者使用非法软件注册被限制登录，如需继续使用，请轻触“确定”申请解除限制。","rgWxId":"wxid_qi6yjoaok3vt22","rgWxName":"缪石彦","rgWxNo":"未设置","rgWxPasswd":"Rmst@7890","rgWxQQ":"未绑定","rgWxStatus":"异常","rgWxWindows":"否","serialno":"4363d231","simCountryIso":"cn","simOperator":"46007","simOperatorName":"中国移动","simSerialNumber":"8986029084534461368","simState":5,"subscriberId":"460079748456045","type":1,"typeName":"WIFI","width":0,"wifiScan":["Netcore_fe204f,4c:b1:6c:4e:3a:9b,[WPA2-PSK-CCMP][ESS],-81,2437,197548921","TP-LINK_414376,c8:e7:d8:2a:96:16,[WPA-PSK-CCMP][WPA2-PSK-CCMP][WPS][ESS],-95,2437,1625638112","MERCURY_5497ca,bc:46:99:d7:42:c8,[WPA2-PSK-CCMP][WPS][ESS],-88,2437,3366930066","PHICOMM_26598b,00:23:c9:bd:c0:8c,[WPA-PSK-CCMP][WPA2-PSK-CCMP][ESS],-73,2462,421072843","Netcore_1e3165,80:48:a5:f2:b6:82,[WPA2-PSK-CCMP][WPS][ESS],-77,2462,521333099"]}