{"BSSID":"a7:2f:8d:c6:cf:7d","IpAddress":"10.0.37.119","P2p0Mac":"ae:60:86:b3:0c:46","SSID":"TP-LINK_3f2159","androidId":"3837dc337f9801e8","batteryLevel":41,"btAddress":"dd:9e:90:b4:dc:c3","btName":"OPPO R9sk","buildAbi":"armeabi-v7a","buildAbi2":"armeabi","buildBoard":"p990","buildBrand":"OPPO","buildCodename":"REL","buildDescription":"R9sk-user 5.1.1 LMY48G 59b3d9a8 release-keys","buildDevice":"R9sk","buildFingerprint":"OPPO/OPPO R9sk/R9sk:5.1.1/LMY48G/59b3d9a8:user/release-keys","buildHardware":"qcom","buildHost":"linux-user","buildId":"LMY48G","buildIncremental":"59b3d9a8","buildManufacturer":"OPPO","buildModel":"OPPO R9sk","buildName":"OPPO","buildProduct":"R9sk","buildRadioVersion":"tsdyyuqixiui","buildRelease":"5.1.1","buildSdk":"22","buildSerialno":"68ef59dd","buildTags":"release-keys","buildType":"user","buildUser":"builder","buildUtc":1461532997506,"cellScan":["61713,168947681","61713,168947682","61700,168757502","32780,49432","61700,4355"],"ci":168947682,"contacts":["奶奶,18804862753","姑妈,13002464837","外婆,18800492788","外公,15004633897","舅舅,15807100877","舅妈,15606426321","姨父,13000427147","姨娘,15800232112","亲爱的,15503477402","老弟,18908122360","老妹,13601953074","小明,13903283843","小李子,15506060414","汪艺颂,18008616574","Francisco Gray,13490022011","罗伊郁,15801765865","余宁虎,15801282412","邹翔雍,18001370887","Elizabeth Ferguson,13490439703","宁华明,15901949091","虞升岩,18600892106","凤群桐,18803208375","Ronnie Knight,15704377146","余瑜宣,13500073327","王岭,13302135823","贝三念,13006902135","Louise Shaw,13203284423","张河,15805452121","贾怀奇,13107664800","吴星,13490547663","Laurie Stevens,13303133786","王媛,18706297383","王雅,18804345919","陈熙渠,15108747488","Laurie Lewis,15105384038","阮余蔚,15201061759","杨寿节,15107427380","李双,13007720320","Alfred Reynolds,15505848952","经若铁,18706733801","符克郁,13308013926","王帅瑛,15803418090","Kenneth Lawrence,15008814496","颜龙胜,13490620071","车雪界,15707757474"],"cpuName":"Qualcomm Technologies, Inc MSM8953","densityDpi":480,"deviceId":"860890565390336","deviceSvn":"32","displayId":"R9sk-user 5.1.1 LMY48G 59b3d9a8 release-keys","extraInfo":"ctnet","height":0,"hidePkgs":[],"hmNotes":"","hookPkgs":[],"lac":61713,"latitude":30.7888708,"line1Number":"18302843692","longitude":104.1146083,"macAddress":"43:2f:fa:cf:94:c0","memAvailable":24220514,"memFree":72661542,"memTotal":96882056,"mnc":"00","networkClass":1,"networkCountryIso":"cn","networkOperator":"46007","networkOperatorName":"中国移动","networkType":2,"networkTypeName":"EDGE","phoneType":1,"rgAndroid":"23","rgAreaode":"86","rgConNames":[],"rgCountry":"中国","rgDevice":"xiaomiRedmi 4X","rgIp":"119.4.253.74","rgLastLogin":1516101760220,"rgLocation":"四川省成都市 联通","rgNetType":"切换飞行模式","rgOrPhone":"18302843692","rgPhoneNo":"18302843692","rgServer":"飞行模式切换","rgTime":1516069855581,"rgVcode":"玉米(发码)","rgVersion":"1.6.3","rgWxError":"帐号状态异常，本次登录已失效。请尝试重新登录，并根据弹窗提示操作。","rgWxName":"弓玮遇","rgWxPasswd":"Rmst@7890","rgWxStatus":"异常","rgWxWindows":"否","serialno":"68ef59dd","simCountryIso":"cn","simOperator":"46007","simOperatorName":"中国移动","simSerialNumber":"8986004980665527702","simState":5,"subscriberId":"460076972176667","type":0,"typeName":"MOBILE","width":0,"wifiScan":["MERCURY_5c00db,58:7f:66:0f:d4:2a,[WPA2-PSK-CCMP][ESS],-90,2462,3343234177","Netcore_3fe215,a8:15:4d:bb:b6:9e,[WPA-PSK-CCMP][WPA2-PSK-CCMP][WPS][ESS],-83,2412,2074929411","FAST_ff3375,14:75:90:1f:c7:d2,[WPA2-PSK-CCMP][ESS],-81,2442,2094429672"]}