{"BSSID":"a7:8d:3c:54:7c:7e","IpAddress":"10.50.39.217","P2p0Mac":"f8:52:73:7d:7f:18","SSID":"Tenda_7afe98","androidId":"ccc74c953bd6a73a","batteryLevel":38,"btAddress":"27:23:3e:5f:bb:bd","btName":"OPPO R9tm","buildAbi":"armeabi-v7a","buildAbi2":"armeabi","buildBoard":"universal5433","buildBrand":"OPPO","buildCodename":"REL","buildDescription":"R9tm-user 7.0.0 NRD90M 09ac07cb release-keys","buildDevice":"R9","buildFingerprint":"OPPO/OPPO R9tm/R9:7.0.0/NRD90M/09ac07cb:user/release-keys","buildHardware":"qcom","buildHost":"qh-miui-ota-bd54","buildId":"NRD90M","buildIncremental":"09ac07cb","buildManufacturer":"OPPO","buildModel":"OPPO R9tm","buildName":"OPPO","buildProduct":"R9tm","buildRadioVersion":"yqwzlznzmpwflqul","buildRelease":"7.0.0","buildSdk":"24","buildSerialno":"52358a8c","buildTags":"release-keys","buildType":"user","buildUser":"android","buildUtc":1508723613409,"cellScan":["33243,48192"],"ci":48192,"contacts":["奶奶,13104465644","姑妈,13002105313","外婆,13607574810","外公,15705775142","舅舅,14701914261","舅妈,18603642861","姨父,15702152356","姨娘,13606821054","亲爱的,15608054324","老弟,15908572954","老妹,18904603661","小明,13905682716","小李子,13002290411","吴虹,13506405808","Alexander Rodriguez,13505637262","余香让,13502547644","吴心焱,15904751407","余江敬,13408839031","Vivian King,15807264640","洪精烈,13906234038","郎耕似,15900676455","余节力,13605452902","Alfred Marshall,13605921603","和皓禄,13202650013","于翰,13105580890","杨岁,15708750756","Anna Shaw,14707294997","于禄松,18901146576","仇仁鹄,15907348694","赵菁献,18701201955","Mark Davis,15701932337","王若游,13004016961","张嵬和,13405680738","巴望建,18704424865","Tony Henry,14704215087","吉似易,13301355989","安韶珀,15902740354","酆宽星,15802334552","Bruce Powell,15101936756","宗印仁,15502332957"],"cpuName":"MT6755","densityDpi":240,"deviceId":"860285169192974","deviceSvn":"34","displayId":"R9tm-user 7.0.0 NRD90M 09ac07cb release-keys","extraInfo":"3gwap","height":0,"hidePkgs":[],"hmNotes":"","hookPkgs":[],"lac":33243,"latitude":30.4074635,"line1Number":"18349207640","longitude":104.268531,"macAddress":"1f:f4:c3:98:5f:72","memAvailable":172163309,"memFree":344326618,"memTotal":516489927,"mnc":"00","networkClass":1,"networkCountryIso":"cn","networkOperator":"46002","networkOperatorName":"中国移动","networkType":2,"networkTypeName":"EDGE","phoneType":1,"rgAndroid":"23","rgAreaode":"86","rgConNames":[],"rgCountry":"中国","rgDevice":"xiaomiRedmi 4X","rgIp":"119.4.254.146","rgLastLogin":1516102474166,"rgLocation":"四川省成都市 联通","rgNetType":"切换飞行模式","rgOrPhone":"18349207640","rgPhoneNo":"18349207640","rgServer":"飞行模式切换","rgTime":1516091498273,"rgVcode":"玉米(发码)","rgVersion":"1.6.3","rgWxError":"帐号状态异常，本次登录已失效。请尝试重新登录，并根据弹窗提示操作。","rgWxName":"王贵绍","rgWxPasswd":"Rmst@7890","rgWxStatus":"异常","rgWxWindows":"否","serialno":"52358a8c","simCountryIso":"cn","simOperator":"46002","simOperatorName":"中国移动","simSerialNumber":"8986024592957911379","simState":5,"subscriberId":"460023574160924","type":0,"typeName":"MOBILE","width":0,"wifiScan":[]}