{"BSSID":"04:87:81:58:b3:5a","IpAddress":"10.98.25.59","P2p0Mac":"d1:00:ec:db:cb:12","SSID":"PHICOMM_e20dcf","androidId":"b7f25fd548c54595","batteryLevel":69,"btAddress":"04:fc:84:f0:4d:15","btName":"OPPO R9tm","buildAbi":"armeabi-v7a","buildAbi2":"armeabi","buildBoard":"steelhead","buildBrand":"OPPO","buildCodename":"REL","buildDescription":"R9tm-user 6.0.1 MMB29T 160ec9b4 release-keys","buildDevice":"R9","buildFingerprint":"OPPO/OPPO R9tm/R9:6.0.1/MMB29T/160ec9b4:user/release-keys","buildHardware":"qcom","buildHost":"SCL_XA241_102","buildId":"MMB29T","buildIncremental":"160ec9b4","buildManufacturer":"OPPO","buildModel":"OPPO R9tm","buildName":"OPPO","buildProduct":"R9tm","buildRadioVersion":"rlliwdicfjosx","buildRelease":"6.0.1","buildSdk":"23","buildSerialno":"7c308d89","buildTags":"release-keys","buildType":"user","buildUser":"buildHost","buildUtc":1468583761925,"cellScan":["32898,12016","33049,118491935","33034,2226","61713,168924733","33034,41186"],"ci":168924733,"contacts":["奶奶,13107401202","姑妈,13601163334","外婆,18906371712","外公,15208225859","舅舅,13306972786","舅妈,13006720769","姨父,13501552906","姨娘,13801998161","亲爱的,13705285100","老弟,15703348324","老妹,18907414859","小明,15905361518","小李子,13706728008","郝双星,13490249287","Shirley Shaw,15302744845","卡礼瑟,14707424690","程先罗,13301551181","夏延敬,15805083500","Sandra Hernandez,15801608202","余尚,15904221350","冯佩,18808182656","甘乐翔,15300616241","Leon Daniels,18004300063","钮渠骏,15507590729","焦佳木,13505444405","胡耕雅,13705473675","Mary Garcia,13808260734","李恺随,13100517524","乌孝举,18707631580","杨演,15602064049","Leon Williams,13104648233","吴午,15303582551","杨建,15101361787","宋可坚,15307103402","Kristen Edwards,18006415953","吴锦旭,13101011088","王享珀,15802812726","钮阁烈,13302665256","Lori Campbell,18003934237","戚如星,13003142668","茅然羡,13006234821","陈双卫,13500074669","Charlotte Martinez,13600700176"],"cpuName":"MT6755","densityDpi":480,"deviceId":"868671695019975","deviceSvn":"43","displayId":"R9tm-user 6.0.1 MMB29T 160ec9b4 release-keys","extraInfo":"cmnet","height":0,"hidePkgs":[],"hmNotes":"","hookPkgs":[],"lac":61713,"latitude":30.8877894,"line1Number":"18482347460","longitude":104.2193192,"macAddress":"55:c7:c9:d8:76:33","memAvailable":937653442,"memFree":2812960328,"memTotal":3750613770,"mnc":"00","networkClass":1,"networkCountryIso":"cn","networkOperator":"46000","networkOperatorName":"中国移动","networkType":2,"networkTypeName":"EDGE","phoneType":1,"rgAndroid":"23","rgAreaode":"86","rgConNames":[],"rgCountry":"中国","rgDevice":"xiaomiRedmi 4X","rgIp":"119.4.254.18","rgLastLogin":1516102131312,"rgLocation":"四川省成都市 联通","rgNetType":"切换飞行模式","rgOrPhone":"18482347460","rgPhoneNo":"18482347460","rgServer":"飞行模式切换","rgTime":1516085922512,"rgVcode":"玉米(发码)","rgVersion":"1.6.3","rgWxError":"帐号状态异常，本次登录已失效。请尝试重新登录，并根据弹窗提示操作。","rgWxName":"张宣竞","rgWxPasswd":"Rmst@7890","rgWxStatus":"异常","rgWxWindows":"否","serialno":"7c308d89","simCountryIso":"cn","simOperator":"46000","simOperatorName":"中国移动","simSerialNumber":"8986002516335200377","simState":5,"subscriberId":"460008615895989","type":0,"typeName":"MOBILE","width":0,"wifiScan":["Netcore_142698,34:00:a3:12:da:88,[WPA-PSK-CCMP][WPA2-PSK-CCMP][ESS],-52,2452,490430006","MERCURY_043f32,d0:3e:5c:b8:8e:54,[WPA-PSK-CCMP][WPA2-PSK-CCMP][WPS][ESS],-81,2437,1204235807","PHICOMM_96587b,80:48:a5:e5:95:22,[WPA2-PSK-CCMP][WPS][ESS],-92,2462,2022934368","MERCURY_c1ebfd,d0:3e:5c:b8:86:74,[WPA-PSK-CCMP][WPA2-PSK-CCMP][ESS],-50,2412,216742830","PHICOMM_5d3163,b4:30:52:1e:3b:d0,[WPA2-PSK-CCMP][WPS][ESS],-58,2452,249398706"]}