{"BSSID":"88:0e:04:38:7a:d9","IpAddress":"10.66.26.19","P2p0Mac":"7d:09:b6:0e:0c:3f","SSID":"TP-LINK_ceda8d","androidId":"170ce60e54f8b525","batteryLevel":79,"btAddress":"27:9e:32:3d:52:8e","btName":"OPPO A59s","buildAbi":"armeabi-v7a","buildAbi2":"armeabi","buildBoard":"MSM8974","buildBrand":"OPPO","buildCodename":"REL","buildDescription":"A59-user 5.1.1 LMY48G 585f4887 release-keys","buildDevice":"A59","buildFingerprint":"OPPO/OPPO A59s/A59:5.1.1/LMY48G/585f4887:user/release-keys","buildHardware":"qcom","buildHost":"huawei-server-05","buildId":"LMY48G","buildIncremental":"585f4887","buildManufacturer":"OPPO","buildModel":"OPPO A59s","buildName":"OPPO","buildProduct":"A59","buildRadioVersion":"sdiszschkxjtz","buildRelease":"5.1.1","buildSdk":"22","buildSerialno":"0c890950","buildTags":"release-keys","buildType":"user","buildUser":"Server","buildUtc":1461060712844,"cellScan":["61711,21474","33069,22936","33069,50904","33069,60161","33069,29031"],"ci":21474,"contacts":["奶奶,15303004673","姑妈,15103650784","外婆,15000583719","外公,15905171590","舅舅,13705924425","舅妈,15908840979","姨父,13204371520","姨娘,13806290694","亲爱的,13301618250","老弟,13490873509","老妹,13700387312","小明,15307585152","小李子,18608850095","邹密鑫,13606967358","Arthur Stephens,13904593739","蓝嗣游,13707156506","王静,18603965679","屈万逵,13490249233","Clifford Alexander,18903230414","崔王水,13404177672","糜奇佩,18602930598","蔡心韶,13004684757","Diane Gonzalez,15502213436","骆明炬,15502766425","吴恒欣,14705252202","王超,15006578401","Kristen Morris,15808224209","王协贤,13406690644","滕祥迅,15103570849","张明鑫,15702203661","Ramon Arnold,18802766343","杨洋,15204190259","余闻,13407117614","吕明竞,18804530418","Anita Sanders,18802784495","司徒相翼,18603890255","宋绣玉,15600371124","嵇静钰,18704130883","Darlene Collins,15706459039","龙善宫,13802450476","王仪楷,15801417073","巫鑫培,15700398328","Nicholas Owens,15704381613","尹设仕,13705425858","杨念土,14701852700","宫河静,15106694435","Henry Harrison,15904758253","张节炬,18802851760","柯虎先,18808584686"],"cpuName":"MT6750","densityDpi":560,"deviceId":"860973548050175","deviceSvn":"69","displayId":"A59-user 5.1.1 LMY48G 585f4887 release-keys","extraInfo":"3gnet","height":0,"hidePkgs":[],"hmNotes":"","hookPkgs":[],"lac":61711,"latitude":30.725137,"line1Number":"18116219342","longitude":104.0204078,"macAddress":"0e:71:d3:4c:a4:7c","memAvailable":23533541,"memFree":70600624,"memTotal":94134165,"mnc":"03","networkClass":2,"networkCountryIso":"cn","networkOperator":"46003","networkOperatorName":"中国电信","networkType":6,"networkTypeName":"CDMA - EvDo rev. A","phoneType":2,"rgAndroid":"23","rgAreaode":"86","rgBackupPath":"/storage/emulated/0/.money/backup/20180108/18116219342_20180108.db","rgConNames":[],"rgCountry":"中国","rgDevice":"xiaomiRedmi 4X","rgIp":"119.4.252.13","rgLastLogin":1515462711811,"rgLocation":"四川省成都市 联通","rgNetType":"切换飞行模式","rgOrPhone":"18116219342","rgPhoneNo":"18116219342","rgServer":"飞行模式切换","rgTime":1515396287703,"rgVcode":"尚一品(发码)","rgVersion":"1.6.0","rgWxError":"帐号状态异常，本次登录已失效。请尝试重新登录，并根据弹窗提示操作。","rgWxName":"杨超兴","rgWxPasswd":"Rmst@7890","rgWxStatus":"异常","rgWxWindows":"否","serialno":"0c890950","simCountryIso":"cn","simOperator":"46003","simOperatorName":"中国电信","simSerialNumber":"898530782186406466730","simState":5,"subscriberId":"460035962260749","type":0,"typeName":"MOBILE","width":0,"wifiScan":["PHICOMM_ca9daf,0c:82:68:e9:b6:e8,[WPA-PSK-CCMP][WPA2-PSK-CCMP][ESS],-95,2412,429696067","MERCURY_95387b,a8:15:4d:27:40:a0,[WPA2-PSK-CCMP][ESS],-72,2437,289779421","PHICOMM_375215,44:33:4c:d2:62:7a,[WPA2-PSK-CCMP][WPS][ESS],-91,2412,2711229455","Netcore_cb0d10,d8:15:0d:87:0e:ce,[WPA2-PSK-CCMP][ESS],-95,2437,399287539","FAST_365215,40:16:9f:59:8f:92,[WPA2-PSK-CCMP][WPS][ESS],-52,2437,1972235128"]}