{"BSSID":"84:fc:6e:6f:9b:8e","IpAddress":"192.168.27.10","P2p0Mac":"ef:4a:35:4a:be:f8","SSID":"MERCURY_af20","androidId":"70c53ed24d70f838","batteryLevel":66,"btAddress":"a7:66:8e:a9:59:81","btName":"vivo X9","buildAbi":"armeabi-v7a","buildAbi2":"armeabi","buildBoard":"p990","buildBrand":"vivo","buildCodename":"REL","buildDescription":"PD1616-user 5.1.1 LMY48G bc24b392 release-keys","buildDevice":"PD1616","buildFingerprint":"vivo/vivo X9/PD1616:5.1.1/LMY48G/bc24b392:user/release-keys","buildHardware":"qcom","buildHost":"huangshan","buildId":"LMY48G","buildIncremental":"bc24b392","buildManufacturer":"vivo","buildModel":"vivo X9","buildName":"vivo","buildProduct":"PD1616","buildRadioVersion":"hvtxmljinfkhjzo","buildRelease":"5.1.1","buildSdk":"22","buildSerialno":"9c60c3b2","buildTags":"release-keys","buildType":"user","buildUser":"jenkins","buildUtc":1493824702300,"cellScan":[],"ci":0,"contacts":["奶奶,13601737962","姑妈,15606283006","外婆,15502974763","外公,18700308861","舅舅,15708722244","舅妈,18800402378","姨父,13101304020","姨娘,13490797613","亲爱的,18807808030","老弟,15208354799","老妹,18801703444","小明,18808361479","小李子,15301972420","钭伊彤,13601755194","Jeanette Jordan,13806676191","杨秀,18808571132","李璐静,18803234115","暴恺勋,13502609085","Kenneth Brown,13505032203","童艺迅,18707720718","杨联河,15706493410","吴嗣,18708375919","Rosa Ross,15700525278","杨京素,15506361347","杨涂,14701183105","陈舒设,18708600742","Kenneth Cruz,15705511930","杨王茜,13402373841","王书渠,15707638930","杨悠,13103804523","Eddie Myers,18607381876","苗敬雨,15601711151","余怀,13900747498","甘宁岩,13406752123","Rodney West,15104030379","杨仪,14708736538","羿宣阁,15605820929","吴随,13302825392","Julia Moore,13303633055","邴浩骏,15808050376","于星,13301840338","张畏,13603610953","Roy Rogers,13705283294"],"cpuName":"Qualcomm Technologies, Inc MSM8953","densityDpi":560,"deviceId":"862078864831576","deviceSvn":"21","displayId":"PD1616-user 5.1.1 LMY48G bc24b392 release-keys","extraInfo":"MERCURY_af20","height":0,"hidePkgs":[],"hmNotes":"","hookPkgs":[],"lac":0,"latitude":30.5733037,"line1Number":"18121371846","longitude":104.0795046,"macAddress":"6f:23:e4:ac:eb:07","memAvailable":4109783938,"memFree":12329351816,"memTotal":16439135754,"mnc":"03","networkClass":3,"networkCountryIso":"cn","networkOperator":"46003","networkOperatorName":"中国电信","networkType":13,"networkTypeName":"LTE","phoneType":2,"rgAndroid":"23","rgAreaode":"86","rgConNames":["陆渠岩","上善若水"],"rgConsize":"2","rgCountry":"中国","rgDevice":"xiaomiRedmi 4X","rgIp":"119.4.254.186","rgLastLogin":1516875388730,"rgLocation":"四川省成都市 联通","rgNetType":"切换飞行模式","rgOrPhone":"18121371846","rgPhoneNo":"18121371846","rgServer":"飞行模式切换","rgTime":1515400017402,"rgVcode":"尚一品(发码)","rgVersion":"1.6.0","rgWxEmail":"未绑定","rgWxError":"","rgWxId":"wxid_otvbgexljpea22","rgWxName":"陆渠岩","rgWxNo":"未设置","rgWxPasswd":"Rmst@7890","rgWxQQ":"未绑定","rgWxStatus":"存活","rgWxWindows":"否","serialno":"9c60c3b2","simCountryIso":"cn","simOperator":"46003","simOperatorName":"中国电信","simSerialNumber":"8986061491800999714","simState":5,"subscriberId":"460032954236121","type":1,"typeName":"WIFI","width":0,"wifiScan":["PHICOMM_585376,ac:45:1a:b5:3f:e1,[WPA2-PSK-CCMP][WPS][ESS],-76,2412,349618527","PHICOMM_0d20c0,6b:e0:75:de:1f:d7,[WPA-PSK-CCMP][WPA2-PSK-CCMP][WPS][ESS],-80,2467,309054624","PHICOMM_c0fcae,a4:d6:cd:58:17:42,[WPA-PSK-CCMP][WPA2-PSK-CCMP][WPS][ESS],-76,2442,1882638171","MERCURY_9659,a7:08:2a:69:74:18,[WPA2-PSK-CCMP][ESS],-93,2437,375422660","MERCURY_fe2c1f,10:db:58:d1:6a:1c,[WPA-PSK-CCMP][WPA2-PSK-CCMP][WPS][ESS],-79,2417,318717736","Tenda_9eb032,bc:08:8c:e1:54:b1,[WPA-PSK-CCMP][WPA2-PSK-CCMP][ESS],-87,2437,3578230660","PHICOMM_759858,35:4b:a4:70:ff:7e,[WPA2-PSK-CCMP][WPS][ESS],-93,2437,449543864","Netcore_fea9c1,62:08:c7:59:36:6b,[WPA-PSK-CCMP][WPA2-PSK-CCMP][WPS][ESS],-61,2472,2239730984"]}