{"BSSID":"44:ce:fb:dd:ff:9f","IpAddress":"10.81.59.104","P2p0Mac":"d7:aa:48:7a:fc:fa","SSID":"Tenda_258326","androidId":"b9fb617b398339cd","batteryLevel":46,"btAddress":"ce:63:e5:2c:0d:8c","btName":"OPPO R11 Plus","buildAbi":"armeabi-v7a","buildAbi2":"armeabi","buildBoard":"pyramid","buildBrand":"OPPO","buildCodename":"REL","buildDescription":"gucci-user 5.1.1 LMY48G 3c854000 release-keys","buildDevice":"gucci","buildFingerprint":"OPPO/OPPO R11 Plus/gucci:5.1.1/LMY48G/3c854000:user/release-keys","buildHardware":"qcom","buildHost":"mine","buildId":"LMY48G","buildIncremental":"3c854000","buildManufacturer":"OPPO","buildModel":"OPPO R11 Plus","buildName":"OPPO","buildProduct":"gucci","buildRadioVersion":"izflxhflzvd","buildRelease":"5.1.1","buildSdk":"22","buildSerialno":"65f6bfc7","buildTags":"release-keys","buildType":"user","buildUser":"lgmobile","buildUtc":1505788587007,"cellScan":[],"ci":0,"contacts":["奶奶,13105971408","姑妈,18803362715","外婆,18804121869","外公,18701153345","舅舅,18705831759","舅妈,18700120655","姨父,13500742059","姨娘,13004244090","亲爱的,18602894319","老弟,13801281770","老妹,18901478304","小明,15602213425","小李子,13307783231","李献,15108634738","Stephanie Ramirez,15001057215","张游,18904618312","于熙怡,13606310362","杨康,13606988485","James Walker,13703705955","雷烁微,18000448113","李绣寿,15703792494","席奎乐,15508324577","Benjamin Young,18604500477","李鑫皓,14700105810","杨陵,18905626908","李景裕,18701918516","Andrew Dixon,15703366234","翁顺瑕,15506558296","张颂顺,13303332446","钮奇商,14704305650","Martha Palmer,18800618627","戴雍皓,15203533710","暴求寿,18701758625","余航岳,13904063759","Rosa Kennedy,13804570083","王颖镜,13708103494","闵稼峻,14707385585","郭国仪,15600451298","Dolores Weaver,18606141315","李玉,15908516877","杨吉,15708214793","王岭逸,13302662194","Leslie Rice,18006372270","王魄,13302414362","陈雍香,13304972589","鲁砚心,15803742874","Derek Lopez,15200432439"],"cpuName":"Qualcomm Technologies, Inc MSM8916","densityDpi":560,"deviceId":"866050673854913","deviceSvn":"68","displayId":"gucci-user 5.1.1 LMY48G 3c854000 release-keys","extraInfo":"uninet","height":0,"hidePkgs":[],"hmNotes":"","hookPkgs":[],"lac":0,"latitude":30.7568432,"line1Number":"18149739419","longitude":104.1146947,"macAddress":"a6:12:67:ce:80:f7","memAvailable":24207487,"memFree":72622461,"memTotal":96829948,"mnc":"03","networkClass":2,"networkCountryIso":"cn","networkOperator":"46003","networkOperatorName":"中国电信","networkType":6,"networkTypeName":"CDMA - EvDo rev. A","phoneType":2,"rgAndroid":"23","rgAreaode":"86","rgBackupPath":"/storage/emulated/0/.money/backup/20180108/18149739419_20180108.db","rgConNames":[],"rgCountry":"中国","rgDevice":"xiaomiRedmi 4X","rgIp":"119.4.252.229","rgLastLogin":1515462912487,"rgLocation":"四川省成都市 联通","rgNetType":"切换飞行模式","rgOrPhone":"18149739419","rgPhoneNo":"18149739419","rgServer":"飞行模式切换","rgTime":1515400251015,"rgVcode":"尚一品(发码)","rgVersion":"1.6.0","rgWxError":"帐号状态异常，本次登录已失效。请尝试重新登录，并根据弹窗提示操作。","rgWxName":"于石","rgWxPasswd":"Rmst@7890","rgWxStatus":"异常","rgWxWindows":"否","serialno":"65f6bfc7","simCountryIso":"cn","simOperator":"46003","simOperatorName":"中国电信","simSerialNumber":"898530223798047226068","simState":5,"subscriberId":"460037215858497","type":0,"typeName":"MOBILE","width":0,"wifiScan":["FAST_a66a8c,c5:54:40:9f:8f:6c,[WPA-PSK-CCMP][WPA2-PSK-CCMP][WPS][ESS],-85,2412,2125430835","TP-LINK_5aa8,ff:e3:7c:bc:4a:d1,[WPA-PSK-CCMP][WPA2-PSK-CCMP][WPS][ESS],-53,2437,237088983","Tenda_0f3376,23:fe:a6:56:a3:77,[WPA2-PSK-CCMP][WPS][ESS],-69,2462,652628637","ChainaNet_2205,2a:27:8e:c5:fb:fa,[WPA-PSK-CCMP][WPA2-PSK-CCMP][WPS][ESS],-52,2412,3110138177","Netcore_fe3215,35:03:24:39:6a:be,[WPA-PSK-CCMP][WPA2-PSK-CCMP][ESS],-78,2462,446262189"]}