{"BSSID":"dd:af:5f:e8:8b:b7","IpAddress":"192.168.1.36","P2p0Mac":"76:46:2d:35:d7:b1","SSID":"PHICOMM_c0e2ec","androidId":"e0d4fdc77aca890f","batteryLevel":40,"btAddress":"73:28:47:e8:7c:4c","btName":"Redmi 4X","buildAbi":"armeabi-v7a","buildAbi2":"armeabi","buildBoard":"msm8952","buildBrand":"Xiaomi","buildCodename":"REL","buildDescription":"santoni-user 5.0 LRX21M 4a9704e9 release-keys","buildDevice":"santoni","buildFingerprint":"Xiaomi/Redmi 4X/santoni:5.0/LRX21M/4a9704e9:user/release-keys","buildHardware":"qcom","buildHost":"huawei-desktop","buildId":"LRX21M","buildIncremental":"4a9704e9","buildManufacturer":"Xiaomi","buildModel":"Redmi 4X","buildName":"Xiaomi","buildProduct":"santoni","buildRadioVersion":"hmuhellzcnzmffbd","buildRelease":"5.0","buildSdk":"21","buildSerialno":"a7f4490e","buildTags":"release-keys","buildType":"user","buildUser":"jenkins","buildUtc":1506014707456,"cellScan":[],"ci":0,"contacts":["奶奶,18806232123","姑妈,18003376219","外婆,13490733559","外公,13304186940","舅舅,18902015269","舅妈,13300673433","姨父,13607071315","姨娘,13805374820","亲爱的,18800521824","老弟,18802494745","老妹,13408131002","小明,15708306506","小李子,14704764031","张炯,15100261529","Gloria Wilson,15800153695","钟学净,14705790150","王克楷,18605254938","尉迟木渠,13503633086","Dorothy Cunningham,13806262223","张联,13905894847","华玉望,13605184662","冯曜,13203317121","Ryan Bennett,15602531714","堪泉杏,15504736519","张泰,18001048684","于尚,14705995559","Sylvia Adams,18704372139","杨敬岭,13305218225","慕容璇举,13002691358","刘商易,13200485307","Tina Green,18602344297","吴尚弘,15203371880","王声莉,15507494677","柳玺耀,13490070128","Charles Burns,15304300829","班行耀,13504401151","王童,15502356332","樊卿仙,13305395294","Ronnie Flores,13490024776","周阳嘉,15701888422","汲芹青,13903665866"],"cpuName":"Qualcomm Technologies, Inc MSM8940","densityDpi":320,"deviceId":"863446161662714","deviceSvn":"61","displayId":"santoni-user 5.0 LRX21M 4a9704e9 release-keys","extraInfo":"PHICOMM_c0e2ec","height":0,"hidePkgs":[],"hmNotes":"","hookPkgs":[],"lac":0,"latitude":30.6835594,"line1Number":"18917634246","longitude":103.8736783,"macAddress":"a8:fa:5f:77:d1:b7","memAvailable":32258647,"memFree":64517295,"memTotal":96775942,"mnc":"03","networkClass":1,"networkCountryIso":"cn","networkOperator":"46003","networkOperatorName":"中国电信","networkType":4,"networkTypeName":"CDMA","phoneType":2,"rgAndroid":"23","rgAreaode":"86","rgConNames":["李新"],"rgConsize":"1","rgCountry":"中国","rgDevice":"xiaomiRedmi 4X","rgIp":"119.4.255.106","rgLastLogin":1516243281558,"rgLocation":"四川省成都市 联通","rgNetType":"切换飞行模式","rgOrPhone":"18917634246","rgPhoneNo":"18917634246","rgServer":"飞行模式切换","rgTime":1515402840683,"rgVcode":"尚一品(发码)","rgVersion":"1.6.0","rgWxEmail":"未绑定","rgWxError":"该微信帐号因批量或者使用非法软件注册被限制登录，如需继续使用，请轻触“确定”申请解除限制。","rgWxName":"李新","rgWxNo":"未设置","rgWxPasswd":"Rmst@7890","rgWxQQ":"未绑定","rgWxStatus":"异常","rgWxWindows":"否","serialno":"a7f4490e","simCountryIso":"cn","simOperator":"46003","simOperatorName":"中国电信","simSerialNumber":"898530724827716564061","simState":5,"subscriberId":"460035326379225","type":1,"typeName":"WIFI","width":0,"wifiScan":["Netcore_5dcfd2,d3:4e:81:e0:78:7f,[WPA2-PSK-CCMP][WPS][ESS],-75,2462,2758933487","PHICOMM_4365a8,a7:7a:f7:ed:a4:2d,[WPA-PSK-CCMP][WPA2-PSK-CCMP][ESS],-71,2412,3252027383","FAST_326505,5a:ed:25:b1:b8:f3,[WPA2-PSK-CCMP][WPS][ESS],-76,2462,2209927973","PHICOMM_b8db0e,57:54:78:04:74:ca,[WPA-PSK-CCMP][WPA2-PSK-CCMP][ESS],-76,2412,3705831840","FAST_f426,de:01:85:39:7a:f1,[WPA2-PSK-CCMP][WPS][ESS],-65,2462,283527641","ChainaNet_cb96,83:28:72:13:ef:cd,[WPA-PSK-CCMP][WPA2-PSK-CCMP][ESS],-73,2462,3001133375","MERCURY_2dc1f3,57:b6:d7:3f:0a:b7,[WPA-PSK-CCMP][WPA2-PSK-CCMP][ESS],-93,2462,1379930795"]}