{"BSSID":"82:7d:3e:3e:1c:3f","IpAddress":"10.45.27.215","P2p0Mac":"f6:18:bb:08:e2:9e","SSID":"TP-LINK_0d1f27","androidId":"1fad022dbb26a2d0","batteryLevel":77,"btAddress":"66:1a:13:45:2a:f4","btName":"HM NOTE 1TD","buildAbi":"armeabi-v7a","buildAbi2":"armeabi","buildBoard":"mogami","buildBrand":"Xiaomi","buildCodename":"REL","buildDescription":"lcsh92_wet_tdd-user 5.0 LRX21M c432bcd2 release-keys","buildDevice":"lcsh92_wet_tdd","buildFingerprint":"Xiaomi/HM NOTE 1TD/lcsh92_wet_tdd:5.0/LRX21M/c432bcd2:user/release-keys","buildHardware":"qcom","buildHost":"wcc-miui-ota-bd25","buildId":"LRX21M","buildIncremental":"c432bcd2","buildManufacturer":"Xiaomi","buildModel":"HM NOTE 1TD","buildName":"Xiaomi","buildProduct":"lcsh92_wet_tdd","buildRadioVersion":"tlzfjsqrvlaql","buildRelease":"5.0","buildSdk":"21","buildSerialno":"488b2694","buildTags":"release-keys","buildType":"user","buildUser":"buildHost","buildUtc":1480453534591,"cellScan":[],"ci":0,"contacts":["奶奶,15004758308","姑妈,13100278129","外婆,13900033419","外公,18704145135","舅舅,13207157803","舅妈,18006741186","姨父,13608476620","姨娘,13604044084","亲爱的,13490722112","老弟,15005373050","老妹,15301182926","小明,15000915932","小李子,15208296588","华卿声,18804042679","Lisa Ward,18706158412","王媛,18906470505","杨齐,18705323196","李骥,13903254287","Tommy Campbell,13900215126","杨仕铜,13701331950","东方可若,18805585980","成廉王,15106261440","Patrick Hall,15104986025","宗硕岁,18707863139","姚世珊,13900115184","王若,15001718280","Floyd Gomez,13408672585","谈英鹄,18700288563","余罗锦,14701411961","臧屏陵,13303816177","Victor Allen,13300895702","汤盛胤,15705444355","翁青翰,13703761252","范竞江,13102786867","Joshua Hughes,15508101973","吴添,15705242939","计仁岁,15302640415","张玮隆,13006001379","Emma Anderson,13103124550","王吾,15906777975","樊雅京,13505560212","诸葛航善,13106478512","Paula Bailey,13103887036","柯求鹄,13407302158","伍迅铜,14703352522","李庞翰,13407726463","Richard Warren,15205662521","唐向梦,15100215493","祁津伟,15706994030","王群杭,13490582255","Joanne Wagner,15308265300","欧阳午罗,15602371464"],"cpuName":"MT6592","densityDpi":480,"deviceId":"860888917644681","deviceSvn":"10","displayId":"lcsh92_wet_tdd-user 5.0 LRX21M c432bcd2 release-keys","extraInfo":"cmwap","height":0,"hidePkgs":[],"hmNotes":"","hookPkgs":[],"lac":0,"latitude":30.6464691,"line1Number":"18917894486","longitude":103.9027213,"macAddress":"2e:80:aa:bd:29:30","memAvailable":32066411,"memFree":64132823,"memTotal":96199234,"mnc":"03","networkClass":2,"networkCountryIso":"cn","networkOperator":"46003","networkOperatorName":"中国电信","networkType":6,"networkTypeName":"CDMA - EvDo rev. A","phoneType":2,"rgAndroid":"23","rgAreaode":"86","rgConNames":["上善若水","杨珊"],"rgConsize":"2","rgCountry":"中国","rgDevice":"xiaomiRedmi 4X","rgIp":"119.4.254.144","rgLastLogin":1516875621171,"rgLocation":"四川省成都市 联通","rgNetType":"切换飞行模式","rgOrPhone":"18917894486","rgPhoneNo":"18917894486","rgServer":"飞行模式切换","rgTime":1515403712077,"rgVcode":"尚一品(发码)","rgVersion":"1.6.0","rgWxEmail":"未绑定","rgWxError":"","rgWxId":"wxid_x0y4c7oi4pqs22","rgWxName":"杨珊","rgWxNo":"未设置","rgWxPasswd":"Rmst@7890","rgWxQQ":"未绑定","rgWxStatus":"存活","rgWxWindows":"否","serialno":"488b2694","simCountryIso":"cn","simOperator":"46003","simOperatorName":"中国电信","simSerialNumber":"898530268916847593432","simState":5,"subscriberId":"460035588844447","type":0,"typeName":"MOBILE","width":0,"wifiScan":["PHICOMM_c86bad,ac:a3:a7:78:a4:72,[WPA-PSK-CCMP][WPA2-PSK-CCMP][WPS][ESS],-79,2462,3548232775","PHICOMM_377597,64:e9:56:90:f4:f3,[WPA-PSK-CCMP][WPA2-PSK-CCMP][ESS],-80,2447,442015741","FAST_0f41,b3:4e:32:47:ac:9b,[WPA-PSK-CCMP][WPA2-PSK-CCMP][WPS][ESS],-93,2462,208308552","Tenda_be31ed,18:b5:b8:84:a7:b1,[WPA2-PSK-CCMP][WPS][ESS],-75,2462,2702734318","Tenda_985365,b9:6d:16:51:14:07,[WPA2-PSK-CCMP][WPS][ESS],-89,2412,205908346","PHICOMM_fe31ed,ec:0c:ef:3c:39:89,[WPA2-PSK-CCMP][ESS],-91,2462,435809097","FAST_215486,95:82:79:d7:7e:26,[WPA2-PSK-CCMP][WPS][ESS],-72,2412,208589667","MERCURY_031652,0b:d3:9d:24:47:12,[WPA2-PSK-CCMP][ESS],-78,2462,238407665"]}