{"BSSID":"8e:18:72:69:c9:4f","IpAddress":"192.168.86.240","P2p0Mac":"06:3c:40:9d:b6:1f","SSID":"MERCURY_2e1053","androidId":"9981492d9046a81d","batteryLevel":73,"btAddress":"24:41:79:e6:ec:36","btName":"HM NOTE 1TD","buildAbi":"armeabi-v7a","buildAbi2":"armeabi","buildBoard":"n1","buildBrand":"Xiaomi","buildCodename":"REL","buildDescription":"lcsh92_wet_tdd-user 5.0 LRX21M 2da21e67 release-keys","buildDevice":"lcsh92_wet_tdd","buildFingerprint":"Xiaomi/HM NOTE 1TD/lcsh92_wet_tdd:5.0/LRX21M/2da21e67:user/release-keys","buildHardware":"qcom","buildHost":"taishan","buildId":"LRX21M","buildIncremental":"2da21e67","buildManufacturer":"Xiaomi","buildModel":"HM NOTE 1TD","buildName":"Xiaomi","buildProduct":"lcsh92_wet_tdd","buildRadioVersion":"zwsrcjut","buildRelease":"5.0","buildSdk":"21","buildSerialno":"6e9e2c97","buildTags":"release-keys","buildType":"user","buildUser":"buildHost","buildUtc":1466508571382,"cellScan":[],"ci":0,"contacts":["奶奶,13506587623","姑妈,18801501392","外婆,15803864873","外公,15700725887","舅舅,15600193631","舅妈,15000403720","姨父,13701910955","姨娘,13706436289","亲爱的,18901070719","老弟,15903048890","老妹,13902240437","小明,13205468394","小李子,13802414674","吴威,15705532180","Nathan Shaw,18703431159","刘桂鑫,15605016891","於午敬,13007786278","彭霖启,18003015968","Lawrence Elliott,13304182837","吴瑟,13207481861","吴古,15700821099","王信,14704102457","Katherine Hart,14708630932","陈任,13504743304","苏虎野,13707297237","杨鹏,15805446573","Anita Cox,15005644664","席庞若,13605453095","李夜,15704050953","巫双力,18701594347","Elsie Berry,18703230441","王虎,15903236525","粱筱宏,15208652911","喻孝坚,13400191700","Alvin Duncan,15807511332","魏明琴,15907636317","裘伊魁,15007060755","王设岁,13405397267","Erin Moore,15005102571","戎思怒,13401845833","狄嗣让,18001021191","祁夏游,13701145692","Juan Moore,13508785297","于屏,18908714389","柯勇译,13205030015","陈世诗,13490267880","Shirley Coleman,15303312486"],"cpuName":"MT6592","densityDpi":560,"deviceId":"862217050637583","deviceSvn":"47","displayId":"lcsh92_wet_tdd-user 5.0 LRX21M 2da21e67 release-keys","extraInfo":"MERCURY_2e1053","height":0,"hidePkgs":[],"hmNotes":"","hookPkgs":[],"lac":0,"latitude":30.6071263,"line1Number":"18930919445","longitude":104.0337446,"macAddress":"be:45:8d:6f:a0:16","memAvailable":701648564,"memFree":2104945694,"memTotal":2806594258,"mnc":"03","networkClass":3,"networkCountryIso":"cn","networkOperator":"46003","networkOperatorName":"中国电信","networkType":13,"networkTypeName":"LTE","phoneType":2,"rgAndroid":"23","rgAreaode":"86","rgConNames":["杨素"],"rgConsize":"1","rgCountry":"中国","rgDevice":"xiaomiRedmi 4X","rgIp":"101.206.167.20","rgLastLogin":1516243327856,"rgLocation":"四川省 联通","rgNetType":"切换飞行模式","rgOrPhone":"18930919445","rgPhoneNo":"18930919445","rgServer":"飞行模式切换","rgTime":1515408594780,"rgVcode":"尚一品(发码)","rgVersion":"1.6.0","rgWxEmail":"未绑定","rgWxError":"该微信帐号因批量或者使用非法软件注册被限制登录，如需继续使用，请轻触“确定”申请解除限制。","rgWxName":"杨素","rgWxNo":"未设置","rgWxPasswd":"Rmst@7890","rgWxQQ":"未绑定","rgWxStatus":"异常","rgWxWindows":"否","serialno":"6e9e2c97","simCountryIso":"cn","simOperator":"46003","simOperatorName":"中国电信","simSerialNumber":"898530225170631567772","simState":5,"subscriberId":"460035652840935","type":1,"typeName":"WIFI","width":0,"wifiScan":["ChainaNet_1487,a5:41:99:71:c7:5e,[WPA2-PSK-CCMP][WPS][ESS],-88,2437,3480526480","MERCURY_7385,63:e1:a2:25:c2:1a,[WPA2-PSK-CCMP][WPS][ESS],-71,2437,1036435725","MERCURY_104763,cc:29:90:1e:70:e7,[WPA-PSK-CCMP][WPA2-PSK-CCMP][ESS],-66,2412,445020077","FAST_85a949,ed:85:25:44:ba:65,[WPA2-PSK-CCMP][ESS],-80,2437,2493930103","TP-LINK_6adc98,8f:2a:4d:25:1b:f8,[WPA2-PSK-CCMP][ESS],-88,2432,2253526657"]}