{"BSSID":"d9:a9:e2:6e:35:6e","IpAddress":"10.82.94.129","P2p0Mac":"55:03:36:0c:da:cf","SSID":"Netcore_ebec10","androidId":"16ad47f7928eabb9","batteryLevel":49,"btAddress":"34:98:01:5e:73:aa","btName":"HM NOTE 1TD","buildAbi":"armeabi-v7a","buildAbi2":"armeabi","buildBoard":"MSM8994","buildBrand":"Xiaomi","buildCodename":"REL","buildDescription":"lcsh92_wet_tdd-user 7.0.0 NRD90M 51bcc926 release-keys","buildDevice":"lcsh92_wet_tdd","buildFingerprint":"Xiaomi/HM NOTE 1TD/lcsh92_wet_tdd:7.0.0/NRD90M/51bcc926:user/release-keys","buildHardware":"qcom","buildHost":"huawei-server-05","buildId":"NRD90M","buildIncremental":"51bcc926","buildManufacturer":"Xiaomi","buildModel":"HM NOTE 1TD","buildName":"Xiaomi","buildProduct":"lcsh92_wet_tdd","buildRadioVersion":"yguvgrlavtj","buildRelease":"7.0.0","buildSdk":"24","buildSerialno":"64e0a7df","buildTags":"release-keys","buildType":"user","buildUser":"jenkins","buildUtc":1512152606849,"cellScan":[],"ci":0,"contacts":["奶奶,18704998279","姑妈,18001594353","外婆,13405245240","外公,18806377646","舅舅,13700841114","舅妈,15004204786","姨父,13202013891","姨娘,18708452837","亲爱的,13502917705","老弟,15203413270","老妹,15008582358","小明,13801290178","小李子,14706036859","陈岩,14704145416","Margaret Ray,15703571112","李熙,13007876493","李净,15103836203","谈义献,13202628685","Joan Watson,15506911277","杨宫,13605765211","余郡,14706931243","王凇,15505674567","Bertha Stevens,13007048931","王默,14708400285","吴精宣,15003870730","张寿,15906531897","Julia Stephens,13404580786","吴相郁,15303067989","王易宁,18906685732","李军盈,13207804296","Pedro Powell,15504975279","吴镜珀,15101005538","冯图岩,15103948070","杨皓嘉,15200292394","Ronnie Rodriguez,15201623312","乌团举,15705327898","张会,18707675962","戚银适,13403412025","Jerome Kelly,15201985052","邓伟稼,14703663462","杨平,15006091515","班罗晟,13703770135","Rick Carpenter,13903928473","庞幸进,15605358463","杨遇,14701326857","王如奇,15807485665","Sherry Cook,15007143278","雷协朔,14708456462","单可宣,15802410259","靳欣经,13703325197","Cathy Hernandez,13706962755"],"cpuName":"MT6592","densityDpi":240,"deviceId":"860449456556529","deviceSvn":"20","displayId":"lcsh92_wet_tdd-user 7.0.0 NRD90M 51bcc926 release-keys","extraInfo":"3gwap","height":0,"hidePkgs":[],"hmNotes":"","hookPkgs":[],"lac":0,"latitude":30.9078375,"line1Number":"18930868140","longitude":103.7308616,"macAddress":"6b:e4:74:be:40:d8","memAvailable":935496569,"memFree":1870993140,"memTotal":2806489709,"mnc":"03","networkClass":3,"networkCountryIso":"cn","networkOperator":"46003","networkOperatorName":"中国电信","networkType":13,"networkTypeName":"LTE","phoneType":2,"rgAndroid":"23","rgAreaode":"86","rgConNames":["戚明雨","上善若水"],"rgConsize":"2","rgCountry":"中国","rgDevice":"xiaomiRedmi 4X","rgIp":"119.4.254.135","rgLastLogin":1516875852812,"rgLocation":"四川省成都市 联通","rgNetType":"切换飞行模式","rgOrPhone":"18930868140","rgPhoneNo":"18930868140","rgServer":"飞行模式切换","rgTime":1515406041374,"rgVcode":"尚一品(发码)","rgVersion":"1.6.0","rgWxEmail":"未绑定","rgWxError":"","rgWxId":"wxid_undjazuppacs22","rgWxName":"戚明雨","rgWxNo":"未设置","rgWxPasswd":"Rmst@7890","rgWxQQ":"未绑定","rgWxStatus":"存活","rgWxWindows":"否","serialno":"64e0a7df","simCountryIso":"cn","simOperator":"46003","simOperatorName":"中国电信","simSerialNumber":"8986036754650954398","simState":5,"subscriberId":"460036199552430","type":0,"typeName":"MOBILE","width":0,"wifiScan":["TP-LINK_fe1e,d7:90:49:f5:73:a6,[WPA2-PSK-CCMP][WPS][ESS],-91,2437,351536856","TP-LINK_cf4641,12:6c:f3:b9:96:2c,[WPA-PSK-CCMP][WPA2-PSK-CCMP][WPS][ESS],-74,2412,455755275","Tenda_10530f,0b:d6:38:82:c3:93,[WPA-PSK-CCMP][WPA2-PSK-CCMP][ESS],-68,2437,3556327029","MERCURY_bec982,2a:17:48:42:11:03,[WPA-PSK-CCMP][WPA2-PSK-CCMP][WPS][ESS],-76,2462,3102036201","MERCURY_2698c8,e7:61:e9:a0:be:98,[WPA-PSK-CCMP][WPA2-PSK-CCMP][WPS][ESS],-92,2412,1250728667","TP-LINK_ed10cc,3b:71:f4:6a:d6:95,[WPA2-PSK-CCMP][WPS][ESS],-78,2412,274259410"]}