{"BSSID":"e9:08:08:8d:69:30","IpAddress":"192.168.86.108","P2p0Mac":"ff:05:60:08:d4:5f","SSID":"TP-LINK_baec","androidId":"355a0310d6f28159","batteryLevel":43,"btAddress":"fe:01:f4:48:20:af","btName":"X6D","buildAbi":"armeabi-v7a","buildAbi2":"armeabi","buildBoard":"umts_spyder","buildBrand":"vivo","buildCodename":"REL","buildDescription":"X6D-user 5.0 LRX21M 034d7a0c release-keys","buildDevice":"X6D","buildFingerprint":"vivo/X6D/X6D:5.0/LRX21M/034d7a0c:user/release-keys","buildHardware":"qcom","buildHost":"mine","buildId":"LRX21M","buildIncremental":"034d7a0c","buildManufacturer":"vivo","buildModel":"X6D","buildName":"vivo","buildProduct":"X6D","buildRadioVersion":"isjzjudqpelm","buildRelease":"5.0","buildSdk":"21","buildSerialno":"74d29777","buildTags":"release-keys","buildType":"user","buildUser":"buildHost","buildUtc":1498744366390,"cellScan":["32844,56121","32844,56112","33038,117807905","32844,43353","32844,56111"],"ci":117807905,"contacts":["奶奶,13507273038","姑妈,15106273425","外婆,15707843337","外公,14704472633","舅舅,15707487059","舅妈,18902852294","姨父,13102632083","姨娘,15606640337","亲爱的,13490280182","老弟,18707492062","老妹,18808281850","小明,13508004023","小李子,13200507554","薛良群,18704235692","Thelma Harper,14703462123","杨宇,15904242344","李观津,13806432690","张嘉,15304195388","Tyler Holmes,13300354545","杨观,14702518964","路涂辉,13002514245","李卫迅,14708758261","Marvin Reynolds,18801055836","杨怀乐,13804910886","金余权,18904893013","贲殊君,13005377574","Kenneth Lewis,15605185529","岑铭璐,15806530088","于慎,13305575451","李郁,18800164331","Judy Diaz,15702477244","吴剑,18906295315","余青雅,13104553919","韦廉荣,15903898107","John Franklin,15005598599","高精团,15700017992","禹琴梧,18603533889","杨泉,13600503145","Teresa Brooks,13606624204","杨诗如,13700110256","梅奎康,13406497119","吴雪,13900151513","Edwin Mason,13900750215"],"cpuName":"MT6752","densityDpi":320,"deviceId":"860256935082567","deviceSvn":"34","displayId":"X6D-user 5.0 LRX21M 034d7a0c release-keys","extraInfo":"TP-LINK_baec","height":0,"hidePkgs":[],"hmNotes":"","hookPkgs":[],"lac":33038,"latitude":30.7099504,"line1Number":"18116274745","longitude":103.8586734,"macAddress":"6b:d9:e3:15:3f:33","memAvailable":23569928,"memFree":70709784,"memTotal":94279712,"mnc":"03","networkClass":3,"networkCountryIso":"cn","networkOperator":"46003","networkOperatorName":"中国电信","networkType":13,"networkTypeName":"LTE","phoneType":2,"rgAndroid":"23","rgAreaode":"86","rgConNames":[],"rgCountry":"中国","rgDevice":"xiaomiRedmi 4X","rgIp":"101.206.167.160","rgLastLogin":1516776986118,"rgLocation":"四川省 联通","rgNetType":"切换飞行模式","rgOrPhone":"18116274745","rgPhoneNo":"18116274745","rgServer":"飞行模式切换","rgTime":1515142123874,"rgVcode":"尚一品(发码)","rgVersion":"1.6.0","rgWxError":"该微信帐号因批量或者使用非法软件注册被限制登录，如需继续使用，请轻触“确定”申请解除限制。","rgWxName":"张守轩","rgWxPasswd":"Rmst@7890","rgWxStatus":"异常","rgWxWindows":"否","serialno":"74d29777","simCountryIso":"cn","simOperator":"46003","simOperatorName":"中国电信","simSerialNumber":"8986118433082943069","simState":5,"subscriberId":"460038520722936","type":1,"typeName":"WIFI","width":0,"wifiScan":["PHICOMM_8a846a,f0:b4:29:21:db:5d,[WPS][ESS],-75,2437,513936264","MERCURY_c1043b,54:a5:1b:22:56:74,[WPA2-PSK-CCMP][WPS][ESS],-82,2412,3441026421","Tenda_7caed2,80:89:17:2e:86:64,[WPA-PSK-CCMP][WPA2-PSK-CCMP][WPS][ESS],-71,2412,472339652","TP-LINK_4104,6c:e8:73:25:d5:2a,[WPA2-PSK-CCMP][ESS],-85,2462,3050730155","MERCURY_549cb3,00:23:c9:79:75:3f,[WPA2-PSK-CCMP-preauth][ESS],-79,2427,440520706"]}