{"BSSID":"36:22:32:01:b5:1a","IpAddress":"10.65.44.251","P2p0Mac":"ae:10:33:72:32:39","SSID":"MERCURY_d052f3","androidId":"03c2b5254d43a5c2","batteryLevel":47,"btAddress":"db:f0:ee:72:2f:95","btName":"OPPO R9sk","buildAbi":"armeabi-v7a","buildAbi2":"armeabi","buildBoard":"flounder","buildBrand":"OPPO","buildCodename":"REL","buildDescription":"R9sk-user 5.0 LRX21M 80791f5f release-keys","buildDevice":"R9sk","buildFingerprint":"OPPO/OPPO R9sk/R9sk:5.0/LRX21M/80791f5f:user/release-keys","buildHardware":"qcom","buildHost":"mz-buider-2","buildId":"LRX21M","buildIncremental":"80791f5f","buildManufacturer":"OPPO","buildModel":"OPPO R9sk","buildName":"OPPO","buildProduct":"R9sk","buildRadioVersion":"sbctoafr","buildRelease":"5.0","buildSdk":"21","buildSerialno":"ba325d7f","buildTags":"release-keys","buildType":"user","buildUser":"android","buildUtc":1509487350933,"cellScan":["32799,136905473","61726,169786501","32799,97313153","32799,97313154","61726,169764093"],"ci":169764093,"contacts":["奶奶,15808214273","姑妈,15706105406","外婆,18801194167","外公,18701484613","舅舅,15705863703","舅妈,15908403950","姨父,15703434936","姨娘,13206194897","亲爱的,15201524673","老弟,18907962339","老妹,15504117697","小明,13106243713","小李子,13902578999","霍京冠,15305613807","Carlos Hawkins,18902924993","卡迅若,18004784325","富诗渠,15800955035","郝权岁,14708815307","Helen Howard,18803263928","芮素克,15804101774","杨甲森,18005156519","奚莉炎,15802361029","Andrew Miller,15908073576","杨妙,13700643501","余素,15504972473","吴竞享,13200328366","Joann Robertson,15504634236","嵇熙培,15006695856","狄和升,15700197721","吴焱协,18907631727","Emily Brooks,13308306605","杨嘉渠,13701992687","黄廉翔,15704752463","李珊,15905288942","Erica Ramos,15205740263","陈茜,13401780946","余瑞卫,18802148650","杨筱,14705164537","Juanita Grant,18706198661","魏义仪,18704313860","吴绍,15502736069","宫威律,15801050892","Dorothy Tucker,15904797362","武全佳,14705270108","刁权影,15000822186","程渠宇,15706064462","Yvonne Long,15706491490","单业欣,15103367821"],"cpuName":"Qualcomm Technologies, Inc MSM8953","densityDpi":320,"deviceId":"860198167924084","deviceSvn":"87","displayId":"R9sk-user 5.0 LRX21M 80791f5f release-keys","extraInfo":"cmnet","height":0,"hidePkgs":[],"hmNotes":"","hookPkgs":[],"lac":61726,"latitude":30.61778,"line1Number":"18116264643","longitude":104.346133,"macAddress":"56:e8:76:ee:ee:f0","memAvailable":935740585,"memFree":1871481172,"memTotal":2807221757,"mnc":"03","networkClass":1,"networkCountryIso":"cn","networkOperator":"46003","networkOperatorName":"中国电信","networkType":4,"networkTypeName":"CDMA","phoneType":2,"rgAndroid":"23","rgAreaode":"86","rgConNames":[],"rgCountry":"中国","rgDevice":"xiaomiRedmi 4X","rgIp":"101.206.167.115","rgLastLogin":1516777033121,"rgLocation":"四川省 联通","rgNetType":"切换飞行模式","rgOrPhone":"18116264643","rgPhoneNo":"18116264643","rgServer":"飞行模式切换","rgTime":1515142524195,"rgVcode":"尚一品(发码)","rgVersion":"1.6.0","rgWxError":"该微信帐号因批量或者使用非法软件注册被限制登录，如需继续使用，请轻触“确定”申请解除限制。","rgWxName":"彭惠棠","rgWxPasswd":"Rmst@7890","rgWxStatus":"异常","rgWxWindows":"否","serialno":"ba325d7f","simCountryIso":"cn","simOperator":"46003","simOperatorName":"中国电信","simSerialNumber":"8986062749699160101","simState":5,"subscriberId":"460035641655847","type":0,"typeName":"MOBILE","width":0,"wifiScan":["Netcore_9adc8d,c0:61:18:b4:fc:8c,[WPA2-PSK-CCMP][ESS],-87,2462,332929252"]}