{"BSSID":"96:f5:1c:cc:bc:b2","IpAddress":"10.14.22.93","P2p0Mac":"05:cc:3a:00:de:3b","SSID":"MERCURY_8cfea9","androidId":"3ebe8f8b79cf40d1","batteryLevel":78,"btAddress":"df:ec:bd:b7:a1:15","btName":"X5","buildAbi":"armeabi-v7a","buildAbi2":"armeabi","buildBoard":"MSM8952","buildBrand":"vivo","buildCodename":"REL","buildDescription":"X5-user 6.0.1 MMB29T 88da5661 release-keys","buildDevice":"X5","buildFingerprint":"vivo/X5/X5:6.0.1/MMB29T/88da5661:user/release-keys","buildHardware":"qcom","buildHost":"wcc-miui-ota-bd25","buildId":"MMB29T","buildIncremental":"88da5661","buildManufacturer":"vivo","buildModel":"X5","buildName":"vivo","buildProduct":"X5","buildRadioVersion":"masrqzxla","buildRelease":"6.0.1","buildSdk":"23","buildSerialno":"f1ec9b31","buildTags":"release-keys","buildType":"user","buildUser":"builder","buildUtc":1496167818743,"cellScan":["61713,25762","61700,25762","32794,45593","32808,139658755","39938,163705906"],"ci":25762,"contacts":["奶奶,15703851213","姑妈,13808487356","外婆,15702211033","外公,13604842641","舅舅,15705867329","舅妈,13490774562","姨父,13406610764","姨娘,15604931107","亲爱的,18801547756","老弟,18904762220","老妹,18702828581","小明,13308760728","小李子,13806416552","郝轩珀,13905024141","Edith Cole,13804696191","陈海如,13508771445","万似幸,13008526288","余轩,13407940650","Joyce Long,15105475302","富豪会,13300883074","吴瑟,13108309040","于律,15306527717","Herman Holmes,15300705949","吴渠,15001682844","张明,18806054686","杨薇,13708478784","Elsie Mason,13702786528","裘幸京,15007540838","李惠扬,15907588254","萧望恒,14705973823","Judy Evans,18807043257","喻礼净,18808593313","曹康永,13602113638","吴宽,15800236745","Bertha Butler,15101913256","于卿利,14700473005","张许,15303376174","谢麟思,15806720699","Kyle Nelson,15907658962","王巍,15907833628","杨培,13904533297","邹学廉,18700874849","Darrell Matthews,15700711306","杨乾,15205755345","高稼善,13700991131","杨午升,15004574293","Jason Webb,15008765355","雷衔添,15302953437"],"cpuName":"MT6592","densityDpi":240,"deviceId":"860345012443287","deviceSvn":"58","displayId":"X5-user 6.0.1 MMB29T 88da5661 release-keys","extraInfo":"cmnet","height":0,"hidePkgs":[],"hmNotes":"","hookPkgs":[],"lac":61700,"latitude":30.8719437,"line1Number":"18121257241","longitude":104.0420766,"macAddress":"6d:c8:33:50:a1:95","memAvailable":1250017622,"memFree":2500035246,"memTotal":3750052868,"mnc":"03","networkClass":2,"networkCountryIso":"cn","networkOperator":"46003","networkOperatorName":"中国电信","networkType":12,"networkTypeName":"CDMA - EvDo rev. B","phoneType":2,"rgAndroid":"23","rgAreaode":"86","rgConNames":["杨权尚"],"rgConsize":"1","rgCountry":"中国","rgDevice":"xiaomiRedmi 4X","rgIp":"119.4.254.110","rgLastLogin":1516776552378,"rgLocation":"四川省成都市 联通","rgNetType":"切换飞行模式","rgOrPhone":"18121257241","rgPhoneNo":"18121257241","rgServer":"飞行模式切换","rgTime":1515137738353,"rgVcode":"尚一品(发码)","rgVersion":"1.6.0","rgWxEmail":"未绑定","rgWxError":"该微信帐号因批量或者使用非法软件注册被限制登录，如需继续使用，请轻触“确定”申请解除限制。","rgWxName":"杨权尚","rgWxNo":"未设置","rgWxPasswd":"Rmst@7890","rgWxQQ":"未绑定","rgWxStatus":"异常","rgWxWindows":"否","serialno":"f1ec9b31","simCountryIso":"cn","simOperator":"46003","simOperatorName":"中国电信","simSerialNumber":"898530225023902549427","simState":5,"subscriberId":"460036715964698","type":0,"typeName":"MOBILE","width":0,"wifiScan":["PHICOMM_ebfe10,08:10:79:86:db:5a,[WPA2-PSK-CCMP][ESS],-71,2462,233070878","Netcore_ae1f43,78:eb:14:23:96:be,[WPA2-PSK-CCMP][WPS][ESS],-63,2437,2873126483","MERCURY_626587,08:10:79:86:db:9c,[WPA2-PSK-CCMP][WPS][ESS],-71,2437,256963522","TP-LINK_641437,20:dc:e6:82:4e:58,[WPA2-PSK-CCMP][WPS][ESS],-83,2472,464860496","FAST_9658cb,fc:d7:33:33:58:c4,[WPA-PSK-CCMP][WPA2-PSK-CCMP][ESS],-77,2462,246474668"]}