{"BSSID":"24:c8:8d:72:fa:66","IpAddress":"192.168.38.252","P2p0Mac":"bb:45:da:14:a4:8a","SSID":"iTV-76a8","androidId":"3c84fa8828a795ff","batteryLevel":59,"btAddress":"9c:a2:66:61:e3:84","btName":"Redmi 4X","buildAbi":"armeabi-v7a","buildAbi2":"armeabi","buildBoard":"bullhead","buildBrand":"Xiaomi","buildCodename":"REL","buildDescription":"santoni-user 6.0.1 MMB29T 03c14581 release-keys","buildDevice":"santoni","buildFingerprint":"Xiaomi/Redmi 4X/santoni:6.0.1/MMB29T/03c14581:user/release-keys","buildHardware":"qcom","buildHost":"ubuntu","buildId":"MMB29T","buildIncremental":"03c14581","buildManufacturer":"Xiaomi","buildModel":"Redmi 4X","buildName":"Xiaomi","buildProduct":"santoni","buildRadioVersion":"flqjcsxyxta","buildRelease":"6.0.1","buildSdk":"23","buildSerialno":"e6ee1711","buildTags":"release-keys","buildType":"user","buildUser":"MarkBuild","buildUtc":1495270612186,"cellScan":["32808,96636801","61713,168919544","61700,168067576","32808,139683585","32808,1794"],"ci":168919544,"contacts":["奶奶,15704817354","姑妈,18906534762","外婆,13100365169","外公,18706432474","舅舅,13905337965","舅妈,13490479725","姨父,18904185262","姨娘,15705750080","亲爱的,13005415218","老弟,15704276874","老妹,13490308048","小明,13490831078","小李子,15003815363","李巍炬,13106996162","Cathy Watson,13207540756","房华龙,15302563299","于兴胜,13902425638","计元裕,18002671360","Sally Miller,18004315481","李石,18004464937","杨保孝,13490728551","费骏迅,15303256470","Melissa Moore,15308206702","王欢,15006794644","慕容微升,15107098382","蒋稼随,13800495350","Jason Davis,13708624459","陈谦随,15307706855","杨屏国,15900705179","张佑,13604575492","Veronica Wagner,13804341173","嵇伊声,13604276453","余屏,13104447727","王庞,15908447920","Victoria Phillips,15107485524","王盛泉,15104603070","韩经野,13902132123","吴棠,13506972565","Tommy Ramos,13603304339","王游萱,13104425729","羿夏曜,18001256719","司马奇平,18905490572","Florence Foster,18908106691","王鑫齐,13304006334","黄逸虎,13500271414","袁永怡,15301103683","Theresa Parker,18001058768","丁平雅,14706946537","李伊,13807773021","裘童荃,13707956255","Louis Henry,13708284184","柯康求,13400156094"],"cpuName":"Qualcomm Technologies, Inc MSM8940","densityDpi":320,"deviceId":"861789649450935","deviceSvn":"16","displayId":"santoni-user 6.0.1 MMB29T 03c14581 release-keys","extraInfo":"iTV-76a8","height":0,"hidePkgs":[],"hmNotes":"","hookPkgs":[],"lac":61713,"latitude":30.8279355,"line1Number":"18149713423","longitude":104.0762906,"macAddress":"68:9b:db:bb:f3:92","memAvailable":172033467,"memFree":344066934,"memTotal":516100401,"mnc":"03","networkClass":3,"networkCountryIso":"cn","networkOperator":"46003","networkOperatorName":"中国电信","networkType":13,"networkTypeName":"LTE","phoneType":2,"rgAndroid":"23","rgAreaode":"86","rgConNames":[],"rgCountry":"中国","rgDevice":"xiaomiRedmi 4X","rgIp":"119.4.254.246","rgLastLogin":1516776695995,"rgLocation":"四川省成都市 联通","rgNetType":"切换飞行模式","rgOrPhone":"18149713423","rgPhoneNo":"18149713423","rgServer":"飞行模式切换","rgTime":1515139424148,"rgVcode":"尚一品(发码)","rgVersion":"1.6.0","rgWxError":"该微信帐号因批量或者使用非法软件注册被限制登录，如需继续使用，请轻触“确定”申请解除限制。","rgWxName":"柏嗣绣","rgWxPasswd":"Rmst@7890","rgWxStatus":"异常","rgWxWindows":"否","serialno":"e6ee1711","simCountryIso":"cn","simOperator":"46003","simOperatorName":"中国电信","simSerialNumber":"898530782939527914295","simState":5,"subscriberId":"460039360156654","type":1,"typeName":"WIFI","width":0,"wifiScan":["PHICOMM_6fea9c,20:dc:e6:cf:57:7c,[WPA-PSK-CCMP][WPA2-PSK-CCMP][WPS][ESS],-87,2442,278842569","FAST_520337,6c:59:40:13:25:ec,[WPA2-PSK-CCMP][WPS][ESS],-86,2462,464640471","MERCURY_fe2153,d8:15:0d:18:38:78,[WPA-PSK-CCMP][WPA2-PSK-CCMP][WPS][ESS],-74,2412,2126628075","MERCURY_e16497,78:a1:06:b8:67:06,[WPA2-PSK-CCMP][ESS],-72,2467,3479932206","FAST_2759,8c:f2:28:6a:00:6c,[WPA-PSK-CCMP][WPA2-PSK-CCMP][WPS][ESS],-86,2467,3048835203"]}