{"BSSID":"e3:8d:d7:45:51:8f","IpAddress":"10.36.73.72","P2p0Mac":"8e:1f:f4:8c:68:2d","SSID":"FAST_dcaed1","androidId":"1f9fa380f9557644","batteryLevel":78,"btAddress":"98:6d:c3:08:fb:ce","btName":"MI 2SC","buildAbi":"armeabi-v7a","buildAbi2":"armeabi","buildBoard":"tuna","buildBrand":"Xiaomi","buildCodename":"REL","buildDescription":"aries-user 7.0.0 NRD90M 8746e582 release-keys","buildDevice":"aries","buildFingerprint":"Xiaomi/MI 2SC/aries:7.0.0/NRD90M/8746e582:user/release-keys","buildHardware":"qcom","buildHost":"qh-miui-ota-bd54","buildId":"NRD90M","buildIncremental":"8746e582","buildManufacturer":"Xiaomi","buildModel":"MI 2SC","buildName":"Xiaomi","buildProduct":"aries","buildRadioVersion":"pzkgcrbtebtxqlfw","buildRelease":"7.0.0","buildSdk":"24","buildSerialno":"dab36506","buildTags":"release-keys","buildType":"user","buildUser":"android","buildUtc":1454135483084,"cellScan":["32799,23986","61742,59161","33045,118123808","61726,25035","1822,25035"],"ci":25035,"contacts":["奶奶,15100067749","姑妈,15808056313","外婆,13206001169","外公,13101295714","舅舅,15003237257","舅妈,13305258081","姨父,15606431919","姨娘,14700765985","亲爱的,15001035354","老弟,13906174432","老妹,13301731850","小明,15507214653","小李子,13607675693","钭经寅,13808491286","Jesus Rice,13503146695","王谦,18701926617","司马朋梧,14702925574","缪寿星,15206871161","James Robinson,15905187641","王辉,15703715805","杨梦延,18700890986","陈奇夏,15307792946","Pamela Armstrong,15308841951","王图,15705686291","李炯,13104206496","李荃彤,13401913939","Wendy Cooper,15902542666","岑骏立,13703845283","沈薇辉,13400759029","于梦魁,13602417196","Pauline Bryant,13601492406","解怀行,13900894004","余逵,18706161900","韦瑞钰,13100220099","Ruby Stone,15605738995","施雪升,13100352696","霍书佩,15903200385","安石涂,13305694149","Norma Carpenter,13303073527","卡嘉同,13603780620","夏侯梦可,13105585757","吴殊,13490792438","Curtis Stone,18903160571","余宏旺,15706492905","熊杭怡,15708353270","包甲雨,13907561380","Mario Butler,13807726994"],"cpuName":"MI 2","densityDpi":320,"deviceId":"867701381872634","deviceSvn":"48","displayId":"aries-user 7.0.0 NRD90M 8746e582 release-keys","extraInfo":"ctnet","height":0,"hidePkgs":[],"hmNotes":"","hookPkgs":[],"lac":1822,"latitude":30.6444301,"line1Number":"18149735141","longitude":104.3371673,"macAddress":"42:30:d5:ae:f3:2d","memAvailable":24112079,"memFree":72336238,"memTotal":96448317,"mnc":"03","networkClass":2,"networkCountryIso":"cn","networkOperator":"46003","networkOperatorName":"中国电信","networkType":12,"networkTypeName":"CDMA - EvDo rev. B","phoneType":2,"rgAndroid":"23","rgAreaode":"86","rgConNames":["陈薇水"],"rgConsize":"1","rgCountry":"中国","rgDevice":"xiaomiRedmi 4X","rgIp":"119.4.254.144","rgLastLogin":1516776503038,"rgLocation":"四川省成都市 联通","rgNetType":"切换飞行模式","rgOrPhone":"18149735141","rgPhoneNo":"18149735141","rgServer":"飞行模式切换","rgTime":1515137429005,"rgVcode":"尚一品(发码)","rgVersion":"1.6.0","rgWxEmail":"未绑定","rgWxError":"该微信帐号因批量或者使用非法软件注册被限制登录，如需继续使用，请轻触“确定”申请解除限制。","rgWxName":"陈薇水","rgWxNo":"未设置","rgWxPasswd":"Rmst@7890","rgWxQQ":"未绑定","rgWxStatus":"异常","rgWxWindows":"否","serialno":"dab36506","simCountryIso":"cn","simOperator":"46003","simOperatorName":"中国电信","simSerialNumber":"8986064996933426983","simState":5,"subscriberId":"460038997490672","type":0,"typeName":"MOBILE","width":0,"wifiScan":["MERCURY_d75154,c0:61:18:cc:96:f2,[WPA2-PSK-CCMP][WPS][ESS],-92,2462,414307828","Netcore_fd2dc1,78:eb:14:9c:a3:d0,[WPA2-PSK-CCMP][WPS][ESS],-64,2462,542322593","Netcore_98b7b8,ec:17:2f:44:d9:32,[WPA2-PSK-CCMP-preauth][ESS],-94,2412,293629183","TP-LINK_1058,bc:46:99:fd:ff:ca,[WPA-PSK-CCMP][WPA2-PSK-CCMP][WPS][ESS],-95,2412,333286195","Netcore_7bad20,a4:56:02:d1:39:ce,[WPA-PSK-CCMP][WPA2-PSK-CCMP][WPS][ESS],-85,2437,377208978"]}