{"BSSID":"37:8a:3c:06:33:2c","IpAddress":"192.168.10.202","P2p0Mac":"7b:3b:75:78:2c:9e","SSID":"PHICOMM_68d98b","androidId":"8213fde334257f32","batteryLevel":62,"btAddress":"13:38:51:e4:97:12","btName":"HM NOTE 1TD","buildAbi":"armeabi-v7a","buildAbi2":"armeabi","buildBoard":"MSM8916","buildBrand":"Xiaomi","buildCodename":"REL","buildDescription":"lcsh92_wet_tdd-user 7.0.0 NRD90M d1845d1b release-keys","buildDevice":"lcsh92_wet_tdd","buildFingerprint":"Xiaomi/HM NOTE 1TD/lcsh92_wet_tdd:7.0.0/NRD90M/d1845d1b:user/release-keys","buildHardware":"qcom","buildHost":"qh-miui-ota-bd51","buildId":"NRD90M","buildIncremental":"d1845d1b","buildManufacturer":"Xiaomi","buildModel":"HM NOTE 1TD","buildName":"Xiaomi","buildProduct":"lcsh92_wet_tdd","buildRadioVersion":"erigtivjkyehnp","buildRelease":"7.0.0","buildSdk":"24","buildSerialno":"0c0397e7","buildTags":"release-keys","buildType":"user","buildUser":"Server","buildUtc":1482439352857,"cellScan":["61710,168721158","61710,168721155","33035,117563681","32768,60906","32768,46161"],"ci":168721155,"contacts":["奶奶,15804462538","姑妈,15904427196","外婆,13503241532","外公,18808790006","舅舅,13607720623","舅妈,18800966770","姨父,13902784147","姨娘,15700873824","亲爱的,13604743624","老弟,13700570092","老妹,14705265598","小明,13490680466","小李子,18804412420","吕艺思,18901280073","Leo Baker,15302781231","杨荣,18705121276","杨似军,15502450987","杨砚佩,15806206523","Jessica Phillips,15205936869","许军剑,13207503188","黄怡湘,15107186585","蓝精骏,18704165051","Jamie Price,15704633303","平卫嵬,13003924814","陈永海,13503088760","王王齐,15807625284","Susan Black,15000637003","秋介兴,15108792888","杨余,18701070368","施硕素,15705464793","Cynthia Crawford,18805780515","王隆,15007712008","明印仪,18707043773","张铭怡,13202086894","Bernice Price,15603651544","倪图演,13407823641","孔秀慎,18807073070","薛默岩,15704817687","Sean Brooks,14702503777","龙瑛巍,13505247936","贾河适,15903922188","张举,13490207469","Beth Jordan,18000077646","李昆素,18802303678","郗杭洋,18805774181","于廉如,15100942647","Gail Stone,15906816616","吴为,15508021784","沈影,15907712930"],"cpuName":"MT6592","densityDpi":240,"deviceId":"860911617687089","deviceSvn":"78","displayId":"lcsh92_wet_tdd-user 7.0.0 NRD90M d1845d1b release-keys","extraInfo":"PHICOMM_68d98b","height":0,"hidePkgs":[],"hmNotes":"","hookPkgs":[],"lac":61710,"latitude":30.6857624,"line1Number":"18918051242","longitude":103.9576609,"macAddress":"4a:60:33:17:01:9e","memAvailable":31223339,"memFree":62446679,"memTotal":93670018,"mnc":"03","networkClass":1,"networkCountryIso":"cn","networkOperator":"46003","networkOperatorName":"中国电信","networkType":4,"networkTypeName":"CDMA","phoneType":2,"rgAndroid":"23","rgAreaode":"86","rgConNames":[],"rgCountry":"中国","rgDevice":"xiaomiRedmi 4X","rgIp":"119.4.252.91","rgLastLogin":1516777130175,"rgLocation":"四川省成都市 联通","rgNetType":"切换飞行模式","rgOrPhone":"18918051242","rgPhoneNo":"18918051242","rgServer":"飞行模式切换","rgTime":1515144356466,"rgVcode":"尚一品(发码)","rgVersion":"1.6.0","rgWxError":"该微信帐号因批量或者使用非法软件注册被限制登录，如需继续使用，请轻触“确定”申请解除限制。","rgWxName":"李剑铜","rgWxPasswd":"Rmst@7890","rgWxStatus":"异常","rgWxWindows":"否","serialno":"0c0397e7","simCountryIso":"cn","simOperator":"46003","simOperatorName":"中国电信","simSerialNumber":"8986035367419448708","simState":5,"subscriberId":"460039140714133","type":1,"typeName":"WIFI","width":0,"wifiScan":["MERCURY_796a,00:87:46:11:47:5c,[WPA-PSK-CCMP][WPA2-PSK-CCMP][WPS][ESS],-56,2412,777126540","Tenda_d11548,d8:24:bd:78:ee:bc,[WPA2-PSK-CCMP][ESS],-73,2437,526681287","MERCURY_5a6497,2c:c5:d3:30:25:58,[WPA-PSK-CCMP][WPA2-PSK-CCMP][WPS][ESS],-76,2437,199721641","ChainaNet_a8cf,b8:a3:86:9a:78:d6,[WPA2-PSK-CCMP][WPS][ESS],-61,2412,520266009","FAST_fd15,fc:d7:33:de:6d:d6,[WPA2-PSK-CCMP][WPS][ESS],-83,2437,3549633133"]}