{"BSSID":"77:4c:69:56:fd:76","IpAddress":"192.168.73.176","P2p0Mac":"1a:f2:cf:7d:44:57","SSID":"MERCURY_6959","androidId":"ba13a3147fe93987","batteryLevel":70,"btAddress":"f7:a7:56:70:97:1e","btName":"HTC D816v","buildAbi":"armeabi-v7a","buildAbi2":"armeabi","buildBoard":"galbi","buildBrand":"htc","buildCodename":"REL","buildDescription":"htccn_chs_ct-user 7.1.2 NMF26Q 97c165ee release-keys","buildDevice":"htc_a5dwg1","buildFingerprint":"htc/HTC D816v/htc_a5dwg1:7.1.2/NMF26Q/97c165ee:user/release-keys","buildHardware":"qcom","buildHost":"qh-miui-ota-bd54","buildId":"NMF26Q","buildIncremental":"97c165ee","buildManufacturer":"HTC","buildModel":"HTC D816v","buildName":"htc","buildProduct":"htccn_chs_ct","buildRadioVersion":"tdtnwrzotffjgr","buildRelease":"7.1.2","buildSdk":"25","buildSerialno":"d73c1890","buildTags":"release-keys","buildType":"user","buildUser":"Server","buildUtc":1510144919456,"cellScan":["32905,98229121","65535,5172","32905,64214","61722,168567035","32905,135051270"],"ci":5172,"contacts":["奶奶,15502634634","姑妈,14702815292","外婆,15607883174","外公,15702813829","舅舅,15502397519","舅妈,15804047681","姨父,13503475333","姨娘,13602320706","亲爱的,15700603100","老弟,15602677034","老妹,18906858180","小明,13700936582","小李子,18607734109","吉厚屏,18900122835","Stephanie Gardner,13490799435","杨砚,15801606926","杨岭,15800563957","傅元荣,18700973162","Kim Morris,14705814444","荣凇伟,13705980361","杜荣浩,14704493122","龚剑夜,18704460553","Regina Moore,18808231916","张翼,13606578510","于琴,15002034019","李愚思,15907063051","Lewis Henry,13404512802","柳盈顺,18703637473","康阳津,18703033623","吴寿,13504628618","Julia Peterson,13705428432","章若旺,15206412089","李世俊,18906988902","米烈辉,13490379502","Diane Moore,15306882884","沈意伊,13901743312","闵泰立,13300027345","柯然效,13106104068","Holly Andrews,13006405959","陈全,13808387525","潘奎勋,15307680537","杨玮,13802455853","Edna Ramos,13908326761","钭昱倩,18005950816","邓时建,15103798638","杨校妙,13702073738","Janice James,13500616631","梅康炫,13500977427"],"cpuName":"Qualcomm MSM8928","densityDpi":320,"deviceId":"861368928576460","deviceSvn":"76","displayId":"htccn_chs_ct-user 7.1.2 NMF26Q 97c165ee release-keys","extraInfo":"MERCURY_6959","height":0,"hidePkgs":[],"hmNotes":"","hookPkgs":[],"lac":65535,"latitude":30.5351763,"line1Number":"18916537430","longitude":103.9897833,"macAddress":"57:6c:0a:13:f1:00","memAvailable":24138836,"memFree":72416508,"memTotal":96555344,"mnc":"03","networkClass":3,"networkCountryIso":"cn","networkOperator":"46003","networkOperatorName":"中国电信","networkType":13,"networkTypeName":"LTE","phoneType":2,"rgAndroid":"23","rgAreaode":"86","rgConNames":["李保"],"rgConsize":"1","rgCountry":"中国","rgDevice":"xiaomiRedmi 4X","rgIp":"119.4.254.184","rgLastLogin":1516776647473,"rgLocation":"四川省成都市 联通","rgNetType":"切换飞行模式","rgOrPhone":"18916537430","rgPhoneNo":"18916537430","rgServer":"飞行模式切换","rgTime":1515138946353,"rgVcode":"尚一品(发码)","rgVersion":"1.6.0","rgWxEmail":"未绑定","rgWxError":"该微信帐号因批量或者使用非法软件注册被限制登录，如需继续使用，请轻触“确定”申请解除限制。","rgWxName":"李保","rgWxNo":"未设置","rgWxPasswd":"Rmst@7890","rgWxQQ":"未绑定","rgWxStatus":"异常","rgWxWindows":"否","serialno":"d73c1890","simCountryIso":"cn","simOperator":"46003","simOperatorName":"中国电信","simSerialNumber":"8986068391922526232","simState":5,"subscriberId":"460038302793642","type":1,"typeName":"WIFI","width":0,"wifiScan":["iTV-a50f,6c:59:40:b0:7f:14,[WPA2-PSK-CCMP][WPS][ESS],-56,2462,1971032938","MERCURY_3fca,48:7a:da:07:75:be,[WPA2-PSK-CCMP][ESS],-73,2437,1156336262","PHICOMM_154843,a8:57:4e:0e:98:1e,[WPA2-PSK-CCMP][ESS],-93,2412,238074944","MERCURY_1537,24:05:0f:84:69:7a,[WPA-PSK-CCMP][WPA2-PSK-CCMP][WPS][ESS],-60,2437,3204228219","MERCURY_143038,88:25:93:95:51:a7,[WPA2-PSK-CCMP][ESS],-67,2437,2607529555"]}