{"BSSID":"d3:f8:10:4f:40:c5","IpAddress":"192.168.29.2","P2p0Mac":"62:30:51:26:91:2a","SSID":"TP-LINK_ca0e76","androidId":"56a8d0c644d24edf","batteryLevel":66,"btAddress":"f2:02:bc:10:ff:06","btName":"vivo X3L","buildAbi":"armeabi-v7a","buildAbi2":"armeabi","buildBoard":"msm8916","buildBrand":"vivo","buildCodename":"REL","buildDescription":"msm8226-user 5.1.1 LMY48G 243a1092 release-keys","buildDevice":"msm8226","buildFingerprint":"vivo/vivo X3L/msm8226:5.1.1/LMY48G/243a1092:user/release-keys","buildHardware":"qcom","buildHost":"sp-ci-01-desktop","buildId":"LMY48G","buildIncremental":"243a1092","buildManufacturer":"vivo","buildModel":"vivo X3L","buildName":"vivo","buildProduct":"msm8226","buildRadioVersion":"texezfvaxtnwq","buildRelease":"5.1.1","buildSdk":"22","buildSerialno":"55de789d","buildTags":"release-keys","buildType":"user","buildUser":"lgmobile","buildUtc":1481154319623,"cellScan":[],"ci":0,"contacts":["奶奶,18700155034","姑妈,18701177943","外婆,18705918384","外公,18703938607","舅舅,14704018135","舅妈,15208261628","姨父,15907744324","姨娘,18805830702","亲爱的,18704505583","老弟,13701543325","老妹,13902232702","小明,18706643626","小李子,15104614872","张畏龙,18904624550","Sherry Marshall,13490229186","杨威渠,13106796220","于若,13906000312","夏若玉,18803548407","Zachary Chavez,18802995545","计炎敬,18802001532","李蔚,14700892019","张洋权,18802228038","Annie Tucker,14705917435","倪翼焱,13804804434","王双,18806765478","路渠耀,15906487219","Samuel Flores,15903354390","吴寿英,15302159000","于若文,13606900994","酆雍琴,18706665807","Derrick Coleman,15705015088","贲向龙,15706843762","陈裕,18904830944","王稼,15008835419","Alexander Roberts,15002522892","于荃兴,18808228794","王裕曜,14706252416","李介宣,15504074137","Derek Edwards,13201736271","郎龙节,13307716248","王贤雷,13501457045","苏贺密,15901424770","Jacob Woods,15004876350","杨默,18807308192","经耀望,15700655989","张启,18808700533","Allen Lawson,18707340392","俞乐景,13708879024","金培联,15208614621","李午,15308011671","Jamie Woods,18901637483"],"cpuName":"MT6592","densityDpi":320,"deviceId":"863624652707855","deviceSvn":"23","displayId":"msm8226-user 5.1.1 LMY48G 243a1092 release-keys","extraInfo":"TP-LINK_ca0e76","height":0,"hidePkgs":[],"hmNotes":"","hookPkgs":[],"lac":0,"latitude":30.5089971,"line1Number":"18917820470","longitude":104.0212529,"macAddress":"a2:32:8d:86:cd:1c","memAvailable":701711033,"memFree":2105133101,"memTotal":2806844134,"mnc":"03","networkClass":2,"networkCountryIso":"cn","networkOperator":"46003","networkOperatorName":"中国电信","networkType":12,"networkTypeName":"CDMA - EvDo rev. B","phoneType":2,"rgAndroid":"23","rgAreaode":"86","rgConNames":[],"rgCountry":"中国","rgDevice":"xiaomiRedmi 4X","rgIp":"119.4.255.141","rgLastLogin":1516777176749,"rgLocation":"四川省成都市 联通","rgNetType":"切换飞行模式","rgOrPhone":"18917820470","rgPhoneNo":"18917820470","rgServer":"飞行模式切换","rgTime":1515145877422,"rgVcode":"尚一品(发码)","rgVersion":"1.6.0","rgWxError":"该微信帐号因批量或者使用非法软件注册被限制登录，如需继续使用，请轻触“确定”申请解除限制。","rgWxName":"陈虎炬","rgWxPasswd":"Rmst@7890","rgWxStatus":"异常","rgWxWindows":"否","serialno":"55de789d","simCountryIso":"cn","simOperator":"46003","simOperatorName":"中国电信","simSerialNumber":"8986117117241190223","simState":5,"subscriberId":"460031102186849","type":1,"typeName":"WIFI","width":0,"wifiScan":["Netcore_597ca6,da:d2:55:bb:27:c4,[WPA-PSK-CCMP][WPA2-PSK-CCMP][ESS],-81,2472,445138109","Netcore_9659cb,9f:f2:33:76:df:e7,[WPA2-PSK-CCMP][WPS][ESS],-93,2462,484811001","MERCURY_f316,05:c7:fe:76:84:b5,[WPA2-PSK-TKIP+CCMP][WPS][ESS],-68,2412,1306236515","PHICOMM_feae1f,c5:e8:2e:f8:fb:54,[WPA-PSK-CCMP][WPA2-PSK-CCMP][WPS][ESS],-91,2437,1633633130","Tenda_375985,08:af:3b:1c:b0:4c,[WPA2-PSK-CCMP][ESS],-67,2412,1091329101"]}