{"BSSID":"07:db:39:93:8a:0a","IpAddress":"192.168.54.116","P2p0Mac":"0b:49:7d:f7:c8:bc","SSID":"FAST_042266","androidId":"51ea48beae8b15e7","batteryLevel":50,"btAddress":"4a:aa:d9:28:f2:1d","btName":"vivo X6D","buildAbi":"armeabi-v7a","buildAbi2":"armeabi","buildBoard":"ether","buildBrand":"vivo","buildCodename":"REL","buildDescription":"PD1415D-user 7.0.0 NRD90M c962593b release-keys","buildDevice":"PD1415D","buildFingerprint":"vivo/vivo X6D/PD1415D:7.0.0/NRD90M/c962593b:user/release-keys","buildHardware":"qcom","buildHost":"shws40","buildId":"NRD90M","buildIncremental":"c962593b","buildManufacturer":"vivo","buildModel":"vivo X6D","buildName":"vivo","buildProduct":"PD1415D","buildRadioVersion":"bkewkyjar","buildRelease":"7.0.0","buildSdk":"24","buildSerialno":"8063df89","buildTags":"release-keys","buildType":"user","buildUser":"builder","buildUtc":1497061176878,"cellScan":["1821,41134","32805,97050752","33305,40231","32805,7081","32805,1537"],"ci":7081,"contacts":["奶奶,13003688388","姑妈,13305440043","外婆,13507175610","外公,15303271732","舅舅,14707503496","舅妈,14701158809","姨父,15202423720","姨娘,13604514713","亲爱的,13006994720","老弟,15001356884","老妹,13303387783","小明,13200373527","小李子,15203304080","吕异思,13904268555","Amanda Fisher,13800594689","臧艺守,15105615691","柏敬陵,13900611758","李佳,18002858871","Roy Crawford,13490603627","戎恒河,13201421537","宫畏怡,13905904523","隗雍森,13301588671","Elaine Mason,15306430195","滑倩贵,13507053562","杨雍享,15701983425","余胜,15707152219","Mark Reynolds,15701058562","王能,14706101876","邬芹康,15303858451","王权,14700908230","Ricardo Jones,18807202227","吴元,13305276435","巴群商,18905467687","于顺,13100281575","Johnny Gardner,13103322307","吴渠奇,15708106747","于许,14706275434","吕蔚雍,13608106448","Edward Mills,13704317927","暴靖行,13606576541","张骏,13205704287","柯凇雄,13907694392","Clarence Bell,13507162902"],"cpuName":"MT6752","densityDpi":320,"deviceId":"860392519133565","deviceSvn":"26","displayId":"PD1415D-user 7.0.0 NRD90M c962593b release-keys","extraInfo":"FAST_042266","height":0,"hidePkgs":[],"hmNotes":"","hookPkgs":[],"lac":32805,"latitude":30.4181384,"line1Number":"18930941043","longitude":104.0371302,"macAddress":"99:6a:13:1a:10:65","memAvailable":172238529,"memFree":344477059,"memTotal":516715588,"mnc":"03","networkClass":2,"networkCountryIso":"cn","networkOperator":"46003","networkOperatorName":"中国电信","networkType":5,"networkTypeName":"CDMA - EvDo rev. 0","phoneType":2,"rgAndroid":"23","rgAreaode":"86","rgConNames":[],"rgCountry":"中国","rgDevice":"xiaomiRedmi 4X","rgIp":"101.206.167.6","rgLastLogin":1516776889680,"rgLocation":"四川省 联通","rgNetType":"切换飞行模式","rgOrPhone":"18930941043","rgPhoneNo":"18930941043","rgServer":"飞行模式切换","rgTime":1515140916130,"rgVcode":"尚一品(发码)","rgVersion":"1.6.0","rgWxError":"该微信帐号因批量或者使用非法软件注册被限制登录，如需继续使用，请轻触“确定”申请解除限制。","rgWxName":"张耀","rgWxPasswd":"Rmst@7890","rgWxStatus":"异常","rgWxWindows":"否","serialno":"8063df89","simCountryIso":"cn","simOperator":"46003","simOperatorName":"中国电信","simSerialNumber":"898530294285226781970","simState":5,"subscriberId":"460031973774364","type":1,"typeName":"WIFI","width":0,"wifiScan":["PHICOMM_b8dbfe,ec:26:ca:58:18:32,[WPA2-PSK-CCMP][ESS],-88,2462,479526794","Netcore_0b9fd1,00:6b:8e:3b:da:56,[WPA2-PSK-CCMP][ESS],-86,2437,271653263","TP-LINK_5488ca,44:97:5a:ed:85:ae,[WPA-PSK-CCMP][WPA2-PSK-CCMP][ESS],-77,2447,521248512","MERCURY_c53376,00:1a:a9:e3:89:a1,[WPA-PSK-CCMP][WPA2-PSK-CCMP][WPS][ESS],-59,2437,1155933004","FAST_97caae,0c:72:2c:e9:98:f8,[WPA2-PSK-CCMP][WPS][ESS],-52,2452,286128744"]}