{"BSSID":"02:39:8d:39:ab:d0","IpAddress":"10.44.30.180","P2p0Mac":"dc:5f:62:a2:53:80","SSID":"TP-LINK_547732","androidId":"80457aebbff2d48e","batteryLevel":51,"btAddress":"40:b9:47:32:47:56","btName":"HUAWEI GRA-CL10","buildAbi":"armeabi-v7a","buildAbi2":"armeabi","buildBoard":"su640","buildBrand":"HUAWEI","buildCodename":"REL","buildDescription":"GRA-CL10-user 7.0.0 NRD90M 6831f754 release-keys","buildDevice":"HWGRA","buildFingerprint":"HUAWEI/HUAWEI GRA-CL10/HWGRA:7.0.0/NRD90M/6831f754:user/release-keys","buildHardware":"qcom","buildHost":"mz-buider-2","buildId":"NRD90M","buildIncremental":"6831f754","buildManufacturer":"HUAWEI","buildModel":"HUAWEI GRA-CL10","buildName":"HUAWEI","buildProduct":"GRA-CL10","buildRadioVersion":"idkugqgxgqznkf","buildRelease":"7.0.0","buildSdk":"24","buildSerialno":"60c3c7b2","buildTags":"release-keys","buildType":"user","buildUser":"Server","buildUtc":1461534489076,"cellScan":["33296,49733","39700,162899762","33045,118376991","61726,13025","61726,169902463"],"ci":118376991,"contacts":["奶奶,15301173113","姑妈,13400441962","外婆,13702567024","外公,15902082826","舅舅,15700924692","舅妈,15604011699","姨父,13000812831","姨娘,18006963228","亲爱的,13704248131","老弟,13607204535","老妹,13402886638","小明,18902890425","小李子,18603577084","杨华,13702438319","Donna Greene,13900060251","姜铁兴,13200848398","杨孝涂,15708211590","宫谷水,15701114968","Lee Perry,14701306215","卜超辉,13907506107","贝宁友,15000220678","余建,15001924214","Francisco Duncan,13401230781","陈怒,13100957952","杜剑菁,13703974850","吴玮烁,18005445470","Ronnie Freeman,18005134123","王腾,13806602384","杨宇任,18706172470","于扬靖,18601116808","Gloria Collins,13201806099","王进,15206428064","章和谷,14701725437","吕适义,13004763744","Dean Henry,15505503758","杨净校,13490130711","杨舒琦,15207162543","费保阳,18001632843","Judith Weaver,13304360954","邹殊鹏,13404317868"],"cpuName":":0","densityDpi":240,"deviceId":"860355016099506","deviceSvn":"59","displayId":"GRA-CL10-user 7.0.0 NRD90M 6831f754 release-keys","extraInfo":"cmwap","height":0,"hidePkgs":[],"hmNotes":"","hookPkgs":[],"lac":33045,"latitude":30.6420905,"line1Number":"18930019142","longitude":104.1983492,"macAddress":"bc:81:f8:f8:23:ce","memAvailable":51210221,"memFree":153630665,"memTotal":204840886,"mnc":"03","networkClass":2,"networkCountryIso":"cn","networkOperator":"46003","networkOperatorName":"中国电信","networkType":6,"networkTypeName":"CDMA - EvDo rev. A","phoneType":2,"rgAndroid":"23","rgAreaode":"86","rgConNames":["张皓任"],"rgConsize":"1","rgCountry":"中国","rgDevice":"xiaomiRedmi 4X","rgIp":"101.206.167.124","rgLastLogin":1516776841473,"rgLocation":"四川省 联通","rgNetType":"切换飞行模式","rgOrPhone":"18930019142","rgPhoneNo":"18930019142","rgServer":"飞行模式切换","rgTime":1515140609250,"rgVcode":"尚一品(发码)","rgVersion":"1.6.0","rgWxEmail":"未绑定","rgWxError":"该微信帐号因批量或者使用非法软件注册被限制登录，如需继续使用，请轻触“确定”申请解除限制。","rgWxName":"张皓任","rgWxNo":"未设置","rgWxPasswd":"Rmst@7890","rgWxQQ":"未绑定","rgWxStatus":"异常","rgWxWindows":"否","serialno":"60c3c7b2","simCountryIso":"cn","simOperator":"46003","simOperatorName":"中国电信","simSerialNumber":"8986111332420677096","simState":5,"subscriberId":"460034867525595","type":0,"typeName":"MOBILE","width":0,"wifiScan":["PHICOMM_02658c,1c:fa:68:85:fb:98,[WPA2-PSK-CCMP][WPS][ESS],-75,2437,1860926529","Tenda_be21c1,c4:47:3f:7f:6d:24,[WPA-PSK-CCMP][WPA2-PSK-CCMP][WPS][ESS],-67,2412,3293137716","FAST_598326,38:83:45:bf:bb:da,[WPA2-PSK-CCMP][WPS][ESS],-72,2412,745334569","FAST_8587b9,d0:c7:c0:ce:31:90,[WPA-PSK-CCMP][WPA2-PSK-CCMP][WPS][ESS],-84,2462,506738360","Tenda_9c1f21,28:2c:b2:29:da:f4,[WPA-PSK-CCMP][WPA2-PSK-CCMP][ESS],-59,2412,784837866"]}