{"BSSID":"bc:32:54:c9:c8:8c","IpAddress":"192.168.14.196","P2p0Mac":"7c:96:a2:01:9f:b0","SSID":"PHICOMM_214376","androidId":"89a7b20cbadd8f03","batteryLevel":68,"btAddress":"6d:db:b0:75:fa:fc","btName":"Redmi 3S","buildAbi":"armeabi-v7a","buildAbi2":"armeabi","buildBoard":"MAKO","buildBrand":"Xiaomi","buildCodename":"REL","buildDescription":"land-user 7.1.2 NMF26Q 1ed37623 release-keys","buildDevice":"land","buildFingerprint":"Xiaomi/Redmi 3S/land:7.1.2/NMF26Q/1ed37623:user/release-keys","buildHardware":"qcom","buildHost":"zc-miui-ota-bd39.bj","buildId":"NMF26Q","buildIncremental":"1ed37623","buildManufacturer":"Xiaomi","buildModel":"Redmi 3S","buildName":"Xiaomi","buildProduct":"land","buildRadioVersion":"iwrhflmvjsmklhe","buildRelease":"7.1.2","buildSdk":"25","buildSerialno":"2a180b75","buildTags":"release-keys","buildType":"user","buildUser":"MarkBuild","buildUtc":1489737398638,"cellScan":[],"ci":0,"contacts":["奶奶,13702198333","姑妈,13405252889","外婆,15104514322","外公,13403676959","舅舅,18006374259","舅妈,14705062643","姨父,15505557218","姨娘,15707697583","亲爱的,15305177093","老弟,15206118520","老妹,15200977397","小明,13501304889","小李子,13507013870","于毅阳,15205977784","Dana Bailey,15800793132","卫旭文,13507973722","栾钰妙,13206607841","杨坚,15507635212","Joseph Boyd,13101601513","麻享翰,18902832685","王瑕游,13900765396","杨媛,13205903259","Edna Andrews,18608035913","吴双,15300440339","王伊,15707744597","杨翰,15504947182","Tracy Carroll,13103237367","李义竞,13101235678","毛靖誓,15006911751","马畏靖,15301713443","Phillip Chavez,13490259532","李伊,18600264474","夏克守,18803195572","李梧权,13306488383","Connie Lewis,13301080652","王绍,15601590911","夏密宏,15503875528","孙耀禄,13490799150","Charlie Stevens,18905298785","米仪洋,18901312027","李银寅,13490177837","计魁联,13605264340","Cynthia Sanchez,13608680918","杨联砚,18008670862","路佩舒,18703548570","康求雅,18900672868","Sally Parker,13305150325","和阳薇,15701727405"],"cpuName":"Qualcomm Technologies, Inc MSM8937","densityDpi":320,"deviceId":"861285891049533","deviceSvn":"60","displayId":"land-user 7.1.2 NMF26Q 1ed37623 release-keys","extraInfo":"PHICOMM_214376","height":0,"hidePkgs":[],"hmNotes":"","hookPkgs":[],"lac":0,"latitude":30.7764018,"line1Number":"18930615843","longitude":104.0614209,"macAddress":"03:b0:ae:69:fb:8b","memAvailable":68148462,"memFree":136296924,"memTotal":204445386,"mnc":"03","networkClass":2,"networkCountryIso":"cn","networkOperator":"46003","networkOperatorName":"中国电信","networkType":12,"networkTypeName":"CDMA - EvDo rev. B","phoneType":2,"rgAndroid":"23","rgAreaode":"86","rgConNames":[],"rgCountry":"中国","rgDevice":"xiaomiRedmi 4X","rgIp":"119.4.255.112","rgLastLogin":1516777081196,"rgLocation":"四川省成都市 联通","rgNetType":"切换飞行模式","rgOrPhone":"18930615843","rgPhoneNo":"18930615843","rgServer":"飞行模式切换","rgTime":1515144181663,"rgVcode":"尚一品(发码)","rgVersion":"1.6.0","rgWxError":"该微信帐号因批量或者使用非法软件注册被限制登录，如需继续使用，请轻触“确定”申请解除限制。","rgWxName":"苗靖同","rgWxPasswd":"Rmst@7890","rgWxStatus":"异常","rgWxWindows":"否","serialno":"2a180b75","simCountryIso":"cn","simOperator":"46003","simOperatorName":"中国电信","simSerialNumber":"8986117223948283287","simState":5,"subscriberId":"460034117752247","type":1,"typeName":"WIFI","width":0,"wifiScan":["Netcore_fbfe25,64:7a:f3:22:40:dd,[WPA2-PSK-CCMP][WPS][ESS],-77,2462,1656734759","Netcore_e20527,0f:92:56:57:db:ee,[WPA2-PSK-CCMP][WPS][ESS],-91,2437,959427280","TP-LINK_153f,73:fb:7e:19:43:cf,[WPA-PSK-CCMP][WPA2-PSK-CCMP][ESS],-74,2462,1191334651","TP-LINK_a9eb0e,91:bd:57:5a:1b:b1,[WPA2-PSK-CCMP][WPS][ESS],-65,2412,3038127971","Netcore_badb97,f1:f4:7f:4a:f0:35,[WPA-PSK-CCMP][WPA2-PSK-CCMP][WPS][ESS],-79,2462,3128428322","MERCURY_c14386,04:44:af:ae:f7:5e,[WPA2-PSK-CCMP][WPS][ESS],-77,2437,1571432302","PHICOMM_9c1096,bb:d3:30:9d:5d:10,[WPA2-PSK-CCMP][ESS],-94,2437,3006827761"]}