{"BSSID":"6f:64:25:cc:1f:d5","IpAddress":"192.168.79.192","P2p0Mac":"08:5b:c8:aa:70:a3","SSID":"MERCURY_c98c","androidId":"7dd7531fc9f5ab54","batteryLevel":57,"btAddress":"6d:0b:ef:72:31:c5","btName":"MI MAX 2","buildAbi":"armeabi-v7a","buildAbi2":"armeabi","buildBoard":"MSM8952","buildBrand":"Xiaomi","buildCodename":"REL","buildDescription":"oxygen-user 7.1.2 NMF26Q 0a70e48c release-keys","buildDevice":"oxygen","buildFingerprint":"Xiaomi/MI MAX 2/oxygen:7.1.2/NMF26Q/0a70e48c:user/release-keys","buildHardware":"qcom","buildHost":"LGEACI2R5","buildId":"NMF26Q","buildIncremental":"0a70e48c","buildManufacturer":"Xiaomi","buildModel":"MI MAX 2","buildName":"Xiaomi","buildProduct":"oxygen","buildRadioVersion":"muietuzjffhlwo","buildRelease":"7.1.2","buildSdk":"25","buildSerialno":"7fe73edc","buildTags":"release-keys","buildType":"user","buildUser":"android","buildUtc":1481191023134,"cellScan":["65535,3949","61703,168232723","61699,168015359","32846,2946","65535,1412"],"ci":3949,"contacts":["奶奶,18900748372","姑妈,13907501186","外婆,13602884438","外公,15306222017","舅舅,15704916628","舅妈,15302094501","姨父,13904087073","姨娘,18902100206","亲爱的,18901005318","老弟,18601892765","老妹,13401465390","小明,15301675449","小李子,13490805024","于伟,13901058267","Ricardo Harper,13706017651","于怀介,15300382964","张超,18703465648","宫儒菁,15306847504","Ronald Hall,18008824761","杨颖,15607743626","余童精,18008067810","詹玺旺,18606325909","Brian Freeman,15600425689","弓演旺,13303777657","翁演仙,18600951064","管锦年,15205361964","Virginia Wright,15804510081","戎求惠,18700553281","杨声,18900242260","管彦朔,14704391801","Jorge Gomez,18801434029","家佩雅,18908357127","李怡岳,13908883620","席洋异,13100616905","Brenda Griffin,13007586339","惠康璞,13604558402","杨江峻,13700225206","杨如菁,18905114253","Tom Barnes,13490118043","杨节茜,18800427857","庞雨莉,15304422535"],"cpuName":"Qualcomm Technologies, Inc MSM8953","densityDpi":480,"deviceId":"861265922573354","deviceSvn":"27","displayId":"oxygen-user 7.1.2 NMF26Q 0a70e48c release-keys","extraInfo":"MERCURY_c98c","height":0,"hidePkgs":[],"hmNotes":"","hookPkgs":[],"lac":65535,"latitude":30.6895962,"line1Number":"18930445043","longitude":104.081047,"macAddress":"c8:a2:93:86:e8:30","memAvailable":51333909,"memFree":154001730,"memTotal":205335639,"mnc":"03","networkClass":2,"networkCountryIso":"cn","networkOperator":"46003","networkOperatorName":"中国电信","networkType":5,"networkTypeName":"CDMA - EvDo rev. 0","phoneType":2,"rgAndroid":"23","rgAreaode":"86","rgConNames":[],"rgCountry":"中国","rgDevice":"xiaomiRedmi 4X","rgIp":"119.4.253.170","rgLastLogin":1516776742757,"rgLocation":"四川省成都市 联通","rgNetType":"切换飞行模式","rgOrPhone":"18930445043","rgPhoneNo":"18930445043","rgServer":"飞行模式切换","rgTime":1515139900877,"rgVcode":"尚一品(发码)","rgVersion":"1.6.0","rgWxError":"该微信帐号因批量或者使用非法软件注册被限制登录，如需继续使用，请轻触“确定”申请解除限制。","rgWxName":"牧和宇","rgWxPasswd":"Rmst@7890","rgWxStatus":"异常","rgWxWindows":"否","serialno":"7fe73edc","simCountryIso":"cn","simOperator":"46003","simOperatorName":"中国电信","simSerialNumber":"8986065742208237580","simState":5,"subscriberId":"460033788513180","type":1,"typeName":"WIFI","width":0,"wifiScan":["TP-LINK_305275,9c:21:6a:1c:df:fc,[WPA-PSK-CCMP][WPA2-PSK-CCMP][WPS][ESS],-94,2462,2645536471","TP-LINK_7b0e20,00:b0:c6:23:03:98,[WPA-PSK-CCMP][WPA2-PSK-CCMP][WPS][ESS],-79,2462,1553137257","MERCURY_375216,34:4b:50:74:6f:6c,[WPA2-PSK-CCMP][WPS][ESS],-74,2437,2248127570","ChainaNet_e163,00:b0:c6:22:fa:40,[WPA2-PSK-CCMP][ESS],-73,2447,3702626597","PHICOMM_d98cae,64:3a:b1:6f:c3:4a,[WPA2-PSK-CCMP][WPS][ESS],-53,2437,409982839"]}