{"BSSID":"a7:30:00:9b:f3:18","IpAddress":"10.38.10.188","P2p0Mac":"da:04:d8:df:6e:4a","SSID":"Tenda_a658db","androidId":"436e3d20d9670595","batteryLevel":38,"btAddress":"79:42:49:2f:f6:e9","btName":"2014811","buildAbi":"armeabi-v7a","buildAbi2":"armeabi","buildBoard":"hummingbird","buildBrand":"Xiaomi","buildCodename":"REL","buildDescription":"2014811-user 5.1.1 LMY48G 42192399 release-keys","buildDevice":"HM2014811","buildFingerprint":"Xiaomi/2014811/HM2014811:5.1.1/LMY48G/42192399:user/release-keys","buildHardware":"qcom","buildHost":"huawei-desktop","buildId":"LMY48G","buildIncremental":"42192399","buildManufacturer":"Xiaomi","buildModel":"2014811","buildName":"Xiaomi","buildProduct":"2014811","buildRadioVersion":"ldfnkhystes","buildRelease":"5.1.1","buildSdk":"22","buildSerialno":"a56b8c85","buildTags":"release-keys","buildType":"user","buildUser":"android","buildUtc":1497899675094,"cellScan":["32847,134767618","39936,164040753","32847,96525059","32847,1932","32847,44952"],"ci":164040753,"contacts":["奶奶,18902312448","姑妈,13502930135","外婆,15906186982","外公,13502324000","舅舅,13302907485","舅妈,13490047004","姨父,13302330711","姨娘,13204250360","亲爱的,13400830313","老弟,15708130204","老妹,15204173999","小明,18901796545","小李子,13202394633","杨亚铜,13505890583","Marion West,13503152658","杨会,13302090048","张靖,13804413284","邹权茜,13907690128","Catherine Stewart,13607581799","张钰向,18001666236","陈奎杏,13104275824","常业况,13605904982","Jeanette Mills,13803500701","于稼,13490667405","段石鑫,15505036844","吴茜,15801808359","Martin Parker,15106245744","李密,15807544657","李明,18005004599","符舒锐,15204211033","Florence Mason,15100865310","吴儒,15906063680","王兴,15507731513","祁苡行,13400556614","Wayne Collins,15808315006","于添炫,15606906530","郝先恒,13208345246","吴翰,15702315331","Justin Brown,15703397895","李阳,13808026184"],"cpuName":"Qualcomm Technologies, Inc MSM8916","densityDpi":320,"deviceId":"860325128852563","deviceSvn":"54","displayId":"2014811-user 5.1.1 LMY48G 42192399 release-keys","extraInfo":"ctnet","height":0,"hidePkgs":[],"hmNotes":"","hookPkgs":[],"lac":39936,"latitude":30.718204,"line1Number":"18930086473","longitude":103.7003679,"macAddress":"78:4e:11:c8:e9:7f","memAvailable":129047263,"memFree":387141789,"memTotal":516189052,"mnc":"03","networkClass":2,"networkCountryIso":"cn","networkOperator":"46003","networkOperatorName":"中国电信","networkType":5,"networkTypeName":"CDMA - EvDo rev. 0","phoneType":2,"rgAndroid":"23","rgAreaode":"86","rgConNames":[],"rgCountry":"中国","rgDevice":"xiaomiRedmi 4X","rgIp":"101.206.167.136","rgLastLogin":1516776791913,"rgLocation":"四川省 联通","rgNetType":"切换飞行模式","rgOrPhone":"18930086473","rgPhoneNo":"18930086473","rgServer":"飞行模式切换","rgTime":1515140257542,"rgVcode":"尚一品(发码)","rgVersion":"1.6.0","rgWxError":"该微信帐号因批量或者使用非法软件注册被限制登录，如需继续使用，请轻触“确定”申请解除限制。","rgWxName":"杨悠悠","rgWxPasswd":"Rmst@7890","rgWxStatus":"异常","rgWxWindows":"否","serialno":"a56b8c85","simCountryIso":"cn","simOperator":"46003","simOperatorName":"中国电信","simSerialNumber":"8986038906475201001","simState":5,"subscriberId":"460037681856410","type":0,"typeName":"MOBILE","width":0,"wifiScan":["PHICOMM_ebee2e,60:18:88:14:7c:af,[WPA-PSK-CCMP][WPA2-PSK-CCMP][ESS],-94,2412,2696636944","MERCURY_c0f215,60:18:88:14:81:a4,[WPA-PSK-CCMP][WPA2-PSK-CCMP][WPS][ESS],-78,2437,2832634164","MERCURY_8cafd5,e0:4f:bd:c0:00:f1,[WPA-PSK-CCMP][WPA2-PSK-CCMP][WPS][ESS],-75,2437,277736997","MERCURY_0fafe2,64:5d:92:4f:97:d1,[WPA2-PSK-CCMP][WPS][ESS],-86,2437,243295273","MERCURY_bfeae4,a4:7e:39:2e:39:46,[WPA-PSK-CCMP][WPA2-PSK-CCMP][ESS],-82,2462,2322232455"]}