{"BSSID":"57:af:11:9e:7c:22","IpAddress":"192.168.75.40","P2p0Mac":"6a:b2:19:86:14:44","SSID":"Tenda_048632","androidId":"d398a140ab059923","batteryLevel":58,"btAddress":"73:6c:b0:54:27:d6","btName":"Redmi Note 2","buildAbi":"armeabi-v7a","buildAbi2":"armeabi","buildBoard":"smdk4x12","buildBrand":"Xiaomi","buildCodename":"REL","buildDescription":"Redmi Note 2-user 5.1.1 LMY48G 77f32d19 release-keys","buildDevice":"Redmi Note 2","buildFingerprint":"Xiaomi/Redmi Note 2/Redmi Note 2:5.1.1/LMY48G/77f32d19:user/release-keys","buildHardware":"qcom","buildHost":"huawei-desktop","buildId":"LMY48G","buildIncremental":"77f32d19","buildManufacturer":"Xiaomi","buildModel":"Redmi Note 2","buildName":"Xiaomi","buildProduct":"Redmi Note 2","buildRadioVersion":"wqbdkiruz","buildRelease":"5.1.1","buildSdk":"22","buildSerialno":"d218c34f","buildTags":"release-keys","buildType":"user","buildUser":"jenkins","buildUtc":1460928773282,"cellScan":["61699,168052415","39938,163706161","61713,167990970","32797,1282","32797,48351"],"ci":167990970,"contacts":["奶奶,15602914447","姑妈,15201787059","外婆,13408413132","外公,13490779861","舅舅,15103622008","舅妈,15700361828","姨父,15204545004","姨娘,15506156607","亲爱的,15301277060","老弟,14705014542","老妹,15904043738","小明,18000251787","小李子,14703773006","穆薇佩,13603718699","Tommy Thompson,13802934982","李腾,13405525890","明幸艺,13301642504","钭骏能,15100445116","Irene Collins,15901632717","皮甲鑫,13902061274","祖寅世,18808223075","刁译野,15101975073","Brenda Walker,13406360839","杨寿,13601958833","杨静,15708364767","李炫璎,13703568783","Billy Owens,13902466681","杨广,15100466065","杨思泉,13490683260","任能保,18902007007","John Wallace,15301751222","张青,18804805500","杨昆,15102418948","詹怡豪,15303485993","Ruth Williams,13490863403","于影菁,13507060533","蒋夜巍,13508681402","公孙朔骥,13807627801","Earl Nichols,13605483096","封梁羡,15506638868","李彤颖,15700726792","卫锦,14703501322","Joann Wallace,14705381480","顾瑞京,13402531062","张祥宫,13801188906"],"cpuName":"MT6795","densityDpi":480,"deviceId":"862364949313628","deviceSvn":"72","displayId":"Redmi Note 2-user 5.1.1 LMY48G 77f32d19 release-keys","extraInfo":"Tenda_048632","height":0,"hidePkgs":[],"hmNotes":"","hookPkgs":[],"lac":61713,"latitude":30.8847502,"line1Number":"18930326489","longitude":104.013749,"macAddress":"f0:4c:62:a3:cd:1c","memAvailable":5479628125,"memFree":10959256252,"memTotal":16438884377,"mnc":"03","networkClass":3,"networkCountryIso":"cn","networkOperator":"46003","networkOperatorName":"中国电信","networkType":13,"networkTypeName":"LTE","phoneType":2,"rgAndroid":"23","rgAreaode":"86","rgConNames":[],"rgCountry":"中国","rgDevice":"xiaomiRedmi 4X","rgIp":"101.206.167.86","rgLastLogin":1516776936323,"rgLocation":"四川省 联通","rgNetType":"切换飞行模式","rgOrPhone":"18930326489","rgPhoneNo":"18930326489","rgServer":"飞行模式切换","rgTime":1515141287940,"rgVcode":"尚一品(发码)","rgVersion":"1.6.0","rgWxError":"该微信帐号因批量或者使用非法软件注册被限制登录，如需继续使用，请轻触“确定”申请解除限制。","rgWxName":"李虹会","rgWxPasswd":"Rmst@7890","rgWxStatus":"异常","rgWxWindows":"否","serialno":"d218c34f","simCountryIso":"cn","simOperator":"46003","simOperatorName":"中国电信","simSerialNumber":"898530290228499069886","simState":5,"subscriberId":"460034606474993","type":1,"typeName":"WIFI","width":0,"wifiScan":["TP-LINK_757c76,d8:15:0d:ca:95:64,[WPA-PSK-CCMP][WPA2-PSK-CCMP][WPS][ESS],-84,2452,2181730878","ChainaNet_7631,24:69:68:4b:75:f4,[WPA2-PSK-CCMP][ESS],-77,2412,1990731033","MERCURY_b6b6,e4:d3:32:23:0a:e6,[WPA-PSK-CCMP][WPA2-PSK-CCMP][ESS],-72,2462,199140945","Netcore_ecaed1,20:dc:e6:53:c8:e2,[WPA2-PSK-CCMP][WPS][ESS],-87,2472,443370132","TP-LINK_ed1fcb,bc:46:99:a4:b7:ba,[WPA2-PSK-CCMP][WPS][ESS],-53,2412,3381628491"]}