{"BSSID":"2e:ec:b1:86:8f:f0","IpAddress":"192.168.44.212","P2p0Mac":"c9:f3:3c:2e:0c:47","SSID":"TP-LINK_2698","androidId":"80288f4d60f4d88f","batteryLevel":80,"btAddress":"3d:d1:b0:7a:2d:a1","btName":"A37m","buildAbi":"armeabi-v7a","buildAbi2":"armeabi","buildBoard":"MT2L03","buildBrand":"OPPO","buildCodename":"REL","buildDescription":"A37m-user 5.1.1 LMY48G c03968f0 release-keys","buildDevice":"A37m","buildFingerprint":"OPPO/A37m/A37m:5.1.1/LMY48G/c03968f0:user/release-keys","buildHardware":"qcom","buildHost":"SEP-68","buildId":"LMY48G","buildIncremental":"c03968f0","buildManufacturer":"OPPO","buildModel":"A37m","buildName":"OPPO","buildProduct":"A37m","buildRadioVersion":"aobkgyory","buildRelease":"5.1.1","buildSdk":"22","buildSerialno":"cc8322c9","buildTags":"release-keys","buildType":"user","buildUser":"builder","buildUtc":1512561228116,"cellScan":["65535,3896","33028,9041","65535,8734"],"ci":3896,"contacts":["奶奶,13601901781","姑妈,18903471450","外婆,18701884536","外公,13206266033","舅舅,13490491739","舅妈,14700902415","姨父,18607472584","姨娘,13200965895","亲爱的,13107025503","老弟,15607088549","老妹,18908241656","小明,15603933800","小李子,15507028453","柯胜旺,15702737114","Aaron Morales,14708067469","董观齐,15306098190","孙幸辉,15001295593","吴耀,13504606599","Diane Holmes,13804362480","林效添,13203484537","陈协松,13007837232","李誓演,15806457900","Anne Hicks,15800985693","贝奇翰,13406072383","王魄仁,14701481107","张鹏,13906893993","Helen Chavez,13903686951","陈莉硕,13002698994","李校,18800932273","酆铜青,13904950850","Megan Riley,13904811429","经奎汉,15208016741","羿望为,15301774779","孔渠雨,15207697048","Elsie Ray,15000433763","厉梦菁,15307092023","李驹,13803906490","乐新贤,13490038759","Loretta Reed,18005424955","祝求杭,18606283252","余炎,15204118303","王闻校,13608294034","Regina Adams,13508260984"],"cpuName":"MT6750","densityDpi":480,"deviceId":"865337475367892","deviceSvn":"68","displayId":"A37m-user 5.1.1 LMY48G c03968f0 release-keys","extraInfo":"TP-LINK_2698","height":0,"hidePkgs":[],"hmNotes":"","hookPkgs":[],"lac":65535,"latitude":30.6452864,"line1Number":"18930671415","longitude":104.40752,"macAddress":"4f:e4:67:ab:7d:77","memAvailable":458309416,"memFree":1374928249,"memTotal":1833237665,"mnc":"03","networkClass":2,"networkCountryIso":"cn","networkOperator":"46003","networkOperatorName":"中国电信","networkType":12,"networkTypeName":"CDMA - EvDo rev. B","phoneType":2,"rgAndroid":"23","rgAreaode":"86","rgConNames":[],"rgCountry":"中国","rgDevice":"xiaomiRedmi 4X","rgIp":"119.4.255.81","rgLastLogin":1516776599201,"rgLocation":"四川省成都市 联通","rgNetType":"切换飞行模式","rgOrPhone":"18930671415","rgPhoneNo":"18930671415","rgServer":"飞行模式切换","rgTime":1515137952106,"rgVcode":"尚一品(发码)","rgVersion":"1.6.0","rgWxError":"该微信帐号因批量或者使用非法软件注册被限制登录，如需继续使用，请轻触“确定”申请解除限制。","rgWxName":"陈阳","rgWxPasswd":"Rmst@7890","rgWxStatus":"异常","rgWxWindows":"否","serialno":"cc8322c9","simCountryIso":"cn","simOperator":"46003","simOperatorName":"中国电信","simSerialNumber":"898530771235528408034","simState":5,"subscriberId":"460036957364441","type":1,"typeName":"WIFI","width":0,"wifiScan":[]}