{"BSSID":"4f:14:84:13:17:ab","IpAddress":"192.168.29.26","P2p0Mac":"78:ae:0d:4b:5e:fd","SSID":"Netcore_58cafc","androidId":"8eeae27ca076c8a9","batteryLevel":67,"btAddress":"c4:d6:29:99:b6:b0","btName":"GT-I9308I","buildAbi":"armeabi-v7a","buildAbi2":"armeabi","buildBoard":"galbi","buildBrand":"samsung","buildCodename":"REL","buildDescription":"GT-I9308I-user 7.1.2 NMF26Q eda278dd release-keys","buildDevice":"GT-I9308I","buildFingerprint":"samsung/GT-I9308I/GT-I9308I:7.1.2/NMF26Q/eda278dd:user/release-keys","buildHardware":"qcom","buildHost":"sp-ci-01-desktop","buildId":"NMF26Q","buildIncremental":"eda278dd","buildManufacturer":"samsung","buildModel":"GT-I9308I","buildName":"samsung","buildProduct":"GT-I9308I","buildRadioVersion":"kjcnsfeberlw","buildRelease":"7.1.2","buildSdk":"25","buildSerialno":"fd5e1e18","buildTags":"release-keys","buildType":"user","buildUser":"android","buildUtc":1462747534136,"cellScan":[],"ci":0,"contacts":["奶奶,13203142707","姑妈,18004816620","外婆,13108554157","外公,13202864633","舅舅,18707028052","舅妈,18607763705","姨父,15706520854","姨娘,13006334938","亲爱的,15208086406","老弟,15207252362","老妹,13490807862","小明,13303877848","小李子,18601844220","崔宣岁,13703177957","Kelly Price,13506854934","范精雨,13801316654","司徒泰彦,13602000180","高敬霖,15704114501","Justin Wallace,14702683165","陶琦望,13704396113","荣善双,13904971854","余雅雅,18001423982","Ann Parker,13303952166","郝魁瑕,15603205224","王岩,18808070118","杨涂,13908742498","Roy Stephens,13805070758","虞浩意,15604297252","王坚,15203494967","王瑕仁,15904345236","Sherry Rodriguez,13403883024","于陵怡,15306487420","裘硕信,18605421319","杨贤,15002342425","Darrell Hart,13403742349","乐演烁,15707666290","庞嘉佑,13806543071","萧文顺,15708248072","Phillip Porter,18805858487","吴虹,13807871966","于卫,13208682916","祖秀康,18603181469","Eugene Ford,15605068066","仲昱寿,13490717295"],"cpuName":"Qualcomm MSM 8226 (Flattened Device Tree)","densityDpi":480,"deviceId":"862344252750038","deviceSvn":"14","displayId":"GT-I9308I-user 7.1.2 NMF26Q eda278dd release-keys","extraInfo":"Netcore_58cafc","height":0,"hidePkgs":[],"hmNotes":"","hookPkgs":[],"lac":0,"latitude":30.7490931,"line1Number":"18101951042","longitude":104.1093432,"macAddress":"5b:cb:f5:19:53:03","memAvailable":24183747,"memFree":72551243,"memTotal":96734990,"mnc":"03","networkClass":2,"networkCountryIso":"cn","networkOperator":"46003","networkOperatorName":"中国电信","networkType":6,"networkTypeName":"CDMA - EvDo rev. A","phoneType":2,"rgAndroid":"23","rgAreaode":"86","rgConNames":["谢广荣"],"rgConsize":"1","rgCountry":"中国","rgDevice":"xiaomiRedmi 4X","rgIp":"119.4.255.247","rgLastLogin":1516243422870,"rgLocation":"四川省成都市 联通","rgNetType":"切换飞行模式","rgOrPhone":"18101951042","rgPhoneNo":"18101951042","rgServer":"飞行模式切换","rgTime":1515481414458,"rgVcode":"尚一品(发码)","rgVersion":"1.6.0","rgWxEmail":"未绑定","rgWxError":"该微信帐号因批量或者使用非法软件注册被限制登录，如需继续使用，请轻触“确定”申请解除限制。","rgWxName":"谢广荣","rgWxNo":"未设置","rgWxPasswd":"Rmst@7890","rgWxQQ":"未绑定","rgWxStatus":"异常","rgWxWindows":"否","serialno":"fd5e1e18","simCountryIso":"cn","simOperator":"46003","simOperatorName":"中国电信","simSerialNumber":"8986032604949575963","simState":5,"subscriberId":"460035279122903","type":1,"typeName":"WIFI","width":0,"wifiScan":["FAST_021e,fb:8f:13:10:b1:6b,[WPA2-PSK-CCMP][ESS],-66,2412,317992890","Netcore_072054,77:61:22:f6:bc:ff,[WPA-PSK-CCMP][WPA2-PSK-CCMP][ESS],-87,2437,1416228957","PHICOMM_d497c9,fc:22:e8:e0:c6:53,[WPA2-PSK-CCMP][WPS][ESS],-66,2412,285428715","MERCURY_048741,4f:43:59:f9:7d:3c,[WPA-PSK-CCMP][WPA2-PSK-CCMP][WPS][ESS],-74,2412,3573032113","Tenda_157365,a9:2b:82:1a:9a:69,[WPA2-PSK-CCMP][WPS][ESS],-76,2457,524099531","MERCURY_ea9ebf,dc:8f:44:2b:15:52,[WPA2-PSK-CCMP][WPS][ESS],-66,2412,498105396","ChainaNet_76a9,a0:ea:7b:85:ee:39,[WPA-PSK-CCMP][WPA2-PSK-CCMP][ESS],-71,2412,509155750"]}