{"BSSID":"87:ab:c9:42:fa:f2","IpAddress":"192.168.75.142","P2p0Mac":"2b:2e:e8:21:d4:e4","SSID":"PHICOMM_36ba64","androidId":"e91bd75685164f4e","batteryLevel":59,"btAddress":"09:17:60:bd:9c:bc","btName":"GN5001S","buildAbi":"armeabi-v7a","buildAbi2":"armeabi","buildBoard":"aries","buildBrand":"GiONEE","buildCodename":"REL","buildDescription":"GN5001S-user 7.1.2 NMF26Q 08432113 release-keys","buildDevice":"GN5001S","buildFingerprint":"GiONEE/GN5001S/GN5001S:7.1.2/NMF26Q/08432113:user/release-keys","buildHardware":"qcom","buildHost":"SEP-68","buildId":"NMF26Q","buildIncremental":"08432113","buildManufacturer":"GiONEE","buildModel":"GN5001S","buildName":"GiONEE","buildProduct":"GN5001S","buildRadioVersion":"uyrxlegosm","buildRelease":"7.1.2","buildSdk":"25","buildSerialno":"9923be3b","buildTags":"release-keys","buildType":"user","buildUser":"Server","buildUtc":1457129288056,"cellScan":[],"ci":0,"contacts":["奶奶,13502653712","姑妈,14706372064","外婆,18000655308","外公,13003981865","舅舅,18908543574","舅妈,15802014534","姨父,13502401435","姨娘,13502417071","亲爱的,13708872818","老弟,18707913342","老妹,14708854402","小明,15802531731","小李子,18006688548","张轩,18806763028","Kathy Woods,18706925230","李似,13804238885","张弘羡,13408625575","廉驹嗣,13904328377","Mildred Chavez,13501973032","张校,13504525543","郭瑜影,18805067903","杨同双,13106393988","Alex Nichols,15606527698","张愚,13300810387","秋文献,15501422436","葛锦立,13008070908","Peggy Turner,18608474258","陈乐石,14701157040","邴经土,13403724713","陈守,18708458805","Carolyn Young,15701790769","符露经,18005423589","杨群魁,15103330527","曹岩怒,13802064153","Jason Alexander,13506497754","吴鹄铁,18703710421","家胜建,15601618477","张能杏,13600098503","Jimmy Flores,13602356613","于芹,13200061994","屈竞室,15003340282","张怀畏,15302861029","Jim Alexander,18900113980","安麟阁,13490087611"],"cpuName":"MT6735","densityDpi":240,"deviceId":"865440396054324","deviceSvn":"61","displayId":"GN5001S-user 7.1.2 NMF26Q 08432113 release-keys","extraInfo":"PHICOMM_36ba64","height":0,"hidePkgs":[],"hmNotes":"","hookPkgs":[],"lac":0,"latitude":30.5303412,"line1Number":"18101862741","longitude":103.9966313,"macAddress":"55:49:a4:9d:0c:8f","memAvailable":1250191087,"memFree":2500382176,"memTotal":3750573263,"mnc":"03","networkClass":2,"networkCountryIso":"cn","networkOperator":"46003","networkOperatorName":"中国电信","networkType":5,"networkTypeName":"CDMA - EvDo rev. 0","phoneType":2,"rgAndroid":"23","rgAreaode":"86","rgBackupPath":"/storage/emulated/0/.money/backup/20180109/18101862741_20180109.db","rgConNames":[],"rgCountry":"中国","rgDevice":"xiaomiRedmi 4X","rgIp":"119.4.252.172","rgLastLogin":1515548328590,"rgLocation":"四川省成都市 联通","rgNetType":"切换飞行模式","rgOrPhone":"18101862741","rgPhoneNo":"18101862741","rgServer":"飞行模式切换","rgTime":1515484163303,"rgVcode":"尚一品(发码)","rgVersion":"1.6.0","rgWxError":"帐号状态异常，本次登录已失效。请尝试重新登录，并根据弹窗提示操作。","rgWxName":"昌璐勇","rgWxPasswd":"Rmst@7890","rgWxStatus":"异常","rgWxWindows":"否","serialno":"9923be3b","simCountryIso":"cn","simOperator":"46003","simOperatorName":"中国电信","simSerialNumber":"8986061600024777345","simState":5,"subscriberId":"460038163358597","type":1,"typeName":"WIFI","width":0,"wifiScan":["PHICOMM_f26414,25:41:7d:e1:6b:da,[WPA-PSK-CCMP][WPA2-PSK-CCMP][WPS][ESS],-69,2412,1413928747","FAST_315874,32:99:45:3d:0b:69,[WPA-PSK-CCMP][WPA2-PSK-CCMP][ESS],-74,2462,190671080","MERCURY_8a8db0,3e:92:4e:4e:cb:22,[WPA2-PSK-CCMP][WPS][ESS],-87,2427,1013534063","TP-LINK_427596,2d:28:f7:f7:5e:58,[WPA2-PSK-CCMP][WPS][ESS],-57,2467,315447685","Tenda_058632,57:49:ba:48:7a:64,[WPA-PSK-CCMP][WPA2-PSK-CCMP][ESS],-80,2417,264524796","Netcore_9e10db,3e:61:7d:4c:cb:74,[WPA-PSK-CCMP][WPA2-PSK-CCMP][WPS][ESS],-73,2412,1899228111","MERCURY_498b97,5a:24:11:91:a0:3a,[WPA2-PSK-CCMP][WPS][ESS],-55,2472,2925937745","Tenda_a7f427,71:fe:9a:a7:dd:8e,[WPA-PSK-CCMP][WPA2-PSK-CCMP][WPS][ESS],-76,2437,456855933"]}