{"BSSID":"e8:50:a5:41:c8:b6","IpAddress":"192.168.68.230","P2p0Mac":"6c:11:b3:97:e4:9d","SSID":"Netcore_a698cb","androidId":"cbd55a4b43035814","batteryLevel":34,"btAddress":"b6:11:77:4d:98:4a","btName":"OPPO A37m","buildAbi":"armeabi-v7a","buildAbi2":"armeabi","buildBoard":"ether","buildBrand":"OPPO","buildCodename":"REL","buildDescription":"A37-user 5.0 LRX21M 3ea09a2b release-keys","buildDevice":"A37","buildFingerprint":"OPPO/OPPO A37m/A37:5.0/LRX21M/3ea09a2b:user/release-keys","buildHardware":"qcom","buildHost":"bs189","buildId":"LRX21M","buildIncremental":"3ea09a2b","buildManufacturer":"OPPO","buildModel":"OPPO A37m","buildName":"OPPO","buildProduct":"A37","buildRadioVersion":"bnyjwewj","buildRelease":"5.0","buildSdk":"21","buildSerialno":"b4067c02","buildTags":"release-keys","buildType":"user","buildUser":"Server","buildUtc":1465939052285,"cellScan":[],"ci":0,"contacts":["奶奶,18705313299","姑妈,18704445292","外婆,13490142358","外公,13308821484","舅舅,14706934559","舅妈,18900501086","姨父,13602503666","姨娘,13700407210","亲爱的,13804592536","老弟,18806270826","老妹,13200732055","小明,18602211103","小李子,13400270871","卜佩良,13207870255","Debbie Murphy,18602007651","喻佩学,14700461008","奚盛鑫,15905792465","和启骏,13490110186","Nicholas Owens,18007037193","富默欢,15005716286","于朔伟,15808376695","尹芹恺,13803348618","Annie Brown,13900964057","柏泉骏,13304146366","张易渠,13500221484","尤嵬麟,13906422672","Bill Lee,13908046275","魏帅骥,15701461003","顾江嘉,15703882066","干昱亚,13208591482","Valerie Mills,15500482459","王妙效,13600286946","于绣,13404924618","卡易游,15301243572","Irene Peters,15300511228","孙为洋,13502335995","皮经书,15006391605","王华谦,15203587505","Tammy Wallace,15906443653","张闻勋,13500327194","吴闻,13205861674","杨顺意,13490220015","Lucille Foster,13490247778","洪信逵,18005785431","陈熙奇,18902105817","娄商亚,13106134681","Melanie Clark,15600295720","于怀寅,13304982377","堪露贺,13600641183","黄生焱,13900742405","Juan Jackson,13602016801","王兴仁,15705776804"],"cpuName":"MT6750","densityDpi":240,"deviceId":"860861618792232","deviceSvn":"76","displayId":"A37-user 5.0 LRX21M 3ea09a2b release-keys","extraInfo":"Netcore_a698cb","height":0,"hidePkgs":[],"hmNotes":"","hookPkgs":[],"lac":0,"latitude":30.7119376,"line1Number":"18116265742","longitude":104.1924426,"macAddress":"6d:73:bb:f5:79:04","memAvailable":23517573,"memFree":70552720,"memTotal":94070293,"mnc":"03","networkClass":2,"networkCountryIso":"cn","networkOperator":"46003","networkOperatorName":"中国电信","networkType":5,"networkTypeName":"CDMA - EvDo rev. 0","phoneType":2,"rgAndroid":"23","rgAreaode":"86","rgBackupPath":"/storage/emulated/0/.money/backup/20180109/18116265742_20180109.db","rgConNames":[],"rgCountry":"中国","rgDevice":"xiaomiRedmi 4X","rgIp":"119.4.254.13","rgLastLogin":1515548261792,"rgLocation":"四川省成都市 联通","rgNetType":"切换飞行模式","rgOrPhone":"18116265742","rgPhoneNo":"18116265742","rgServer":"飞行模式切换","rgTime":1515481930162,"rgVcode":"尚一品(发码)","rgVersion":"1.6.0","rgWxError":"帐号状态异常，本次登录已失效。请尝试重新登录，并根据弹窗提示操作。","rgWxName":"杨万","rgWxPasswd":"Rmst@7890","rgWxStatus":"异常","rgWxWindows":"否","serialno":"b4067c02","simCountryIso":"cn","simOperator":"46003","simOperatorName":"中国电信","simSerialNumber":"8986061405870507708","simState":5,"subscriberId":"460031724954982","type":1,"typeName":"WIFI","width":0,"wifiScan":["Netcore_0e1598,77:31:b3:6d:1f:21,[WPA2-PSK-CCMP][WPS][ESS],-89,2412,379550237","PHICOMM_9db0eb,ff:85:7a:78:14:77,[WPA-PSK-CCMP][WPA2-PSK-CCMP][WPS][ESS],-91,2462,1563434636","Netcore_ba5497,d6:7d:9e:f7:7a:1c,[WPA-PSK-CCMP][WPA2-PSK-CCMP][ESS],-84,2452,263979944","Netcore_ed1053,02:fe:b9:ff:a3:11,[WPA-PSK-CCMP][WPA2-PSK-CCMP][ESS],-83,2437,1421535790","TP-LINK_badc97,17:36:e7:bf:18:00,[WPA-PSK-CCMP][WPA2-PSK-CCMP][WPS][ESS],-78,2412,414578533","MERCURY_326387,24:c8:96:49:64:30,[WPA-PSK-CCMP][WPA2-PSK-CCMP][WPS][ESS],-94,2412,217461052"]}