{"BSSID":"30:f3:63:f8:b5:9c","IpAddress":"192.168.36.62","P2p0Mac":"8f:cf:35:7a:4d:94","SSID":"iTV-3621","androidId":"9c0b78ca4fee5532","batteryLevel":61,"btAddress":"fa:f1:68:19:be:cc","btName":"m2 note","buildAbi":"armeabi-v7a","buildAbi2":"armeabi","buildBoard":"s5pc110","buildBrand":"Meizu","buildCodename":"REL","buildDescription":"m2 note-user 6.0.1 MMB29T c9eb1cd5 release-keys","buildDevice":"m2 note","buildFingerprint":"Meizu/m2 note/m2 note:6.0.1/MMB29T/c9eb1cd5:user/release-keys","buildHardware":"qcom","buildHost":"qh-miui-ota-bd54","buildId":"MMB29T","buildIncremental":"c9eb1cd5","buildManufacturer":"Meizu","buildModel":"m2 note","buildName":"Meizu","buildProduct":"m2 note","buildRadioVersion":"nlawkbevvewga","buildRelease":"6.0.1","buildSdk":"23","buildSerialno":"b92f50c4","buildTags":"release-keys","buildType":"user","buildUser":"lgmobile","buildUtc":1452556335825,"cellScan":[],"ci":0,"contacts":["奶奶,18002568552","姑妈,18901771317","外婆,15803931051","外公,14708683140","舅舅,15604048438","舅妈,13508405318","姨父,13490115406","姨娘,13201590362","亲爱的,13304056995","老弟,15907358242","老妹,13103815328","小明,18804571271","小李子,13206930598","应秋郁,18701447264","Evelyn Mcdonald,14701238654","杨慎,13305520719","余培,15603341605","吴旭,15705815009","Jim Foster,15708558777","余会,15907348202","王杏茜,13607473901","杨伟业,13304456370","Wanda Freeman,13490715093","骆尚图,15004957254","米耕香,15806331986","陈适羡,18700650411","Ellen Murray,18801001354","李设曜,13003238707","凤土寿,15008223279","李媛瑜,15204638500","Leon Sanders,15804307930","吴峻,13802576578","乐宏璐,15905971626","王硕,13508043419","Joann Crawford,13905286572","危寅文,15503017789","杨为,15101206511","骆律伊,13200907934","Carrie Rogers,13006806294","李铁惠,14708086555","潘全锦,15301292905"],"cpuName":"MT6753","densityDpi":480,"deviceId":"862336482247520","deviceSvn":"21","displayId":"m2 note-user 6.0.1 MMB29T c9eb1cd5 release-keys","extraInfo":"iTV-3621","height":0,"hidePkgs":[],"hmNotes":"","hookPkgs":[],"lac":0,"latitude":30.6090329,"line1Number":"18116122407","longitude":104.1282159,"macAddress":"78:21:a4:16:03:f5","memAvailable":31309432,"memFree":62618865,"memTotal":93928297,"mnc":"03","networkClass":2,"networkCountryIso":"cn","networkOperator":"46003","networkOperatorName":"中国电信","networkType":12,"networkTypeName":"CDMA - EvDo rev. B","phoneType":2,"rgAndroid":"23","rgAreaode":"86","rgBackupPath":"/storage/emulated/0/.money/backup/20180109/18116122407_20180109.db","rgConNames":[],"rgCountry":"中国","rgDevice":"xiaomiRedmi 4X","rgIp":"119.4.253.18","rgLastLogin":1515548397485,"rgLocation":"四川省成都市 联通","rgNetType":"切换飞行模式","rgOrPhone":"18116122407","rgPhoneNo":"18116122407","rgServer":"飞行模式切换","rgTime":1515484782946,"rgVcode":"尚一品(发码)","rgVersion":"1.6.0","rgWxError":"帐号状态异常，本次登录已失效。请尝试重新登录，并根据弹窗提示操作。","rgWxName":"全盈联","rgWxPasswd":"Rmst@7890","rgWxStatus":"异常","rgWxWindows":"否","serialno":"b92f50c4","simCountryIso":"cn","simOperator":"46003","simOperatorName":"中国电信","simSerialNumber":"898530788502349209573","simState":5,"subscriberId":"460037327052246","type":1,"typeName":"WIFI","width":0,"wifiScan":["Tenda_27a869,d8:15:0d:5f:8f:ce,[WPA-PSK-CCMP][WPA2-PSK-CCMP][ESS],-89,2472,3681233600","PHICOMM_f31430,ec:17:2f:b2:8d:28,[WPA2-PSK-CCMP][ESS],-83,2412,1662830046","FAST_215376,8c:f2:28:2c:90:08,[WPA2-PSK-CCMP][ESS],-52,2412,368110771","FAST_9dcfeb,6c:59:40:f0:e3:d6,[WPA2-PSK-CCMP][WPS][ESS],-63,2412,3280631595","PHICOMM_b9dc0f,6c:59:40:e1:82:70,[WPA-PSK-CCMP][WPA2-PSK-CCMP][ESS],-67,2412,191654070"]}