{"BSSID":"06:e5:75:c9:bc:94","IpAddress":"192.168.78.139","P2p0Mac":"09:85:69:e9:c4:bd","SSID":"TP-LINK_dcb041","androidId":"e5348bc95bd51a64","batteryLevel":75,"btAddress":"d2:a4:d5:c0:b2:9a","btName":"X6D","buildAbi":"armeabi-v7a","buildAbi2":"armeabi","buildBoard":"smdk4x12","buildBrand":"vivo","buildCodename":"REL","buildDescription":"X6D-user 5.1.1 LMY48G 211e2991 release-keys","buildDevice":"X6D","buildFingerprint":"vivo/X6D/X6D:5.1.1/LMY48G/211e2991:user/release-keys","buildHardware":"qcom","buildHost":"mz-buider-2","buildId":"LMY48G","buildIncremental":"211e2991","buildManufacturer":"vivo","buildModel":"X6D","buildName":"vivo","buildProduct":"X6D","buildRadioVersion":"dvijwkaklebm","buildRelease":"5.1.1","buildSdk":"22","buildSerialno":"d9b6523e","buildTags":"release-keys","buildType":"user","buildUser":"builder","buildUtc":1474729649535,"cellScan":[],"ci":0,"contacts":["奶奶,18600773070","姑妈,13501758967","外婆,13004540288","外公,13507421893","舅舅,15003464973","舅妈,15104507509","姨父,13304856192","姨娘,13901523719","亲爱的,15000921838","老弟,15607718482","老妹,13408570207","小明,15303348123","小李子,15704706621","章麟锦,18005014872","Jack Ward,13490382887","滑龙克,15004370948","杨秀,13305533176","余彦媛,13703465598","Alvin Hayes,13905608885","洪毅似,18701204171","汲静况,15506302012","单庞胤,14705686930","Edna Tucker,18805967568","陈浩,18802896332","娄鹏香,13604330600","狄璇默,13002542333","Frederick Hamilton,15604964604","谢宣谷,13808550040","毛升秋,15700873540","靳礼杭,15705925749","Warren Ramos,14702706302","王经文,15706746903","陈演,13708807443","祝茂童,15103492769","Beverly Gonzalez,15200063664","陶念毅,13607728826","山露玮,15908504548","禹钰全,15804619044","Eric Rivera,13408427077","吴似,18800773018","李妙岭,18700384705","咎瑟钰,18602611789","Jonathan Berry,13200817184","杨军烈,18901484105","王随,13608047844","杨幸腾,13407363994","Herman Brooks,15003933436","余声烈,13701988978","何礼航,18800596109","吴可,13803136372","Stanley Dixon,13906556917","汪年铭,15500888167"],"cpuName":"MT6752","densityDpi":480,"deviceId":"861040222766085","deviceSvn":"86","displayId":"X6D-user 5.1.1 LMY48G 211e2991 release-keys","extraInfo":"TP-LINK_dcb041","height":0,"hidePkgs":[],"hmNotes":"","hookPkgs":[],"lac":0,"latitude":30.6663107,"line1Number":"18121256042","longitude":104.3016371,"macAddress":"79:d7:f6:f4:3f:91","memAvailable":935751937,"memFree":1871503876,"memTotal":2807255813,"mnc":"03","networkClass":2,"networkCountryIso":"cn","networkOperator":"46003","networkOperatorName":"中国电信","networkType":12,"networkTypeName":"CDMA - EvDo rev. B","phoneType":2,"rgAndroid":"23","rgAreaode":"86","rgConNames":["上善若水","经虎如"],"rgConsize":"2","rgCountry":"中国","rgDevice":"xiaomiRedmi 4X","rgIp":"119.4.254.54","rgLastLogin":1516243374921,"rgLocation":"四川省成都市 联通","rgNetType":"切换飞行模式","rgOrPhone":"18121256042","rgPhoneNo":"18121256042","rgServer":"飞行模式切换","rgTime":1515480216332,"rgVcode":"尚一品(发码)","rgVersion":"1.6.0","rgWxEmail":"未绑定","rgWxError":"该微信帐号因批量或者使用非法软件注册被限制登录，如需继续使用，请轻触“确定”申请解除限制。","rgWxName":"经虎如","rgWxNo":"未设置","rgWxPasswd":"Rmst@7890","rgWxQQ":"未绑定","rgWxStatus":"异常","rgWxWindows":"否","serialno":"d9b6523e","simCountryIso":"cn","simOperator":"46003","simOperatorName":"中国电信","simSerialNumber":"898530721008529946952","simState":5,"subscriberId":"460034828037618","type":1,"typeName":"WIFI","width":0,"wifiScan":["Netcore_30387b,b4:e7:7e:18:74:83,[WPA-PSK-CCMP][WPA2-PSK-CCMP][ESS],-91,2462,3187229125","TP-LINK_f276a8,9a:fb:df:eb:36:98,[WPA-PSK-CCMP][WPA2-PSK-CCMP][ESS],-81,2457,2683534294","Netcore_2f4376,8c:ac:d5:23:8b:84,[WPA-PSK-CCMP][WPA2-PSK-CCMP][ESS],-53,2437,1959334953","iTV-7cad,72:16:a6:09:20:c1,[WPA2-PSK-CCMP][ESS],-57,2412,1189232747","Netcore_b9dc14,57:f3:d0:86:aa:e6,[WPA-PSK-CCMP][WPA2-PSK-CCMP][ESS],-51,2417,607131431","Netcore_baed19,55:19:2f:6c:88:fc,[WPA-PSK-CCMP][WPA2-PSK-CCMP][ESS],-84,2412,3254031761","PHICOMM_527511,63:d8:3c:73:d9:e9,[WPA2-PSK-CCMP][WPS][ESS],-73,2412,2631137937","Netcore_fcfe31,2f:c5:8a:4f:44:4a,[WPA-PSK-CCMP][WPA2-PSK-CCMP][WPS][ESS],-93,2462,337829073"]}