{"BSSID":"2a:81:13:1b:81:2b","IpAddress":"10.42.66.193","P2p0Mac":"3f:e4:5c:d1:79:35","SSID":"Tenda_9cb0d2","androidId":"5375bf450c1f189d","batteryLevel":67,"btAddress":"f3:17:0b:74:29:49","btName":"OPPO A59s","buildAbi":"armeabi-v7a","buildAbi2":"armeabi","buildBoard":"MSM8974","buildBrand":"OPPO","buildCodename":"REL","buildDescription":"A59-user 5.1.1 LMY48G b5becfe3 release-keys","buildDevice":"A59","buildFingerprint":"OPPO/OPPO A59s/A59:5.1.1/LMY48G/b5becfe3:user/release-keys","buildHardware":"qcom","buildHost":"taishan","buildId":"LMY48G","buildIncremental":"b5becfe3","buildManufacturer":"OPPO","buildModel":"OPPO A59s","buildName":"OPPO","buildProduct":"A59","buildRadioVersion":"nndczrmckhyfzion","buildRelease":"5.1.1","buildSdk":"22","buildSerialno":"f2feb04a","buildTags":"release-keys","buildType":"user","buildUser":"jenkins","buildUtc":1481207938450,"cellScan":[],"ci":0,"contacts":["奶奶,13508291769","姑妈,18700702608","外婆,15304748277","外公,15504191951","舅舅,15807642767","舅妈,15601419003","姨父,14705964639","姨娘,13305500926","亲爱的,13104343841","老弟,15701085716","老妹,18004262340","小明,13107905898","小李子,18706662672","杨岭,13502772740","Ida Willis,13505982537","仇相佩,13908303556","郑弘,18003529030","卢桂羡,13300988576","Carlos Murray,18004586018","窦炯书,15704188095","王介京,13306052879","杨盈尚,18902330130","Dan Hart,13490154539","王茜嵬,13607457040","余克,18604234914","王游炬,18005780647","Elaine Olson,15301730303","李莉权,13602660161","吴宇庞,13300347701","于界,13706220314","Sylvia Woods,13807436192","杨苡,15108256056","焦瑜嘉,15703012690","杨祥影,15002853756","Thomas Dunn,15100153087","张儒明,15304161929","于由,15305050881","李盛,18703395379","Crystal Peters,15701782932","杨红宣,15708773779","李谷,15205792482","华寿军,13206338225","Norman Grant,18605247117","郎思遇,13202945636","虞景惠,18600175538","李水静,18806597918","Irene Hernandez,18805423902","陈协国,18905615199"],"cpuName":"MT6750","densityDpi":560,"deviceId":"863186155023875","deviceSvn":"11","displayId":"A59-user 5.1.1 LMY48G b5becfe3 release-keys","extraInfo":"ctlte","height":0,"hidePkgs":[],"hmNotes":"","hookPkgs":[],"lac":0,"latitude":30.7575586,"line1Number":"18121006247","longitude":103.9033728,"macAddress":"bd:b5:4d:8c:ef:5b","memAvailable":458234359,"memFree":1374703079,"memTotal":1832937438,"mnc":"03","networkClass":2,"networkCountryIso":"cn","networkOperator":"46003","networkOperatorName":"中国电信","networkType":12,"networkTypeName":"CDMA - EvDo rev. B","phoneType":2,"rgAndroid":"23","rgAreaode":"86","rgBackupPath":"/storage/emulated/0/.money/backup/20180109/18121006247_20180109.db","rgConNames":[],"rgCountry":"中国","rgDevice":"xiaomiRedmi 4X","rgIp":"119.4.252.59","rgLastLogin":1515548466873,"rgLocation":"四川省成都市 联通","rgNetType":"切换飞行模式","rgOrPhone":"18121006247","rgPhoneNo":"18121006247","rgServer":"飞行模式切换","rgTime":1515486549995,"rgVcode":"尚一品(发码)","rgVersion":"1.6.0","rgWxError":"帐号状态异常，本次登录已失效。请尝试重新登录，并根据弹窗提示操作。","rgWxName":"杨颖","rgWxPasswd":"Rmst@7890","rgWxStatus":"异常","rgWxWindows":"否","serialno":"f2feb04a","simCountryIso":"cn","simOperator":"46003","simOperatorName":"中国电信","simSerialNumber":"8986116229829541621","simState":5,"subscriberId":"460033022279151","type":0,"typeName":"MOBILE","width":0,"wifiScan":["MERCURY_dfd2,bc:a8:85:8e:d8:e4,[WPA-PSK-CCMP][WPA2-PSK-CCMP][WPS][ESS],-64,2412,420278318","PHICOMM_aed0dc,1b:df:56:b1:89:c5,[WPA-PSK-CCMP][WPA2-PSK-CCMP][ESS],-62,2437,526739307","Tenda_e27521,7d:77:30:8b:31:96,[WPA2-PSK-CCMP][WPS][ESS],-92,2412,404559024","Netcore_fe1043,5e:0e:89:79:cb:6a,[WPA2-PSK-CCMP][WPS][ESS],-82,2457,213304349","Tenda_759853,13:cc:81:69:df:be,[WPA2-PSK-CCMP][WPS][ESS],-58,2462,478949933","TP-LINK_aec104,b6:73:52:27:6d:d2,[WPA2-PSK-CCMP][WPS][ESS],-75,2412,321873177"]}