{"BSSID":"f0:d3:dc:50:5a:92","IpAddress":"10.66.33.85","P2p0Mac":"24:0e:c3:49:b2:29","SSID":"PHICOMM_5d9ec0","androidId":"58b51ae6e6929ff8","batteryLevel":76,"btAddress":"8d:05:ae:a2:f4:c2","btName":"HUAWEI G630-U00","buildAbi":"armeabi-v7a","buildAbi2":"armeabi","buildBoard":"MSM8952","buildBrand":"HUAWEI","buildCodename":"REL","buildDescription":"HUAWEI G630-U00-user 7.1.2 NMF26Q 0fcbba2e release-keys","buildDevice":"HUAWEI G630-U00","buildFingerprint":"HUAWEI/HUAWEI G630-U00/HUAWEI G630-U00:7.1.2/NMF26Q/0fcbba2e:user/release-keys","buildHardware":"qcom","buildHost":"qh-miui-ota-bd51","buildId":"NMF26Q","buildIncremental":"0fcbba2e","buildManufacturer":"HUAWEI","buildModel":"HUAWEI G630-U00","buildName":"HUAWEI","buildProduct":"HUAWEI G630-U00","buildRadioVersion":"lwxpbydzddyc","buildRelease":"7.1.2","buildSdk":"25","buildSerialno":"ec8ae679","buildTags":"release-keys","buildType":"user","buildUser":"jenkins","buildUtc":1496133432906,"cellScan":[],"ci":0,"contacts":["奶奶,15804928573","姑妈,13805221865","外婆,15801987852","外公,13405650371","舅舅,14702143344","舅妈,13490883461","姨父,18703992370","姨娘,14705573968","亲爱的,15807066441","老弟,13504610870","老妹,15805468063","小明,14700296779","小李子,13700771232","于闻,15702968140","Martin Woods,14707478971","王河,13407401500","井骏阳,15605893651","傅梦麟,18706291353","Roberta Mitchell,18808661021","张稼,14707828264","宁贵京,14705031598","杨雅,13202006177","Keith Collins,13101243539","包骥竞,15604046762","余校,13003461308","李室,13304361615","Geraldine Lopez,13490512700","李谷菁,18004543955","张汉,18903201398","李朋,13703850969","Sylvia Reynolds,13805090663","狄帅思,13308431011","陈图,13501503262","王鹏,18706198806","Leonard Lawrence,14706801086","汪享心,13490553023","慕容瑜室,18705911047","吴畏,13203780151","Nicole Ramos,13103536414","杨威珊,15508359044"],"cpuName":"Qualcomm Technologies, Inc MSM8212","densityDpi":240,"deviceId":"863611965964711","deviceSvn":"83","displayId":"HUAWEI G630-U00-user 7.1.2 NMF26Q 0fcbba2e release-keys","extraInfo":"ctlte","height":0,"hidePkgs":[],"hmNotes":"","hookPkgs":[],"lac":0,"latitude":30.5649741,"line1Number":"18224451108","longitude":104.3910356,"macAddress":"ad:29:cb:c8:1f:dd","memAvailable":4109806088,"memFree":12329418264,"memTotal":16439224352,"mnc":"00","networkClass":2,"networkCountryIso":"cn","networkOperator":"46002","networkOperatorName":"中国移动","networkType":17,"networkTypeName":"TD_SCDMA","phoneType":1,"rgAndroid":"23","rgAreaode":"86","rgConNames":["和伟香","上善若水"],"rgConsize":"2","rgCountry":"中国","rgDevice":"xiaomiRedmi 4X","rgIp":"119.4.255.121","rgLastLogin":1516876316502,"rgLocation":"四川省成都市 联通","rgNetType":"切换飞行模式","rgOrPhone":"18224451108","rgPhoneNo":"18224451108","rgServer":"飞行模式切换","rgTime":1515492345581,"rgVcode":"玉米(发码)","rgVersion":"1.6.0","rgWxEmail":"未绑定","rgWxError":"","rgWxId":"wxid_zecov9ve6su622","rgWxName":"和伟香","rgWxNo":"未设置","rgWxPasswd":"Rmst@7890","rgWxQQ":"未绑定","rgWxStatus":"存活","rgWxWindows":"否","serialno":"ec8ae679","simCountryIso":"cn","simOperator":"46002","simOperatorName":"中国移动","simSerialNumber":"8986026074087889963","simState":5,"subscriberId":"460029793355369","type":0,"typeName":"MOBILE","width":0,"wifiScan":["Netcore_944761,d7:d9:d9:f9:3d:f9,[WPA-PSK-CCMP][WPA2-PSK-CCMP][WPS][ESS],-80,2427,207712003","MERCURY_f27696,38:87:98:45:14:b8,[WPA2-PSK-CCMP][WPS][ESS],-90,2432,2464428007","TP-LINK_97bad2,7a:d7:a4:2f:f9:a1,[WPA2-PSK-CCMP][WPS][ESS],-77,2437,386790528","MERCURY_7cbf21,2c:d6:5f:e9:93:ed,[WPA2-PSK-CCMP][WPS][ESS],-52,2412,728933686","TP-LINK_143732,52:6d:2d:ed:30:f8,[WPA2-PSK-CCMP][ESS],-60,2462,3633226541"]}