{"BSSID":"05:81:6f:d4:f2:3b","IpAddress":"192.168.45.92","P2p0Mac":"1c:39:5b:7d:3c:ba","SSID":"Netcore_03154f","androidId":"176f3dca89e7f21e","batteryLevel":64,"btAddress":"c5:68:02:db:98:d8","btName":"m1 note","buildAbi":"armeabi-v7a","buildAbi2":"armeabi","buildBoard":"p880","buildBrand":"Meizu","buildCodename":"REL","buildDescription":"m1note-user 5.1.1 LMY48G dde87985 release-keys","buildDevice":"m1note","buildFingerprint":"Meizu/m1 note/m1note:5.1.1/LMY48G/dde87985:user/release-keys","buildHardware":"qcom","buildHost":"bs213","buildId":"LMY48G","buildIncremental":"dde87985","buildManufacturer":"Meizu","buildModel":"m1 note","buildName":"Meizu","buildProduct":"m1note","buildRadioVersion":"mfalvedqvai","buildRelease":"5.1.1","buildSdk":"22","buildSerialno":"cb4002a6","buildTags":"release-keys","buildType":"user","buildUser":"builder","buildUtc":1503043958103,"cellScan":[],"ci":0,"contacts":["奶奶,13308418460","姑妈,18602802187","外婆,13502712582","外公,15000495623","舅舅,13407400713","舅妈,13202338578","姨父,13401456366","姨娘,15808551822","亲爱的,13702383075","老弟,18705614221","老妹,13001218649","小明,15807077838","小李子,18606537219","王海鹏,13707537848","Diane Simpson,13801387636","陈霖,15202442337","裴雅江,18704398888","吴冠图,13707456250","Curtis Sanchez,13600673479","李秋,15608472109","翁郁雄,13202240361","余意,15500893730","Darlene Willis,15604535863","张伟,13406283383","杨净香,13402023501","陈朋密,14708123521","Melanie Butler,18808641781","杨阁,13600616784","靳随玉,14708015094","陈生阔,18601470382","Diane Hunt,13004972651","张弘,13207965491","倪倩江,18005764926","魏勋河,15308234626","Dennis Henderson,15301403959","滕青韶,13101388683","闵岭添,13504566198","张立烈,15706678086","Erica Parker,18706532020","杨世,13303808396","王意,15304454621","韩旭锦,13490332775","Curtis King,18901156766","李阁宣,18602805655","李瑕,14703296466","王桂绵,15201343766","Carol Rice,15006358395","仰乐骏,13007874426","李棠,13490348339"],"cpuName":"MT6752","densityDpi":480,"deviceId":"861965955792512","deviceSvn":"19","displayId":"m1note-user 5.1.1 LMY48G dde87985 release-keys","extraInfo":"Netcore_03154f","height":0,"hidePkgs":[],"hmNotes":"","hookPkgs":[],"lac":0,"latitude":30.8037831,"line1Number":"18224439542","longitude":104.047358,"macAddress":"2e:4c:c2:67:76:1e","memAvailable":68151461,"memFree":136302924,"memTotal":204454385,"mnc":"00","networkClass":2,"networkCountryIso":"cn","networkOperator":"46007","networkOperatorName":"中国移动","networkType":17,"networkTypeName":"TD_SCDMA","phoneType":1,"rgAndroid":"23","rgAreaode":"86","rgBackupPath":"/storage/emulated/0/.money/backup/20180109/18224439542_20180109.db","rgConNames":[],"rgCountry":"中国","rgDevice":"xiaomiRedmi 4X","rgIp":"101.206.167.110","rgLastLogin":1515569052498,"rgLocation":"四川省 联通","rgNetType":"切换飞行模式","rgOrPhone":"18224439542","rgPhoneNo":"18224439542","rgServer":"飞行模式切换","rgTime":1515493141191,"rgVcode":"玉米(发码)","rgVersion":"1.6.0","rgWxError":"帐号状态异常，本次登录已失效。请尝试重新登录，并根据弹窗提示操作。","rgWxName":"栾芹念","rgWxPasswd":"Rmst@7890","rgWxStatus":"异常","rgWxWindows":"否","serialno":"cb4002a6","simCountryIso":"cn","simOperator":"46007","simOperatorName":"中国移动","simSerialNumber":"8986004956043674129","simState":5,"subscriberId":"460078968545641","type":1,"typeName":"WIFI","width":0,"wifiScan":["MERCURY_8d0eba,22:3f:7a:78:c7:76,[WPA-PSK-CCMP][WPA2-PSK-CCMP][WPS][ESS],-85,2437,1579629287","MERCURY_43fd10,a1:97:22:06:41:14,[WPA-PSK-CCMP][WPA2-PSK-CCMP][WPS][ESS],-93,2427,2309432928","Netcore_0dc0e2,fb:20:4b:a2:d2:df,[WPA2-PSK-CCMP][ESS],-94,2422,342342665","Netcore_8dbfda,1c:0b:04:8f:b9:50,[WPA-PSK-CCMP][WPA2-PSK-CCMP][WPS][ESS],-82,2417,533071078","Netcore_259853,dd:e8:61:13:52:86,[WPA-PSK-CCMP][WPA2-PSK-CCMP][ESS],-91,2412,495648920","PHICOMM_f32638,b9:50:e7:09:32:13,[WPA-PSK-CCMP][WPA2-PSK-CCMP][WPS][ESS],-65,2472,232993147"]}