{"BSSID":"3d:bb:ba:bb:00:df","IpAddress":"10.78.26.173","P2p0Mac":"d0:1d:c1:9d:2b:be","SSID":"MERCURY_bfc9ed","androidId":"499d124365eaa95c","batteryLevel":86,"btAddress":"d4:85:8d:8a:3f:06","btName":"vivo X9","buildAbi":"armeabi-v7a","buildAbi2":"armeabi","buildBoard":"steelhead","buildBrand":"vivo","buildCodename":"REL","buildDescription":"PD1616-user 7.1.2 NMF26Q f4da8036 release-keys","buildDevice":"PD1616","buildFingerprint":"vivo/vivo X9/PD1616:7.1.2/NMF26Q/f4da8036:user/release-keys","buildHardware":"qcom","buildHost":"huawei-desktop","buildId":"NMF26Q","buildIncremental":"f4da8036","buildManufacturer":"vivo","buildModel":"vivo X9","buildName":"vivo","buildProduct":"PD1616","buildRadioVersion":"ixpxknlmjrtgrv","buildRelease":"7.1.2","buildSdk":"25","buildSerialno":"ec0dcaa7","buildTags":"release-keys","buildType":"user","buildUser":"Server","buildUtc":1487329320306,"cellScan":[],"ci":0,"contacts":["奶奶,15103116698","姑妈,15807651143","外婆,13708250930","外公,13503314568","舅舅,18806093413","舅妈,13204737013","姨父,13904314803","姨娘,18008225319","亲爱的,15607525335","老弟,13707554831","老妹,13302338497","小明,18800836157","小李子,15201097468","王可隆,15204445179","Tim Tucker,15807166739","李祥土,13507330788","王曜,13405144237","王廉介,13901842576","Stephanie Stewart,13503077129","毕王心,13900583823","窦虹禄,18900696304","杨露,13107836160","Bradley Baker,13000032314","李耕,15702550686","于星明,15806834215","余薇,18707161524","Eddie Davis,15702543685","吴誓,15602945349","钮扬宇,18701742737","洪泰慎,13602656622","Martin Anderson,13503718796","李明,13304324594","杨力宁,13707482525","杨寅权,13305227983","Amy Ferguson,18900545030","富净团,15806268596","王松,13807170702","李精,13906170431","Loretta Tucker,13900137215","全泰同,18808162472","陆惠蔚,15708847137","栾杭渠,15007530089","Linda Ward,15007268300","张影,18601045267","廉帅业,13401328752","李伊,18701342382","Lois Grant,15702976069","王昱耀,13700045472","吴鑫平,13401548447","焦享腾,15900893862","Victor Cole,15808285651"],"cpuName":"Qualcomm Technologies, Inc MSM8953","densityDpi":240,"deviceId":"860624327362204","deviceSvn":"63","displayId":"PD1616-user 7.1.2 NMF26Q f4da8036 release-keys","extraInfo":"3gwap","height":0,"hidePkgs":[],"hmNotes":"","hookPkgs":[],"lac":0,"latitude":30.4109624,"line1Number":"18224041417","longitude":104.1322789,"macAddress":"0f:e0:f5:35:33:51","memAvailable":23419014,"memFree":70257043,"memTotal":93676057,"mnc":"00","networkClass":2,"networkCountryIso":"cn","networkOperator":"46007","networkOperatorName":"中国移动","networkType":8,"networkTypeName":"HSDPA","phoneType":1,"rgAndroid":"23","rgAreaode":"86","rgConNames":["王阁"],"rgConsize":"1","rgCountry":"中国","rgDevice":"xiaomiRedmi 4X","rgIp":"119.4.254.203","rgLastLogin":1516243471196,"rgLocation":"四川省成都市 联通","rgNetType":"切换飞行模式","rgOrPhone":"18224041417","rgPhoneNo":"18224041417","rgServer":"飞行模式切换","rgTime":1515491278876,"rgVcode":"玉米(发码)","rgVersion":"1.6.0","rgWxEmail":"未绑定","rgWxError":"该微信帐号因批量或者使用非法软件注册被限制登录，如需继续使用，请轻触“确定”申请解除限制。","rgWxName":"王阁","rgWxNo":"未设置","rgWxPasswd":"Rmst@7890","rgWxQQ":"未绑定","rgWxStatus":"异常","rgWxWindows":"否","serialno":"ec0dcaa7","simCountryIso":"cn","simOperator":"46007","simOperatorName":"中国移动","simSerialNumber":"8986007933907452362","simState":5,"subscriberId":"460076143527116","type":0,"typeName":"MOBILE","width":0,"wifiScan":["FAST_cfe2ed,35:25:2c:79:99:9e,[WPA2-PSK-CCMP][WPS][ESS],-86,2437,2259227859","MERCURY_c14276,8d:39:42:69:8c:08,[WPS][ESS],-80,2462,427393022","Tenda_9c97ba,e3:c0:6a:aa:fa:ac,[WPA2-PSK-CCMP][WPS][ESS],-72,2427,977036664","TP-LINK_7ba6a9,c2:b8:3f:6f:76:97,[WPA-PSK-CCMP][WPA2-PSK-CCMP][WPS][ESS],-80,2437,301313262","Netcore_bf2164,66:b3:ea:f3:1f:52,[WPA-PSK-CCMP][WPA2-PSK-CCMP][ESS],-68,2462,509949019","MERCURY_59dc1f,07:1b:a9:ac:ff:21,[WPA-PSK-CCMP][WPA2-PSK-CCMP][WPS][ESS],-78,2452,399528362"]}