{"BSSID":"27:50:ff:35:c0:96","IpAddress":"10.60.43.56","P2p0Mac":"26:11:d6:8a:b4:04","SSID":"TP-LINK_d535ad","androidId":"d850bfd4a1a87040","batteryLevel":79,"btAddress":"48:43:6d:11:fe:43","btName":"2014501","buildAbi":"armeabi-v7a","buildAbi2":"armeabi","buildBoard":"p990","buildBrand":"Xiaomi","buildCodename":"REL","buildDescription":"HM2014501-user 7.0.0 NRD90M 0cb38938 release-keys","buildDevice":"HM2014501","buildFingerprint":"Xiaomi/2014501/HM2014501:7.0.0/NRD90M/0cb38938:user/release-keys","buildHardware":"qcom","buildHost":"SCL_XA241_102","buildId":"NRD90M","buildIncremental":"0cb38938","buildManufacturer":"Xiaomi","buildModel":"2014501","buildName":"Xiaomi","buildProduct":"HM2014501","buildRadioVersion":"dsciyxabajxf","buildRelease":"7.0.0","buildSdk":"24","buildSerialno":"5d8020fb","buildTags":"release-keys","buildType":"user","buildUser":"MarkBuild","buildUtc":1498260814335,"cellScan":[],"ci":0,"contacts":["奶奶,13101723024","姑妈,15108378929","外婆,15505816725","外公,13904337173","舅舅,15206795688","舅妈,13700224414","姨父,18808311373","姨娘,15107098668","亲爱的,15601470315","老弟,13503131888","老妹,15002185806","小明,15506140518","小李子,18907451599","纪岭海,15702658295","George Hill,14703431784","陈秋,15902063940","龙伊红,18703054654","宋弘精,15104337971","Sarah Campbell,15901330464","杨寅,13900957982","吴童炫,13901118230","娄晟红,15001533837","Mary Coleman,15100827750","谢宇阔,15305908555","鲍年嵬,15302715066","华罗珊,13105635134","Alfred Howard,15502297601","杨游炬,13301005773","樊顺薇,13400298308","杨香,15905220834","Frederick Flores,15006030417","洪银瑟,18807118196","王广,18004113599","郗华渠,15700876625","Brian Taylor,18802414995","崔甲印,15201171776","钮祥力,13704516512","鲁鑫添,15508402561","Norman Ferguson,13102061717","王魁,13107202393","胡茜剑,18002343476","萧雍建,13500574982","Jose Tucker,13702822397","于奇骏,15601513878","伏欣谷,15304818224","莫和商,18706801076","Darlene Black,18802905589"],"cpuName":"MT6582","densityDpi":560,"deviceId":"862979533008100","deviceSvn":"31","displayId":"HM2014501-user 7.0.0 NRD90M 0cb38938 release-keys","extraInfo":"ctnet","height":0,"hidePkgs":[],"hmNotes":"","hookPkgs":[],"lac":0,"latitude":30.5899245,"line1Number":"18402856787","longitude":104.1451995,"macAddress":"f0:75:d9:c8:d8:c9","memAvailable":611011006,"memFree":1222022013,"memTotal":1833033019,"mnc":"00","networkClass":2,"networkCountryIso":"cn","networkOperator":"46007","networkOperatorName":"中国移动","networkType":8,"networkTypeName":"HSDPA","phoneType":1,"rgAndroid":"23","rgAreaode":"86","rgConNames":["上善若水","杨海"],"rgConsize":"2","rgCountry":"中国","rgDevice":"xiaomiRedmi 4X","rgIp":"119.4.253.33","rgLastLogin":1516876084375,"rgLocation":"四川省成都市 联通","rgNetType":"切换飞行模式","rgOrPhone":"18402856787","rgPhoneNo":"18402856787","rgServer":"飞行模式切换","rgTime":1515489406536,"rgVcode":"玉米(发码)","rgVersion":"1.6.0","rgWxEmail":"未绑定","rgWxError":"","rgWxId":"wxid_3sjgh6kd5can22","rgWxName":"杨海","rgWxNo":"未设置","rgWxPasswd":"Rmst@7890","rgWxQQ":"未绑定","rgWxStatus":"存活","rgWxWindows":"否","serialno":"5d8020fb","simCountryIso":"cn","simOperator":"46007","simOperatorName":"中国移动","simSerialNumber":"8986008268837650127","simState":5,"subscriberId":"460079563270264","type":0,"typeName":"MOBILE","width":0,"wifiScan":["PHICOMM_243763,58:6a:b1:a9:0e:b1,[WPA2-PSK-CCMP][WPS][ESS],-88,2412,317341217","Tenda_6598cb,58:6a:b1:a9:18:a2,[WPA2-PSK-CCMP][WPS][ESS],-76,2462,3146937295","PHICOMM_c0f42f,80:48:a5:d3:41:8a,[WPA2-PSK-CCMP][WPS][ESS],-72,2462,350735456","ChainaNet_bfea,9c:28:ef:4f:a1:b4,[WPA-PSK-CCMP][WPA2-PSK-CCMP][WPS][ESS],-95,2417,390928076","PHICOMM_40f426,3c:8c:40:34:00:e0,[WPA2-PSK-CCMP][WPS][ESS],-83,2462,319175669"]}