{"BSSID":"ae:9b:e9:46:09:e6","IpAddress":"192.168.39.172","P2p0Mac":"28:be:61:11:0f:91","SSID":"Netcore_4769ec","androidId":"75941a5db970859b","batteryLevel":89,"btAddress":"25:3b:8f:e4:1a:2d","btName":"vivo X6D","buildAbi":"armeabi-v7a","buildAbi2":"armeabi","buildBoard":"odroidu2","buildBrand":"vivo","buildCodename":"REL","buildDescription":"PD1415D-user 7.1.2 NMF26Q a78ac78d release-keys","buildDevice":"PD1415D","buildFingerprint":"vivo/vivo X6D/PD1415D:7.1.2/NMF26Q/a78ac78d:user/release-keys","buildHardware":"qcom","buildHost":"glsrv4","buildId":"NMF26Q","buildIncremental":"a78ac78d","buildManufacturer":"vivo","buildModel":"vivo X6D","buildName":"vivo","buildProduct":"PD1415D","buildRadioVersion":"robqlvxmop","buildRelease":"7.1.2","buildSdk":"25","buildSerialno":"c26631d0","buildTags":"release-keys","buildType":"user","buildUser":"builder","buildUtc":1478947902077,"cellScan":[],"ci":0,"contacts":["奶奶,13206330116","姑妈,14704765255","外婆,13900352985","外公,18605823458","舅舅,18705342419","舅妈,13201003532","姨父,13504020725","姨娘,15105152304","亲爱的,15805643956","老弟,15300671275","老妹,13603578393","小明,14706027447","小李子,15304494384","景顺群,13006940062","Stanley Wood,13207693517","金义昱,13200078114","杨行,15005452577","祝欣琦,13806777794","Florence Graham,13902021033","陈宏,13703764496","管宽军,13301983557","元涂逵,13701664242","Vivian Richardson,13504641969","吴由,18805967322","余杏,18607349011","靳节峻,18807704546","Erica Dixon,14707348486","杨嘉河,13106904226","戴心殊,18003461208","毛仕鑫,13704276106","Chris Hughes,13505711042","于让,15503761720","杨怀,18004105943","吴能,13905422506","Tommy King,13703698308","王伟,18706573671","唐宏校,13608870613","杨文,13200383137","Julia Rogers,13101494119","和珀盈,13504452701","李泰,18002378025","杨誓璞,15108650837","Ida White,15205321107","卫会,18808830383","贾荃卫,15201835071","吴棠鑫,13105581726","Lisa Sims,13001527153","邓竞畏,13101916538","蔡心松,13405667453","秋克青,15805172218","Pedro Hill,15000345276"],"cpuName":"MT6752","densityDpi":560,"deviceId":"865756061751724","deviceSvn":"10","displayId":"PD1415D-user 7.1.2 NMF26Q a78ac78d release-keys","extraInfo":"Netcore_4769ec","height":0,"hidePkgs":[],"hmNotes":"","hookPkgs":[],"lac":0,"latitude":30.5139049,"line1Number":"18117140043","longitude":104.3943646,"macAddress":"69:75:5e:ae:96:92","memAvailable":23632080,"memFree":70896240,"memTotal":94528320,"mnc":"03","networkClass":3,"networkCountryIso":"cn","networkOperator":"46003","networkOperatorName":"中国电信","networkType":13,"networkTypeName":"LTE","phoneType":2,"rgAndroid":"23","rgAreaode":"86","rgBackupPath":"/storage/emulated/0/.money/backup/20180107/18117140043_20180107.db","rgConNames":[],"rgCountry":"中国","rgDevice":"xiaomiRedmi 4X","rgIp":"119.4.254.18","rgLastLogin":1515376466991,"rgLocation":"四川省成都市 联通","rgNetType":"切换飞行模式","rgOrPhone":"18117140043","rgPhoneNo":"18117140043","rgServer":"飞行模式切换","rgTime":1515308597799,"rgVcode":"尚一品(发码)","rgVersion":"1.6.0","rgWxError":"帐号状态异常，本次登录已失效。请尝试重新登录，并根据弹窗提示操作。","rgWxName":"张岭","rgWxPasswd":"Rmst@7890","rgWxStatus":"异常","rgWxWindows":"否","serialno":"c26631d0","simCountryIso":"cn","simOperator":"46003","simOperatorName":"中国电信","simSerialNumber":"8986112892811887039","simState":5,"subscriberId":"460039710576301","type":1,"typeName":"WIFI","width":0,"wifiScan":["MERCURY_043e21,9a:4d:b3:fe:f8:83,[WPA-PSK-CCMP][WPA2-PSK-CCMP][WPS][ESS],-77,2437,403835353","FAST_7427,3a:a0:7e:78:74:a1,[WPA2-PSK-CCMP][WPS][ESS],-66,2462,3484035083","MERCURY_10db,56:3a:0f:79:84:d8,[WPA-PSK-CCMP][WPA2-PSK-CCMP][ESS],-76,2412,592130182","MERCURY_43fe10,c5:f5:e2:89:f6:18,[WPA2-PSK-CCMP][ESS],-64,2437,685635630","Netcore_315487,1f:77:f8:da:3e:15,[WPA2-PSK-CCMP][WPS][ESS],-76,2432,334625895","MERCURY_aec8cb,60:70:0d:00:75:9f,[WPA2-PSK-CCMP][ESS],-74,2457,246329808","MERCURY_f31ed2,b3:c3:29:b2:c7:a6,[WPA2-PSK-CCMP][ESS],-51,2437,372366271","Netcore_149753,76:15:1b:8c:37:03,[WPA-PSK-CCMP][WPA2-PSK-CCMP][ESS],-87,2452,2300231743"]}