{"BSSID":"25:a5:f8:10:62:01","IpAddress":"10.83.91.31","P2p0Mac":"da:b7:c8:49:c5:17","SSID":"TP-LINK_6316","androidId":"233c34d5982a3e7a","batteryLevel":48,"btAddress":"17:80:a7:c8:db:d3","btName":"Redmi Note 2","buildAbi":"armeabi-v7a","buildAbi2":"armeabi","buildBoard":"p880","buildBrand":"Xiaomi","buildCodename":"REL","buildDescription":"hermes-user 7.1.2 NMF26Q b84718da release-keys","buildDevice":"hermes","buildFingerprint":"Xiaomi/Redmi Note 2/hermes:7.1.2/NMF26Q/b84718da:user/release-keys","buildHardware":"qcom","buildHost":"huawei-server-05","buildId":"NMF26Q","buildIncremental":"b84718da","buildManufacturer":"Xiaomi","buildModel":"Redmi Note 2","buildName":"Xiaomi","buildProduct":"hermes","buildRadioVersion":"kckeinvanjyivv","buildRelease":"7.1.2","buildSdk":"25","buildSerialno":"ae5789e3","buildTags":"release-keys","buildType":"user","buildUser":"buildHost","buildUtc":1496765082208,"cellScan":[],"ci":0,"contacts":["奶奶,15501404533","姑妈,18804201340","外婆,15504580913","外公,18001322847","舅舅,18902967100","舅妈,13908461436","姨父,18606594744","姨娘,13703100498","亲爱的,15704065021","老弟,18002208640","老妹,13202094881","小明,13706487981","小李子,15308451191","支皓相,18807800192","Rhonda Porter,14701416279","项菁佩,13903461082","李仕,18908631424","顾密阳,18600462825","William Morris,13103844841","李宇,18002913200","祝梦青,13906342893","吕嘉宁,13603198170","Erica Payne,13607910824","王遇郁,13806407649","臧西伟,13208644446","詹珊恺,15802728329","Matthew Ruiz,13401404565","杨宫,13901090172","强元茜,13490392339","杨雨微,15907508501","Carl Ramos,15907147496","王骥熙,13408777798","罗红桐,15701027088","韦奇鹏,15808321418","Suzanne Cunningham,15900908986","王水,13808142076","仰诗珀,15303360810","甘校木,18706863562","Bernard Phillips,15702892751","车吉观,18807797111","王怡,13400048581","余炎岩,13708415692","Benjamin Carroll,13502081118","管瑟吾,13802670686","贾贵能,15603834426","郗实甲,15604354996","Joanne Thompson,18606771545"],"cpuName":"MT6795","densityDpi":560,"deviceId":"863237047318559","deviceSvn":"56","displayId":"hermes-user 7.1.2 NMF26Q b84718da release-keys","extraInfo":"ctnet","height":0,"hidePkgs":[],"hmNotes":"","hookPkgs":[],"lac":0,"latitude":30.7338821,"line1Number":"18121096047","longitude":104.1310194,"macAddress":"40:2f:af:94:60:05","memAvailable":23633768,"memFree":70901305,"memTotal":94535073,"mnc":"03","networkClass":3,"networkCountryIso":"cn","networkOperator":"46003","networkOperatorName":"中国电信","networkType":13,"networkTypeName":"LTE","phoneType":2,"rgAndroid":"23","rgAreaode":"86","rgBackupPath":"/storage/emulated/0/.money/backup/20180107/18121096047_20180107.db","rgConNames":["杨夜璐"],"rgConsize":"1","rgCountry":"中国","rgDevice":"xiaomiRedmi 4X","rgIp":"119.4.254.169","rgLastLogin":1515548044583,"rgLocation":"四川省成都市 联通","rgNetType":"切换飞行模式","rgOrPhone":"18121096047","rgPhoneNo":"18121096047","rgServer":"飞行模式切换","rgTime":1515313739501,"rgVcode":"尚一品(发码)","rgVersion":"1.6.0","rgWxEmail":"未绑定","rgWxError":"帐号状态异常，本次登录已失效。请尝试重新登录，并根据弹窗提示操作。","rgWxName":"杨夜璐","rgWxNo":"未设置","rgWxPasswd":"Rmst@7890","rgWxQQ":"未绑定","rgWxStatus":"异常","rgWxWindows":"否","serialno":"ae5789e3","simCountryIso":"cn","simOperator":"46003","simOperatorName":"中国电信","simSerialNumber":"898530221913147941661","simState":5,"subscriberId":"460033816937688","type":0,"typeName":"MOBILE","width":0,"wifiScan":["PHICOMM_cfbae2,86:d1:07:78:8f:cc,[WPA2-PSK-CCMP][WPS][ESS],-84,2437,212765279","PHICOMM_9cbfbb,58:1e:f5:d4:ed:85,[WPA-PSK-CCMP][WPA2-PSK-CCMP][ESS],-71,2412,1583536571","TP-LINK_fdbec1,b1:5c:32:e0:fa:01,[WPA-PSK-CCMP][WPA2-PSK-CCMP][WPS][ESS],-86,2472,204707068","FAST_974275,8e:5d:b7:60:d7:e3,[WPA2-PSK-CCMP][WPS][ESS],-87,2437,512568539","FAST_fbaed1,83:fa:34:7a:c1:4b,[WPA-PSK-CCMP][WPA2-PSK-CCMP][WPS][ESS],-79,2412,446925431"]}