{"BSSID":"cd:32:35:15:5e:c0","IpAddress":"10.65.91.240","P2p0Mac":"c1:7b:66:06:e5:87","SSID":"Tenda_da9dc0","androidId":"ff37a9b4fe7f3b21","batteryLevel":68,"btAddress":"d6:a1:95:e1:b1:9d","btName":"vivo X5V","buildAbi":"armeabi-v7a","buildAbi2":"armeabi","buildBoard":"MSM8952","buildBrand":"vivo","buildCodename":"REL","buildDescription":"PD1401V-user 7.0.0 NRD90M 2b087b03 release-keys","buildDevice":"PD1401V","buildFingerprint":"vivo/vivo X5V/PD1401V:7.0.0/NRD90M/2b087b03:user/release-keys","buildHardware":"qcom","buildHost":"bs189","buildId":"NRD90M","buildIncremental":"2b087b03","buildManufacturer":"vivo","buildModel":"vivo X5V","buildName":"vivo","buildProduct":"PD1401V","buildRadioVersion":"ievacoyxawwzna","buildRelease":"7.0.0","buildSdk":"24","buildSerialno":"278d4803","buildTags":"release-keys","buildType":"user","buildUser":"jenkins","buildUtc":1489261964133,"cellScan":[],"ci":0,"contacts":["奶奶,15205065521","姑妈,13300704022","外婆,13304378588","外公,13108737050","舅舅,13606366232","舅妈,18701556432","姨父,18905039081","姨娘,18705926449","亲爱的,13602796468","老弟,13203800258","老妹,18900113095","小明,18008858481","小李子,14700781883","余校,15901015300","Lester Gonzales,13403722158","诸立添,18806818107","贺声罗,18903121563","牧嘉逵,13402137547","Alice Matthews,15907763566","皮绣羡,13490805851","杨念,13306154976","李元童,13104716971","Alex Parker,15601927616","麻雨红,13105818936","李彤,18900893807","李洋,13908726235","Lisa Butler,13801828346","曹棠升,13800502652","李经,18705201330","张先,15505702813","Lauren Graham,15506135370","李虹艺,18900444721","计贤图,13706620886","危麟享,15008364773","Don Gray,15006687758","孙保炯,15700576724","戴衔玮,15506651286","蓬吉驹,18701530488","Anthony Bell,14702997005","汲萱霖,15006390174","王海,15001332883","松岁超,13404925722","Earl Freeman,13403378747","王怀河,18903575301","班诗朋,13600130453","王毅锐,18906235958","Dawn Morales,18002123830","田渠岭,13407257191","房盛珂,18707866009"],"cpuName":"Qualcomm Technologies, Inc MSM8939","densityDpi":240,"deviceId":"860568156088515","deviceSvn":"40","displayId":"PD1401V-user 7.0.0 NRD90M 2b087b03 release-keys","extraInfo":"3gwap","height":0,"hidePkgs":[],"hmNotes":"","hookPkgs":[],"lac":0,"latitude":30.4575676,"line1Number":"18121184480","longitude":104.4084836,"macAddress":"ce:46:6e:75:02:f0","memAvailable":4109836905,"memFree":12329510715,"memTotal":16439347620,"mnc":"03","networkClass":3,"networkCountryIso":"cn","networkOperator":"46003","networkOperatorName":"中国电信","networkType":13,"networkTypeName":"LTE","phoneType":2,"rgAndroid":"23","rgAreaode":"86","rgBackupPath":"/storage/emulated/0/.money/backup/20180107/18121184480_20180107.db","rgConNames":["卢靖伟"],"rgConsize":"1","rgCountry":"中国","rgDevice":"xiaomiRedmi 4X","rgIp":"119.4.255.96","rgLastLogin":1515547774179,"rgLocation":"四川省成都市 联通","rgNetType":"切换飞行模式","rgOrPhone":"18121184480","rgPhoneNo":"18121184480","rgServer":"飞行模式切换","rgTime":1515307184181,"rgVcode":"尚一品(发码)","rgVersion":"1.6.0","rgWxEmail":"未绑定","rgWxError":"帐号状态异常，本次登录已失效。请尝试重新登录，并根据弹窗提示操作。","rgWxName":"卢靖伟","rgWxNo":"未设置","rgWxPasswd":"Rmst@7890","rgWxQQ":"未绑定","rgWxStatus":"异常","rgWxWindows":"否","serialno":"278d4803","simCountryIso":"cn","simOperator":"46003","simOperatorName":"中国电信","simSerialNumber":"8986112735468362383","simState":5,"subscriberId":"460035571827722","type":0,"typeName":"MOBILE","width":0,"wifiScan":["PHICOMM_204387,3d:11:15:5f:52:6b,[WPA-PSK-CCMP][WPA2-PSK-CCMP][WPS][ESS],-77,2412,355828117","MERCURY_977337,dc:32:da:17:2f:fc,[WPA-PSK-CCMP][WPA2-PSK-CCMP][WPS][ESS],-67,2442,2728632517","Netcore_cc0042,d3:aa:27:78:91:28,[WPA-PSK-CCMP][WPA2-PSK-CCMP][WPS][ESS],-63,2462,286000412","TP-LINK_e200cc,61:47:74:7e:c2:e2,[WPA2-PSK-CCMP][ESS],-78,2437,706227155","PHICOMM_99dcbf,ee:c5:89:ab:de:68,[WPA-PSK-CCMP][WPA2-PSK-CCMP][ESS],-57,2412,487960832","FAST_1fcbff,33:3a:f3:5b:5c:17,[WPA-PSK-CCMP][WPA2-PSK-CCMP][WPS][ESS],-89,2437,308320162","Netcore_f32165,e5:51:6e:8b:3a:4c,[WPA2-PSK-CCMP][WPS][ESS],-51,2462,493982062"]}