{"BSSID":"5e:89:4f:10:c0:f5","IpAddress":"10.59.32.21","P2p0Mac":"bd:23:2f:1b:a7:a4","SSID":"MERCURY_59db","androidId":"5fed73946b4a3b38","batteryLevel":35,"btAddress":"00:82:93:85:11:30","btName":"HM NOTE 1TD","buildAbi":"armeabi-v7a","buildAbi2":"armeabi","buildBoard":"APQ8084","buildBrand":"Xiaomi","buildCodename":"REL","buildDescription":"lcsh92_wet_tdd-user 7.0.0 NRD90M a1ab51c7 release-keys","buildDevice":"lcsh92_wet_tdd","buildFingerprint":"Xiaomi/HM NOTE 1TD/lcsh92_wet_tdd:7.0.0/NRD90M/a1ab51c7:user/release-keys","buildHardware":"qcom","buildHost":"LGEACI2R5","buildId":"NRD90M","buildIncremental":"a1ab51c7","buildManufacturer":"Xiaomi","buildModel":"HM NOTE 1TD","buildName":"Xiaomi","buildProduct":"lcsh92_wet_tdd","buildRadioVersion":"sbddtssvzltla","buildRelease":"7.0.0","buildSdk":"24","buildSerialno":"18b576ff","buildTags":"release-keys","buildType":"user","buildUser":"buildHost","buildUtc":1478001942174,"cellScan":[],"ci":0,"contacts":["奶奶,13106638072","姑妈,15105661291","外婆,18902433955","外公,13502481137","舅舅,15901506841","舅妈,13707030311","姨父,18801058606","姨娘,13902172167","亲爱的,13205707844","老弟,13800826223","老妹,14700763343","小明,15303561933","小李子,18903895094","韩康灵,15601210921","Cathy Price,18601113925","余仁王,18900544516","王净声,13108803582","余仁,13000164310","Erica Torres,15604920119","松芹悠,15107287199","李炫逵,13508827547","于影,18905858776","Carl Green,13307406073","于裕,18004868135","余迅魁,15502426642","盛生凇,13208833873","Elizabeth Diaz,13108437197","束秋魁,14702330919","李群,18706058141","徐锦行,15506861343","Teresa Peters,13002186847","杨妙,18007645580","李珂书,13706881998","吴峻坚,13707566918","Dean Elliott,13901650420","臧青让,18807916598","杨设信,13908817943","吴行然,18608722676","Jeanette Edwards,15607440176","杭生炫,13507505154"],"cpuName":"MT6592","densityDpi":560,"deviceId":"864957879896468","deviceSvn":"55","displayId":"lcsh92_wet_tdd-user 7.0.0 NRD90M a1ab51c7 release-keys","extraInfo":"cmnet","height":0,"hidePkgs":[],"hmNotes":"","hookPkgs":[],"lac":0,"latitude":30.4380544,"line1Number":"18121050246","longitude":103.9016804,"macAddress":"ab:3c:29:46:b1:14","memAvailable":23545595,"memFree":70636788,"memTotal":94182383,"mnc":"03","networkClass":1,"networkCountryIso":"cn","networkOperator":"46003","networkOperatorName":"中国电信","networkType":4,"networkTypeName":"CDMA","phoneType":2,"rgAndroid":"23","rgAreaode":"86","rgBackupPath":"/storage/emulated/0/.money/backup/20180107/18121050246_20180107.db","rgConNames":["何让联"],"rgConsize":"1","rgCountry":"中国","rgDevice":"xiaomiRedmi 4X","rgIp":"119.4.255.223","rgLastLogin":1515547706380,"rgLocation":"四川省成都市 联通","rgNetType":"切换飞行模式","rgOrPhone":"18121050246","rgPhoneNo":"18121050246","rgServer":"飞行模式切换","rgTime":1515306462223,"rgVcode":"尚一品(发码)","rgVersion":"1.6.0","rgWxEmail":"未绑定","rgWxError":"帐号状态异常，本次登录已失效。请尝试重新登录，并根据弹窗提示操作。","rgWxName":"何让联","rgWxNo":"未设置","rgWxPasswd":"Rmst@7890","rgWxQQ":"未绑定","rgWxStatus":"异常","rgWxWindows":"否","serialno":"18b576ff","simCountryIso":"cn","simOperator":"46003","simOperatorName":"中国电信","simSerialNumber":"8986118288932413721","simState":5,"subscriberId":"460031087065498","type":0,"typeName":"MOBILE","width":0,"wifiScan":["Netcore_8fd9c0,ed:db:a1:40:70:38,[WPA2-PSK-CCMP][ESS],-69,2437,220664309","TP-LINK_376bae,e0:37:ed:30:6c:a1,[WPA2-PSK-CCMP][WPS][ESS],-60,2412,3119828522","Netcore_7caa65,13:36:5b:2f:21:e4,[WPA2-PSK-CCMP][ESS],-89,2437,1082431882","Netcore_f22153,0d:49:5f:af:80:ec,[WPA-PSK-CCMP][WPA2-PSK-CCMP][ESS],-92,2412,1744031326","PHICOMM_7b9664,c5:bc:08:0e:9f:89,[WPA2-PSK-CCMP][WPS][ESS],-68,2412,239386267","ChainaNet_caed,27:2f:6a:95:80:1f,[WPA-PSK-CCMP][WPA2-PSK-CCMP][ESS],-85,2412,368561026"]}