{"BSSID":"f2:59:3a:20:15:f8","IpAddress":"192.168.5.48","P2p0Mac":"89:18:48:f1:d7:ba","SSID":"Netcore_37b810","androidId":"fb8bc2bf88d8edf5","batteryLevel":56,"btAddress":"72:88:36:f8:e7:1b","btName":"OPPO A59s","buildAbi":"armeabi-v7a","buildAbi2":"armeabi","buildBoard":"clark","buildBrand":"OPPO","buildCodename":"REL","buildDescription":"A59-user 6.0.1 MMB29T 670f697c release-keys","buildDevice":"A59","buildFingerprint":"OPPO/OPPO A59s/A59:6.0.1/MMB29T/670f697c:user/release-keys","buildHardware":"qcom","buildHost":"glsrv4","buildId":"MMB29T","buildIncremental":"670f697c","buildManufacturer":"OPPO","buildModel":"OPPO A59s","buildName":"OPPO","buildProduct":"A59","buildRadioVersion":"znnrazmysyqt","buildRelease":"6.0.1","buildSdk":"23","buildSerialno":"6df6941a","buildTags":"release-keys","buildType":"user","buildUser":"buildHost","buildUtc":1480066245915,"cellScan":["32771,60554","61706,169492597","61706,168434551","33028,117695775","32771,31682"],"ci":117695775,"contacts":["奶奶,13901648163","姑妈,13704532506","外婆,18704627522","外公,18808716479","舅舅,13005921977","舅妈,13804244624","姨父,13706672137","姨娘,18803865916","亲爱的,13502702429","老弟,13900022086","老妹,13700752443","小明,13307690140","小李子,13901532949","和灵玮,13508173944","Walter Wallace,13703230893","吕勋义,18608351375","余信,15500768091","黄香西,13704746885","Tyler Perez,13907890796","万阁翼,18706624164","傅良儒,13206646658","班行威,13503798534","Renee Fisher,13601468808","封岭权,13404112791","公孙珊秋,13304236076","裴胤土,14702212703","Glenn Rivera,18806084117","李玺驹,18005895055","杨厚,13606637695","赵岳,13702886084","Dolores Morales,13905853250","季彦朔,13802073589","柯松愚,15107868595","明景贵,13307654385","Joshua Matthews,18900305700","曹校岩,18703735383","陈时砚,13805703816","段默平,18806841151","Erin Baker,18805338463","张灵冠,18905782841","李保,18008561582"],"cpuName":"MT6750","densityDpi":480,"deviceId":"862911184363831","deviceSvn":"12","displayId":"A59-user 6.0.1 MMB29T 670f697c release-keys","extraInfo":"Netcore_37b810","height":0,"hidePkgs":[],"hmNotes":"","hookPkgs":[],"lac":33028,"latitude":30.6366083,"line1Number":"18121249463","longitude":103.9682746,"macAddress":"bd:26:c8:02:90:d6","memAvailable":458362287,"memFree":1375086864,"memTotal":1833449151,"mnc":"03","networkClass":2,"networkCountryIso":"cn","networkOperator":"46003","networkOperatorName":"中国电信","networkType":5,"networkTypeName":"CDMA - EvDo rev. 0","phoneType":2,"rgAndroid":"23","rgAreaode":"86","rgBackupPath":"/storage/emulated/0/.money/backup/20180107/18121249463_20180107.db","rgConNames":[],"rgCountry":"中国","rgDevice":"xiaomiRedmi 4X","rgIp":"119.4.254.87","rgLastLogin":1515376262733,"rgLocation":"四川省成都市 联通","rgNetType":"切换飞行模式","rgOrPhone":"18121249463","rgPhoneNo":"18121249463","rgServer":"飞行模式切换","rgTime":1515307892236,"rgVcode":"尚一品(发码)","rgVersion":"1.6.0","rgWxError":"帐号状态异常，本次登录已失效。请尝试重新登录，并根据弹窗提示操作。","rgWxName":"杨商元","rgWxPasswd":"Rmst@7890","rgWxStatus":"异常","rgWxWindows":"否","serialno":"6df6941a","simCountryIso":"cn","simOperator":"46003","simOperatorName":"中国电信","simSerialNumber":"8986064712088228935","simState":5,"subscriberId":"460033387113507","type":1,"typeName":"WIFI","width":0,"wifiScan":["PHICOMM_6b977b,0c:82:68:02:8c:c4,[WPA-PSK-CCMP][WPA2-PSK-CCMP][ESS],-55,2412,1323037382","Tenda_feba8d,ec:26:ca:58:1d:0a,[WPA-PSK-CCMP][WPA2-PSK-CCMP][WPS][ESS],-84,2412,211327636","FAST_6a9e,0c:82:68:c8:b0:02,[WPA-PSK-CCMP][WPA2-PSK-CCMP][WPS][ESS],-56,2442,3474331354","PHICOMM_965488,00:b0:0c:3b:c5:40,[WPA-PSK-CCMP][WPA2-PSK-CCMP][ESS],-93,2472,1482931022","MERCURY_a76aa7,78:eb:14:72:f2:8a,[WPA2-PSK-CCMP][ESS],-72,2412,627037864"]}