{"BSSID":"66:e9:98:2e:25:eb","IpAddress":"10.29.9.161","P2p0Mac":"5e:06:50:22:80:7a","SSID":"FAST_1541ff","androidId":"10ab69f6ce87c1bd","batteryLevel":31,"btAddress":"8a:a4:1b:27:ef:a9","btName":"HM NOTE 1S","buildAbi":"armeabi-v7a","buildAbi2":"armeabi","buildBoard":"msm8952","buildBrand":"Xiaomi","buildCodename":"REL","buildDescription":"gucci-user 7.0.0 NRD90M 28b348d8 release-keys","buildDevice":"gucci","buildFingerprint":"Xiaomi/HM NOTE 1S/gucci:7.0.0/NRD90M/28b348d8:user/release-keys","buildHardware":"qcom","buildHost":"mz-buider-2","buildId":"NRD90M","buildIncremental":"28b348d8","buildManufacturer":"Xiaomi","buildModel":"HM NOTE 1S","buildName":"Xiaomi","buildProduct":"gucci","buildRadioVersion":"uutfyvqfbnattcixu","buildRelease":"7.0.0","buildSdk":"24","buildSerialno":"e39bbd19","buildTags":"release-keys","buildType":"user","buildUser":"android","buildUtc":1456717805223,"cellScan":["1822,25065","33028,1031","33256,217689987"],"ci":217689987,"contacts":["奶奶,14703193722","姑妈,15906684781","外婆,13490553766","外公,15204968767","舅舅,14704738828","舅妈,18707013842","姨父,15501851637","姨娘,13700475952","亲爱的,18804912098","老弟,15605685787","老妹,13008841882","小明,13308053165","小李子,13501106764","张翰,15703172536","Manuel Carter,18701901614","杨锐,18002137601","屈易王,13205514710","方薇康,15703535249","Jacqueline Peterson,18802704797","伍校玉,18802069055","林万鹄,15005524911","杨旭旺,15001461081","Tony Berry,15804122084","陈立,13604350519","张军,13504533585","武棠卿,14700428486","Curtis Martin,18708836511","康佳校,15003222080","杨古,13490621816","陈古,14706802254","Micheal Lewis,15706982262","李魄,15907122569","于雪军,13308021656","杨康学,18802337110","Yvonne Cook,15706019074","王建,18603418160","杨野克,15906542819","程贺鑫,14707662647","Derek Butler,18808823266","杨翼,13202740195","郎土华,15305309061","张佳求,13602020769","Victor Matthews,13603853127","滕盛观,15100702985","李棠彦,13407346591","包英贵,13490445351","Julia Powell,13301977384","王琴,15101432484","于梦梁,13490203432","宣津甲,15706538329","Charlotte Campbell,14707527414","于佳,13506333995"],"cpuName":"Qualcomm Technologies, Inc MSM8916","densityDpi":240,"deviceId":"860158529688702","deviceSvn":"89","displayId":"gucci-user 7.0.0 NRD90M 28b348d8 release-keys","extraInfo":"ctnet","height":0,"hidePkgs":[],"hmNotes":"","hookPkgs":[],"lac":33256,"latitude":30.5723101,"line1Number":"18121242745","longitude":104.4047369,"macAddress":"07:57:92:31:84:cf","memAvailable":5479573954,"memFree":10959147910,"memTotal":16438721864,"mnc":"03","networkClass":2,"networkCountryIso":"cn","networkOperator":"46003","networkOperatorName":"中国电信","networkType":5,"networkTypeName":"CDMA - EvDo rev. 0","phoneType":2,"rgAndroid":"23","rgAreaode":"86","rgBackupPath":"/storage/emulated/0/.money/backup/20180107/18121242745_20180107.db","rgConNames":[],"rgCountry":"中国","rgDevice":"xiaomiRedmi 4X","rgIp":"101.206.167.103","rgLastLogin":1515375323491,"rgLocation":"四川省 联通","rgNetType":"切换飞行模式","rgOrPhone":"18121242745","rgPhoneNo":"18121242745","rgServer":"飞行模式切换","rgTime":1515304962174,"rgVcode":"尚一品(发码)","rgVersion":"1.6.0","rgWxError":"帐号状态异常，本次登录已失效。请尝试重新登录，并根据弹窗提示操作。","rgWxName":"杨盈","rgWxPasswd":"Rmst@7890","rgWxStatus":"异常","rgWxWindows":"否","serialno":"e39bbd19","simCountryIso":"cn","simOperator":"46003","simOperatorName":"中国电信","simSerialNumber":"8986039504169661089","simState":5,"subscriberId":"460038903264415","type":0,"typeName":"MOBILE","width":0,"wifiScan":[]}