{"BSSID":"72:de:bb:e8:7a:8f","IpAddress":"10.63.11.139","P2p0Mac":"8a:c9:a8:ca:3b:cb","SSID":"Netcore_648742","androidId":"ada000e83a358545","batteryLevel":54,"btAddress":"a4:66:6c:e7:0b:9e","btName":"Redmi 4","buildAbi":"armeabi-v7a","buildAbi2":"armeabi","buildBoard":"hammerhead","buildBrand":"Xiaomi","buildCodename":"REL","buildDescription":"Redmi 4-user 7.0.0 NRD90M 9e13f392 release-keys","buildDevice":"Redmi 4","buildFingerprint":"Xiaomi/Redmi 4/Redmi 4:7.0.0/NRD90M/9e13f392:user/release-keys","buildHardware":"qcom","buildHost":"linux-user","buildId":"NRD90M","buildIncremental":"9e13f392","buildManufacturer":"Xiaomi","buildModel":"Redmi 4","buildName":"Xiaomi","buildProduct":"Redmi 4","buildRadioVersion":"rcmvoxqwzf","buildRelease":"7.0.0","buildSdk":"24","buildSerialno":"da2d6a40","buildTags":"release-keys","buildType":"user","buildUser":"builder","buildUtc":1495043050611,"cellScan":["1822,25224","61726,25224","39937,164133937","39937,164076083","33294,48832"],"ci":164133937,"contacts":["奶奶,15008732528","姑妈,13507822337","外婆,15605116421","外公,13508774579","舅舅,15803785541","舅妈,13800947342","姨父,15904917427","姨娘,13704634968","亲爱的,15308643043","老弟,13901264210","老妹,14702294236","小明,15308400313","小李子,13508280535","罗璐霖,13803668324","Eleanor Stewart,13701054759","李杭可,13803791463","荣炬介,15505063297","杨雍,15007594122","Eddie Powell,15804723650","杨嘉利,13490109072","郁遇怀,15908555958","王怡,13490278844","Warren Griffin,13490461009","余进,14705787419","平莉泰,18602683357","吴齐可,15006081264","Ann Rivera,15206911213","吴薇,13705619001","计楷伟,13702281105","龙驹隆,15606922935","Emma Richardson,18602978988","杭仁硕,18804381289","吴举学,13103936825","屈慎献,15707694501","Leslie Henry,15707770554","李耀,15302842024","蔡颂翔,15701008604","陆佑吾,15602651860","Peter Martin,13207792871","甄银宽,18702772113"],"cpuName":"Qualcomm Technologies, Inc MSM8953","densityDpi":560,"deviceId":"862002467634443","deviceSvn":"79","displayId":"Redmi 4-user 7.0.0 NRD90M 9e13f392 release-keys","extraInfo":"ctnet","height":0,"hidePkgs":[],"hmNotes":"","hookPkgs":[],"lac":39937,"latitude":30.6185393,"line1Number":"18121320241","longitude":104.2252488,"macAddress":"fa:a1:3a:ea:81:20","memAvailable":31213043,"memFree":62426086,"memTotal":93639129,"mnc":"03","networkClass":2,"networkCountryIso":"cn","networkOperator":"46003","networkOperatorName":"中国电信","networkType":12,"networkTypeName":"CDMA - EvDo rev. B","phoneType":2,"rgAndroid":"23","rgAreaode":"86","rgBackupPath":"/storage/emulated/0/.money/backup/20180107/18121320241_20180107.db","rgConNames":[],"rgCountry":"中国","rgDevice":"xiaomiRedmi 4X","rgIp":"119.4.253.225","rgLastLogin":1515376533331,"rgLocation":"四川省成都市 联通","rgNetType":"切换飞行模式","rgOrPhone":"18121320241","rgPhoneNo":"18121320241","rgServer":"飞行模式切换","rgTime":1515308822673,"rgVcode":"尚一品(发码)","rgVersion":"1.6.0","rgWxError":"帐号状态异常，本次登录已失效。请尝试重新登录，并根据弹窗提示操作。","rgWxName":"奚靖思","rgWxPasswd":"Rmst@7890","rgWxStatus":"异常","rgWxWindows":"否","serialno":"da2d6a40","simCountryIso":"cn","simOperator":"46003","simOperatorName":"中国电信","simSerialNumber":"8986061934829518871","simState":5,"subscriberId":"460036023482599","type":0,"typeName":"MOBILE","width":0,"wifiScan":["MERCURY_431648,50:bd:5f:73:6c:36,[WPA2-PSK-CCMP][ESS],-61,2462,3190326858","MERCURY_0d11f3,34:37:59:9c:b5:49,[WPA2-PSK-CCMP][ESS],-77,2427,1485230501","PHICOMM_254863,08:10:77:3c:a9:39,[WPA-PSK-CCMP][WPA2-PSK-CCMP][ESS],-69,2422,460139761","TP-LINK_7a9dc9,88:25:93:70:4e:cf,[WPA2-PSK-CCMP][ESS],-90,2442,513926511","MERCURY_76b9ec,4c:ac:0a:6a:63:b9,[WPA-PSK-CCMP][WPA2-PSK-CCMP][WPS][ESS],-79,2437,1166732474"]}