{"BSSID":"ee:e1:ac:d2:d8:36","IpAddress":"192.168.70.204","P2p0Mac":"c5:38:5f:33:17:14","SSID":"PHICOMM_a8487a","androidId":"af85c93962e5f86a","batteryLevel":36,"btAddress":"74:80:20:28:89:dd","btName":"OPPO R7sm","buildAbi":"armeabi-v7a","buildAbi2":"armeabi","buildBoard":"maserati","buildBrand":"OPPO","buildCodename":"REL","buildDescription":"R7sm-user 6.0.1 MMB29T b1a65926 release-keys","buildDevice":"R7sm","buildFingerprint":"OPPO/OPPO R7sm/R7sm:6.0.1/MMB29T/b1a65926:user/release-keys","buildHardware":"qcom","buildHost":"SEP-68","buildId":"MMB29T","buildIncremental":"b1a65926","buildManufacturer":"OPPO","buildModel":"OPPO R7sm","buildName":"OPPO","buildProduct":"R7sm","buildRadioVersion":"iwfqtlyojlrp","buildRelease":"6.0.1","buildSdk":"23","buildSerialno":"3dd61316","buildTags":"release-keys","buildType":"user","buildUser":"builder","buildUtc":1476583851766,"cellScan":["65535,5338","61716,169125552","33040,34502","33040,18916","61716,13626"],"ci":34502,"contacts":["奶奶,13304445901","姑妈,18607966119","外婆,13490734823","外公,15707455243","舅舅,13805513995","舅妈,15503197851","姨父,15708191570","姨娘,15602057576","亲爱的,15003761775","老弟,15607330557","老妹,15905538872","小明,18006714848","小李子,14706025024","屈瑞影,18004803443","Lori Adams,13305332575","吴意,15502143892","毕倩求,15704408705","陈岳明,18902854321","Norman Lopez,18907943909","杨利,13001836826","余尚佩,15500603118","富延砚,13302831791","Terry Brown,13490770710","李相祥,13906781593","葛银曜,13504661530","胡虎瑟,15700736307","Ryan Ray,18807857643","陈铭,15703411888","邢奇信,13201931388","席团可,15901140408","Lucille Morris,15802628703","余珀,15506244131","邬焱胤,18001246094","乐思松,15802337655","Ricky Watkins,15004655831","樊砚建,15104092984","王海,15102513914","裴芹虎,15106732201","Victor Ferguson,15902825846","杨愚求,13700365117","杨顺,13100894909","支绵经,13205818582","Martha Elliott,15604908610","卡克迅,13608255933"],"cpuName":"Qualcomm Technologies, Inc MSM8939","densityDpi":560,"deviceId":"864287068251030","deviceSvn":"86","displayId":"R7sm-user 6.0.1 MMB29T b1a65926 release-keys","extraInfo":"PHICOMM_a8487a","height":0,"hidePkgs":[],"hmNotes":"","hookPkgs":[],"lac":33040,"latitude":30.3960648,"line1Number":"18149784547","longitude":103.707255,"macAddress":"b5:60:02:8c:79:92","memAvailable":23435657,"memFree":70306973,"memTotal":93742630,"mnc":"03","networkClass":2,"networkCountryIso":"cn","networkOperator":"46003","networkOperatorName":"中国电信","networkType":6,"networkTypeName":"CDMA - EvDo rev. A","phoneType":2,"rgAndroid":"23","rgAreaode":"86","rgBackupPath":"/storage/emulated/0/.money/backup/20180107/18149784547_20180107.db","rgConNames":[],"rgCountry":"中国","rgDevice":"xiaomiRedmi 4X","rgIp":"101.206.166.188","rgLastLogin":1515376061776,"rgLocation":"四川省 联通","rgNetType":"切换飞行模式","rgOrPhone":"18149784547","rgPhoneNo":"18149784547","rgServer":"飞行模式切换","rgTime":1515307424364,"rgVcode":"尚一品(发码)","rgVersion":"1.6.0","rgWxError":"帐号状态异常，本次登录已失效。请尝试重新登录，并根据弹窗提示操作。","rgWxName":"吴罗锦","rgWxPasswd":"Rmst@7890","rgWxStatus":"异常","rgWxWindows":"否","serialno":"3dd61316","simCountryIso":"cn","simOperator":"46003","simOperatorName":"中国电信","simSerialNumber":"898530213600308519311","simState":5,"subscriberId":"460036805056110","type":1,"typeName":"WIFI","width":0,"wifiScan":["iTV-a9dc,00:d0:d0:59:b0:98,[WPA-PSK-CCMP][WPA2-PSK-CCMP][ESS],-75,2437,270718657","ChainaNet_dc0f,0c:72:2c:de:ab:4a,[WPA2-PSK-CCMP][WPS][ESS],-95,2412,2370634338","FAST_bffd,64:88:ff:7d:00:ac,[WPA-PSK-CCMP][WPA2-PSK-CCMP][ESS],-72,2437,382821804","Netcore_cafeba,0c:72:2c:ae:d2:c6,[WPA-PSK-CCMP][WPA2-PSK-CCMP][WPS][ESS],-72,2462,212372965","Netcore_d00420,6c:a7:5f:53:c7:53,[WPA2-PSK-CCMP][WPS][ESS],-79,2412,2878334533"]}