{"BSSID":"e1:7b:08:df:9c:a5","IpAddress":"192.168.48.188","P2p0Mac":"ea:24:22:67:04:64","SSID":"MERCURY_153376","androidId":"8b434a4d025dd93b","batteryLevel":73,"btAddress":"d7:59:da:40:bf:2e","btName":"HUAWEI GRA-CL10","buildAbi":"armeabi-v7a","buildAbi2":"armeabi","buildBoard":"msm8994","buildBrand":"HUAWEI","buildCodename":"REL","buildDescription":"HWGRA-user 5.1.1 LMY48G 21affbe2 release-keys","buildDevice":"HWGRA","buildFingerprint":"HUAWEI/HUAWEI GRA-CL10/HWGRA:5.1.1/LMY48G/21affbe2:user/release-keys","buildHardware":"qcom","buildHost":"huangshan","buildId":"LMY48G","buildIncremental":"21affbe2","buildManufacturer":"HUAWEI","buildModel":"HUAWEI GRA-CL10","buildName":"HUAWEI","buildProduct":"HWGRA","buildRadioVersion":"urtfbeuhcwvryh","buildRelease":"5.1.1","buildSdk":"22","buildSerialno":"aa6835cc","buildTags":"release-keys","buildType":"user","buildUser":"jenkins","buildUtc":1510925148199,"cellScan":[],"ci":0,"contacts":["奶奶,18900797357","姑妈,13490795219","外婆,15106337196","外公,15205217231","舅舅,15002542268","舅妈,13108236691","姨父,13405780928","姨娘,18902820376","亲爱的,13905054021","老弟,15703261781","老妹,15101155223","小明,15304877719","小李子,15205540420","杨青校,14707730697","Sheila Austin,15706363609","莫立欣,15704160866","李胤,18707026212","舒江媛,15505644352","Ellen Sullivan,13206857301","贾炎京,15608190392","支慎兴,13400090487","谈实洋,13702243574","Peter Price,13906443461","李广,18904446067","盛雅群,13801150783","张茜,18807785813","Allen Freeman,18802748550","余钰,15308386458","巴杏慎,18903966731","杨为冠,15100498178","Joyce Thomas,15100334675","王驹权,15802167585","王权王,13408835628","杨颖同,13702953521","Ronald Foster,13704554366","狄观骥,13502972375","莫魁翰,18901236206","杨勇,15005645097","Gloria Carroll,13405065534","陈为佑,13806331031","路义设,13605482456","杨阁,18901322943","Nicole Myers,18908680442","张耀相,15704040485","米微梦,13208141621","咎建晟,15704154185","Wayne Berry,18802725557"],"cpuName":"Kirin935","densityDpi":320,"deviceId":"861146033186486","deviceSvn":"82","displayId":"HWGRA-user 5.1.1 LMY48G 21affbe2 release-keys","extraInfo":"MERCURY_153376","height":0,"hidePkgs":[],"hmNotes":"","hookPkgs":[],"lac":0,"latitude":30.8567574,"line1Number":"18149753443","longitude":103.9145103,"macAddress":"c2:61:ca:43:29:2a","memAvailable":611133148,"memFree":1222266298,"memTotal":1833399446,"mnc":"03","networkClass":3,"networkCountryIso":"cn","networkOperator":"46003","networkOperatorName":"中国电信","networkType":13,"networkTypeName":"LTE","phoneType":2,"rgAndroid":"23","rgAreaode":"86","rgBackupPath":"/storage/emulated/0/.money/backup/20180107/18149753443_20180107.db","rgConNames":[],"rgCountry":"中国","rgDevice":"xiaomiRedmi 4X","rgIp":"119.4.255.207","rgLastLogin":1515376999434,"rgLocation":"四川省成都市 联通","rgNetType":"切换飞行模式","rgOrPhone":"18149753443","rgPhoneNo":"18149753443","rgServer":"飞行模式切换","rgTime":1515313284470,"rgVcode":"尚一品(发码)","rgVersion":"1.6.0","rgWxError":"帐号状态异常，本次登录已失效。请尝试重新登录，并根据弹窗提示操作。","rgWxName":"鲍骏佑","rgWxPasswd":"Rmst@7890","rgWxStatus":"异常","rgWxWindows":"否","serialno":"aa6835cc","simCountryIso":"cn","simOperator":"46003","simOperatorName":"中国电信","simSerialNumber":"898530715543957304743","simState":5,"subscriberId":"460039050158073","type":1,"typeName":"WIFI","width":0,"wifiScan":["Netcore_dffda8,1e:b3:4f:4e:24:eb,[WPA2-PSK-CCMP][ESS],-93,2437,3045930337","FAST_b9fdaa,21:87:46:37:90:a2,[WPA2-PSK-CCMP][ESS],-84,2472,528509491","PHICOMM_ed2044,12:43:cd:a9:a9:b7,[WPA2-PSK-CCMP][WPS][ESS],-52,2462,531530289","MERCURY_410f32,41:c2:41:c0:4d:d4,[WPA-PSK-CCMP][WPA2-PSK-CCMP][WPS][ESS],-66,2462,1843727086","Netcore_76b996,d8:0e:44:75:6b:ba,[WPA2-PSK-CCMP][ESS],-57,2412,249332809","Netcore_0cb9fc,e3:0b:b4:c0:8d:e1,[WPA2-PSK-CCMP][ESS],-84,2432,2249832062"]}