{"BSSID":"f6:06:23:70:97:55","IpAddress":"10.6.68.99","P2p0Mac":"bf:95:fa:78:b9:7c","SSID":"FAST_8cbf","androidId":"5277d340ae13d051","batteryLevel":65,"btAddress":"e4:62:72:22:01:8d","btName":"Redmi Note 3","buildAbi":"armeabi-v7a","buildAbi2":"armeabi","buildBoard":"e610","buildBrand":"Xiaomi","buildCodename":"REL","buildDescription":"hennessy-user 5.0 LRX21M 34651d62 release-keys","buildDevice":"hennessy","buildFingerprint":"Xiaomi/Redmi Note 3/hennessy:5.0/LRX21M/34651d62:user/release-keys","buildHardware":"qcom","buildHost":"sp-ci-01-desktop","buildId":"LRX21M","buildIncremental":"34651d62","buildManufacturer":"Xiaomi","buildModel":"Redmi Note 3","buildName":"Xiaomi","buildProduct":"hennessy","buildRadioVersion":"qsfacqvadce","buildRelease":"5.0","buildSdk":"21","buildSerialno":"440ce7d3","buildTags":"release-keys","buildType":"user","buildUser":"MarkBuild","buildUtc":1507582014087,"cellScan":["33296,8865","33045,118083103","33061,100319873","33296,8861","39937,163687985"],"ci":118083103,"contacts":["奶奶,15100895966","姑妈,18907813951","外婆,15303532230","外公,14707357243","舅舅,15900016010","舅妈,18703026736","姨父,13202018494","姨娘,13402254419","亲爱的,15307947771","老弟,18807188316","老妹,13202630611","小明,13102475220","小李子,13300808754","杨虹璐,15200804898","Pauline Jackson,15004938734","糜秋璇,15702086226","邹石晟,15705951323","王倩,18000045639","Jason Hill,18001386949","段裕木,13608832854","车伊举,13490109799","陈求贤,15105166616","Jeffrey Dunn,13405712315","殷书扬,13490467574","戎皓静,14706896921","季湘仕,13504361244","Shannon Dixon,13705704256","邢珂瑕,18906544826","纪顺秀,13501250549","苏航介,15800625780","Alma Baker,15102173364","李勋顺,18604935704","郝翼克,13507450045","厉寅景,13005404955","Beverly Tucker,13106176028","李玺珀,13705858455","俞勋昱,15802862161","计耕杭,13704754637","Charles Daniels,13701922719","余兴延,13800911257","杨玮,15703010134","李鑫,15207284103","Floyd Lee,15007547424","张全腾,13490793746","吴翼甲,18005747389","李佩,15806925711","Nicole Black,13404476778","王仁,15905677436","张涂祥,15608246444","李郡游,15806928863","Robert Diaz,15205464293","陈君玉,18000983893"],"cpuName":"MT6795","densityDpi":240,"deviceId":"861869042251872","deviceSvn":"86","displayId":"hennessy-user 5.0 LRX21M 34651d62 release-keys","extraInfo":"3gwap","height":0,"hidePkgs":[],"hmNotes":"","hookPkgs":[],"lac":33045,"latitude":30.6553775,"line1Number":"18149737642","longitude":104.2376441,"macAddress":"9e:59:61:ad:e1:c9","memAvailable":937569356,"memFree":2812708069,"memTotal":3750277425,"mnc":"03","networkClass":3,"networkCountryIso":"cn","networkOperator":"46003","networkOperatorName":"中国电信","networkType":13,"networkTypeName":"LTE","phoneType":2,"rgAndroid":"23","rgAreaode":"86","rgBackupPath":"/storage/emulated/0/.money/backup/20180107/18149737642_20180107.db","rgConNames":[],"rgCountry":"中国","rgDevice":"xiaomiRedmi 4X","rgIp":"119.4.252.38","rgLastLogin":1515376933819,"rgLocation":"四川省成都市 联通","rgNetType":"切换飞行模式","rgOrPhone":"18149737642","rgPhoneNo":"18149737642","rgServer":"飞行模式切换","rgTime":1515312858720,"rgVcode":"尚一品(发码)","rgVersion":"1.6.0","rgWxError":"帐号状态异常，本次登录已失效。请尝试重新登录，并根据弹窗提示操作。","rgWxName":"司马鑫铜","rgWxPasswd":"Rmst@7890","rgWxStatus":"异常","rgWxWindows":"否","serialno":"440ce7d3","simCountryIso":"cn","simOperator":"46003","simOperatorName":"中国电信","simSerialNumber":"8986035627424262706","simState":5,"subscriberId":"460033119580124","type":0,"typeName":"MOBILE","width":0,"wifiScan":["Netcore_ec1f32,1c:60:de:1d:cc:ea,[WPA-PSK-CCMP][WPA2-PSK-CCMP][ESS],-73,2412,501716019","TP-LINK_1548,d8:15:0d:6e:14:98,[WPA-PSK-CCMP][WPA2-PSK-CCMP][WPS][ESS],-68,2412,1711030248","PHICOMM_5a8553,80:89:17:94:17:26,[WPA2-PSK-CCMP][ESS],-92,2462,300725742","ChainaNet_854a,ec:26:ca:18:67:de,[WPA-PSK-CCMP][WPA2-PSK-CCMP][WPS][ESS],-53,2412,3169529039","PHICOMM_25aa8c,1c:60:de:77:a1:12,[WPA2-PSK-CCMP][ESS],-76,2462,3350234713"]}