{"BSSID":"c9:c5:06:3f:5b:4c","IpAddress":"192.168.41.85","P2p0Mac":"20:1e:a4:c6:f0:77","SSID":"MERCURY_5c97b9","androidId":"f27531f57445ebc3","batteryLevel":56,"btAddress":"08:05:bf:7e:6c:cb","btName":"3007","buildAbi":"armeabi-v7a","buildAbi2":"armeabi","buildBoard":"n1","buildBrand":"OPPO","buildCodename":"REL","buildDescription":"3007-user 5.1.1 LMY48G a36c4e64 release-keys","buildDevice":"3007","buildFingerprint":"OPPO/3007/3007:5.1.1/LMY48G/a36c4e64:user/release-keys","buildHardware":"qcom","buildHost":"bs189","buildId":"LMY48G","buildIncremental":"a36c4e64","buildManufacturer":"OPPO","buildModel":"3007","buildName":"OPPO","buildProduct":"3007","buildRadioVersion":"qhrowxuvuug","buildRelease":"5.1.1","buildSdk":"22","buildSerialno":"e28eff5b","buildTags":"release-keys","buildType":"user","buildUser":"builder","buildUtc":1483678396499,"cellScan":[],"ci":0,"contacts":["奶奶,14705188022","姑妈,13201262238","外婆,15907018201","外公,15005541661","舅舅,15507020142","舅妈,15106397223","姨父,14706380789","姨娘,15008047189","亲爱的,14703590681","老弟,13801549073","老妹,15300351701","小明,15605896134","小李子,13900115231","王君新,18604402676","Thelma Lopez,13205944814","皮京齐,13800835351","吴兴屏,13904594839","夏心学,15704280328","Heather Owens,15703287857","王兴,18903511761","李添兴,13101406653","景茜幸,18906017252","Sandra Lane,13490497437","陶罗烁,13508887980","李孝,18706918223","鲁献隆,13403134687","Jeffrey Foster,15906483750","杨贺,15606745918","田兴茂,15606362433","李星伊,15808534599","Pedro Kennedy,15908482882","平培愚,18807637266","钭璎业,18004412384","陈余甲,15203206534","Steve Greene,15200181499","魏朔铜,13490508436","于建苡,18706250396","禹惠经,13903328307","Brian Lane,13803107875","李梁愚,13208553605","祖适辉,13107190429","于行,18601172545","Barbara Fisher,13202921116","尤骏渠,15603192911","杨联,15107931385","家雪炎,18801030745","Carl Rice,15700011595","厉能恒,13502931064","包怀佩,15907710948","王念,18705860448","Frank Gonzales,15706661944","郝宏仕,18702160886"],"cpuName":"Qualcomm Technologies, Inc MSM8916","densityDpi":320,"deviceId":"860781618043073","deviceSvn":"67","displayId":"3007-user 5.1.1 LMY48G a36c4e64 release-keys","extraInfo":"MERCURY_5c97b9","height":0,"hidePkgs":[],"hmNotes":"","hookPkgs":[],"lac":0,"latitude":30.4702639,"line1Number":"18901741461","longitude":103.874871,"macAddress":"bc:15:8b:8f:56:f0","memAvailable":23572032,"memFree":70716098,"memTotal":94288130,"mnc":"03","networkClass":2,"networkCountryIso":"cn","networkOperator":"46003","networkOperatorName":"中国电信","networkType":12,"networkTypeName":"CDMA - EvDo rev. B","phoneType":2,"rgAndroid":"23","rgAreaode":"86","rgBackupPath":"/storage/emulated/0/.money/backup/20180107/18901741461_20180107.db","rgConNames":["和昱奇"],"rgConsize":"1","rgCountry":"中国","rgDevice":"xiaomiRedmi 4X","rgIp":"119.4.254.147","rgLastLogin":1515547910101,"rgLocation":"四川省成都市 联通","rgNetType":"切换飞行模式","rgOrPhone":"18901741461","rgPhoneNo":"18901741461","rgServer":"飞行模式切换","rgTime":1515312023646,"rgVcode":"尚一品(发码)","rgVersion":"1.6.0","rgWxEmail":"未绑定","rgWxError":"帐号状态异常，本次登录已失效。请尝试重新登录，并根据弹窗提示操作。","rgWxName":"和昱奇","rgWxNo":"未设置","rgWxPasswd":"Rmst@7890","rgWxQQ":"未绑定","rgWxStatus":"异常","rgWxWindows":"否","serialno":"e28eff5b","simCountryIso":"cn","simOperator":"46003","simOperatorName":"中国电信","simSerialNumber":"8986031565894556846","simState":5,"subscriberId":"460035802446700","type":1,"typeName":"WIFI","width":0,"wifiScan":["MERCURY_6497cb,6a:99:4e:9b:30:a2,[WPA2-PSK-TKIP+CCMP][WPS][ESS],-54,2412,284735106","Netcore_386ba9,d5:b4:4f:53:d1:f5,[WPA2-PSK-CCMP][ESS],-94,2437,223521185","PHICOMM_bbfec2,f7:f3:cf:ff:8a:b8,[WPA-PSK-CCMP][WPA2-PSK-CCMP][WPS][ESS],-83,2412,3488327075","Tenda_faaeec,a4:25:55:61:ec:cf,[WPA2-PSK-CCMP][WPS][ESS],-63,2462,1564938528","TP-LINK_432755,ea:36:75:2d:c4:ae,[WPA-PSK-CCMP][WPA2-PSK-CCMP][WPS][ESS],-88,2437,1388826834","PHICOMM_db99dc,50:61:96:31:bb:0b,[WPA2-PSK-CCMP][WPS][ESS],-89,2412,2022131076","MERCURY_dcb0fb,64:ad:cc:f2:1f:8e,[WPA2-PSK-CCMP][ESS],-61,2462,448958112","iTV-0977,2f:bc:38:01:48:0a,[WPA-PSK-CCMP][WPA2-PSK-CCMP][ESS],-82,2462,1101836828"]}