{"BSSID":"b4:9e:51:27:2a:2d","IpAddress":"10.48.98.177","P2p0Mac":"4c:e0:9d:34:c7:a0","SSID":"TP-LINK_7bb9","androidId":"460d8c7f01b66224","batteryLevel":36,"btAddress":"42:de:be:d7:ed:5d","btName":"Redmi Note 4X","buildAbi":"armeabi-v7a","buildAbi2":"armeabi","buildBoard":"steelhead","buildBrand":"Xiaomi","buildCodename":"REL","buildDescription":"Redmi Note 4X-user 7.0.0 NRD90M 2c6e224e release-keys","buildDevice":"Redmi Note 4X","buildFingerprint":"Xiaomi/Redmi Note 4X/Redmi Note 4X:7.0.0/NRD90M/2c6e224e:user/release-keys","buildHardware":"qcom","buildHost":"mine","buildId":"NRD90M","buildIncremental":"2c6e224e","buildManufacturer":"Xiaomi","buildModel":"Redmi Note 4X","buildName":"Xiaomi","buildProduct":"Redmi Note 4X","buildRadioVersion":"dgangwiyvti","buildRelease":"7.0.0","buildSdk":"24","buildSerialno":"36f470d0","buildTags":"release-keys","buildType":"user","buildUser":"jenkins","buildUtc":1481282557181,"cellScan":["61701,168132163","61699,168151132","33288,97426048","33033,117703712","32835,22485"],"ci":168132163,"contacts":["奶奶,15008736448","姑妈,13407089089","外婆,15702013258","外公,13807651617","舅舅,13301464598","舅妈,15101133198","姨父,14701868189","姨娘,13605905038","亲爱的,13407157859","老弟,13703296672","老妹,15701656485","小明,13302454847","小李子,15106033468","潘启雍,13702104152","Emily Ramos,13708030946","公孙巍仁,13490864775","武珂新,15703913080","宣王影,13007406020","Henry Cook,18602288049","于梧露,13708867281","王水念,13402182286","李钰,15000930812","Hazel Payne,13404924291","祝贺翔,13404666953","王欣群,13490064631","郁仙俊,18706068988","Kimberly Rivera,15701207133","王卿朔,13300086807","靳玺秀,15008444896","牧意望,14703583579","Wesley Williams,15700677921","毕伟伊,13304497622","蒋巍,13490102549","裴如铁,18602714681","Jerry Murray,13202935315","杨涂盛,15205760166","杨镜吉,15602020389","汤梦玉,15704018489","Lori Fisher,14705944576","李麟,13105898225","吴延,13108497933"],"cpuName":"Qualcomm Technologies, Inc MSM8953","densityDpi":560,"deviceId":"866199979528091","deviceSvn":"44","displayId":"Redmi Note 4X-user 7.0.0 NRD90M 2c6e224e release-keys","extraInfo":"3gnet","height":0,"hidePkgs":[],"hmNotes":"","hookPkgs":[],"lac":61701,"latitude":30.7128119,"line1Number":"18917053447","longitude":104.1539965,"macAddress":"3b:7e:77:f9:5b:f9","memAvailable":935583290,"memFree":1871166582,"memTotal":2806749872,"mnc":"03","networkClass":2,"networkCountryIso":"cn","networkOperator":"46003","networkOperatorName":"中国电信","networkType":6,"networkTypeName":"CDMA - EvDo rev. A","phoneType":2,"rgAndroid":"23","rgAreaode":"86","rgBackupPath":"/storage/emulated/0/.money/backup/20180107/18917053447_20180107.db","rgConNames":[],"rgCountry":"中国","rgDevice":"xiaomiRedmi 4X","rgIp":"119.4.252.164","rgLastLogin":1515376400707,"rgLocation":"四川省成都市 联通","rgNetType":"切换飞行模式","rgOrPhone":"18917053447","rgPhoneNo":"18917053447","rgServer":"飞行模式切换","rgTime":1515308374291,"rgVcode":"尚一品(发码)","rgVersion":"1.6.0","rgWxError":"帐号状态异常，本次登录已失效。请尝试重新登录，并根据弹窗提示操作。","rgWxName":"谢元炬","rgWxPasswd":"Rmst@7890","rgWxStatus":"异常","rgWxWindows":"否","serialno":"36f470d0","simCountryIso":"cn","simOperator":"46003","simOperatorName":"中国电信","simSerialNumber":"8986033647893456410","simState":5,"subscriberId":"460035066236666","type":0,"typeName":"MOBILE","width":0,"wifiScan":["FAST_20f326,64:3a:b1:ef:cd:62,[WPA2-PSK-CCMP][ESS],-74,2412,335255339"]}