{"BSSID":"d4:ef:73:08:7d:b5","IpAddress":"10.73.17.195","P2p0Mac":"fb:17:0d:ee:7c:5b","SSID":"FAST_515538","androidId":"d5be216d20ec88d6","batteryLevel":49,"btAddress":"17:8c:69:26:4b:1b","btName":"MI 5","buildAbi":"armeabi-v7a","buildAbi2":"armeabi","buildBoard":"ventana","buildBrand":"Xiaomi","buildCodename":"REL","buildDescription":"gemini-user 6.0.1 MMB29T 8b22fc0c release-keys","buildDevice":"gemini","buildFingerprint":"Xiaomi/MI 5/gemini:6.0.1/MMB29T/8b22fc0c:user/release-keys","buildHardware":"qcom","buildHost":"huangshan","buildId":"MMB29T","buildIncremental":"8b22fc0c","buildManufacturer":"Xiaomi","buildModel":"MI 5","buildName":"Xiaomi","buildProduct":"gemini","buildRadioVersion":"poptecnhxpeedv","buildRelease":"6.0.1","buildSdk":"23","buildSerialno":"65a12c40","buildTags":"release-keys","buildType":"user","buildUser":"jenkins","buildUtc":1490852853315,"cellScan":["61726,169053737","61726,169766483","33045,117876512","32819,20116","32819,19600"],"ci":19600,"contacts":["奶奶,13905425072","姑妈,15702537038","外婆,15700146107","外公,13302201058","舅舅,15104947710","舅妈,13106693461","姨父,15607581546","姨娘,13001187210","亲爱的,13707835698","老弟,15706760844","老妹,13603026074","小明,18903317028","小李子,14701522361","张权谦,15908808085","Donald Torres,15201993946","苗奇界,18003291192","熊心雍,15608442290","熊瑞古,15505263648","Thelma Stone,13102348546","杨让弘,18702871419","李宣望,15007914277","夏铁梦,13800861967","Jesse Stevens,13805472666","张如,15901472258","戚羡晟,13001341160","杨璇,13300041309","Walter Flores,15303035263","明立启,18607704511","姚午同,13200288384","陈奎衔,15807383061","Edna Martin,15802643118","花明胜,15602245854","裘芹惠,13504925173","江思王,15302907981","Thelma Cruz,13490161874","陈灵水,13101620294","陈仁先,15507135625","邢桐保,14704654007","Geraldine Carpenter,14700531939","李永,15303995560","陈和联,18006012983","郭双随,18008706587","Helen Ferguson,13300313194","杨立杭,13490859444","石土仪,14701991422","吴土,18900848012","Jerome Murphy,18902351814","于银茂,15903242040"],"cpuName":"Qualcomm Technologies, Inc MSM8996","densityDpi":240,"deviceId":"860417120903732","deviceSvn":"19","displayId":"gemini-user 6.0.1 MMB29T 8b22fc0c release-keys","extraInfo":"3gnet","height":0,"hidePkgs":[],"hmNotes":"","hookPkgs":[],"lac":32819,"latitude":30.5396458,"line1Number":"18917061410","longitude":104.2030212,"macAddress":"4d:d7:07:30:0e:3d","memAvailable":458302339,"memFree":1374907019,"memTotal":1833209358,"mnc":"03","networkClass":3,"networkCountryIso":"cn","networkOperator":"46003","networkOperatorName":"中国电信","networkType":13,"networkTypeName":"LTE","phoneType":2,"rgAndroid":"23","rgAreaode":"86","rgBackupPath":"/storage/emulated/0/.money/backup/20180107/18917061410_20180107.db","rgConNames":[],"rgCountry":"中国","rgDevice":"xiaomiRedmi 4X","rgIp":"119.4.255.51","rgLastLogin":1515375120077,"rgLocation":"四川省成都市 联通","rgNetType":"切换飞行模式","rgOrPhone":"18917061410","rgPhoneNo":"18917061410","rgServer":"飞行模式切换","rgTime":1515304330152,"rgVcode":"尚一品(发码)","rgVersion":"1.6.0","rgWxError":"帐号状态异常，本次登录已失效。请尝试重新登录，并根据弹窗提示操作。","rgWxName":"刘璐谷","rgWxPasswd":"Rmst@7890","rgWxStatus":"异常","rgWxWindows":"否","serialno":"65a12c40","simCountryIso":"cn","simOperator":"46003","simOperatorName":"中国电信","simSerialNumber":"898530780793024601287","simState":5,"subscriberId":"460035052780367","type":0,"typeName":"MOBILE","width":0,"wifiScan":["Netcore_84866a,34:a8:4e:fd:c7:26,[WPA-PSK-CCMP][WPA2-PSK-CCMP][ESS],-57,2412,494395984","iTV-76aa,34:a8:4e:9b:e9:a6,[WPA2-PSK-CCMP][WPS][ESS],-84,2437,994130045","Tenda_42764a,0c:d9:96:da:cf:f6,[WPA2-PSK-CCMP][WPS][ESS],-53,2412,188615299","TP-LINK_104487,1c:e6:c7:4b:51:66,[WPA2-PSK-CCMP][WPS][ESS],-71,2462,1984931574","PHICOMM_ebb9fd,34:a8:4e:fc:8f:41,[WPA2-PSK-CCMP][ESS],-75,2437,2190436857"]}