{"BSSID":"62:7c:9f:91:0c:c8","IpAddress":"10.47.37.47","P2p0Mac":"29:90:2a:81:74:e1","SSID":"Netcore_10dc0e","androidId":"9b1a2653b6d65a1f","batteryLevel":75,"btAddress":"cc:1d:c0:b5:b9:5b","btName":"2014501","buildAbi":"armeabi-v7a","buildAbi2":"armeabi","buildBoard":"shamu","buildBrand":"Xiaomi","buildCodename":"REL","buildDescription":"HM2014501-user 5.1.1 LMY48G 0003e892 release-keys","buildDevice":"HM2014501","buildFingerprint":"Xiaomi/2014501/HM2014501:5.1.1/LMY48G/0003e892:user/release-keys","buildHardware":"qcom","buildHost":"qh-miui-ota-bd51","buildId":"LMY48G","buildIncremental":"0003e892","buildManufacturer":"Xiaomi","buildModel":"2014501","buildName":"Xiaomi","buildProduct":"HM2014501","buildRadioVersion":"bubvvrfitmgaupew","buildRelease":"5.1.1","buildSdk":"22","buildSerialno":"4fe70388","buildTags":"release-keys","buildType":"user","buildUser":"buildHost","buildUtc":1473695360658,"cellScan":[],"ci":0,"contacts":["奶奶,15904262967","姑妈,18905782246","外婆,13600512322","外公,18900736631","舅舅,18605422678","舅妈,15300378133","姨父,13504961615","姨娘,18905303598","亲爱的,18904104355","老弟,15502357514","老妹,13308531481","小明,18800112994","小李子,18606875537","诸葛楷郡,18907570238","Grace Scott,18007903245","魏宁勇,15505165764","宓亚让,18806134194","王国儒,18807236722","Albert Mitchell,15707367509","弓荃祥,13700512504","杨璞,18803964719","杨华,15303320463","Steve Hudson,18901657638","奚谷进,15503248050","宫秀麟,13900507423","宋贤景,13803631103","Allen Harris,13506943849","余裕保,13207302925","邱宽阔,18807885485","张镜魄,13300678081","Allen Wells,18001351835","蓝畏韶,13601355347","李逵,13006251825","经军镜,13490223272","Jessica Gonzales,15303435316","董瑜团,18803154750","夏献雅,13306472560","殷胜相,13307674524","Jessica Kelly,13303515858","王炬珊,13607836788","王梧,15607342234","杨余,13302124784","Mary Powell,13490775188","吴童,14703237355","陈岩,13204191060"],"cpuName":"MT6582","densityDpi":320,"deviceId":"864344765573974","deviceSvn":"36","displayId":"HM2014501-user 5.1.1 LMY48G 0003e892 release-keys","extraInfo":"ctnet","height":0,"hidePkgs":[],"hmNotes":"","hookPkgs":[],"lac":0,"latitude":30.5134375,"line1Number":"18917597947","longitude":104.0142656,"macAddress":"4d:99:d2:f6:b1:0a","memAvailable":611205211,"memFree":1222410424,"memTotal":1833615635,"mnc":"03","networkClass":1,"networkCountryIso":"cn","networkOperator":"46003","networkOperatorName":"中国电信","networkType":4,"networkTypeName":"CDMA","phoneType":2,"rgAndroid":"23","rgAreaode":"86","rgBackupPath":"/storage/emulated/0/.money/backup/20180107/18917597947_20180107.db","rgConNames":["吴佳"],"rgConsize":"1","rgCountry":"中国","rgDevice":"xiaomiRedmi 4X","rgIp":"119.4.255.76","rgLastLogin":1515547977727,"rgLocation":"四川省成都市 联通","rgNetType":"切换飞行模式","rgOrPhone":"18917597947","rgPhoneNo":"18917597947","rgServer":"飞行模式切换","rgTime":1515312623410,"rgVcode":"尚一品(发码)","rgVersion":"1.6.0","rgWxEmail":"未绑定","rgWxError":"帐号状态异常，本次登录已失效。请尝试重新登录，并根据弹窗提示操作。","rgWxName":"吴佳","rgWxNo":"未设置","rgWxPasswd":"Rmst@7890","rgWxQQ":"未绑定","rgWxStatus":"异常","rgWxWindows":"否","serialno":"4fe70388","simCountryIso":"cn","simOperator":"46003","simOperatorName":"中国电信","simSerialNumber":"8986111715825640910","simState":5,"subscriberId":"460037165196575","type":0,"typeName":"MOBILE","width":0,"wifiScan":["MERCURY_cfd315,11:07:2c:13:53:63,[WPA2-PSK-CCMP][WPS][ESS],-64,2472,3346129372","PHICOMM_b65484,3a:0b:52:28:e6:da,[WPA2-PSK-CCMP][WPS][ESS],-82,2417,1077031563","MERCURY_ecc5,58:74:6f:ac:11:46,[WPA-PSK-CCMP][WPA2-PSK-CCMP][WPS][ESS],-78,2462,2185635131","PHICOMM_aaeec0,72:d2:07:50:32:97,[WPA2-PSK-CCMP][WPS][ESS],-56,2462,216876019","Tenda_baecc0,44:2c:c9:e5:13:88,[WPA2-PSK-CCMP][ESS],-93,2412,193845749","TP-LINK_dd11ed,2f:27:75:b8:d5:08,[WPA2-PSK-CCMP][ESS],-87,2412,312612556","Netcore_d99ddb,7b:e9:0c:14:bc:49,[WPA2-PSK-CCMP][ESS],-88,2437,287726841"]}