{"BSSID":"61:3f:d4:89:86:ca","IpAddress":"192.168.86.223","P2p0Mac":"e8:d4:65:81:68:a1","SSID":"FAST_9dc00c","androidId":"cf2175b0ffde3e3d","batteryLevel":36,"btAddress":"3b:cf:39:68:36:e0","btName":"MI 2SC","buildAbi":"armeabi-v7a","buildAbi2":"armeabi","buildBoard":"herring","buildBrand":"Xiaomi","buildCodename":"REL","buildDescription":"MI 2SC-user 5.0 LRX21M e3aab0d4 release-keys","buildDevice":"MI 2SC","buildFingerprint":"Xiaomi/MI 2SC/MI 2SC:5.0/LRX21M/e3aab0d4:user/release-keys","buildHardware":"qcom","buildHost":"wcc-miui-ota-bd07.bj","buildId":"LRX21M","buildIncremental":"e3aab0d4","buildManufacturer":"Xiaomi","buildModel":"MI 2SC","buildName":"Xiaomi","buildProduct":"MI 2SC","buildRadioVersion":"zbobtrnep","buildRelease":"5.0","buildSdk":"21","buildSerialno":"6d2e1632","buildTags":"release-keys","buildType":"user","buildUser":"lgmobile","buildUtc":1494680543566,"cellScan":["33045,118460960","33061,13325","33061,48782","33061,97410180","33061,139993345"],"ci":118460960,"contacts":["奶奶,15201114895","姑妈,15702915996","外婆,15700807740","外公,15303721939","舅舅,15602602234","舅妈,13107012152","姨父,18805693199","姨娘,15605785462","亲爱的,15808031735","老弟,13406224643","老妹,15804341456","小明,15200766227","小李子,18708271774","李隆,15606124915","Willie Foster,15606011586","宣君恺,18901703954","吴铜,13806322366","李素,13002307626","Sandra Watson,15603736295","支腾设,13501217343","卡泉阔,15302135301","祖罗铁,15204173436","Cindy Brown,15904470895","柯屏会,18607892961","余怡羡,13701973893","王绵怡,14702924271","Stephen King,18703106612","邴静经,13104403520","吉君璐,18608014107","余嘉菁,13701376900","Paul Parker,13807175316","邹隆奇,18900076975","平诗启,15301042880","穆寅巍,15803508664","Joyce Gomez,15203966437","姚先靖,13800088250","杨仕寅,13106844632","袁木灵,13107616943","Gene Wright,15501642371","杨谦团,13105162590","华霖思,13708735942","吴相嘉,15702206219","Carolyn Wagner,18807826364","杨善,13705611205","沈明诗,13102093875","吴献时,13601761983","Grace Hamilton,13506660014","季儒举,15502380247"],"cpuName":"MI 2","densityDpi":240,"deviceId":"862382146048656","deviceSvn":"23","displayId":"MI 2SC-user 5.0 LRX21M e3aab0d4 release-keys","extraInfo":"FAST_9dc00c","height":0,"hidePkgs":[],"hmNotes":"","hookPkgs":[],"lac":33045,"latitude":30.6471884,"line1Number":"18916209459","longitude":104.2452368,"macAddress":"33:e9:2c:6f:05:38","memAvailable":701739642,"memFree":2105218928,"memTotal":2806958570,"mnc":"03","networkClass":3,"networkCountryIso":"cn","networkOperator":"46003","networkOperatorName":"中国电信","networkType":13,"networkTypeName":"LTE","phoneType":2,"rgAndroid":"23","rgAreaode":"86","rgBackupPath":"/storage/emulated/0/.money/backup/20180107/18916209459_20180107.db","rgConNames":["计曜夏"],"rgConsize":"1","rgCountry":"中国","rgDevice":"xiaomiRedmi 4X","rgIp":"119.4.255.190","rgLastLogin":1515547573051,"rgLocation":"四川省成都市 联通","rgNetType":"切换飞行模式","rgOrPhone":"18916209459","rgPhoneNo":"18916209459","rgServer":"飞行模式切换","rgTime":1515305578165,"rgVcode":"尚一品(发码)","rgVersion":"1.6.0","rgWxEmail":"未绑定","rgWxError":"帐号状态异常，本次登录已失效。请尝试重新登录，并根据弹窗提示操作。","rgWxName":"计曜夏","rgWxNo":"未设置","rgWxPasswd":"Rmst@7890","rgWxQQ":"未绑定","rgWxStatus":"异常","rgWxWindows":"否","serialno":"6d2e1632","simCountryIso":"cn","simOperator":"46003","simOperatorName":"中国电信","simSerialNumber":"8986062612757425581","simState":5,"subscriberId":"460035906144537","type":1,"typeName":"WIFI","width":0,"wifiScan":["FAST_9ccafe,d0:c7:c0:db:0e:d8,[WPA2-PSK-CCMP][ESS],-90,2462,2184727433","ChainaNet_ea9e,80:89:17:54:fb:c2,[WPA2-PSK-CCMP][WPS][ESS],-86,2412,192651858","TP-LINK_7b99dc,d4:ee:07:2b:85:a4,[WPA2-PSK-CCMP][WPS][ESS],-74,2437,2506131825","PHICOMM_104427,d4:ee:07:32:2f:b4,[WPA-PSK-CCMP][WPA2-PSK-CCMP][ESS],-76,2432,2221935439","FAST_fed200,a4:17:31:67:26:94,[WPA2-PSK-CCMP][WPS][ESS],-95,2462,197326678"]}