{"BSSID":"0a:4a:0a:59:f7:03","IpAddress":"10.34.43.200","P2p0Mac":"cb:ed:60:53:aa:d3","SSID":"iTV-aed1","androidId":"9dc878f0986a52ef","batteryLevel":77,"btAddress":"40:83:fa:9d:61:3d","btName":"LEX720","buildAbi":"armeabi-v7a","buildAbi2":"armeabi","buildBoard":"otterx","buildBrand":"LeEco","buildCodename":"REL","buildDescription":"LEX720-user 7.0.0 NRD90M 6fa48e22 release-keys","buildDevice":"LEX720","buildFingerprint":"LeEco/LEX720/LEX720:7.0.0/NRD90M/6fa48e22:user/release-keys","buildHardware":"qcom","buildHost":"LGEACI2R5","buildId":"NRD90M","buildIncremental":"6fa48e22","buildManufacturer":"LeEco","buildModel":"LEX720","buildName":"LeEco","buildProduct":"LEX720","buildRadioVersion":"ircbssyou","buildRelease":"7.0.0","buildSdk":"24","buildSerialno":"4924ab5c","buildTags":"release-keys","buildType":"user","buildUser":"builder","buildUtc":1470060696257,"cellScan":["33061,139796738","39938,163896881","33061,58301","33024,96658052","33061,139796737"],"ci":139796737,"contacts":["奶奶,15301201064","姑妈,18908727786","外婆,13608823176","外公,18604684034","舅舅,13900077475","舅妈,13208770155","姨父,18801964510","姨娘,15801963582","亲爱的,18800046237","老弟,15806755880","老妹,13702135356","小明,13605164895","小李子,15700350330","吴亚萱,15304810730","Mark Weaver,15308492501","李岩异,18603206545","李适航,15500057968","赵享,14706137538","David Hawkins,18806056856","费璐升,13106380739","吴悠行,13490704101","于筱,13106120450","Jacob Parker,15500623436","石仕霖,18001600801","李荃启,15907357835","李艺惠,13900027203","Shirley Nelson,13502791752","李异,15706838329","尉迟豪华,18706126473","平诗顺,18904522712","Cathy Nelson,13490455495","李瑟,15700639053","李绵,13707416131","杨时,14703353720","Jorge Thomas,18805298844","吉焱硕,13202485699","王权若,13202871570","蒋余,13608591355","Ricardo Lee,13606393612","杨佩,18607765896","陈佳冠,13004247369","陈镜,13900083595","Alexander Nelson,13700295695","方妙鹄,13902236218","于宣和,13206570737","杨国绵,15705824898","Gary Murray,14707091858","李力魁,15604175067","于律,13403030132","高善渠,15506334686","Pedro Gonzales,13202502797"],"cpuName":"Qualcomm Technologies, Inc MSM8996pro","densityDpi":320,"deviceId":"867418698680317","deviceSvn":"20","displayId":"LEX720-user 7.0.0 NRD90M 6fa48e22 release-keys","extraInfo":"cmwap","height":0,"hidePkgs":[],"hmNotes":"","hookPkgs":[],"lac":33061,"latitude":30.7605304,"line1Number":"18930954459","longitude":104.2533787,"macAddress":"3c:77:de:a8:a1:d0","memAvailable":1250140017,"memFree":2500280036,"memTotal":3750420053,"mnc":"03","networkClass":1,"networkCountryIso":"cn","networkOperator":"46003","networkOperatorName":"中国电信","networkType":4,"networkTypeName":"CDMA","phoneType":2,"rgAndroid":"23","rgAreaode":"86","rgBackupPath":"/storage/emulated/0/.money/backup/20180107/18930954459_20180107.db","rgConNames":[],"rgCountry":"中国","rgDevice":"xiaomiRedmi 4X","rgIp":"119.4.252.158","rgLastLogin":1515376732127,"rgLocation":"四川省成都市 联通","rgNetType":"切换飞行模式","rgOrPhone":"18930954459","rgPhoneNo":"18930954459","rgServer":"飞行模式切换","rgTime":1515312361219,"rgVcode":"尚一品(发码)","rgVersion":"1.6.0","rgWxError":"帐号状态异常，本次登录已失效。请尝试重新登录，并根据弹窗提示操作。","rgWxName":"时秀硕","rgWxPasswd":"Rmst@7890","rgWxStatus":"异常","rgWxWindows":"否","serialno":"4924ab5c","simCountryIso":"cn","simOperator":"46003","simOperatorName":"中国电信","simSerialNumber":"898530743186759622135","simState":5,"subscriberId":"460035589846245","type":0,"typeName":"MOBILE","width":0,"wifiScan":["MERCURY_8fc20d,64:88:ff:da:ba:36,[WPA-PSK-CCMP][WPA2-PSK-CCMP][WPS][ESS],-66,2412,1688733559","MERCURY_c0e322,34:bd:f9:a7:b9:84,[WPA2-PSK-CCMP][WPS][ESS],-90,2412,1264233508","iTV-9eca,6c:59:40:21:fc:32,[WPA-PSK-CCMP][WPA2-PSK-CCMP][ESS],-75,2412,210173991","Netcore_a76599,6c:e8:73:61:f6:18,[WPA-PSK-CCMP][WPA2-PSK-CCMP][WPS][ESS],-73,2462,2197928365","iTV-cafe,64:88:ff:db:00:56,[WPA2-PSK-CCMP][WPS][ESS],-82,2432,269523861"]}