{"BSSID":"34:c4:fb:92:9a:d7","IpAddress":"10.23.0.99","P2p0Mac":"7f:69:29:36:98:1f","SSID":"FAST_1e3795","androidId":"79b5e5b7b745a79b","batteryLevel":30,"btAddress":"e9:86:38:d6:0d:95","btName":"MIX 2","buildAbi":"armeabi-v7a","buildAbi2":"armeabi","buildBoard":"MAKO","buildBrand":"Xiaomi","buildCodename":"REL","buildDescription":"chiron-user 6.0.1 MMB29T 6f74661f release-keys","buildDevice":"chiron","buildFingerprint":"Xiaomi/MIX 2/chiron:6.0.1/MMB29T/6f74661f:user/release-keys","buildHardware":"qcom","buildHost":"SCL_XA241_102","buildId":"MMB29T","buildIncremental":"6f74661f","buildManufacturer":"Xiaomi","buildModel":"MIX 2","buildName":"Xiaomi","buildProduct":"chiron","buildRadioVersion":"hqeywtyfkxgqritn","buildRelease":"6.0.1","buildSdk":"23","buildSerialno":"54a4b6da","buildTags":"release-keys","buildType":"user","buildUser":"Server","buildUtc":1469923328136,"cellScan":["1822,10544","61726,168152382","61726,168635572","33296,9063","61709,169749935"],"ci":10544,"contacts":["奶奶,13003282775","姑妈,13701314684","外婆,13490730810","外公,15308543741","舅舅,15107177645","舅妈,18003414930","姨父,18808473802","姨娘,13508194078","亲爱的,18907748182","老弟,18601254733","老妹,13802897189","小明,15006094795","小李子,13904904717","颜仕鹄,18708570786","Edwin Wilson,14708197055","苗珊如,14702968668","杨宽,13306110410","柳瑟群,14700367444","Keith Lopez,18802455072","羊嘉涂,18807815636","滕荃培,15206865984","王铜,18808675120","Eleanor Collins,18702956581","卢新室,15903637518","常静默,14706276528","吴皓义,18706473330","Gary Hernandez,15706780186","王国实,13490725684","柏雍怀,13406361410","李雄,13906736468","Wayne Hill,13803630769","张超,13108853899","张良,13801170104","皮江雷,15306414129","Anita Crawford,15305353191","杨麟,13304344581","钱宏,15304951071","滕铜义,13900310674","Tommy Gibson,13907237144","柏镜璞,13708164583","葛界仁,13702638039","巫瑜乾,13304952297","Melvin Graham,18905190748","邴佩裕,18801286357","尹魁河,15303711632","房舒联,15303276028","Tina Dunn,13306712148"],"cpuName":"Qualcomm Technologies, Inc MSM8998","densityDpi":560,"deviceId":"862986568155524","deviceSvn":"54","displayId":"chiron-user 6.0.1 MMB29T 6f74661f release-keys","extraInfo":"3gnet","height":0,"hidePkgs":[],"hmNotes":"","hookPkgs":[],"lac":1822,"latitude":30.6354057,"line1Number":"18930412740","longitude":104.2135875,"macAddress":"59:32:25:6d:be:18","memAvailable":68156248,"memFree":136312498,"memTotal":204468746,"mnc":"03","networkClass":2,"networkCountryIso":"cn","networkOperator":"46003","networkOperatorName":"中国电信","networkType":5,"networkTypeName":"CDMA - EvDo rev. 0","phoneType":2,"rgAndroid":"23","rgAreaode":"86","rgBackupPath":"/storage/emulated/0/.money/backup/20180107/18930412740_20180107.db","rgConNames":["李毅宫"],"rgConsize":"1","rgCountry":"中国","rgDevice":"xiaomiRedmi 4X","rgIp":"119.4.254.129","rgLastLogin":1515547433964,"rgLocation":"四川省成都市 联通","rgNetType":"切换飞行模式","rgOrPhone":"18930412740","rgPhoneNo":"18930412740","rgServer":"飞行模式切换","rgTime":1515304665337,"rgVcode":"尚一品(发码)","rgVersion":"1.6.0","rgWxEmail":"未绑定","rgWxError":"帐号状态异常，本次登录已失效。请尝试重新登录，并根据弹窗提示操作。","rgWxName":"李毅宫","rgWxNo":"未设置","rgWxPasswd":"Rmst@7890","rgWxQQ":"未绑定","rgWxStatus":"异常","rgWxWindows":"否","serialno":"54a4b6da","simCountryIso":"cn","simOperator":"46003","simOperatorName":"中国电信","simSerialNumber":"898530236382652915804","simState":5,"subscriberId":"460039459253521","type":0,"typeName":"MOBILE","width":0,"wifiScan":["Netcore_7c20f1,80:89:17:6e:a9:e8,[WPA-PSK-CCMP][WPA2-PSK-CCMP][WPS][ESS],-90,2462,314227446","MERCURY_afeba9,ec:26:ca:d1:de:50,[WPA-PSK-CCMP][WPA2-PSK-CCMP][ESS],-88,2462,213042194","TP-LINK_db87,bc:d1:77:6d:23:8e,[WPA-PSK-CCMP][WPA2-PSK-CCMP][WPS][ESS],-93,2412,3690931214","TP-LINK_db97cb,ec:38:8f:bb:c1:18,[WPA-PSK-CCMP][WPA2-PSK-CCMP][ESS],-86,2437,449093483","MERCURY_543766,e4:d3:32:a3:82:2c,[WPA-PSK-CCMP][WPA2-PSK-CCMP][WPS][ESS],-89,2442,3726029026"]}