{"BSSID":"c4:b5:96:d9:9c:6a","IpAddress":"192.168.78.60","P2p0Mac":"3d:a8:07:fc:a8:5a","SSID":"ChainaNet_2720","androidId":"69fec21d735d380b","batteryLevel":86,"btAddress":"c1:09:46:c3:7d:7c","btName":"HUAWEI GRA-CL10","buildAbi":"armeabi-v7a","buildAbi2":"armeabi","buildBoard":"roth","buildBrand":"HUAWEI","buildCodename":"REL","buildDescription":"GRA-CL10-user 5.1.1 LMY48G 518e9dc3 release-keys","buildDevice":"HWGRA","buildFingerprint":"HUAWEI/HUAWEI GRA-CL10/HWGRA:5.1.1/LMY48G/518e9dc3:user/release-keys","buildHardware":"qcom","buildHost":"qh-miui-ota-bd51","buildId":"LMY48G","buildIncremental":"518e9dc3","buildManufacturer":"HUAWEI","buildModel":"HUAWEI GRA-CL10","buildName":"HUAWEI","buildProduct":"GRA-CL10","buildRadioVersion":"fgdsucearokxy","buildRelease":"5.1.1","buildSdk":"22","buildSerialno":"65c950db","buildTags":"release-keys","buildType":"user","buildUser":"android","buildUtc":1486071047778,"cellScan":["33034,41055","32808,98187649","32808,64052","33039,118652703","32808,1543"],"ci":41055,"contacts":["奶奶,13708791374","姑妈,15000911672","外婆,18900300444","外公,18602320858","舅舅,13490624444","舅妈,13706499032","姨父,18607117495","姨娘,15005168499","亲爱的,18008550276","老弟,18808132006","老妹,15608020972","小明,15000662905","小李子,13208368884","阮联璐,15202576599","Alfred Wood,15803805697","张易全,13002902171","奚联璇,13804220251","贲阳巍,13606475059","Jeanette Riley,13606492056","李陵岩,15003277519","李龙,13803426602","樊佳怡,15703127409","Beatrice Stephens,14703493945","王宏涂,14705590585","余信玉,15504460955","李昆,18604227684","Aaron Hill,13002626291","杨闻绣,14705836253","吴泰烈,15907391641","尹时甲,13106425652","Samuel Crawford,18607472185","于念,15701983703","王明,13402726452","松郁津,15302541228","Juan Alexander,18005805905","于学,13503353136","李衔焱,13500334352","吴瑜,13490688573","Jeanette Edwards,15306985757","吴升绵,13201801168","厉锦乐,18704828967","王伟,15907167840","Jennifer Ramirez,15108412752","余烈,15508243880","林伊硕,15103502037","杨立,15805185424","Evelyn Clark,15107841698"],"cpuName":"Kirin935","densityDpi":560,"deviceId":"861975438625668","deviceSvn":"19","displayId":"GRA-CL10-user 5.1.1 LMY48G 518e9dc3 release-keys","extraInfo":"ChainaNet_2720","height":0,"hidePkgs":[],"hmNotes":"","hookPkgs":[],"lac":33034,"latitude":30.8674579,"line1Number":"18930080430","longitude":104.0954538,"macAddress":"d2:8b:bf:54:c2:95","memAvailable":1250153831,"memFree":2500307662,"memTotal":3750461493,"mnc":"03","networkClass":3,"networkCountryIso":"cn","networkOperator":"46003","networkOperatorName":"中国电信","networkType":13,"networkTypeName":"LTE","phoneType":2,"rgAndroid":"23","rgAreaode":"86","rgBackupPath":"/storage/emulated/0/.money/backup/20180107/18930080430_20180107.db","rgConNames":["杨宏虹"],"rgConsize":"1","rgCountry":"中国","rgDevice":"xiaomiRedmi 4X","rgIp":"101.206.166.193","rgLastLogin":1515547638937,"rgLocation":"四川省 联通","rgNetType":"切换飞行模式","rgOrPhone":"18930080430","rgPhoneNo":"18930080430","rgServer":"飞行模式切换","rgTime":1515306261586,"rgVcode":"尚一品(发码)","rgVersion":"1.6.0","rgWxEmail":"未绑定","rgWxError":"帐号状态异常，本次登录已失效。请尝试重新登录，并根据弹窗提示操作。","rgWxName":"杨宏虹","rgWxNo":"未设置","rgWxPasswd":"Rmst@7890","rgWxQQ":"未绑定","rgWxStatus":"异常","rgWxWindows":"否","serialno":"65c950db","simCountryIso":"cn","simOperator":"46003","simOperatorName":"中国电信","simSerialNumber":"898530783125829401081","simState":5,"subscriberId":"460039406751307","type":1,"typeName":"WIFI","width":0,"wifiScan":["PHICOMM_964a9d,bc:d1:77:e7:c6:32,[WPA2-PSK-CCMP][WPS][ESS],-79,2437,1516334425","FAST_a99dd9,14:75:90:7b:d6:7c,[WPA-PSK-CCMP][WPA2-PSK-CCMP][WPS][ESS],-75,2437,278856290","Netcore_6aa665,bc:d1:77:78:fa:72,[WPA2-PSK-CCMP][WPS][ESS],-93,2412,3524329005","TP-LINK_ed214f,ec:88:8f:6b:05:20,[WPA-PSK-CCMP][WPA2-PSK-CCMP][WPS][ESS],-95,2462,1114236273","PHICOMM_10f427,c0:61:18:99:67:04,[WPA2-PSK-CCMP][WPS][ESS],-90,2427,552329847"]}