{"BSSID":"ad:f7:6f:2a:a9:8d","IpAddress":"10.25.87.167","P2p0Mac":"f5:ee:c4:6f:4c:e0","SSID":"TP-LINK_e21549","androidId":"2dd11e2e86e210b7","batteryLevel":79,"btAddress":"4b:ad:f7:51:ee:b7","btName":"OPPO A33m","buildAbi":"armeabi-v7a","buildAbi2":"armeabi","buildBoard":"acclaim","buildBrand":"OPPO","buildCodename":"REL","buildDescription":"A33-user 7.1.2 NMF26Q 120b9f31 release-keys","buildDevice":"A33","buildFingerprint":"OPPO/OPPO A33m/A33:7.1.2/NMF26Q/120b9f31:user/release-keys","buildHardware":"qcom","buildHost":"SEP-68","buildId":"NMF26Q","buildIncremental":"120b9f31","buildManufacturer":"OPPO","buildModel":"OPPO A33m","buildName":"OPPO","buildProduct":"A33","buildRadioVersion":"oauubaaskc","buildRelease":"7.1.2","buildSdk":"25","buildSerialno":"dc92e75f","buildTags":"release-keys","buildType":"user","buildUser":"android","buildUtc":1505956307777,"cellScan":["33282,26566","33280,53591","33282,26565","33282,136856582","33282,136856580"],"ci":26566,"contacts":["奶奶,15601144307","姑妈,18803084880","外婆,15601026641","外公,18801850294","舅舅,13706604464","舅妈,15600738040","姨父,18901377945","姨娘,13407714566","亲爱的,18908402417","老弟,15205198593","老妹,18900634053","小明,13706305741","小李子,18803952313","席梧逸,18906781766","Albert Perry,18905266512","张钰,15708470037","李慎,15008098441","曹锐贵,15508012031","Pedro Wood,18605695735","羊驹羡,15902249002","陈璞佑,13801076034","吴铁,15701832371","Sara Matthews,14704404513","李吉,13806872079","郎荃保,13490018494","于行,13607916169","Rhonda Andrews,13903805441","颜渠璎,14703555147","章善雍,15201438578","谈湘梁,15305246718","Christopher Roberts,18004018641","陈京意,15206002859","詹珀延,13901390887","伍翔仁,15903551311","Benjamin Hall,15107787939","贺阳雨,15304973580","胡奇如,13002367154","李西菁,15605910465","Jennifer Chavez,15504483900","嵇闻伊,15502913792","严畏瑜,13600182618","杨若悠,15604872188","Crystal Simmons,15504676045","乐土西,18901953313","粱广硕,13702242929","李念意,18905861885","Ryan Fisher,13490182176","王学寅,13800951709"],"cpuName":"Qualcomm Technologies, Inc MSM8916","densityDpi":320,"deviceId":"862890799540852","deviceSvn":"21","displayId":"A33-user 7.1.2 NMF26Q 120b9f31 release-keys","extraInfo":"3gnet","height":0,"hidePkgs":[],"hmNotes":"","hookPkgs":[],"lac":33282,"latitude":30.4326181,"line1Number":"18930794470","longitude":103.7853785,"macAddress":"4c:d0:20:e9:9d:a3","memAvailable":935527032,"memFree":1871054064,"memTotal":2806581096,"mnc":"03","networkClass":2,"networkCountryIso":"cn","networkOperator":"46003","networkOperatorName":"中国电信","networkType":5,"networkTypeName":"CDMA - EvDo rev. 0","phoneType":2,"rgAndroid":"23","rgAreaode":"86","rgBackupPath":"/storage/emulated/0/.money/backup/20180107/18930794470_20180107.db","rgConNames":["王行骏"],"rgConsize":"1","rgCountry":"中国","rgDevice":"xiaomiRedmi 4X","rgIp":"119.4.254.199","rgLastLogin":1515547503254,"rgLocation":"四川省成都市 联通","rgNetType":"切换飞行模式","rgOrPhone":"18930794470","rgPhoneNo":"18930794470","rgServer":"飞行模式切换","rgTime":1515305255065,"rgVcode":"尚一品(发码)","rgVersion":"1.6.0","rgWxEmail":"未绑定","rgWxError":"帐号状态异常，本次登录已失效。请尝试重新登录，并根据弹窗提示操作。","rgWxName":"王行骏","rgWxNo":"未设置","rgWxPasswd":"Rmst@7890","rgWxQQ":"未绑定","rgWxStatus":"异常","rgWxWindows":"否","serialno":"dc92e75f","simCountryIso":"cn","simOperator":"46003","simOperatorName":"中国电信","simSerialNumber":"8986112514264834746","simState":5,"subscriberId":"460036680619678","type":0,"typeName":"MOBILE","width":0,"wifiScan":["TP-LINK_ced3,24:05:0f:4e:31:70,[WPA-PSK-CCMP][WPA2-PSK-CCMP][ESS],-78,2472,2157732460","Netcore_ed88db,78:d3:8d:04:29:2e,[WPA-PSK-CCMP][WPA2-PSK-CCMP][ESS],-86,2472,1914635830","PHICOMM_265974,64:d9:54:a5:62:74,[WPA-PSK-CCMP][WPA2-PSK-CCMP][WPS][ESS],-95,2427,283172087","FAST_6397,64:5d:92:9d:ff:69,[WPA-PSK-CCMP][WPA2-PSK-CCMP][ESS],-75,2437,452994222","Tenda_531f22,00:87:36:19:59:76,[WPA-PSK-CCMP][WPA2-PSK-CCMP][ESS],-64,2447,408670723"]}