{"BSSID":"fd:ba:cf:dc:c3:96","IpAddress":"10.73.7.70","P2p0Mac":"c4:97:ef:6b:a8:88","SSID":"ChainaNet_db86","androidId":"6903ef007388985e","batteryLevel":64,"btAddress":"39:57:a5:54:33:e9","btName":"vivo X6D","buildAbi":"armeabi-v7a","buildAbi2":"armeabi","buildBoard":"deb","buildBrand":"vivo","buildCodename":"REL","buildDescription":"PD1415D-user 5.1.1 LMY48G 04faf457 release-keys","buildDevice":"PD1415D","buildFingerprint":"vivo/vivo X6D/PD1415D:5.1.1/LMY48G/04faf457:user/release-keys","buildHardware":"qcom","buildHost":"mz-buider-4","buildId":"LMY48G","buildIncremental":"04faf457","buildManufacturer":"vivo","buildModel":"vivo X6D","buildName":"vivo","buildProduct":"PD1415D","buildRadioVersion":"npvwripfxbss","buildRelease":"5.1.1","buildSdk":"22","buildSerialno":"8cdafa98","buildTags":"release-keys","buildType":"user","buildUser":"jenkins","buildUtc":1494341761081,"cellScan":["61713,4935","33296,8252","61713,17953","39692,163319089","61700,169788381"],"ci":17953,"contacts":["奶奶,13490619819","姑妈,13603708282","外婆,18708806302","外公,13605305085","舅舅,13404365729","舅妈,13306740173","姨父,18600547685","姨娘,15801743594","亲爱的,15201648581","老弟,13505681916","老妹,13704117573","小明,15603160680","小李子,18707987190","嵇弘楷,18908794791","Sean Franklin,18005728020","郭顺萱,13105106202","杨梦银,13601618618","杨兴,13907291788","Lisa Holmes,13604176907","舒文嵬,13107100711","李双颖,13490308316","范元会,15507524968","Alan Crawford,15501415563","吴罗,18906812176","仰图灵,13801157086","华思律,18003466824","Bradley Boyd,18007675926","周时茂,15800742627","张明昱,15201011556","李腾,14700348493","James Lawrence,18804306132","尹会锐,15806681367","吴雨望,13703978162","纪荣世,15808746574","Lauren Olson,15805076255","暴伟泉,13000082222","窦星献,13506865317","谈誓吉,13603711902","Judy Stephens,13902552331","段吉奇,13504503873","吴梧,13900555451","王举瑕,13807277333","Sylvia Nelson,13901554090","王广,18807449037","刁罗若,15808733077","杨石,13106522959","Tom Holmes,13204456495","虞静骏,13706052711","于玺倩,15903500699"],"cpuName":"MT6752","densityDpi":320,"deviceId":"860088995152547","deviceSvn":"36","displayId":"PD1415D-user 5.1.1 LMY48G 04faf457 release-keys","extraInfo":"cmwap","height":0,"hidePkgs":[],"hmNotes":"","hookPkgs":[],"lac":61713,"latitude":30.7718729,"line1Number":"18930782146","longitude":104.1570108,"macAddress":"f3:b2:a0:27:f2:44","memAvailable":24140983,"memFree":72422951,"memTotal":96563934,"mnc":"03","networkClass":2,"networkCountryIso":"cn","networkOperator":"46003","networkOperatorName":"中国电信","networkType":12,"networkTypeName":"CDMA - EvDo rev. B","phoneType":2,"rgAndroid":"23","rgAreaode":"86","rgBackupPath":"/storage/emulated/0/.money/backup/20180107/18930782146_20180107.db","rgConNames":[],"rgCountry":"中国","rgDevice":"xiaomiRedmi 4X","rgIp":"119.4.253.19","rgLastLogin":1515376332107,"rgLocation":"四川省成都市 联通","rgNetType":"切换飞行模式","rgOrPhone":"18930782146","rgPhoneNo":"18930782146","rgServer":"飞行模式切换","rgTime":1515308172650,"rgVcode":"尚一品(发码)","rgVersion":"1.6.0","rgWxError":"帐号状态异常，本次登录已失效。请尝试重新登录，并根据弹窗提示操作。","rgWxName":"柯生泰","rgWxPasswd":"Rmst@7890","rgWxStatus":"异常","rgWxWindows":"否","serialno":"8cdafa98","simCountryIso":"cn","simOperator":"46003","simOperatorName":"中国电信","simSerialNumber":"898530261370349035232","simState":5,"subscriberId":"460035346287866","type":0,"typeName":"MOBILE","width":0,"wifiScan":["Tenda_b0430f,44:97:5a:d7:c7:1a,[WPA-PSK-CCMP][WPA2-PSK-CCMP][ESS],-95,2412,2779036029","Netcore_0eeec1,bc:46:99:10:5a:6a,[WPA-PSK-CCMP][WPA2-PSK-CCMP][WPS][ESS],-87,2462,836627152","MERCURY_5537,a8:57:4e:8b:86:a6,[WPA-PSK-CCMP][WPA2-PSK-CCMP][WPS][ESS],-93,2427,935838291","Netcore_fd3115,30:fc:68:12:93:08,[WPA-PSK-CCMP][WPA2-PSK-CCMP][ESS],-91,2447,446621165","MERCURY_20dc10,d8:15:0d:68:ad:a0,[WPA-PSK-CCMP][WPA2-PSK-CCMP][WPS][ESS],-82,2462,210616978"]}