{"BSSID":"08:f9:6d:0a:31:c6","IpAddress":"10.38.88.191","P2p0Mac":"5c:e6:18:33:6a:96","SSID":"FAST_38eb8b","androidId":"aef579d73b03a4da","batteryLevel":89,"btAddress":"bd:b8:88:17:7d:93","btName":"Y17","buildAbi":"armeabi-v7a","buildAbi2":"armeabi","buildBoard":"smdk4x12","buildBrand":"vivo","buildCodename":"REL","buildDescription":"Y17-user 7.0.0 NRD90M 0e49a8dd release-keys","buildDevice":"Y17","buildFingerprint":"vivo/Y17/Y17:7.0.0/NRD90M/0e49a8dd:user/release-keys","buildHardware":"qcom","buildHost":"sp-ci-01-desktop","buildId":"NRD90M","buildIncremental":"0e49a8dd","buildManufacturer":"vivo","buildModel":"Y17","buildName":"vivo","buildProduct":"Y17","buildRadioVersion":"rlmhaurgcivgsbf","buildRelease":"7.0.0","buildSdk":"24","buildSerialno":"90c55524","buildTags":"release-keys","buildType":"user","buildUser":"MarkBuild","buildUtc":1512964614215,"cellScan":["33061,96609413","39938,163986227","61731,170088225","33034,49524","33061,139695873"],"ci":49524,"contacts":["奶奶,13107160421","姑妈,18703502181","外婆,15907081634","外公,13601956098","舅舅,13007170356","舅妈,15307574427","姨父,15706718141","姨娘,13602296039","亲爱的,13106594888","老弟,13902862683","老妹,13303587490","小明,15803675854","小李子,13900448810","李羡,15105584409","Fred Mitchell,15905730464","潘雨卿,13207501097","麻余年,15108311780","詹礼亚,13002365910","Barry Allen,13004686579","秋况康,13607110739","程宣逵,15108310346","吴霖三,18004764634","Regina Dixon,13490860868","王学念,18802125090","段鹏津,13407511835","吴仁倩,15504252859","Miguel Moore,15607890899","王锐,18806602105","石珀露,13100032172","柏密声,18608585130","Melanie Murray,18606236988","邹曜阳,18606062914","廉演炫,15500884692","费霖仕,15703554358","Alvin Phillips,14707010205","俞银盛,13303286696","王遇彤,13806308495","雷译介,13801858069","Dawn Hunt,13608804842","吴珊珂,13004097893","费声守,13402808538","吴香恒,15201547932","John Henry,15905030269","王浩任,13490037293","李彤,15302324163"],"cpuName":"MT6582","densityDpi":560,"deviceId":"864099654458105","deviceSvn":"45","displayId":"Y17-user 7.0.0 NRD90M 0e49a8dd release-keys","extraInfo":"uninet","height":0,"hidePkgs":[],"hmNotes":"","hookPkgs":[],"lac":33034,"latitude":30.7258854,"line1Number":"18964627449","longitude":104.363445,"macAddress":"bd:06:bb:ce:9f:b3","memAvailable":68200653,"memFree":136401308,"memTotal":204601961,"mnc":"03","networkClass":2,"networkCountryIso":"cn","networkOperator":"46003","networkOperatorName":"中国电信","networkType":6,"networkTypeName":"CDMA - EvDo rev. A","phoneType":2,"rgAndroid":"23","rgAreaode":"86","rgBackupPath":"/storage/emulated/0/.money/backup/20180107/18964627449_20180107.db","rgConNames":["韩伟"],"rgConsize":"1","rgCountry":"中国","rgDevice":"xiaomiRedmi 4X","rgIp":"119.4.254.64","rgLastLogin":1515547843186,"rgLocation":"四川省成都市 联通","rgNetType":"切换飞行模式","rgOrPhone":"18964627449","rgPhoneNo":"18964627449","rgServer":"飞行模式切换","rgTime":1515307686702,"rgVcode":"尚一品(发码)","rgVersion":"1.6.0","rgWxEmail":"未绑定","rgWxError":"帐号状态异常，本次登录已失效。请尝试重新登录，并根据弹窗提示操作。","rgWxName":"韩伟","rgWxNo":"未设置","rgWxPasswd":"Rmst@7890","rgWxQQ":"未绑定","rgWxStatus":"异常","rgWxWindows":"否","serialno":"90c55524","simCountryIso":"cn","simOperator":"46003","simOperatorName":"中国电信","simSerialNumber":"8986032176694167104","simState":5,"subscriberId":"460034020730554","type":0,"typeName":"MOBILE","width":0,"wifiScan":["PHICOMM_957a69,fc:d7:33:cf:52:24,[WPA-PSK-CCMP][WPA2-PSK-CCMP][WPS][ESS],-85,2437,212660151","Netcore_6dcfba,70:77:81:20:36:d1,[WPA2-PSK-CCMP][WPS][ESS],-52,2412,529195164","PHICOMM_0d21ac,1c:60:de:08:b2:08,[WPA2-PSK-CCMP][ESS],-79,2442,332436412","MERCURY_1dfe21,6c:59:40:8a:bc:72,[WPA-PSK-CCMP][WPA2-PSK-CCMP][ESS],-73,2462,2514628224","Tenda_6516f4,d4:76:ea:5d:dd:91,[WPA2-PSK-CCMP][WPS][ESS],-66,2412,369082617"]}