{"BSSID":"37:64:2a:9c:12:2d","IpAddress":"10.75.40.16","P2p0Mac":"41:04:e5:dd:a5:6d","SSID":"Netcore_a5598d","androidId":"bd38c5ad8d914cff","batteryLevel":45,"btAddress":"d2:e6:39:18:b5:5a","btName":"GN5001S","buildAbi":"armeabi-v7a","buildAbi2":"armeabi","buildBoard":"MSM8952","buildBrand":"GiONEE","buildCodename":"REL","buildDescription":"GN5001S-user 7.1.2 NMF26Q e97ba5d1 release-keys","buildDevice":"GN5001S","buildFingerprint":"GiONEE/GN5001S/GN5001S:7.1.2/NMF26Q/e97ba5d1:user/release-keys","buildHardware":"qcom","buildHost":"huawei-desktop","buildId":"NMF26Q","buildIncremental":"e97ba5d1","buildManufacturer":"GiONEE","buildModel":"GN5001S","buildName":"GiONEE","buildProduct":"GN5001S","buildRadioVersion":"hobkgsapfrdqjxyl","buildRelease":"7.1.2","buildSdk":"25","buildSerialno":"a19cd29a","buildTags":"release-keys","buildType":"user","buildUser":"Server","buildUtc":1496653342634,"cellScan":["61715,169514348","61722,15862","61715,169524810","61715,169514351","61715,169491948"],"ci":169524810,"contacts":["奶奶,14700382335","姑妈,13006427204","外婆,15507184731","外公,18806312571","舅舅,13490874461","舅妈,13206220241","姨父,18800501885","姨娘,14704415745","亲爱的,13506636825","老弟,15103232617","老妹,18704046309","小明,13408035651","小李子,14704973281","王勋世,18807748634","Lisa Hicks,18704240110","王同岁,18606407110","马享仕,18802035787","杨卿,13806727088","Debra Wilson,13508350795","纪香室,15600830517","李雅烈,14703511356","李力,13207958911","Jason Daniels,18605383769","糜行浩,18904584304","戎利添,18000812512","于和奎,18907644903","Kathleen Gomez,13306572252","王军,13402414014","吴幸巍,14707520264","李宁如,15502382702","Rhonda Wright,15502681422","杨权京,13490435547","余求旭,18004404779","陈珀,13605451807","Danny Clark,13902614471","于土然,15702815232","杨秋奇,15602528360","嵇保璐,15304774987","Stephanie Payne,13490157182","房齐翔,18705406545"],"cpuName":"MT6735","densityDpi":480,"deviceId":"861167946767980","deviceSvn":"34","displayId":"GN5001S-user 7.1.2 NMF26Q e97ba5d1 release-keys","extraInfo":"3gnet","height":0,"hidePkgs":[],"hmNotes":"","hookPkgs":[],"lac":61715,"latitude":30.5643024,"line1Number":"18964801490","longitude":103.9494492,"macAddress":"c4:42:1e:10:71:86","memAvailable":129035554,"memFree":387106665,"memTotal":516142219,"mnc":"03","networkClass":3,"networkCountryIso":"cn","networkOperator":"46003","networkOperatorName":"中国电信","networkType":13,"networkTypeName":"LTE","phoneType":2,"rgAndroid":"23","rgAreaode":"86","rgBackupPath":"/storage/emulated/0/.money/backup/20180107/18964801490_20180107.db","rgConNames":[],"rgCountry":"中国","rgDevice":"xiaomiRedmi 4X","rgIp":"119.4.253.248","rgLastLogin":1515374920002,"rgLocation":"四川省成都市 联通","rgNetType":"切换飞行模式","rgOrPhone":"18964801490","rgPhoneNo":"18964801490","rgServer":"飞行模式切换","rgTime":1515303593577,"rgVcode":"尚一品(发码)","rgVersion":"1.6.0","rgWxError":"帐号状态异常，本次登录已失效。请尝试重新登录，并根据弹窗提示操作。","rgWxName":"路皓秀","rgWxPasswd":"Rmst@7890","rgWxStatus":"异常","rgWxWindows":"否","serialno":"a19cd29a","simCountryIso":"cn","simOperator":"46003","simOperatorName":"中国电信","simSerialNumber":"898530747576805856108","simState":5,"subscriberId":"460031156360475","type":0,"typeName":"MOBILE","width":0,"wifiScan":["TP-LINK_86aa,1c:67:58:2c:d9:ff,[WPA-PSK-CCMP][WPA2-PSK-CCMP][WPS][ESS],-76,2472,390782843","Netcore_75a88c,c8:d3:a3:18:9c:56,[WPA2-PSK-CCMP][WPS][ESS],-75,2437,2954335892","TP-LINK_dc00db,e4:d3:32:d7:0c:20,[WPA-PSK-CCMP][WPA2-PSK-CCMP][ESS],-90,2412,2587534571","Netcore_98ccaf,80:48:a5:74:0b:da,[WPA-PSK-CCMP][WPA2-PSK-CCMP][WPS][ESS],-72,2437,330307718"]}