{"BSSID":"c7:d8:19:20:9c:3b","IpAddress":"192.168.10.137","P2p0Mac":"3d:19:f2:23:13:3d","SSID":"TP-LINK_305310","androidId":"9f780244f04578fd","batteryLevel":31,"btAddress":"9d:f4:90:8a:eb:b6","btName":"Redmi 4","buildAbi":"armeabi-v7a","buildAbi2":"armeabi","buildBoard":"s5pc110","buildBrand":"Xiaomi","buildCodename":"REL","buildDescription":"Redmi 4-user 5.0 LRX21M 60955576 release-keys","buildDevice":"Redmi 4","buildFingerprint":"Xiaomi/Redmi 4/Redmi 4:5.0/LRX21M/60955576:user/release-keys","buildHardware":"qcom","buildHost":"bs213","buildId":"LRX21M","buildIncremental":"60955576","buildManufacturer":"Xiaomi","buildModel":"Redmi 4","buildName":"Xiaomi","buildProduct":"Redmi 4","buildRadioVersion":"upiivvlnecqwyplof","buildRelease":"5.0","buildSdk":"21","buildSerialno":"d7537a35","buildTags":"release-keys","buildType":"user","buildUser":"android","buildUtc":1458555890986,"cellScan":["32819,22311","1822,28244","61726,11122","61726,32295","32813,97409925"],"ci":22311,"contacts":["奶奶,13302086960","姑妈,15908318941","外婆,18802006628","外公,13602098144","舅舅,18805643289","舅妈,18707854740","姨父,18005632873","姨娘,13806076753","亲爱的,13503076683","老弟,15005167160","老妹,13706155988","小明,13701178067","小李子,13803284036","杨信,18000950619","Jose Willis,18008225899","王翼,14704095894","杨华筱,13008468362","于菁浩,13904213734","Matthew Mason,13603305337","林吾石,18704925232","嵇岁业,18804786071","余异,15602168718","Harold Brown,13208215168","徐念古,13490469851","吴顺虎,15703331753","袁寿然,15703137785","Tim Lee,14700713234","贝为帅,13706114990","王薇帅,15806616340","杨吾宽,15700258726","Kathryn Black,18808820865","于业举,14708336201","尤峻洋,15006968150","李罗阁,15101014730","Jesus Baker,15201012578","李勇玺,15501658484","巴阳岁,13605740068","项雅诗,15100552168","Antonio Cruz,15008480608","李克,13004928358","傅良业,15605983492"],"cpuName":"Qualcomm Technologies, Inc MSM8953","densityDpi":480,"deviceId":"860061118276626","deviceSvn":"71","displayId":"Redmi 4-user 5.0 LRX21M 60955576 release-keys","extraInfo":"TP-LINK_305310","height":0,"hidePkgs":[],"hmNotes":"","hookPkgs":[],"lac":32819,"latitude":30.4972308,"line1Number":"18964633487","longitude":104.2151016,"macAddress":"b5:f4:27:22:4c:91","memAvailable":937494331,"memFree":2812482993,"memTotal":3749977324,"mnc":"03","networkClass":2,"networkCountryIso":"cn","networkOperator":"46003","networkOperatorName":"中国电信","networkType":5,"networkTypeName":"CDMA - EvDo rev. 0","phoneType":2,"rgAndroid":"23","rgAreaode":"86","rgBackupPath":"/storage/emulated/0/.money/backup/20180107/18964633487_20180107.db","rgConNames":["裴泰灵"],"rgConsize":"1","rgCountry":"中国","rgDevice":"xiaomiRedmi 4X","rgIp":"119.4.255.98","rgLastLogin":1515547364878,"rgLocation":"四川省成都市 联通","rgNetType":"切换飞行模式","rgOrPhone":"18964633487","rgPhoneNo":"18964633487","rgServer":"飞行模式切换","rgTime":1515304009649,"rgVcode":"尚一品(发码)","rgVersion":"1.6.0","rgWxEmail":"未绑定","rgWxError":"帐号状态异常，本次登录已失效。请尝试重新登录，并根据弹窗提示操作。","rgWxName":"裴泰灵","rgWxNo":"未设置","rgWxPasswd":"Rmst@7890","rgWxQQ":"未绑定","rgWxStatus":"异常","rgWxWindows":"否","serialno":"d7537a35","simCountryIso":"cn","simOperator":"46003","simOperatorName":"中国电信","simSerialNumber":"898530738363304033797","simState":5,"subscriberId":"460033233953123","type":1,"typeName":"WIFI","width":0,"wifiScan":["FAST_87bb9d,04:a1:51:af:ec:e3,[WPA-PSK-CCMP][WPA2-PSK-CCMP][WPS][ESS],-66,2412,208288321","FAST_feb4,00:16:78:34:73:50,[WPA-PSK-CCMP][WPA2-PSK-CCMP][ESS],-62,2412,293472781","TP-LINK_9eca88,00:23:c9:78:a2:77,[WPA-PSK-CCMP][WPA2-PSK-CCMP][ESS],-86,2462,2916927011","MERCURY_aedc00,fc:d7:33:a9:3f:d8,[WPA2-PSK-CCMP][ESS],-58,2462,2809538209","MERCURY_41fe32,d4:83:04:29:d1:5a,[WPA-PSK-CCMP][WPA2-PSK-CCMP][ESS],-89,2412,1199738039"]}