{"BSSID":"9e:58:3b:8a:25:ca","IpAddress":"192.168.67.44","P2p0Mac":"c9:a0:2d:a2:09:e1","SSID":"Tenda_e21510","androidId":"7d6dc4c27c899d00","batteryLevel":48,"btAddress":"11:f8:48:6b:b5:ed","btName":"m2 note","buildAbi":"armeabi-v7a","buildAbi2":"armeabi","buildBoard":"msm8994","buildBrand":"Meizu","buildCodename":"REL","buildDescription":"m2note-user 5.1.1 LMY48G b8c0c6d1 release-keys","buildDevice":"m2note","buildFingerprint":"Meizu/m2 note/m2note:5.1.1/LMY48G/b8c0c6d1:user/release-keys","buildHardware":"qcom","buildHost":"glsrv4","buildId":"LMY48G","buildIncremental":"b8c0c6d1","buildManufacturer":"Meizu","buildModel":"m2 note","buildName":"Meizu","buildProduct":"m2note","buildRadioVersion":"uaazvethjmubwm","buildRelease":"5.1.1","buildSdk":"22","buildSerialno":"4533a9be","buildTags":"release-keys","buildType":"user","buildUser":"android","buildUtc":1488797058397,"cellScan":[],"ci":0,"contacts":["奶奶,15501496902","姑妈,13490859803","外婆,15308092404","外公,15302846910","舅舅,15000520604","舅妈,18905245553","姨父,13307012811","姨娘,15908506439","亲爱的,15904386297","老弟,15704802891","老妹,13008184296","小明,13490886775","小李子,15901825667","张土嘉,18705357224","Frederick Lawrence,15700966601","杨珂松,18705237593","王松,15204880683","杨翔绣,18002547267","Tammy Palmer,18906115995","郎苡国,13402301122","蔡毅校,13490357355","凤剑凇,13304258333","Ana Thomas,13302134199","杨耀,15501645067","欧阳松朋,13308037890","禹炫立,14707113881","Edwin Gonzales,18706832906","孔瑜宇,15507375184","柯铭恒,18807341623","储胜盈,13005376292","Eugene Pierce,13106501646","雷业琴,13605678056","裴倩厚,15200536361","明影衔,13207946188","Justin Evans,15601234081","王衔立,15100208904","陈媛梧,15006606932","邵宣岳,13205966363","Christina White,15604140247","卫新,18906250666","席翔镜,13104462159","昌书岭,14702472550","Lori Ortiz,18807302596","巴蔚焱,13301353542","王岳建,15907482385","酆奇韶,14704348078","Stephanie Carroll,14702172492"],"cpuName":"MT6753","densityDpi":480,"deviceId":"861922722359463","deviceSvn":"27","displayId":"m2note-user 5.1.1 LMY48G b8c0c6d1 release-keys","extraInfo":"Tenda_e21510","height":0,"hidePkgs":[],"hmNotes":"","hookPkgs":[],"lac":0,"latitude":30.6213477,"line1Number":"15884492315","longitude":104.1429764,"macAddress":"2c:dc:99:08:89:fc","memAvailable":23609980,"memFree":70829942,"memTotal":94439922,"mnc":"00","networkClass":2,"networkCountryIso":"cn","networkOperator":"46002","networkOperatorName":"中国移动","networkType":8,"networkTypeName":"HSDPA","phoneType":1,"rgAndroid":"23","rgAreaode":"86","rgConNames":["上善若水","余念"],"rgConsize":"2","rgCountry":"中国","rgDevice":"xiaomiRedmi 4X","rgIp":"119.4.255.101","rgLastLogin":1516420757817,"rgLocation":"四川省成都市 联通","rgNetType":"切换飞行模式","rgOrPhone":"15884492315","rgPhoneNo":"15884492315","rgServer":"飞行模式切换","rgTime":1516006053830,"rgVcode":"玉米(发码)","rgVersion":"1.6.3","rgWxEmail":"未绑定","rgWxError":"","rgWxId":"wxid_3gwp554pctk922","rgWxName":"余念","rgWxNo":"未设置","rgWxPasswd":"Rmst@7890","rgWxQQ":"未绑定","rgWxStatus":"异常","rgWxWindows":"否","serialno":"4533a9be","simCountryIso":"cn","simOperator":"46002","simOperatorName":"中国移动","simSerialNumber":"8986003119395337689","simState":5,"subscriberId":"460028708850492","type":1,"typeName":"WIFI","width":0,"wifiScan":["PHICOMM_ed8dbf,aa:11:e9:46:7c:08,[WPA-PSK-TKIP+CCMP][WPA2-PSK-TKIP+CCMP][WPS][ESS],-74,2412,329583520","Netcore_7b9215,4d:84:19:fd:bc:81,[WPS][ESS],-64,2457,385181982","FAST_9ec8cb,f8:6f:0c:19:62:63,[WPA-PSK-CCMP][WPA2-PSK-CCMP][ESS],-72,2412,529529895","MERCURY_4863,29:6a:53:04:67:95,[WPA2-PSK-CCMP][WPS][ESS],-88,2462,202634873","Netcore_b87cfd,0e:bf:d3:2d:72:32,[WPA-PSK-CCMP][WPA2-PSK-CCMP][ESS],-80,2417,212199240","TP-LINK_2fe254,cb:5c:50:38:d4:80,[WPA-PSK-CCMP][WPA2-PSK-CCMP][ESS],-76,2437,242256078","iTV-4386,4d:b1:8d:18:34:f7,[WPA2-PSK-CCMP][ESS],-90,2437,1287829751"]}