{"BSSID":"2c:ce:88:2e:c8:3c","IpAddress":"10.41.83.139","P2p0Mac":"73:b3:ad:8e:88:98","SSID":"MERCURY_8b9ea8","androidId":"90b301e8bb78a220","batteryLevel":75,"btAddress":"bb:92:09:41:c7:f7","btName":"MI 3W","buildAbi":"armeabi-v7a","buildAbi2":"armeabi","buildBoard":"universal5433","buildBrand":"Xiaomi","buildCodename":"REL","buildDescription":"MI 3W-user 7.1.2 NMF26Q 5f8ff7c8 release-keys","buildDevice":"MI 3W","buildFingerprint":"Xiaomi/MI 3W/MI 3W:7.1.2/NMF26Q/5f8ff7c8:user/release-keys","buildHardware":"qcom","buildHost":"wcc-miui-ota-bd25","buildId":"NMF26Q","buildIncremental":"5f8ff7c8","buildManufacturer":"Xiaomi","buildModel":"MI 3W","buildName":"Xiaomi","buildProduct":"MI 3W","buildRadioVersion":"mesblztbkoxgnw","buildRelease":"7.1.2","buildSdk":"25","buildSerialno":"dda49d5e","buildTags":"release-keys","buildType":"user","buildUser":"builder","buildUtc":1504713832279,"cellScan":[],"ci":0,"contacts":["奶奶,14700732474","姑妈,15200931314","外婆,15105068511","外公,13003230036","舅舅,15808266808","舅妈,15707672996","姨父,13706768284","姨娘,15504376183","亲爱的,13101160651","老弟,18705178280","老妹,13607270657","小明,18600383785","小李子,13300522380","李伟烁,18602593179","Jesus Peters,13003716345","俞仕璐,13703578750","秋生校,13903548056","荀静仙,13107666504","Steve Wallace,13106141503","崔巍望,13305762215","张龙,18803603054","贺涂水,18908316506","Carolyn Elliott,18005794379","吴仪,18906512584","吴密,18000065408","彭军龙,15307975756","Cathy Jenkins,18005578409","苗让夜,18903340734","于麟,15107265409","荀石会,18902494934","Amanda Morales,13307695774","杨炯,15301983104","余联绣,15002164242","杨相,13002010188","Gloria Perry,15601116165","杨绍书,15105177841","李如影,14707175361","钱恺国,15907490064","Eric Ellis,15204414392","谷尚顺,13706872709"],"cpuName":"Qualcomm MSM8974PRO-AB","densityDpi":240,"deviceId":"860995627098924","deviceSvn":"14","displayId":"MI 3W-user 7.1.2 NMF26Q 5f8ff7c8 release-keys","extraInfo":"ctlte","height":0,"hidePkgs":[],"hmNotes":"","hookPkgs":[],"lac":0,"latitude":30.7257013,"line1Number":"15882088654","longitude":104.068811,"macAddress":"60:99:22:4c:2d:2f","memAvailable":171995930,"memFree":343991862,"memTotal":515987792,"mnc":"00","networkClass":1,"networkCountryIso":"cn","networkOperator":"46007","networkOperatorName":"中国移动","networkType":2,"networkTypeName":"EDGE","phoneType":1,"rgAndroid":"23","rgAreaode":"86","rgConNames":["上善若水","杨焱"],"rgConsize":"2","rgCountry":"中国","rgDevice":"xiaomiRedmi 4X","rgIp":"119.4.253.161","rgLastLogin":1516420972451,"rgLocation":"四川省成都市 联通","rgNetType":"切换飞行模式","rgOrPhone":"15882088654","rgPhoneNo":"15882088654","rgServer":"飞行模式切换","rgTime":1516012406553,"rgVcode":"玉米(发码)","rgVersion":"1.6.3","rgWxEmail":"未绑定","rgWxError":"","rgWxId":"wxid_x2xgse2py29u22","rgWxName":"杨焱","rgWxNo":"未设置","rgWxPasswd":"Rmst@7890","rgWxQQ":"未绑定","rgWxStatus":"异常","rgWxWindows":"否","serialno":"dda49d5e","simCountryIso":"cn","simOperator":"46007","simOperatorName":"中国移动","simSerialNumber":"8986021685200299965","simState":5,"subscriberId":"460079210211056","type":0,"typeName":"MOBILE","width":0,"wifiScan":["Tenda_7a6597,c8:65:31:d6:3a:b4,[WPA2-PSK-CCMP][ESS],-81,2422,3523727739","Netcore_dbf32f,cf:54:a1:d0:f1:f5,[WPA2-PSK-CCMP][WPS][ESS],-93,2427,211768870","Netcore_c87bad,da:63:d4:73:a4:66,[WPA-PSK-CCMP][WPA2-PSK-CCMP][ESS],-72,2437,2706930123","TP-LINK_641038,95:79:b0:2c:b3:2a,[WPA-PSK-CCMP][WPA2-PSK-CCMP][WPS][ESS],-91,2462,437938546","Tenda_96275a,14:f5:88:17:8e:1b,[WPA-PSK-CCMP][WPA2-PSK-CCMP][WPS][ESS],-66,2462,2902127034"]}