{"BSSID":"8e:7a:99:b3:ca:d7","IpAddress":"192.168.28.150","P2p0Mac":"d9:1f:28:cd:3b:56","SSID":"iTV-7b97","androidId":"d85b3c7585f9efaf","batteryLevel":83,"btAddress":"1e:9f:75:b0:9a:f2","btName":"HUAWEI GRA-CL10","buildAbi":"armeabi-v7a","buildAbi2":"armeabi","buildBoard":"flounder","buildBrand":"HUAWEI","buildCodename":"REL","buildDescription":"GRA-CL10-user 7.0.0 NRD90M 9c8c5b84 release-keys","buildDevice":"HWGRA","buildFingerprint":"HUAWEI/HUAWEI GRA-CL10/HWGRA:7.0.0/NRD90M/9c8c5b84:user/release-keys","buildHardware":"qcom","buildHost":"qh-miui-ota-bd51","buildId":"NRD90M","buildIncremental":"9c8c5b84","buildManufacturer":"HUAWEI","buildModel":"HUAWEI GRA-CL10","buildName":"HUAWEI","buildProduct":"GRA-CL10","buildRadioVersion":"libxgphsku","buildRelease":"7.0.0","buildSdk":"24","buildSerialno":"50b35d92","buildTags":"release-keys","buildType":"user","buildUser":"jenkins","buildUtc":1499531537174,"cellScan":["32847,96525059","32847,1932","61712,23025","32847,134767618","39936,164040753"],"ci":1932,"contacts":["奶奶,13200261863","姑妈,13102685493","外婆,13307132814","外公,18802711375","舅舅,15904808098","舅妈,13307967948","姨父,18807885258","姨娘,15806366234","亲爱的,15101186901","老弟,13002810108","老妹,15806108980","小明,13201434808","小李子,15804043934","陆旺薇,15805597266","Doris Turner,15801871180","林勇弘,15606848825","李雅,14705812035","吴密时,13508167966","Mario Harris,13808707901","王宽,13102195464","包勇畏,13402782414","冯观相,13802774741","Lori Weaver,13703506846","陈净昱,13507516058","李联,18802847636","王浩,18907232488","Ashley Martin,13490137046","王友楷,18006840514","余俊仪,15208292542","狄华升,15907301083","Norma Gonzalez,15803962693","堪献国,18802010072","宓嘉星,15602265095","汤轩伊,15000892306","Jack Lopez,15108873556","王梁雨,15904495423","曹静先,15303607321","董石平,18602584508","Marilyn Davis,13102434238","张青岳,13306765494","牧慎媛,13805484842","管渠薇,13702098256","Phillip Reyes,13700715776","陈霖,18907495235","李能佩,18605963737","王寿利,18007926318","Rita Wilson,13308261715","杨砚慎,13807127661","汲航适,13202205246","水思若,13100977239","Rita Green,13005431610","张浩,13202048166"],"cpuName":":0","densityDpi":560,"deviceId":"864160451548173","deviceSvn":"81","displayId":"GRA-CL10-user 7.0.0 NRD90M 9c8c5b84 release-keys","extraInfo":"iTV-7b97","height":0,"hidePkgs":[],"hmNotes":"","hookPkgs":[],"lac":32847,"latitude":30.7164687,"line1Number":"18224452668","longitude":103.7062709,"macAddress":"58:86:fa:9e:00:f5","memAvailable":5479459757,"memFree":10958919516,"memTotal":16438379273,"mnc":"00","networkClass":2,"networkCountryIso":"cn","networkOperator":"46002","networkOperatorName":"中国移动","networkType":8,"networkTypeName":"HSDPA","phoneType":1,"rgAndroid":"23","rgAreaode":"86","rgConNames":[],"rgCountry":"中国","rgDevice":"xiaomiRedmi 4X","rgIp":"101.206.166.79","rgLastLogin":1516014287374,"rgLocation":"四川省 联通","rgNetType":"切换飞行模式","rgOrPhone":"18224452668","rgPhoneNo":"18224452668","rgServer":"飞行模式切换","rgTime":1516007271323,"rgVcode":"玉米(发码)","rgVersion":"1.6.3","rgWxError":"帐号状态异常，本次登录已失效。请尝试重新登录，并根据弹窗提示操作。","rgWxName":"牧乾韶","rgWxPasswd":"Rmst@7890","rgWxStatus":"异常","rgWxWindows":"否","serialno":"50b35d92","simCountryIso":"cn","simOperator":"46002","simOperatorName":"中国移动","simSerialNumber":"8986022599570490555","simState":5,"subscriberId":"460025822855767","type":1,"typeName":"WIFI","width":0,"wifiScan":["FAST_f0f215,00:23:c9:df:46:8e,[WPA2-PSK-CCMP][WPS][ESS],-65,2437,201408244","MERCURY_6498,50:bd:5f:e2:ac:2c,[WPA2-PSK-CCMP][ESS],-85,2462,2041135440","Netcore_d97cbf,a4:7e:39:2e:4c:15,[WPA2-PSK-CCMP][WPS][ESS],-54,2427,480038570","PHICOMM_204376,44:97:5a:51:e2:a8,[WPA2-PSK-CCMP][WPS][ESS],-54,2437,3525537395","TP-LINK_4385,a4:7e:39:2e:39:46,[WPA2-PSK-CCMP][ESS],-74,2432,409861129"]}