{"BSSID":"13:5a:89:9a:f1:0f","IpAddress":"10.6.16.95","P2p0Mac":"d3:22:18:fb:e7:c4","SSID":"Netcore_59838c","androidId":"9f156c37ec13d865","batteryLevel":34,"btAddress":"6d:d7:05:d7:62:28","btName":"HM NOTE 1TD","buildAbi":"armeabi-v7a","buildAbi2":"armeabi","buildBoard":"e610","buildBrand":"Xiaomi","buildCodename":"REL","buildDescription":"lcsh92_wet_tdd-user 5.1.1 LMY48G 6061515e release-keys","buildDevice":"lcsh92_wet_tdd","buildFingerprint":"Xiaomi/HM NOTE 1TD/lcsh92_wet_tdd:5.1.1/LMY48G/6061515e:user/release-keys","buildHardware":"qcom","buildHost":"ubuntu","buildId":"LMY48G","buildIncremental":"6061515e","buildManufacturer":"Xiaomi","buildModel":"HM NOTE 1TD","buildName":"Xiaomi","buildProduct":"lcsh92_wet_tdd","buildRadioVersion":"jwgshall","buildRelease":"5.1.1","buildSdk":"22","buildSerialno":"013d5fd7","buildTags":"release-keys","buildType":"user","buildUser":"builder","buildUtc":1499290354162,"cellScan":[],"ci":0,"contacts":["奶奶,15501255010","姑妈,13502348848","外婆,18701516013","外公,15503678666","舅舅,13601783241","舅妈,13703227571","姨父,18904952980","姨娘,14702941129","亲爱的,13608864702","老弟,15206647834","老妹,13708673784","小明,15002622737","小李子,13505413517","祁由媛,15704092234","Kristen Peters,15704604870","李颂享,15104345719","凌逵嗣,15906841332","李良,13500340099","Christina Peters,13702631150","于嘉,13508666948","李珀玉,13407257118","李全,13106612129","Danielle Cox,15601775169","杨绵,13906566684","粱伟悠,13503397057","杨屏昱,18607311911","Herbert Ford,13100451148","吴影永,15905586957","杨联,15205820538","应翰胜,13103328809","Michelle Dunn,13107820063","史王奇,13600898307","蔡珂岳,13507227925","杨佩,13700461264","Charles Patterson,13501403866","封卫辉,15702651538","李净,13404348780","吴露青,13490014337","Leslie Gomez,13490411559","王观璐,15200465935","山阁求,13490066593","吕效望,15807074283","Charlie Rice,15102733614"],"cpuName":"MT6592","densityDpi":240,"deviceId":"860596565310519","deviceSvn":"21","displayId":"lcsh92_wet_tdd-user 5.1.1 LMY48G 6061515e release-keys","extraInfo":"cmnet","height":0,"hidePkgs":[],"hmNotes":"","hookPkgs":[],"lac":0,"latitude":30.4879431,"line1Number":"18224452772","longitude":103.9281527,"macAddress":"d3:00:81:41:a8:b6","memAvailable":31521803,"memFree":63043608,"memTotal":94565411,"mnc":"00","networkClass":1,"networkCountryIso":"cn","networkOperator":"46000","networkOperatorName":"中国移动","networkType":2,"networkTypeName":"EDGE","phoneType":1,"rgAndroid":"23","rgAreaode":"86","rgConNames":[],"rgCountry":"中国","rgDevice":"xiaomiRedmi 4X","rgIp":"119.4.254.174","rgLastLogin":1516013764666,"rgLocation":"四川省成都市 联通","rgNetType":"切换飞行模式","rgOrPhone":"18224452772","rgPhoneNo":"18224452772","rgServer":"飞行模式切换","rgTime":1516005526480,"rgVcode":"玉米(发码)","rgVersion":"1.6.3","rgWxError":"帐号状态异常，本次登录已失效。请尝试重新登录，并根据弹窗提示操作。","rgWxName":"酆茜似","rgWxPasswd":"Rmst@7890","rgWxStatus":"异常","rgWxWindows":"否","serialno":"013d5fd7","simCountryIso":"cn","simOperator":"46000","simOperatorName":"中国移动","simSerialNumber":"8986003328963218676","simState":5,"subscriberId":"460003662265052","type":0,"typeName":"MOBILE","width":0,"wifiScan":["PHICOMM_647cb6,93:04:63:4f:8b:96,[WPA-PSK-CCMP][WPA2-PSK-CCMP][WPS][ESS],-90,2447,191829009","Netcore_476305,12:e5:a7:8f:91:dc,[WPA2-PSK-CCMP][ESS],-94,2452,3652136630","Netcore_be2154,02:68:08:90:c4:a7,[WPA2-PSK-CCMP][ESS],-78,2412,2819834805","Tenda_7afda9,b0:34:db:29:1e:da,[WPA2-PSK-CCMP][ESS],-68,2462,455367446","FAST_430e32,7d:62:db:27:5d:b2,[WPA-PSK-CCMP][WPA2-PSK-CCMP][WPS][ESS],-71,2462,1679731144"]}