{"BSSID":"a6:96:03:0a:a1:2a","IpAddress":"10.76.75.130","P2p0Mac":"1f:4a:00:d9:49:f6","SSID":"MERCURY_a8b0e2","androidId":"c755d3253a086a72","batteryLevel":88,"btAddress":"e8:11:a7:9c:08:1c","btName":"R6007","buildAbi":"armeabi-v7a","buildAbi2":"armeabi","buildBoard":"otter","buildBrand":"OPPO","buildCodename":"REL","buildDescription":"R6007-user 7.0.0 NRD90M 712d6e51 release-keys","buildDevice":"R6007","buildFingerprint":"OPPO/R6007/R6007:7.0.0/NRD90M/712d6e51:user/release-keys","buildHardware":"qcom","buildHost":"qh-miui-ota-bd51","buildId":"NRD90M","buildIncremental":"712d6e51","buildManufacturer":"OPPO","buildModel":"R6007","buildName":"OPPO","buildProduct":"R6007","buildRadioVersion":"oakmvmegdhbyqg","buildRelease":"7.0.0","buildSdk":"24","buildSerialno":"933cc399","buildTags":"release-keys","buildType":"user","buildUser":"Server","buildUtc":1480098283516,"cellScan":[],"ci":0,"contacts":["奶奶,13707600674","姑妈,14706217558","外婆,18701881210","外公,15903936506","舅舅,13002624431","舅妈,14700224994","姨父,13608254759","姨娘,15706690687","亲爱的,18902094321","老弟,13105931645","老妹,13490870604","小明,13800783493","小李子,13504722760","席伟甲,15206727211","Amber Hunter,15908583460","郑泉桂,15104954787","解旺森,15701070549","柏石立,15204730673","Don Russell,15104144067","汲勋余,18007584709","田英明,18805965019","杨韶,13406714057","Jesse Murray,15206671883","家享银,13104168709","高意梦,15107929043","项古巍,13501786541","Nathan Spencer,13507566154","强心卫,15807344588","李隆,15005310344","杜逸逸,18706971093","Jon Cook,18700608091","贝珂驹,15702757267","伏谷权,18007067993","粱和静,15606724458","Steve Lewis,18601624495","左行会,13604220221","杨望,13107657041","吴河巍,18804913762","Jennifer Holmes,18805136374","王友辉,18703797184","王耕,13706652796","仰松阳,13202087735","Patrick Cook,13005464722","秦韶砚,13401934845","蒋蔚,15505913617","王荣,15600662459","Martha Clark,13005310325","李译荣,18000923514"],"cpuName":"Qualcomm MSM 8226 (Flattened Device Tree)","densityDpi":560,"deviceId":"861002835205547","deviceSvn":"84","displayId":"R6007-user 7.0.0 NRD90M 712d6e51 release-keys","extraInfo":"ctnet","height":0,"hidePkgs":[],"hmNotes":"","hookPkgs":[],"lac":0,"latitude":30.6854782,"line1Number":"18224455940","longitude":104.0190624,"macAddress":"a1:47:9e:0a:39:58","memAvailable":68214481,"memFree":136428962,"memTotal":204643443,"mnc":"00","networkClass":2,"networkCountryIso":"cn","networkOperator":"46000","networkOperatorName":"中国移动","networkType":8,"networkTypeName":"HSDPA","phoneType":1,"rgAndroid":"23","rgAreaode":"86","rgConNames":[],"rgCountry":"中国","rgDevice":"xiaomiRedmi 4X","rgIp":"119.4.253.199","rgLastLogin":1516014558875,"rgLocation":"四川省成都市 联通","rgNetType":"切换飞行模式","rgOrPhone":"18224455940","rgPhoneNo":"18224455940","rgServer":"飞行模式切换","rgTime":1516011357082,"rgVcode":"玉米(发码)","rgVersion":"1.6.3","rgWxError":"帐号状态异常，本次登录已失效。请尝试重新登录，并根据弹窗提示操作。","rgWxName":"李驹兴","rgWxPasswd":"Rmst@7890","rgWxStatus":"异常","rgWxWindows":"否","serialno":"933cc399","simCountryIso":"cn","simOperator":"46000","simOperatorName":"中国移动","simSerialNumber":"8986022702024483314","simState":5,"subscriberId":"460005978091315","type":0,"typeName":"MOBILE","width":0,"wifiScan":["Tenda_aeea8d,e9:0d:1a:27:03:bf,[WPA-PSK-CCMP][WPA2-PSK-CCMP][WPS][ESS],-71,2422,222990165","FAST_2004,74:52:e7:56:5f:15,[WPA2-PSK-CCMP][WPS][ESS],-73,2462,1384933776","MERCURY_9865,55:6a:d9:f8:5b:c4,[WPA-PSK-CCMP][WPA2-PSK-CCMP][WPS][ESS],-92,2437,2198227743","FAST_aedc00,fe:db:d3:46:bc:38,[WPA2-PSK-CCMP][ESS],-71,2462,2639927307","TP-LINK_98cb,e0:a8:12:73:b5:27,[WPA2-PSK-CCMP][WPS][ESS],-80,2472,216679926","Netcore_0febbf,0a:a4:37:72:11:9f,[WPA2-PSK-CCMP][WPS][ESS],-77,2437,368086263","FAST_ccafcb,c9:2e:bf:d0:69:2d,[WPA-PSK-CCMP][WPA2-PSK-CCMP][ESS],-71,2412,1368132435"]}