{"BSSID":"25:d5:12:59:6e:e9","IpAddress":"192.168.14.183","P2p0Mac":"70:00:c6:3f:ac:85","SSID":"MERCURY_aed1f4","androidId":"92bb10e6aa81562e","batteryLevel":73,"btAddress":"90:6f:e1:d9:3e:15","btName":"H30-T00","buildAbi":"armeabi-v7a","buildAbi2":"armeabi","buildBoard":"deb","buildBrand":"HUAWEI","buildCodename":"REL","buildDescription":"H30-T00-user 7.0.0 NRD90M 96296967 release-keys","buildDevice":"H30-T00","buildFingerprint":"HUAWEI/H30-T00/H30-T00:7.0.0/NRD90M/96296967:user/release-keys","buildHardware":"qcom","buildHost":"sp-ci-01-desktop","buildId":"NRD90M","buildIncremental":"96296967","buildManufacturer":"HUAWEI","buildModel":"H30-T00","buildName":"HUAWEI","buildProduct":"H30-T00","buildRadioVersion":"hujjczcceewkurivg","buildRelease":"7.0.0","buildSdk":"24","buildSerialno":"f2551e70","buildTags":"release-keys","buildType":"user","buildUser":"jenkins","buildUtc":1481009752737,"cellScan":[],"ci":0,"contacts":["奶奶,13800423364","姑妈,18704995451","外婆,18003404758","外公,15806642167","舅舅,13408665420","舅妈,14708791712","姨父,13503211063","姨娘,13490304179","亲爱的,18907722160","老弟,18006716587","老妹,13906882419","小明,15301443133","小李子,15105178450","杨衔甲,13005098145","Roger Greene,15506361011","王桂湘,18600342183","陆菁可,15907925446","蓬永界,15607990449","Anita Perry,13205393037","王联新,13901530109","陈律镜,15107282498","计雅炎,13801774779","Annie Cooper,13500232164","吴闻,15300127338","余献颂,13603782796","黄伊郁,13308851018","Luis Dunn,18004504217","杨荣若,15001455558","吴齐,13606911565","杨雨,15101728584","Christine Berry,15901327365","莫兴寅,15700240251","张权,15503160066","邱图旭,18606980825","Mike Richardson,15605037875","张杏,13490844670","余同,15705456464","严净联,15301165920","Eddie White,13302926516","杨阳,15606755875","井延恒,15303167814","甘耀屏,14705175923","Roy White,15708116438","陈游野,13803112021","张年慎,15501672071"],"cpuName":"MT6582","densityDpi":240,"deviceId":"861193836553686","deviceSvn":"31","displayId":"H30-T00-user 7.0.0 NRD90M 96296967 release-keys","extraInfo":"MERCURY_aed1f4","height":0,"hidePkgs":[],"hmNotes":"","hookPkgs":[],"lac":0,"latitude":30.7290092,"line1Number":"18224034850","longitude":103.9376318,"macAddress":"c3:5e:39:b9:39:a3","memAvailable":172163736,"memFree":344327474,"memTotal":516491210,"mnc":"00","networkClass":2,"networkCountryIso":"cn","networkOperator":"46002","networkOperatorName":"中国移动","networkType":17,"networkTypeName":"TD_SCDMA","phoneType":1,"rgAndroid":"23","rgAreaode":"86","rgConNames":["上善若水","乌翔立"],"rgConsize":"2","rgCountry":"中国","rgDevice":"xiaomiRedmi 4X","rgIp":"119.4.254.102","rgLastLogin":1516420834425,"rgLocation":"四川省成都市 联通","rgNetType":"切换飞行模式","rgOrPhone":"18224034850","rgPhoneNo":"18224034850","rgServer":"飞行模式切换","rgTime":1516011656849,"rgVcode":"玉米(发码)","rgVersion":"1.6.3","rgWxEmail":"未绑定","rgWxError":"","rgWxId":"wxid_siuv7gy64tum22","rgWxName":"乌翔立","rgWxNo":"未设置","rgWxPasswd":"Rmst@7890","rgWxQQ":"未绑定","rgWxStatus":"异常","rgWxWindows":"否","serialno":"f2551e70","simCountryIso":"cn","simOperator":"46002","simOperatorName":"中国移动","simSerialNumber":"8986007924184737527","simState":5,"subscriberId":"460027348234467","type":1,"typeName":"WIFI","width":0,"wifiScan":["TP-LINK_042630,75:fa:fd:e9:d1:f1,[WPA2-PSK-CCMP][ESS],-88,2452,2704533289","TP-LINK_264e,76:2e:a1:0b:c7:1d,[WPA-PSK-CCMP][WPA2-PSK-CCMP][WPS][ESS],-74,2412,3420328674","Netcore_afe214,5e:56:99:1d:9a:92,[WPA-PSK-CCMP][WPA2-PSK-CCMP][WPS][ESS],-62,2437,1567836370","TP-LINK_afe21a,88:17:cc:ef:57:50,[WPA2-PSK-CCMP][WPS][ESS],-86,2437,1139528994","FAST_537632,7e:85:97:79:ab:60,[WPA-PSK-CCMP][WPA2-PSK-CCMP][ESS],-77,2417,746429774","MERCURY_b7cbfc,0f:fc:71:d7:e0:72,[WPA-PSK-CCMP][WPA2-PSK-CCMP][ESS],-64,2412,349092790","FAST_0e3104,34:f9:42:c0:3d:6f,[WPA-PSK-CCMP][WPA2-PSK-CCMP][WPS][ESS],-83,2432,192652963"]}