{"BSSID":"19:2a:6b:d6:fe:34","IpAddress":"10.76.1.187","P2p0Mac":"e7:8b:8a:65:2d:bd","SSID":"Netcore_e5487b","androidId":"463d88f63c5d7587","batteryLevel":76,"btAddress":"ee:a7:49:27:93:c5","btName":"MI MAX 2","buildAbi":"armeabi-v7a","buildAbi2":"armeabi","buildBoard":"MSM8916","buildBrand":"Xiaomi","buildCodename":"REL","buildDescription":"oxygen-user 5.0 LRX21M 53d84487 release-keys","buildDevice":"oxygen","buildFingerprint":"Xiaomi/MI MAX 2/oxygen:5.0/LRX21M/53d84487:user/release-keys","buildHardware":"qcom","buildHost":"mz-buider-2","buildId":"LRX21M","buildIncremental":"53d84487","buildManufacturer":"Xiaomi","buildModel":"MI MAX 2","buildName":"Xiaomi","buildProduct":"oxygen","buildRadioVersion":"hlnnzpjqc","buildRelease":"5.0","buildSdk":"21","buildSerialno":"869054ca","buildTags":"release-keys","buildType":"user","buildUser":"buildHost","buildUtc":1493786602397,"cellScan":[],"ci":0,"contacts":["奶奶,15805102708","姑妈,13602713616","外婆,15208558312","外公,13400554372","舅舅,13490711830","舅妈,18005916950","姨父,15602350309","姨娘,13308375648","亲爱的,18602790225","老弟,13704286046","老妹,13304873509","小明,13205621854","小李子,18802955785","王炫,15506256834","Ralph Rivera,15506946214","杨校午,13490863172","吴钰古,13803144663","廉耀声,15903445702","Jill Woods,15800414510","陈耀,15308737452","崔辉闻,18702423467","张佑,18605813887","Tiffany Alexander,15603362928","彭能帅,15201498801","陈津,18906588535","余界靖,15705110879","Mark Davis,18803225262","张兴,13100959000","慕容举稼,15205767390","焦添闻,13808564263","Danielle Ellis,13701250271","邹许雪,18805607130","唐游启,15606521095","富森克,18705564230","Jeffery Dixon,18804269023","裘廉礼,18003716648","李会,15806076583","张瑕,15708313595","Ernest Sullivan,18804356651","杨翰,15302800177","计焱朋,18004635544"],"cpuName":"Qualcomm Technologies, Inc MSM8953","densityDpi":560,"deviceId":"862183683456207","deviceSvn":"28","displayId":"oxygen-user 5.0 LRX21M 53d84487 release-keys","extraInfo":"cmnet","height":0,"hidePkgs":[],"hmNotes":"","hookPkgs":[],"lac":0,"latitude":30.4805084,"line1Number":"18280268141","longitude":104.3336035,"macAddress":"29:c1:9d:e5:92:4c","memAvailable":4109758916,"memFree":12329276751,"memTotal":16439035667,"mnc":"00","networkClass":3,"networkCountryIso":"cn","networkOperator":"46007","networkOperatorName":"中国移动","networkType":13,"networkTypeName":"LTE","phoneType":1,"rgAndroid":"23","rgAreaode":"86","rgConNames":["曹陵许","上善若水"],"rgConsize":"2","rgCountry":"中国","rgDevice":"xiaomiRedmi 4X","rgIp":"119.4.254.93","rgLastLogin":1516420902348,"rgLocation":"四川省成都市 联通","rgNetType":"切换飞行模式","rgOrPhone":"18280268141","rgPhoneNo":"18280268141","rgServer":"飞行模式切换","rgTime":1516011912643,"rgVcode":"玉米(发码)","rgVersion":"1.6.3","rgWxEmail":"未绑定","rgWxError":"","rgWxId":"wxid_1jh0cpmz4q4722","rgWxName":"曹陵许","rgWxNo":"未设置","rgWxPasswd":"Rmst@7890","rgWxQQ":"未绑定","rgWxStatus":"异常","rgWxWindows":"否","serialno":"869054ca","simCountryIso":"cn","simOperator":"46007","simOperatorName":"中国移动","simSerialNumber":"8986004100329351487","simState":5,"subscriberId":"460071992440062","type":0,"typeName":"MOBILE","width":0,"wifiScan":["iTV-30d0,44:23:18:99:17:63,[WPA-PSK-CCMP][WPA2-PSK-CCMP][WPS][ESS],-74,2437,249863705","PHICOMM_76bae1,db:d0:c9:f8:fa:12,[WPA2-PSK-CCMP][WPS][ESS],-79,2437,1181135195","Netcore_20386b,97:6b:00:28:92:e2,[WPA-PSK-CCMP][WPA2-PSK-CCMP][WPS][ESS],-80,2462,2722238270","Netcore_587032,ac:74:f1:3a:ac:90,[WPA2-PSK-CCMP][WPS][ESS],-74,2462,588332589","ChainaNet_e204,57:c8:78:89:ea:58,[WPA-PSK-CCMP][WPA2-PSK-CCMP][WPS][ESS],-76,2437,503639404","PHICOMM_fd1fcb,33:38:c4:0d:df:f7,[WPA-PSK-CCMP][WPA2-PSK-CCMP][WPS][ESS],-87,2412,314360898","ChainaNet_7ba6,8e:cb:c2:d7:c7:34,[WPA-PSK-CCMP][WPA2-PSK-CCMP][ESS],-78,2437,2679337420"]}