{"BSSID":"72:a9:82:a0:f3:f5","IpAddress":"10.47.46.175","P2p0Mac":"92:15:3e:d0:fe:1d","SSID":"TP-LINK_ce20","androidId":"f6e4901d9e911568","batteryLevel":77,"btAddress":"4a:a9:ef:7a:05:41","btName":"GN5001S","buildAbi":"armeabi-v7a","buildAbi2":"armeabi","buildBoard":"hammerhead","buildBrand":"GiONEE","buildCodename":"REL","buildDescription":"GN5001S-user 5.1.1 LMY48G 0fac4255 release-keys","buildDevice":"GN5001S","buildFingerprint":"GiONEE/GN5001S/GN5001S:5.1.1/LMY48G/0fac4255:user/release-keys","buildHardware":"qcom","buildHost":"huangshan","buildId":"LMY48G","buildIncremental":"0fac4255","buildManufacturer":"GiONEE","buildModel":"GN5001S","buildName":"GiONEE","buildProduct":"GN5001S","buildRadioVersion":"uyssvlguc","buildRelease":"5.1.1","buildSdk":"22","buildSerialno":"0d58b30e","buildTags":"release-keys","buildType":"user","buildUser":"builder","buildUtc":1507805083907,"cellScan":["33044,118470945","61715,30312","33292,54232","33292,139990019","33028,30312"],"ci":139990019,"contacts":["奶奶,13507114808","姑妈,15105300047","外婆,15305142661","外公,15205680740","舅舅,15006905562","舅妈,13400220764","姨父,15203851862","姨娘,15604452524","亲爱的,18805198857","老弟,18600186617","老妹,18006541014","小明,18803538667","小李子,13904601753","余盈贤,15904501241","Bryan Porter,13402293636","邱介宣,18804492138","杨汉巍,18605661643","张瑟,18002968751","Teresa Collins,18904794202","张荣律,15900703663","陈余绵,13906682624","夏津双,15303713268","Ronnie Jenkins,18002591131","韦璎岩,13308732389","裘璞镜,15806267725","秋烁三,15801569075","Thomas Olson,15800278796","吕况海,14705208390","李宫,15105267025","窦骥舒,13606900644","Darrell Gibson,13607668191","杨佩卫,14700094442","杨永生,13200783099","杨友恒,18704388596","Debra Reyes,18804218530","陈然,18902436602","祖阁孝,13800870919","云力盛,13490621024","Brenda Armstrong,13303582697","狄航翔,15801702928","李培,13607930267","平国联,13505097936","Tony Clark,13505004022","穆烁昱,18004323157","于祥杏,13005928315","王年精,13100078321","Gail Perry,13200035566","杨行,13606890143","杨蔚皓,18601642479","李超,18805433503","Frederick Ford,15707157119","王贤宽,13202875580"],"cpuName":"MT6735","densityDpi":480,"deviceId":"860363626120332","deviceSvn":"85","displayId":"GN5001S-user 5.1.1 LMY48G 0fac4255 release-keys","extraInfo":"cmwap","height":0,"hidePkgs":[],"hmNotes":"","hookPkgs":[],"lac":33292,"latitude":30.4462959,"line1Number":"18280414897","longitude":103.9534948,"macAddress":"9f:19:60:57:a6:20","memAvailable":1249945666,"memFree":2499891332,"memTotal":3749836998,"mnc":"00","networkClass":1,"networkCountryIso":"cn","networkOperator":"46002","networkOperatorName":"中国移动","networkType":2,"networkTypeName":"EDGE","phoneType":1,"rgAndroid":"23","rgAreaode":"86","rgConNames":["上善若水","云廉权"],"rgConsize":"2","rgCountry":"中国","rgDevice":"xiaomiRedmi 4X","rgIp":"101.206.167.69","rgLastLogin":1516420609803,"rgLocation":"四川省 联通","rgNetType":"切换飞行模式","rgOrPhone":"18280414897","rgPhoneNo":"18280414897","rgServer":"飞行模式切换","rgTime":1516001646645,"rgVcode":"玉米(发码)","rgVersion":"1.6.3","rgWxEmail":"未绑定","rgWxError":"","rgWxId":"wxid_7lx27vz05fag22","rgWxName":"云廉权","rgWxNo":"未设置","rgWxPasswd":"Rmst@7890","rgWxQQ":"未绑定","rgWxStatus":"异常","rgWxWindows":"否","serialno":"0d58b30e","simCountryIso":"cn","simOperator":"46002","simOperatorName":"中国移动","simSerialNumber":"8986006110764876547","simState":5,"subscriberId":"460026062031599","type":0,"typeName":"MOBILE","width":0,"wifiScan":["MERCURY_fdaf21,64:3a:b1:7e:8a:6a,[WPA-PSK-TKIP+CCMP][WPA2-PSK-TKIP+CCMP][ESS],-93,2412,621030098","FAST_ceda,80:48:a5:e5:ac:e2,[WPA2-PSK-CCMP][WPS][ESS],-90,2462,930538369","Netcore_d1db0e,54:be:53:38:c3:a1,[WPA-PSK-CCMP][WPA2-PSK-CCMP][WPS][ESS],-88,2462,3137536490","PHICOMM_8cafd9,78:a1:06:67:c6:2a,[WPA-PSK-CCMP][WPA2-PSK-CCMP][ESS],-66,2412,382507954","MERCURY_a8c97c,8c:f2:28:b5:8e:30,[WPA-PSK-CCMP][WPA2-PSK-CCMP][WPS][ESS],-69,2437,721732927"]}