{"BSSID":"50:dd:6e:15:c8:e0","IpAddress":"192.168.69.141","P2p0Mac":"dc:1a:e1:ec:d5:2a","SSID":"Tenda_597cbe","androidId":"3ff14a551e082d33","batteryLevel":46,"btAddress":"b6:22:09:76:54:56","btName":"HM NOTE 1S","buildAbi":"armeabi-v7a","buildAbi2":"armeabi","buildBoard":"deb","buildBrand":"Xiaomi","buildCodename":"REL","buildDescription":"gucci-user 6.0.1 MMB29T e2e331be release-keys","buildDevice":"gucci","buildFingerprint":"Xiaomi/HM NOTE 1S/gucci:6.0.1/MMB29T/e2e331be:user/release-keys","buildHardware":"qcom","buildHost":"bs213","buildId":"MMB29T","buildIncremental":"e2e331be","buildManufacturer":"Xiaomi","buildModel":"HM NOTE 1S","buildName":"Xiaomi","buildProduct":"gucci","buildRadioVersion":"tvnavqfam","buildRelease":"6.0.1","buildSdk":"23","buildSerialno":"fbf7cb64","buildTags":"release-keys","buildType":"user","buildUser":"android","buildUtc":1452324559498,"cellScan":[],"ci":0,"contacts":["奶奶,13804262334","姑妈,15706101637","外婆,13804978628","外公,15300275286","舅舅,15300313742","舅妈,15900687138","姨父,15601190142","姨娘,13905761959","亲爱的,13504341552","老弟,13801764249","老妹,18802965703","小明,15307648243","小李子,15502199045","杨万惠,13203961458","Zachary Gonzalez,13204646925","杨仁,18602462394","朱佑三,18602112518","杨书翼,15304537065","Mary Myers,13490416670","应珂雪,18907355609","杨效,15708348352","张默,15301930282","Monica Roberts,15300824028","杨野棠,15902041940","张闻扬,18803742185","嵇添芹,15305381814","Christine Cruz,15304255752","杨室,13490039870","丁团况,18708792339","李胜,15701022980","Jamie Greene,14705638924","单享涂,13904805870","程棠冠,13404338936","张仁,13602038136","Dolores Tucker,13508243541","杨银悠,14705682612","陈夏江,13401564485","郗相羡,18907481043","Theresa Hayes,15301495320","杨荣,13900348063","张津,13407756867","余情,13600622412","Jeanne Wright,13808701880","姚伟尚,15104882686","狄津随,13304005340"],"cpuName":"Qualcomm Technologies, Inc MSM8916","densityDpi":560,"deviceId":"862285159923261","deviceSvn":"10","displayId":"gucci-user 6.0.1 MMB29T e2e331be release-keys","extraInfo":"Tenda_597cbe","height":0,"hidePkgs":[],"hmNotes":"","hookPkgs":[],"lac":0,"latitude":30.8452843,"line1Number":"18328728764","longitude":103.95928,"macAddress":"63:b1:31:63:67:f6","memAvailable":1250069069,"memFree":2500138139,"memTotal":3750207208,"mnc":"00","networkClass":2,"networkCountryIso":"cn","networkOperator":"46007","networkOperatorName":"中国移动","networkType":17,"networkTypeName":"TD_SCDMA","phoneType":1,"rgAndroid":"23","rgAreaode":"86","rgConNames":[],"rgCountry":"中国","rgDevice":"xiaomiRedmi 4X","rgIp":"101.206.166.191","rgLastLogin":1516014424819,"rgLocation":"四川省 联通","rgNetType":"切换飞行模式","rgOrPhone":"18328728764","rgPhoneNo":"18328728764","rgServer":"飞行模式切换","rgTime":1516010508857,"rgVcode":"玉米(发码)","rgVersion":"1.6.3","rgWxError":"帐号状态异常，本次登录已失效。请尝试重新登录，并根据弹窗提示操作。","rgWxName":"詹铁菁","rgWxPasswd":"Rmst@7890","rgWxStatus":"异常","rgWxWindows":"否","serialno":"fbf7cb64","simCountryIso":"cn","simOperator":"46007","simOperatorName":"中国移动","simSerialNumber":"8986003954553401590","simState":5,"subscriberId":"460071749777653","type":1,"typeName":"WIFI","width":0,"wifiScan":["MERCURY_7b326a,51:15:1b:63:ff:41,[WPA-PSK-CCMP][WPA2-PSK-CCMP][ESS],-71,2412,1043528000","FAST_d0fa9d,58:e1:29:39:05:c3,[WPA-PSK-CCMP][WPA2-PSK-CCMP][ESS],-82,2447,495978339","Tenda_e1e14c,05:27:93:6d:68:c3,[WPA2-PSK-CCMP][WPS][ESS],-53,2412,760634004","Tenda_7cfe31,f8:2e:3e:d3:13:aa,[WPA-PSK-CCMP][WPA2-PSK-CCMP][ESS],-83,2437,512585088","ChainaNet_4353,8a:b2:70:75:b6:2a,[WPA-PSK-CCMP][WPA2-PSK-CCMP][WPS][ESS],-81,2462,249592497"]}