{"BSSID":"dd:23:59:b9:58:90","IpAddress":"10.20.86.148","P2p0Mac":"d5:6e:20:fe:e5:50","SSID":"Tenda_75a9cf","androidId":"ca90bc0f19f4a3ca","batteryLevel":84,"btAddress":"62:8a:7c:b5:95:6d","btName":"Redmi 3S","buildAbi":"armeabi-v7a","buildAbi2":"armeabi","buildBoard":"deb","buildBrand":"Xiaomi","buildCodename":"REL","buildDescription":"land-user 5.0 LRX21M b0e4d44f release-keys","buildDevice":"land","buildFingerprint":"Xiaomi/Redmi 3S/land:5.0/LRX21M/b0e4d44f:user/release-keys","buildHardware":"qcom","buildHost":"Android-server","buildId":"LRX21M","buildIncremental":"b0e4d44f","buildManufacturer":"Xiaomi","buildModel":"Redmi 3S","buildName":"Xiaomi","buildProduct":"land","buildRadioVersion":"vsakecjfmnwuppx","buildRelease":"5.0","buildSdk":"21","buildSerialno":"88be16b7","buildTags":"release-keys","buildType":"user","buildUser":"jenkins","buildUtc":1507065403410,"cellScan":[],"ci":0,"contacts":["奶奶,15702496373","姑妈,15003561395","外婆,13400684364","外公,13302427795","舅舅,18701597537","舅妈,18700410907","姨父,13901057559","姨娘,15307183892","亲爱的,13805401667","老弟,14708653914","老妹,13205525159","小明,13305758288","小李子,15708327057","韦佩佑,18700882460","Ronnie Nelson,18805716066","谈玉嘉,13005444797","万延超,15604690503","经胤艺,13403611221","Martin Russell,13404793354","慕容曜守,15103263790","杨年,15502690953","杨杏守,14704054959","Carlos Martin,14701468620","于任书,14706701061","袁虹情,18700487338","李香,13806796269","Don Robertson,13500740890","余易举,18904794257","路炎舒,18704428247","邢立雨,13803148664","Jesus Carroll,13901670160","顾炯余,18604845726","杨国,13505906097","井魁文,18702546194","Mark Watkins,14705521880","经闻野,15500455990","李欣,18601235254","余元雅,13206136927","Erin Williams,18604420379","昌艺兴,15207286526","明木炯,15205842112","于铜,13005190764","Debra Ward,13105121523","杨土,15102543354"],"cpuName":"Qualcomm Technologies, Inc MSM8937","densityDpi":560,"deviceId":"862751894366520","deviceSvn":"59","displayId":"land-user 5.0 LRX21M b0e4d44f release-keys","extraInfo":"cmwap","height":0,"hidePkgs":[],"hmNotes":"","hookPkgs":[],"lac":0,"latitude":30.5732451,"line1Number":"18380359164","longitude":103.7897009,"macAddress":"6f:b4:89:b9:76:e2","memAvailable":68232345,"memFree":136464692,"memTotal":204697037,"mnc":"00","networkClass":2,"networkCountryIso":"cn","networkOperator":"46002","networkOperatorName":"中国移动","networkType":8,"networkTypeName":"HSDPA","phoneType":1,"rgAndroid":"23","rgAreaode":"86","rgConNames":[],"rgCountry":"中国","rgDevice":"xiaomiRedmi 4X","rgIp":"119.4.254.19","rgLastLogin":1516014491453,"rgLocation":"四川省成都市 联通","rgNetType":"切换飞行模式","rgOrPhone":"18380359164","rgPhoneNo":"18380359164","rgServer":"飞行模式切换","rgTime":1516010940313,"rgVcode":"玉米(发码)","rgVersion":"1.6.3","rgWxError":"帐号状态异常，本次登录已失效。请尝试重新登录，并根据弹窗提示操作。","rgWxId":"wxid_9bfeeyx4l66p22","rgWxName":"王朔","rgWxPasswd":"Rmst@7890","rgWxStatus":"异常","rgWxWindows":"否","serialno":"88be16b7","simCountryIso":"cn","simOperator":"46002","simOperatorName":"中国移动","simSerialNumber":"8986029670615848154","simState":5,"subscriberId":"460024604227834","type":0,"typeName":"MOBILE","width":0,"wifiScan":["TP-LINK_1327,8c:76:80:05:69:16,[WPA2-PSK-CCMP][WPS][ESS],-86,2437,430212921","FAST_6e6205,53:06:56:5b:b9:48,[WPA-PSK-CCMP][WPA2-PSK-CCMP][WPS][ESS],-72,2412,378245838","MERCURY_2152ba,ee:4f:eb:5f:64:ff,[WPA-PSK-CCMP][WPA2-PSK-CCMP][WPS][ESS],-50,2462,724727964","Netcore_5386b9,61:4b:7f:05:46:48,[WPA2-PSK-CCMP][WPS][ESS],-78,2437,2269436069","MERCURY_dc0f2f,45:db:bb:ba:b3:68,[WPA2-PSK-CCMP][WPS][ESS],-89,2437,412285679","FAST_d1f42e,e6:52:a7:2d:c4:88,[WPA-PSK-CCMP][WPA2-PSK-CCMP][WPS][ESS],-71,2412,3230529711","MERCURY_baeda8,28:aa:15:b9:7f:fa,[WPA-PSK-CCMP][WPA2-PSK-CCMP][WPS][ESS],-74,2462,3298836725","Tenda_e10536,35:91:48:cf:b8:6d,[WPA-PSK-CCMP][WPA2-PSK-CCMP][ESS],-80,2422,1420034580"]}