{"BSSID":"da:16:ac:bd:3a:80","IpAddress":"10.3.13.165","P2p0Mac":"f0:73:46:10:4d:6f","SSID":"Netcore_82758d","androidId":"f6a2cdd7edeec6b1","batteryLevel":37,"btAddress":"52:61:f4:b1:f6:63","btName":"m3 note","buildAbi":"armeabi-v7a","buildAbi2":"armeabi","buildBoard":"su640","buildBrand":"Meizu","buildCodename":"REL","buildDescription":"m3note-user 5.0 LRX21M fecfa0d5 release-keys","buildDevice":"m3note","buildFingerprint":"Meizu/m3 note/m3note:5.0/LRX21M/fecfa0d5:user/release-keys","buildHardware":"qcom","buildHost":"SEP-68","buildId":"LRX21M","buildIncremental":"fecfa0d5","buildManufacturer":"Meizu","buildModel":"m3 note","buildName":"Meizu","buildProduct":"m3note","buildRadioVersion":"dfkbhoovizoee","buildRelease":"5.0","buildSdk":"21","buildSerialno":"192fbb92","buildTags":"release-keys","buildType":"user","buildUser":"Server","buildUtc":1515037198269,"cellScan":["61718,168052529","33045,21298","61705,21297","32836,27001","61705,41752"],"ci":21297,"contacts":["奶奶,15102464019","姑妈,18004832140","外婆,13801076863","外公,18006460002","舅舅,18600316393","舅妈,18606871259","姨父,18607163096","姨娘,15307937580","亲爱的,13700751568","老弟,18003684424","老妹,14708257456","小明,15000870569","小李子,15108703640","王铁祥,15603074929","Corey Brooks,15507002524","邱仁毅,13705443609","李仙,15702007279","项孝权,15903666397","Leslie Collins,15800348190","姜郡培,13608111824","诸葛稼商,18802373544","杨恺,18808406876","Wendy Powell,18806211713","李实熙,15302334151","俞密举,13203948659","甘航宣,18900034439","June Freeman,13303716876","王泰培,15004412518","沈硕平,18902238169","于联西,13602471047","Pauline Perkins,13505915251","钮谷精,15705273083","於森联,13905936983","李渠,18902047743","Ralph Wood,18904994400","井译然,15302303781","管嗣仙,18002653770","杨能添,18602511601","Teresa Riley,13100024615","樊佳永,13304107392","杨夜,15301512989"],"cpuName":"MT6750","densityDpi":320,"deviceId":"860442863755560","deviceSvn":"64","displayId":"m3note-user 5.0 LRX21M fecfa0d5 release-keys","extraInfo":"ctlte","height":0,"hidePkgs":[],"hmNotes":"","hookPkgs":[],"lac":61705,"latitude":30.7851687,"line1Number":"18380370642","longitude":103.9762306,"macAddress":"00:d7:57:1e:e8:17","memAvailable":701662948,"memFree":2104988845,"memTotal":2806651793,"mnc":"00","networkClass":1,"networkCountryIso":"cn","networkOperator":"46002","networkOperatorName":"中国移动","networkType":2,"networkTypeName":"EDGE","phoneType":1,"rgAndroid":"23","rgAreaode":"86","rgConNames":["上善若水","杨贵平"],"rgConsize":"2","rgCountry":"中国","rgDevice":"xiaomiRedmi 4X","rgIp":"119.4.252.65","rgLastLogin":1516420679581,"rgLocation":"四川省成都市 联通","rgNetType":"切换飞行模式","rgOrPhone":"18380370642","rgPhoneNo":"18380370642","rgServer":"飞行模式切换","rgTime":1516002699855,"rgVcode":"玉米(发码)","rgVersion":"1.6.3","rgWxEmail":"未绑定","rgWxError":"","rgWxId":"wxid_9ztm7lyarskg22","rgWxName":"杨贵平","rgWxNo":"未设置","rgWxPasswd":"Rmst@7890","rgWxQQ":"未绑定","rgWxStatus":"异常","rgWxWindows":"否","serialno":"192fbb92","simCountryIso":"cn","simOperator":"46002","simOperatorName":"中国移动","simSerialNumber":"8986027786254730445","simState":5,"subscriberId":"460022543884268","type":0,"typeName":"MOBILE","width":0,"wifiScan":["ChainaNet_1cb7,a8:ca:7b:2f:ee:9c,[WPA2-PSK-CCMP][ESS],-87,2437,399225813","Netcore_5598cb,a8:15:4d:f7:49:da,[WPA2-PSK-CCMP][ESS],-71,2412,242921902","MERCURY_264a,ec:26:ca:d4:8f:e6,[WPA2-PSK-CCMP][ESS],-92,2437,2793731267","Netcore_a98559,8c:f2:28:fa:24:04,[WPA2-PSK-CCMP][ESS],-71,2412,206727315","PHICOMM_d1f533,08:10:77:b0:15:35,[WPA-PSK-CCMP][WPA2-PSK-CCMP][ESS],-63,2462,231026876"]}