{"BSSID":"b6:3b:cc:c9:a2:ec","IpAddress":"192.168.46.172","P2p0Mac":"f0:9f:fc:14:6c:31","SSID":"MERCURY_d0531e","androidId":"e28ff891afca63e1","batteryLevel":77,"btAddress":"3e:32:3b:00:bb:b1","btName":"MX4","buildAbi":"armeabi-v7a","buildAbi2":"armeabi","buildBoard":"bullhead","buildBrand":"Meizu","buildCodename":"REL","buildDescription":"meizu_mx4-user 5.1.1 LMY48G 608c3254 release-keys","buildDevice":"mx4","buildFingerprint":"Meizu/MX4/mx4:5.1.1/LMY48G/608c3254:user/release-keys","buildHardware":"qcom","buildHost":"Android-server","buildId":"LMY48G","buildIncremental":"608c3254","buildManufacturer":"Meizu","buildModel":"MX4","buildName":"Meizu","buildProduct":"meizu_mx4","buildRadioVersion":"vzwfgpfalc","buildRelease":"5.1.1","buildSdk":"22","buildSerialno":"3070ce38","buildTags":"release-keys","buildType":"user","buildUser":"Server","buildUtc":1485709364222,"cellScan":[],"ci":0,"contacts":["奶奶,15601203367","姑妈,14700772196","外婆,14704720987","外公,18802252225","舅舅,18600123197","舅妈,15200905331","姨父,18802843800","姨娘,13002157986","亲爱的,18704676975","老弟,13303160299","老妹,18804055932","小明,18605890361","小李子,13490764869","余密演,13501399009","Tracy Brown,13905452105","贾如仙,15805382773","蓬骥节,15701311677","华航学,15203894720","Alexander Hughes,15204150847","张向,15104650062","钭昱庞,15205001337","陈泉,15100517572","Jane Hart,15904561878","杨野,13004126458","时森砚,13406547430","乐露霖,13501093107","Anthony Hayes,13902785716","吴烈,18803811296","庞耀联,13490014638","江微梦,15303160883","Tyler Watson,15306091077","殷情西,13700600846","于力,13200217255","罗译遇,14703323512","Ruby Rogers,18704447891","王可铭,13102311677","陈观雅,13002359048","高屏琦,18804415897","Connie Sanchez,18705240077","杨世校,15702803200"],"cpuName":"MT6595","densityDpi":320,"deviceId":"865592770144426","deviceSvn":"69","displayId":"meizu_mx4-user 5.1.1 LMY48G 608c3254 release-keys","extraInfo":"MERCURY_d0531e","height":0,"hidePkgs":[],"hmNotes":"","hookPkgs":[],"lac":0,"latitude":30.7727438,"line1Number":"18380367412","longitude":103.9395019,"macAddress":"b7:3d:73:f4:56:6b","memAvailable":31488420,"memFree":62976841,"memTotal":94465261,"mnc":"00","networkClass":2,"networkCountryIso":"cn","networkOperator":"46007","networkOperatorName":"中国移动","networkType":17,"networkTypeName":"TD_SCDMA","phoneType":1,"rgAndroid":"23","rgAreaode":"86","rgConNames":[],"rgCountry":"中国","rgDevice":"xiaomiRedmi 4X","rgIp":"119.4.253.95","rgLastLogin":1516014355629,"rgLocation":"四川省成都市 联通","rgNetType":"切换飞行模式","rgOrPhone":"18380367412","rgPhoneNo":"18380367412","rgServer":"飞行模式切换","rgTime":1516009288059,"rgVcode":"玉米(发码)","rgVersion":"1.6.3","rgWxError":"帐号状态异常，本次登录已失效。请尝试重新登录，并根据弹窗提示操作。","rgWxName":"余思","rgWxPasswd":"Rmst@7890","rgWxStatus":"异常","rgWxWindows":"否","serialno":"3070ce38","simCountryIso":"cn","simOperator":"46007","simOperatorName":"中国移动","simSerialNumber":"8986006431947253931","simState":5,"subscriberId":"460072979177403","type":1,"typeName":"WIFI","width":0,"wifiScan":["MERCURY_0436b8,51:f0:6a:1d:48:12,[WPA2-PSK-CCMP][WPS][ESS],-83,2412,904627730","Netcore_49b769,29:cf:e5:df:c8:f2,[WPA-PSK-CCMP][WPA2-PSK-CCMP][ESS],-81,2427,2694238111","MERCURY_475a96,91:1f:72:04:33:72,[WPA2-PSK-CCMP][WPS][ESS],-88,2462,3731127702","Netcore_8bafda,a8:ef:28:32:71:42,[WPA2-PSK-CCMP][WPS][ESS],-94,2437,486645246","PHICOMM_fe2142,cf:ca:8d:a6:64:74,[WPA-PSK-CCMP][WPA2-PSK-CCMP][WPS][ESS],-60,2412,325255200","TP-LINK_6b8548,3b:64:38:9c:f5:f3,[WPA2-PSK-CCMP][ESS],-79,2442,292771750"]}