{"BSSID":"cd:9f:c2:17:77:2d","IpAddress":"192.168.3.194","P2p0Mac":"60:03:23:37:05:75","SSID":"TP-LINK_8b376b","androidId":"6f741ecdb3e95183","batteryLevel":80,"btAddress":"04:e3:df:5d:1b:3a","btName":"8675-HD","buildAbi":"armeabi-v7a","buildAbi2":"armeabi","buildBoard":"piranha","buildBrand":"Coolpad","buildCodename":"REL","buildDescription":"8675-HD-user 5.1.1 LMY48G a0728a7d release-keys","buildDevice":"8675-HD","buildFingerprint":"Coolpad/8675-HD/8675-HD:5.1.1/LMY48G/a0728a7d:user/release-keys","buildHardware":"qcom","buildHost":"zc-miui-ota-bd39.bj","buildId":"LMY48G","buildIncremental":"a0728a7d","buildManufacturer":"Coolpad","buildModel":"8675-HD","buildName":"Coolpad","buildProduct":"8675-HD","buildRadioVersion":"yilwqlxxv","buildRelease":"5.1.1","buildSdk":"22","buildSerialno":"f924cb9c","buildTags":"release-keys","buildType":"user","buildUser":"Server","buildUtc":1494033893148,"cellScan":[],"ci":0,"contacts":["奶奶,13606012599","姑妈,18902040786","外婆,18006198298","外公,13490753117","舅舅,13002007640","舅妈,18902777297","姨父,13508350157","姨娘,15104053740","亲爱的,15106147205","老弟,18803292349","老妹,15203862431","小明,13901214259","小李子,15607321030","唐雄玺,15507296276","Victor Palmer,15505831805","伊璞异,13907185269","谈岳遇,14701584015","许木新,15604768637","Ray Williams,13201250491","杨图军,14707343181","段君梁,18806002004","暴卫全,13802682359","Antonio Ruiz,13803292280","杨锐佩,15102040732","杨向俊,13505665640","王权嗣,18007834624","Mildred Alexander,13490028216","余可译,15003725480","于吉,13406001985","王心梦,15003375672","Vincent Bailey,15002072046","严倩冠,15508568694","贝华信,18603848436","伊嘉景,13006241721","Kyle Anderson,15606350829","杨寿素,18806278966","东方璎荣,15800858168","罗艺耀,13607675700","Tim Weaver,13506893008","宗桂齐,13604237627"],"cpuName":"MT6592","densityDpi":480,"deviceId":"867624187311377","deviceSvn":"86","displayId":"8675-HD-user 5.1.1 LMY48G a0728a7d release-keys","extraInfo":"TP-LINK_8b376b","height":0,"hidePkgs":[],"hmNotes":"","hookPkgs":[],"lac":0,"latitude":30.4800159,"line1Number":"18101721745","longitude":104.2090266,"macAddress":"33:6b:b1:5e:6d:bc","memAvailable":701711295,"memFree":2105133887,"memTotal":2806845182,"mnc":"03","networkClass":2,"networkCountryIso":"cn","networkOperator":"46003","networkOperatorName":"中国电信","networkType":5,"networkTypeName":"CDMA - EvDo rev. 0","phoneType":2,"rgAndroid":"23","rgAreaode":"86","rgConNames":["秋菁熙"],"rgConsize":"1","rgCountry":"中国","rgDevice":"xiaomiRedmi 4X","rgIp":"119.4.255.153","rgLastLogin":1516243076941,"rgLocation":"四川省成都市 联通","rgNetType":"切换飞行模式","rgOrPhone":"18101721745","rgPhoneNo":"18101721745","rgServer":"飞行模式切换","rgTime":1515396260345,"rgVcode":"尚一品(发码)","rgVersion":"1.6.0","rgWxEmail":"未绑定","rgWxError":"该微信帐号因批量或者使用非法软件注册被限制登录，如需继续使用，请轻触“确定”申请解除限制。","rgWxName":"秋菁熙","rgWxNo":"未设置","rgWxPasswd":"Rmst@7890","rgWxQQ":"未绑定","rgWxStatus":"异常","rgWxWindows":"否","serialno":"f924cb9c","simCountryIso":"cn","simOperator":"46003","simOperatorName":"中国电信","simSerialNumber":"8986069724619339603","simState":5,"subscriberId":"460033545128162","type":1,"typeName":"WIFI","width":0,"wifiScan":["ChainaNet_9cfe,33:da:54:6f:7d:d2,[WPA-PSK-CCMP][WPA2-PSK-CCMP][WPS][ESS],-55,2412,492242328","TP-LINK_7bfd10,ef:c8:9f:42:32:44,[WPA-PSK-TKIP+CCMP][WPA2-PSK-TKIP+CCMP][WPS][ESS],-74,2412,2438028806","FAST_dbf437,34:dd:32:2e:7a:db,[WPA-PSK-CCMP][WPA2-PSK-CCMP][ESS],-76,2412,2645637587","Netcore_0f3254,02:f2:1d:0c:25:30,[WPA-PSK-CCMP][WPA2-PSK-CCMP][ESS],-73,2412,439936669","TP-LINK_fe2ec0,03:c3:2a:7e:1d:34,[WPA2-PSK-CCMP][WPS][ESS],-88,2427,1954229327","Netcore_a6a9eb,1b:e3:5b:89:b3:41,[WPA-PSK-CCMP][WPA2-PSK-CCMP][WPS][ESS],-81,2412,309782266"]}