{"BSSID":"6b:04:91:56:d7:5a","IpAddress":"10.89.50.182","P2p0Mac":"0a:bd:d8:d7:85:65","SSID":"TP-LINK_732648","androidId":"52ea8c5f278e2984","batteryLevel":67,"btAddress":"31:a3:f8:52:6f:6d","btName":"vivo X9","buildAbi":"armeabi-v7a","buildAbi2":"armeabi","buildBoard":"MSM8974","buildBrand":"vivo","buildCodename":"REL","buildDescription":"PD1616-user 5.0 LRX21M d35d93b8 release-keys","buildDevice":"PD1616","buildFingerprint":"vivo/vivo X9/PD1616:5.0/LRX21M/d35d93b8:user/release-keys","buildHardware":"qcom","buildHost":"huawei-server-05","buildId":"LRX21M","buildIncremental":"d35d93b8","buildManufacturer":"vivo","buildModel":"vivo X9","buildName":"vivo","buildProduct":"PD1616","buildRadioVersion":"gldcqmrmrcl","buildRelease":"5.0","buildSdk":"21","buildSerialno":"ad703058","buildTags":"release-keys","buildType":"user","buildUser":"buildHost","buildUtc":1497000762612,"cellScan":[],"ci":0,"contacts":["奶奶,15102049011","姑妈,15707408442","外婆,15903802010","外公,15001387002","舅舅,18605623051","舅妈,13001362401","姨父,18900328338","姨娘,13508793459","亲爱的,13606753144","老弟,13905455510","老妹,13508392546","小明,15701787308","小李子,14700448378","王奎,15008341803","Sherry Stephens,15901713962","吴实,13490217761","吴适雪,13206615395","郁涂室,18600901664","Esther Dunn,13101795968","卢欢由,18601523583","吴虹陵,13307425316","刘罗蔚,15606604065","Jeanne Richardson,13003286095","李宫,15603933175","于岩印,13002346842","吴雅权,18704016972","Gordon Payne,15704124705","谈泉翔,18703432839","夏谦锐,18801038749","杨怒,13202496063","Carolyn Knight,15604817714","崔会珀,13706377222","滕熙嘉,15805325213","余荣阳,18903828916","Shane Chavez,18904543450","秋克亚,13490695866","赵虹,18003125205","奚瑕渠,15802865667","Martin Green,15002451130","宋玮瑛,13208816409","荣仕相,13802261096"],"cpuName":"Qualcomm Technologies, Inc MSM8953","densityDpi":560,"deviceId":"867087786719061","deviceSvn":"75","displayId":"PD1616-user 5.0 LRX21M d35d93b8 release-keys","extraInfo":"3gnet","height":0,"hidePkgs":[],"hmNotes":"","hookPkgs":[],"lac":0,"latitude":30.798227,"line1Number":"18101860436","longitude":104.1703832,"macAddress":"9f:58:b0:77:99:a5","memAvailable":51247494,"memFree":153742484,"memTotal":204989978,"mnc":"03","networkClass":2,"networkCountryIso":"cn","networkOperator":"46003","networkOperatorName":"中国电信","networkType":6,"networkTypeName":"CDMA - EvDo rev. A","phoneType":2,"rgAndroid":"23","rgAreaode":"86","rgConNames":["李宇"],"rgConsize":"1","rgCountry":"中国","rgDevice":"xiaomiRedmi 4X","rgIp":"119.4.254.69","rgLastLogin":1516245340134,"rgLocation":"四川省成都市 联通","rgNetType":"切换飞行模式","rgOrPhone":"18101860436","rgPhoneNo":"18101860436","rgServer":"飞行模式切换","rgTime":1515396485548,"rgVcode":"尚一品(发码)","rgVersion":"1.6.0","rgWxEmail":"未绑定","rgWxError":"该微信帐号因批量或者使用非法软件注册被限制登录，如需继续使用，请轻触“确定”申请解除限制。","rgWxName":"李宇","rgWxNo":"未设置","rgWxPasswd":"Rmst@7890","rgWxQQ":"未绑定","rgWxStatus":"异常","rgWxWindows":"否","serialno":"ad703058","simCountryIso":"cn","simOperator":"46003","simOperatorName":"中国电信","simSerialNumber":"8986114553818665901","simState":5,"subscriberId":"460033823085326","type":0,"typeName":"MOBILE","width":0,"wifiScan":["TP-LINK_869ed8,05:d5:32:11:b1:b2,[WPA-PSK-CCMP][WPA2-PSK-CCMP][WPS][ESS],-80,2412,912432126","Netcore_436598,9e:81:28:f6:ea:5b,[WPA-PSK-CCMP][WPA2-PSK-CCMP][WPS][ESS],-82,2442,2382233213","Tenda_c87d03,cd:7e:e4:5f:6f:ed,[WPA2-PSK-CCMP][WPS][ESS],-52,2462,299415040","MERCURY_d20487,dc:ab:ca:3b:f3:c8,[WPA-PSK-CCMP][WPA2-PSK-CCMP][WPS][ESS],-84,2462,2389735844","MERCURY_265154,04:5b:3c:39:ab:78,[WPA-PSK-CCMP][WPA2-PSK-CCMP][WPS][ESS],-74,2427,1874037338"]}