{"BSSID":"df:e5:70:df:8e:bd","IpAddress":"10.31.48.150","P2p0Mac":"c5:2b:3f:51:54:dc","SSID":"ChainaNet_7bae","androidId":"97dd0036efd06931","batteryLevel":82,"btAddress":"50:6d:be:16:c6:4c","btName":"vivo V3","buildAbi":"armeabi-v7a","buildAbi2":"armeabi","buildBoard":"MSM8660_SURF","buildBrand":"vivo","buildCodename":"REL","buildDescription":"PD1524-user 6.0.1 MMB29T 9b439486 release-keys","buildDevice":"PD1524","buildFingerprint":"vivo/vivo V3/PD1524:6.0.1/MMB29T/9b439486:user/release-keys","buildHardware":"qcom","buildHost":"mz-buider-4","buildId":"MMB29T","buildIncremental":"9b439486","buildManufacturer":"vivo","buildModel":"vivo V3","buildName":"vivo","buildProduct":"PD1524","buildRadioVersion":"zwiaeozq","buildRelease":"6.0.1","buildSdk":"23","buildSerialno":"473d2d62","buildTags":"release-keys","buildType":"user","buildUser":"android","buildUtc":1451832540814,"cellScan":[],"ci":0,"contacts":["奶奶,13104278377","姑妈,18903838620","外婆,13908100416","外公,13707857336","舅舅,18800638363","舅妈,13107848794","姨父,15700506072","姨娘,13501673677","亲爱的,18905632352","老弟,15803232368","老妹,13401074821","小明,14704595653","小李子,13605236613","羿新土,13306581499","Warren Stephens,13303791412","家珊宣,13501793040","于河泉,15007462444","杨念界,18904697172","Beth Cooper,15306227326","李进畏,13507763462","汤佳钰,14705291338","牧苡坚,15205880720","Anna Smith,15100833820","束誓稼,18806445663","余影商,13506763237","陈玉,13101885317","Ramon Roberts,13203067308","余许妙,15606623182","祖朋铜,13507637092","张奇洋,18606833103","Keith Armstrong,13200373470","夏侯瑛伊,15806804553","王时,13201394535","谢悠铜,13101081808","Ricky Young,15605847405","杨屏,18907985042","于秀齐,15602903701","余薇,15206557380","Alfred Ross,13407886008","于骥,15002623202","贺仪惠,15705567519","李景,13508093427","Derrick Coleman,13902960509","于菁让,18600460209","严昆念,18902627697","欧阳仁幸,18706065150","Derek Duncan,18806691454","封超阁,15806066386","杨平义,13201278907"],"cpuName":"Qualcomm Technologies, Inc MSM8939","densityDpi":560,"deviceId":"862581234523476","deviceSvn":"33","displayId":"PD1524-user 6.0.1 MMB29T 9b439486 release-keys","extraInfo":"3gnet","height":0,"hidePkgs":[],"hmNotes":"","hookPkgs":[],"lac":0,"latitude":30.4142065,"line1Number":"18101792943","longitude":104.3546721,"macAddress":"3e:70:b9:a7:ca:74","memAvailable":23518518,"memFree":70555557,"memTotal":94074075,"mnc":"03","networkClass":2,"networkCountryIso":"cn","networkOperator":"46003","networkOperatorName":"中国电信","networkType":6,"networkTypeName":"CDMA - EvDo rev. A","phoneType":2,"rgAndroid":"23","rgAreaode":"86","rgConNames":["黄誓菁"],"rgConsize":"1","rgCountry":"中国","rgDevice":"xiaomiRedmi 4X","rgIp":"119.4.255.51","rgLastLogin":1516243391155,"rgLocation":"四川省成都市 联通","rgNetType":"切换飞行模式","rgOrPhone":"18101792943","rgPhoneNo":"18101792943","rgServer":"飞行模式切换","rgTime":1515403717353,"rgVcode":"尚一品(发码)","rgVersion":"1.6.0","rgWxEmail":"未绑定","rgWxError":"该微信帐号因批量或者使用非法软件注册被限制登录，如需继续使用，请轻触“确定”申请解除限制。","rgWxName":"黄誓菁","rgWxNo":"未设置","rgWxPasswd":"Rmst@7890","rgWxQQ":"未绑定","rgWxStatus":"异常","rgWxWindows":"否","serialno":"473d2d62","simCountryIso":"cn","simOperator":"46003","simOperatorName":"中国电信","simSerialNumber":"8986066687632751935","simState":5,"subscriberId":"460039213283982","type":0,"typeName":"MOBILE","width":0,"wifiScan":["MERCURY_f27487,28:99:80:94:8b:2d,[WPA2-PSK-CCMP][ESS],-91,2412,351424905","Netcore_be10db,52:76:ba:e3:b9:e6,[WPA-PSK-CCMP][WPA2-PSK-CCMP][WPS][ESS],-71,2452,2624232876","iTV-fbae,b9:5e:e6:47:39:63,[WPA2-PSK-CCMP][WPS][ESS],-74,2437,354393682","Netcore_fe3269,10:96:11:fd:76:82,[WPA-PSK-CCMP][WPA2-PSK-CCMP][ESS],-92,2447,2136032493","TP-LINK_97cbec,5c:d2:d4:4c:9e:9c,[WPA2-PSK-CCMP][ESS],-87,2412,2097332551"]}