{"BSSID":"df:aa:3b:82:2c:11","IpAddress":"10.44.94.133","P2p0Mac":"66:05:07:93:e1:a8","SSID":"Netcore_ea9dcf","androidId":"87ae310b7af3fb9e","batteryLevel":45,"btAddress":"f4:36:b4:0a:7d:53","btName":"OPPO R9tm","buildAbi":"armeabi-v7a","buildAbi2":"armeabi","buildBoard":"cardhu","buildBrand":"OPPO","buildCodename":"REL","buildDescription":"R9tm-user 5.0 LRX21M d8e8dbc3 release-keys","buildDevice":"R9","buildFingerprint":"OPPO/OPPO R9tm/R9:5.0/LRX21M/d8e8dbc3:user/release-keys","buildHardware":"qcom","buildHost":"taishan","buildId":"LRX21M","buildIncremental":"d8e8dbc3","buildManufacturer":"OPPO","buildModel":"OPPO R9tm","buildName":"OPPO","buildProduct":"R9tm","buildRadioVersion":"ciwrmauic","buildRelease":"5.0","buildSdk":"21","buildSerialno":"c4838b91","buildTags":"release-keys","buildType":"user","buildUser":"lgmobile","buildUtc":1479119369650,"cellScan":[],"ci":0,"contacts":["奶奶,18602282538","姑妈,15503128125","外婆,13008712429","外公,13490263157","舅舅,13307998299","舅妈,13707553344","姨父,15207237715","姨娘,18902074057","亲爱的,13500073402","老弟,13908203130","老妹,15605008896","小明,13904702062","小李子,18800943604","杨佩会,15100750864","Glenn Jenkins,15807920145","于衔灵,15200364327","单魁怒,13101276105","杨团,18808052465","Jimmy Bryant,15703896043","束屏吉,18008764207","李声,13005802848","吴广保,15103268080","Earl Howard,15202105674","杨雪恒,13108246743","卫茜,15700946529","巫瑟伟,13705792974","Shawn Lopez,13505381839","杨彤,15304811117","吴桂启,15303030960","上官炎怒,18903072278","Sandra Sims,15300110670","席旭瑞,18706178006","刁绣律,14707870499","陈儒宇,18808576941","Jill Henderson,18700279060","司徒克业,13208641879","宫由筱,18803728051","王寅禄,15001857103","Victor Murphy,15002311766","于由勋,15306235997","凌韶适,13104445462","段奇立,13001916850","Leslie Wood,18603431240","杨权,18808623168","杨竞奇,18808456374","姜石甲,13400584680","Gilbert Ortiz,15103702985"],"cpuName":"MT6755","densityDpi":320,"deviceId":"861421081169084","deviceSvn":"64","displayId":"R9tm-user 5.0 LRX21M d8e8dbc3 release-keys","extraInfo":"3gwap","height":0,"hidePkgs":[],"hmNotes":"","hookPkgs":[],"lac":0,"latitude":30.4459595,"line1Number":"18116142041","longitude":104.2715151,"macAddress":"03:1c:f3:fd:92:bc","memAvailable":5479756954,"memFree":10959513908,"memTotal":16439270862,"mnc":"03","networkClass":3,"networkCountryIso":"cn","networkOperator":"46003","networkOperatorName":"中国电信","networkType":13,"networkTypeName":"LTE","phoneType":2,"rgAndroid":"23","rgAreaode":"86","rgConNames":["姚松雅"],"rgConsize":"1","rgCountry":"中国","rgDevice":"xiaomiRedmi 4X","rgIp":"119.4.255.40","rgLastLogin":1516243437159,"rgLocation":"四川省成都市 联通","rgNetType":"切换飞行模式","rgOrPhone":"18116142041","rgPhoneNo":"18116142041","rgServer":"飞行模式切换","rgTime":1515405499190,"rgVcode":"尚一品(发码)","rgVersion":"1.6.0","rgWxEmail":"未绑定","rgWxError":"该微信帐号因批量或者使用非法软件注册被限制登录，如需继续使用，请轻触“确定”申请解除限制。","rgWxName":"姚松雅","rgWxNo":"未设置","rgWxPasswd":"Rmst@7890","rgWxQQ":"未绑定","rgWxStatus":"异常","rgWxWindows":"否","serialno":"c4838b91","simCountryIso":"cn","simOperator":"46003","simOperatorName":"中国电信","simSerialNumber":"8986065609963257000","simState":5,"subscriberId":"460037250811437","type":0,"typeName":"MOBILE","width":0,"wifiScan":["MERCURY_1597ba,8b:17:d3:f1:49:78,[WPA2-PSK-CCMP][ESS],-73,2427,1760632062","TP-LINK_8cbfeb,3e:7d:86:4d:9c:91,[WPA-PSK-CCMP][WPA2-PSK-CCMP][ESS],-88,2447,1457735028","TP-LINK_4385a8,e1:1c:f8:1a:83:88,[WPA2-PSK-CCMP][ESS],-79,2462,1029232464","ChainaNet_98cb,5b:15:91:48:62:f8,[WPA2-PSK-CCMP][WPS][ESS],-81,2437,252583646","FAST_d10548,24:f2:d3:58:2c:78,[WPA-PSK-CCMP][WPA2-PSK-CCMP][ESS],-94,2457,370262752"]}