{"BSSID":"5f:31:52:00:ea:48","IpAddress":"10.48.97.244","P2p0Mac":"b7:cd:b4:92:3b:bb","SSID":"FAST_fbe205","androidId":"958195164e53656c","batteryLevel":80,"btAddress":"56:dc:e5:61:4f:39","btName":"vivo V3","buildAbi":"armeabi-v7a","buildAbi2":"armeabi","buildBoard":"MSM8226","buildBrand":"vivo","buildCodename":"REL","buildDescription":"PD1524-user 5.1.1 LMY48G 49b30cd9 release-keys","buildDevice":"PD1524","buildFingerprint":"vivo/vivo V3/PD1524:5.1.1/LMY48G/49b30cd9:user/release-keys","buildHardware":"qcom","buildHost":"zc-miui-ota-bd39.bj","buildId":"LMY48G","buildIncremental":"49b30cd9","buildManufacturer":"vivo","buildModel":"vivo V3","buildName":"vivo","buildProduct":"PD1524","buildRadioVersion":"umnnrkjtjgvefkjt","buildRelease":"5.1.1","buildSdk":"22","buildSerialno":"59a7497d","buildTags":"release-keys","buildType":"user","buildUser":"lgmobile","buildUtc":1451784427964,"cellScan":["61721,169453372","33306,22135","33306,57124","61729,169450112","33306,96751489"],"ci":22135,"contacts":["奶奶,13307167609","姑妈,13700118360","外婆,13401622411","外公,15602732827","舅舅,13204216186","舅妈,13108713220","姨父,13200353298","姨娘,14706805978","亲爱的,15608807547","老弟,18003744120","老妹,15006214747","小明,13003115066","小李子,13408657242","巴仙吉,18702662334","Anna Simmons,14701446738","杨善,13404143123","经鹏密,15806167630","余古雍,15900768925","Alex Fisher,13400900911","张浩曜,13107081193","余英,13300262643","陈裕,15206446180","Gene Jackson,13403163430","麻节译,15205637074","孙先三,15008180871","张设永,13907612078","Jimmy Weaver,13504902796","顾青俊,13405815339","于鹏,18806028672","杨慎余,13103945626","Valerie Gomez,13208403934","吴勇卿,18905814154","隗绣午,13402530417","张玉能,15205453624","Frederick Marshall,15001095908","杨颂敬,13502245544","项津鹏,18704288613","甄经媛,18003192153","Julia Rogers,13303787064","杨洋,13703438131","谢遇烁,15104710456"],"cpuName":"Qualcomm Technologies, Inc MSM8939","densityDpi":240,"deviceId":"863315144534110","deviceSvn":"59","displayId":"PD1524-user 5.1.1 LMY48G 49b30cd9 release-keys","extraInfo":"3gwap","height":0,"hidePkgs":[],"hmNotes":"","hookPkgs":[],"lac":33306,"latitude":30.7614171,"line1Number":"18121136430","longitude":103.9001401,"macAddress":"db:ba:4e:57:72:69","memAvailable":935522921,"memFree":1871045843,"memTotal":2806568764,"mnc":"03","networkClass":2,"networkCountryIso":"cn","networkOperator":"46003","networkOperatorName":"中国电信","networkType":5,"networkTypeName":"CDMA - EvDo rev. 0","phoneType":2,"rgAndroid":"23","rgAreaode":"86","rgBackupPath":"/storage/emulated/0/.money/backup/20180108/18121136430_20180108.db","rgConNames":[],"rgCountry":"中国","rgDevice":"xiaomiRedmi 4X","rgIp":"101.206.166.156","rgLastLogin":1515464100864,"rgLocation":"四川省 联通","rgNetType":"切换飞行模式","rgOrPhone":"18121136430","rgPhoneNo":"18121136430","rgServer":"飞行模式切换","rgTime":1515401604413,"rgVcode":"尚一品(发码)","rgVersion":"1.6.0","rgWxError":"帐号状态异常，本次登录已失效。请尝试重新登录，并根据弹窗提示操作。","rgWxName":"虞炎虹","rgWxPasswd":"Rmst@7890","rgWxStatus":"异常","rgWxWindows":"否","serialno":"59a7497d","simCountryIso":"cn","simOperator":"46003","simOperatorName":"中国电信","simSerialNumber":"8986066062535103915","simState":5,"subscriberId":"460035205626732","type":0,"typeName":"MOBILE","width":0,"wifiScan":["Tenda_7c0faa,14:e6:e4:f0:1c:08,[WPA2-PSK-CCMP][WPS][ESS],-74,2412,1194528414","MERCURY_e210,00:6a:3f:32:13:a3,[WPA2-PSK-CCMP][ESS],-55,2462,615829926","MERCURY_ebb0,74:e5:0b:53:38:05,[WPA2-PSK-CCMP][WPS][ESS],-78,2417,478555134","PHICOMM_0fe354,28:2c:b2:71:c1:8c,[WPA2-PSK-CCMP][WPS][ESS],-78,2437,395898427","Netcore_fe3215,48:8a:d2:2f:b9:eb,[WPA-PSK-CCMP][WPA2-PSK-CCMP][ESS],-76,2412,476933656"]}