{"BSSID":"ea:c4:82:30:50:13","IpAddress":"10.19.46.9","P2p0Mac":"3e:d7:c1:75:57:e4","SSID":"PHICOMM_f30dc0","androidId":"8f675c395195a2fa","batteryLevel":44,"btAddress":"93:b9:f8:43:ba:35","btName":"MX4 Pro","buildAbi":"armeabi-v7a","buildAbi2":"armeabi","buildBoard":"APQ8084","buildBrand":"Meizu","buildCodename":"REL","buildDescription":"meizu_mx4pro-user 7.1.2 NMF26Q 101dd56b release-keys","buildDevice":"mx4pro","buildFingerprint":"Meizu/MX4 Pro/mx4pro:7.1.2/NMF26Q/101dd56b:user/release-keys","buildHardware":"qcom","buildHost":"zc-miui-ota-bd39.bj","buildId":"NMF26Q","buildIncremental":"101dd56b","buildManufacturer":"Meizu","buildModel":"MX4 Pro","buildName":"Meizu","buildProduct":"meizu_mx4pro","buildRadioVersion":"iunlsetmtgvxp","buildRelease":"7.1.2","buildSdk":"25","buildSerialno":"36dd00a1","buildTags":"release-keys","buildType":"user","buildUser":"MarkBuild","buildUtc":1490093468469,"cellScan":["33243,51621","33256,258873731","33256,32131","33256,258873730","33262,2475"],"ci":258873731,"contacts":["奶奶,13906243215","姑妈,18006643613","外婆,15702527442","外公,18908644152","舅舅,13906953404","舅妈,18802341126","姨父,15506410467","姨娘,13602930037","亲爱的,15801953223","老弟,13801894592","老妹,15806235439","小明,18702761956","小李子,18008754099","季勇律,13907541946","Albert Rogers,13505465576","陶怡盈,13001778603","陈欣添,13101098560","廉锐岁,13805612259","Kathryn Alexander,13503012715","吴齐,18604404329","王西,13506484397","龚卫享,18603132710","Helen Warren,13007121000","余雪嘉,15808228560","王佳若,13708797941","杨奇雨,13905468994","Herbert Riley,13704362415","李曜,15905933998","杨万,13305441258","靳铜杏,13802914974","Alex Olson,13502774545","吉商培,18005280535","荀善效,15608680180","茅铁胜,18006328273","Danny Gordon,13490607481","欧阳曜郡,15501417606","阮银耀,13804989051","羊菁宏,13708290362","Beatrice Collins,13507198966","仇炯玉,15508090495","李舒青,13490508398","傅全烁,13004895774","Glenn Fisher,15604960287","杨梁石,15307382946","李万,18702942418","鲍炯佳,13807212366","Alma Owens,13506447117","于岩炎,13003650801"],"cpuName":"M76","densityDpi":240,"deviceId":"861080091127316","deviceSvn":"25","displayId":"meizu_mx4pro-user 7.1.2 NMF26Q 101dd56b release-keys","extraInfo":"3gnet","height":0,"hidePkgs":[],"hmNotes":"","hookPkgs":[],"lac":33256,"latitude":30.4059399,"line1Number":"18121072417","longitude":104.3589431,"macAddress":"bb:a0:05:ce:56:e8","memAvailable":129055114,"memFree":387165345,"memTotal":516220459,"mnc":"03","networkClass":3,"networkCountryIso":"cn","networkOperator":"46003","networkOperatorName":"中国电信","networkType":13,"networkTypeName":"LTE","phoneType":2,"rgAndroid":"23","rgAreaode":"86","rgConNames":["庞仕由"],"rgConsize":"1","rgCountry":"中国","rgDevice":"xiaomiRedmi 4X","rgIp":"101.206.166.28","rgLastLogin":1516243204991,"rgLocation":"四川省 联通","rgNetType":"切换飞行模式","rgOrPhone":"18121072417","rgPhoneNo":"18121072417","rgServer":"飞行模式切换","rgTime":1515397473168,"rgVcode":"尚一品(发码)","rgVersion":"1.6.0","rgWxEmail":"未绑定","rgWxError":"该微信帐号因批量或者使用非法软件注册被限制登录，如需继续使用，请轻触“确定”申请解除限制。","rgWxName":"庞仕由","rgWxNo":"未设置","rgWxPasswd":"Rmst@7890","rgWxQQ":"未绑定","rgWxStatus":"异常","rgWxWindows":"否","serialno":"36dd00a1","simCountryIso":"cn","simOperator":"46003","simOperatorName":"中国电信","simSerialNumber":"898530764842802683828","simState":5,"subscriberId":"460038988297645","type":0,"typeName":"MOBILE","width":0,"wifiScan":["Tenda_96b886,00:5a:39:02:6c:a0,[WPA-PSK-CCMP][WPA2-PSK-CCMP][WPS][ESS],-81,2412,3531929083","MERCURY_104863,a8:ca:7b:2e:20:40,[WPA-PSK-CCMP][WPA2-PSK-CCMP][WPS][ESS],-81,2437,275585615","Netcore_b426a9,44:33:4c:f9:08:c0,[WPA-PSK-CCMP][WPA2-PSK-CCMP][WPS][ESS],-68,2472,1065132453","FAST_b0d2ec,ec:38:8f:bb:60:74,[WPA2-PSK-CCMP][ESS],-76,2412,359131913","Tenda_c0f3fe,d8:15:0d:43:fa:0c,[WPA2-PSK-CCMP][WPS][ESS],-93,2412,375834856"]}