{"BSSID":"7b:50:0c:e7:55:0d","IpAddress":"10.28.46.18","P2p0Mac":"85:75:55:44:b2:86","SSID":"Netcore_8a6497","androidId":"20de5833bf8e3334","batteryLevel":67,"btAddress":"32:be:75:f0:d8:82","btName":"MI 2SC","buildAbi":"armeabi-v7a","buildAbi2":"armeabi","buildBoard":"w5","buildBrand":"Xiaomi","buildCodename":"REL","buildDescription":"aries-user 7.1.2 NMF26Q a7acccdf release-keys","buildDevice":"aries","buildFingerprint":"Xiaomi/MI 2SC/aries:7.1.2/NMF26Q/a7acccdf:user/release-keys","buildHardware":"qcom","buildHost":"qh-miui-ota-bd51","buildId":"NMF26Q","buildIncremental":"a7acccdf","buildManufacturer":"Xiaomi","buildModel":"MI 2SC","buildName":"Xiaomi","buildProduct":"aries","buildRadioVersion":"mgoqioqzynctoj","buildRelease":"7.1.2","buildSdk":"25","buildSerialno":"622beb2a","buildTags":"release-keys","buildType":"user","buildUser":"MarkBuild","buildUtc":1467892941329,"cellScan":[],"ci":0,"contacts":["奶奶,15203903705","姑妈,13300940475","外婆,18605341916","外公,13206712981","舅舅,18004632041","舅妈,18901170039","姨父,15904317771","姨娘,18606135604","亲爱的,13802368494","老弟,15103566813","老妹,13108538395","小明,13490480664","小李子,14708031686","孙乐岁,15704366310","Dana Baker,15704456387","于谷乐,13490464698","刁超筱,13004466699","杨钰烁,13900957090","Luis Chavez,13801041805","费遇炎,15203245626","李况业,13504707124","吴延,13108828484","Carolyn Bennett,15603020547","张勇,15708006346","张万乐,13003733858","杨坚,13602468935","Josephine Elliott,13804746870","杨湘魄,13603522578","余宽,18902922324","邬海镜,14704673988","Irene Hunt,15705252359","李观石,13403577296","左青儒,13607634990","韦楷麟,13204875800","Bruce Long,15604896107","吴岭魁,18801995361","谷颖业,15005347841","杨许,15800081064","Marion Sanders,13408537418","陆适诗,13704613224","詹心景,14706235102","杨璐怒,13808482399","Anne Smith,13800362796"],"cpuName":"MI 2","densityDpi":240,"deviceId":"860080813564037","deviceSvn":"43","displayId":"aries-user 7.1.2 NMF26Q a7acccdf release-keys","extraInfo":"cmwap","height":0,"hidePkgs":[],"hmNotes":"","hookPkgs":[],"lac":0,"latitude":30.6998898,"line1Number":"18121057649","longitude":104.1427037,"macAddress":"2b:fe:78:92:aa:39","memAvailable":31488531,"memFree":62977063,"memTotal":94465594,"mnc":"03","networkClass":3,"networkCountryIso":"cn","networkOperator":"46003","networkOperatorName":"中国电信","networkType":13,"networkTypeName":"LTE","phoneType":2,"rgAndroid":"23","rgAreaode":"86","rgBackupPath":"/storage/emulated/0/.money/backup/20180108/18121057649_20180108.db","rgConNames":["王先"],"rgConsize":"1","rgCountry":"中国","rgDevice":"xiaomiRedmi 4X","rgIp":"119.4.252.139","rgLastLogin":1515636432063,"rgLocation":"四川省成都市 联通","rgNetType":"切换飞行模式","rgOrPhone":"18121057649","rgPhoneNo":"18121057649","rgServer":"飞行模式切换","rgTime":1515408900120,"rgVcode":"尚一品(发码)","rgVersion":"1.6.0","rgWxEmail":"未绑定","rgWxError":"帐号状态异常，本次登录已失效。请尝试重新登录，并根据弹窗提示操作。","rgWxName":"王先","rgWxNo":"未设置","rgWxPasswd":"Rmst@7890","rgWxQQ":"未绑定","rgWxStatus":"异常","rgWxWindows":"否","serialno":"622beb2a","simCountryIso":"cn","simOperator":"46003","simOperatorName":"中国电信","simSerialNumber":"898530749843852833761","simState":5,"subscriberId":"460031670789693","type":0,"typeName":"MOBILE","width":0,"wifiScan":["MERCURY_fd10,04:e4:e5:b1:fd:91,[WPA2-PSK-CCMP][ESS],-68,2412,515881756","Tenda_5a9649,e9:55:d8:79:06:ef,[WPA2-PSK-CCMP][WPS][ESS],-94,2437,343129696","Netcore_164886,60:20:e9:8a:eb:5f,[WPA2-PSK-CCMP][ESS],-90,2467,690033272","MERCURY_4866,c3:78:ba:68:e8:f1,[WPA-PSK-CCMP][WPA2-PSK-CCMP][WPS][ESS],-56,2427,200321106","Netcore_feaa8d,a1:b1:55:c4:93:b9,[WPA-PSK-TKIP+CCMP][WPA2-PSK-TKIP+CCMP][ESS],-80,2412,558531058","MERCURY_588733,e1:44:ee:e2:41:da,[WPA-PSK-CCMP][WPA2-PSK-CCMP][WPS][ESS],-72,2462,249474489"]}