{"BSSID":"b5:84:08:8c:7d:b7","IpAddress":"192.168.84.95","P2p0Mac":"6f:42:d7:5a:25:17","SSID":"Netcore_37b8d9","androidId":"0a856a6472006bc4","batteryLevel":76,"btAddress":"5a:30:64:e7:61:9b","btName":"MI 3","buildAbi":"armeabi-v7a","buildAbi2":"armeabi","buildBoard":"otterx","buildBrand":"Xiaomi","buildCodename":"REL","buildDescription":"pisces-user 6.0.1 MMB29T a66c3721 release-keys","buildDevice":"pisces","buildFingerprint":"Xiaomi/MI 3/pisces:6.0.1/MMB29T/a66c3721:user/release-keys","buildHardware":"qcom","buildHost":"mine","buildId":"MMB29T","buildIncremental":"a66c3721","buildManufacturer":"Xiaomi","buildModel":"MI 3","buildName":"Xiaomi","buildProduct":"pisces","buildRadioVersion":"lnpitphvevraebavt","buildRelease":"6.0.1","buildSdk":"23","buildSerialno":"f001e9f1","buildTags":"release-keys","buildType":"user","buildUser":"Server","buildUtc":1461479222337,"cellScan":[],"ci":0,"contacts":["奶奶,18800940032","姑妈,18802567942","外婆,18601512465","外公,13607470082","舅舅,15900853092","舅妈,15000746126","姨父,15203149001","姨娘,13900371485","亲爱的,18805518446","老弟,18703405479","老妹,15700816580","小明,13490315784","小李子,14702086679","蓬敬午,13805122888","Edna Miller,13801608570","杨玉炫,15308283119","唐吉耀,18705429052","昌妙森,15300894023","Nancy Reyes,13490160323","王宽让,15607024263","王竞,13901840215","强殊宫,13901910534","Bobby Morgan,13603980916","王佑翼,15602113611","方湘行,15706661867","石适伟,18703567358","Wesley Shaw,15704695805","羿耀闻,15308732413","宫信英,13704220656","穆顺盈,15701848978","Tracy Dixon,14704730197","石贵珊,13490316666","缪厚意,15902517173","杨守,13206016332","David Tucker,13205053525","王尚,14700510363","余仕,15900585760","伏新雷,13606014636","Christopher Ray,13900962612","林同旭,15002152098","黄露颂,13403808197","杨西,15702507450","Leslie Wood,18800744979","李翼,15204331562","单泰观,13501555920","王宏,15008862958","Lauren Willis,15205404258","安念锐,13308583702","骆豪翼,13501651999","吴密,13102615830","Daniel Washington,15501209046","杨恒,13808767671"],"cpuName":"Qualcomm MSM8974PRO-AB","densityDpi":320,"deviceId":"862851897281104","deviceSvn":"27","displayId":"pisces-user 6.0.1 MMB29T a66c3721 release-keys","extraInfo":"Netcore_37b8d9","height":0,"hidePkgs":[],"hmNotes":"","hookPkgs":[],"lac":0,"latitude":30.6750954,"line1Number":"18121287341","longitude":104.3674114,"macAddress":"a6:2a:ad:5b:d5:48","memAvailable":24077460,"memFree":72232381,"memTotal":96309841,"mnc":"03","networkClass":2,"networkCountryIso":"cn","networkOperator":"46003","networkOperatorName":"中国电信","networkType":5,"networkTypeName":"CDMA - EvDo rev. 0","phoneType":2,"rgAndroid":"23","rgAreaode":"86","rgConNames":["余楷炯"],"rgConsize":"1","rgCountry":"中国","rgDevice":"xiaomiRedmi 4X","rgIp":"119.4.255.124","rgLastLogin":1516243298383,"rgLocation":"四川省成都市 联通","rgNetType":"切换飞行模式","rgOrPhone":"18121287341","rgPhoneNo":"18121287341","rgServer":"飞行模式切换","rgTime":1515400801933,"rgVcode":"尚一品(发码)","rgVersion":"1.6.0","rgWxEmail":"未绑定","rgWxError":"该微信帐号因批量或者使用非法软件注册被限制登录，如需继续使用，请轻触“确定”申请解除限制。","rgWxName":"余楷炯","rgWxNo":"未设置","rgWxPasswd":"Rmst@7890","rgWxQQ":"未绑定","rgWxStatus":"异常","rgWxWindows":"否","serialno":"f001e9f1","simCountryIso":"cn","simOperator":"46003","simOperatorName":"中国电信","simSerialNumber":"8986037247910128830","simState":5,"subscriberId":"460034361597064","type":1,"typeName":"WIFI","width":0,"wifiScan":["Netcore_e26414,ad:ac:61:a4:c9:0d,[WPA-PSK-CCMP][WPA2-PSK-CCMP][ESS],-82,2447,280783803","PHICOMM_1db0f3,07:a1:e7:f0:95:0e,[WPA2-PSK-CCMP][WPS][ESS],-92,2437,197952082","Netcore_587ba7,28:08:25:4d:2d:6b,[WPA-PSK-CCMP][WPA2-PSK-CCMP][ESS],-51,2462,2233037145","TP-LINK_2549,1d:03:e9:9c:24:d7,[WPA2-PSK-CCMP][WPS][ESS],-68,2427,218491056","PHICOMM_f21ed0,57:dc:1e:71:d0:b2,[WPA2-PSK-CCMP][WPS][ESS],-95,2462,261319655","Netcore_7cb327,0e:46:d0:58:6d:1b,[WPA2-PSK-CCMP][WPS][ESS],-88,2457,267571756","ChainaNet_f437,76:38:46:dd:c0:3b,[WPA-PSK-CCMP][WPA2-PSK-CCMP][WPS][ESS],-65,2412,397249263"]}