{"BSSID":"19:83:8b:f1:9d:b6","IpAddress":"192.168.54.52","P2p0Mac":"c3:cc:09:8e:a8:bf","SSID":"FAST_b9c1f3","androidId":"8cf8135ec205748e","batteryLevel":59,"btAddress":"27:25:7a:8b:3f:37","btName":"Redmi Note 3","buildAbi":"armeabi-v7a","buildAbi2":"armeabi","buildBoard":"mogami","buildBrand":"Xiaomi","buildCodename":"REL","buildDescription":"hennessy-user 7.1.2 NMF26Q 3da7736a release-keys","buildDevice":"hennessy","buildFingerprint":"Xiaomi/Redmi Note 3/hennessy:7.1.2/NMF26Q/3da7736a:user/release-keys","buildHardware":"qcom","buildHost":"linux-user","buildId":"NMF26Q","buildIncremental":"3da7736a","buildManufacturer":"Xiaomi","buildModel":"Redmi Note 3","buildName":"Xiaomi","buildProduct":"hennessy","buildRadioVersion":"kdzfpguxoyaxczbv","buildRelease":"7.1.2","buildSdk":"25","buildSerialno":"6499b1c7","buildTags":"release-keys","buildType":"user","buildUser":"MarkBuild","buildUtc":1457835969893,"cellScan":[],"ci":0,"contacts":["奶奶,18807197618","姑妈,13706415906","外婆,13805683076","外公,18700426676","舅舅,18004027680","舅妈,13004997911","姨父,13604585399","姨娘,18806480678","亲爱的,15607095110","老弟,13490229902","老妹,15703173925","小明,13803113053","小李子,18803975418","严梁雅,18602643275","Alfred Cunningham,13001419009","吴礼,15200160173","吴虎,13801610926","蔡生津,13005056712","Thelma Gonzalez,13005462644","杨秀曜,13806046622","陈盈仁,13606176156","余荣,18801561476","Alma Scott,18807707338","安佩静,15804156242","张杏,18702666383","韦素享,13502855201","Holly Woods,13505375525","王颂,18608218509","余寅,13707047914","唐秋勋,14707516743","Vernon Ray,18806970754","童仁净,13803466615","裘培魁,13700553372","武霖菁,13005783271","Jessica Jones,13207405533","王楷坚,15603593054","吴烈,18908460827","李念裕,18601135081","Theresa Parker,13104367411","时仪仁,13705526332","许妙冠,15606429001"],"cpuName":"MT6795","densityDpi":320,"deviceId":"860778271985699","deviceSvn":"44","displayId":"hennessy-user 7.1.2 NMF26Q 3da7736a release-keys","extraInfo":"FAST_b9c1f3","height":0,"hidePkgs":[],"hmNotes":"","hookPkgs":[],"lac":0,"latitude":30.4967901,"line1Number":"18149706946","longitude":104.2590849,"macAddress":"56:c6:f0:db:b8:3e","memAvailable":5479675669,"memFree":10959351340,"memTotal":16439027009,"mnc":"03","networkClass":3,"networkCountryIso":"cn","networkOperator":"46003","networkOperatorName":"中国电信","networkType":13,"networkTypeName":"LTE","phoneType":2,"rgAndroid":"23","rgAreaode":"86","rgConNames":["李厚然"],"rgConsize":"1","rgCountry":"中国","rgDevice":"xiaomiRedmi 4X","rgIp":"119.4.255.76","rgLastLogin":1516243252912,"rgLocation":"四川省成都市 联通","rgNetType":"切换飞行模式","rgOrPhone":"18149706946","rgPhoneNo":"18149706946","rgServer":"飞行模式切换","rgTime":1515400510456,"rgVcode":"尚一品(发码)","rgVersion":"1.6.0","rgWxEmail":"未绑定","rgWxError":"该微信帐号因批量或者使用非法软件注册被限制登录，如需继续使用，请轻触“确定”申请解除限制。","rgWxName":"李厚然","rgWxNo":"未设置","rgWxPasswd":"Rmst@7890","rgWxQQ":"未绑定","rgWxStatus":"异常","rgWxWindows":"否","serialno":"6499b1c7","simCountryIso":"cn","simOperator":"46003","simOperatorName":"中国电信","simSerialNumber":"8986063160623715656","simState":5,"subscriberId":"460034466660991","type":1,"typeName":"WIFI","width":0,"wifiScan":["MERCURY_9cbe,62:67:38:40:41:b2,[WPA-PSK-CCMP][WPA2-PSK-CCMP][WPS][ESS],-75,2412,201415845","PHICOMM_587b9d,42:49:35:46:f3:5b,[WPA2-PSK-CCMP][ESS],-54,2412,401990224","PHICOMM_698db8,62:90:8c:ea:c9:b4,[WPA-PSK-CCMP][WPA2-PSK-CCMP][WPS][ESS],-93,2437,1785727754","TP-LINK_1652f3,10:00:92:6a:32:a4,[WPA2-PSK-CCMP][ESS],-84,2447,234102657","Netcore_f42bec,51:a4:37:ed:f0:ff,[WPA-PSK-CCMP][WPA2-PSK-CCMP][WPS][ESS],-88,2412,310528725","Netcore_6b9db8,1f:71:2d:b0:f3:2d,[WPA-PSK-CCMP][WPA2-PSK-CCMP][WPS][ESS],-72,2437,248493617","FAST_2fd2,a2:cd:d1:d7:a0:e2,[WPA-PSK-CCMP][WPA2-PSK-CCMP][WPS][ESS],-61,2462,1445235725"]}