{"BSSID":"e6:e5:4e:6d:1f:70","IpAddress":"192.168.5.162","P2p0Mac":"04:3a:32:39:74:af","SSID":"FAST_03fd","androidId":"243548714eec1533","batteryLevel":78,"btAddress":"f6:a3:53:eb:2d:5a","btName":"OPPO A33m","buildAbi":"armeabi-v7a","buildAbi2":"armeabi","buildBoard":"p970","buildBrand":"OPPO","buildCodename":"REL","buildDescription":"A33-user 5.0 LRX21M 7fce1a8f release-keys","buildDevice":"A33","buildFingerprint":"OPPO/OPPO A33m/A33:5.0/LRX21M/7fce1a8f:user/release-keys","buildHardware":"qcom","buildHost":"mz-buider-4","buildId":"LRX21M","buildIncremental":"7fce1a8f","buildManufacturer":"OPPO","buildModel":"OPPO A33m","buildName":"OPPO","buildProduct":"A33","buildRadioVersion":"usknnygeqedk","buildRelease":"5.0","buildSdk":"21","buildSerialno":"caf8df2b","buildTags":"release-keys","buildType":"user","buildUser":"android","buildUtc":1467782108200,"cellScan":[],"ci":0,"contacts":["奶奶,13707285429","姑妈,15705217406","外婆,15000910938","外公,13704758468","舅舅,18700910253","舅妈,13602351739","姨父,13803895964","姨娘,13490182535","亲爱的,14702691759","老弟,15306196995","老妹,18805607623","小明,13604295954","小李子,13401728843","钱元,15900598486","Alma Ramos,13406506894","杨奇行,14705255744","邱设浩,13704660846","蒋国,13403458559","Danielle Ellis,15900657431","陈薇绵,15207208059","谢古颖,13508316887","张虹,18005560238","Justin Hawkins,18907136885","巫生介,13407051438","常宫昆,18706248523","尤水野,18006446339","Lawrence Wells,13490767751","季锐思,13404990907","于节曜,15801932869","杨铁,18801821517","Geraldine Peterson,18708441929","安享炬,13506696174","孟立三,13601896341","雷寿剑,13105406011","Marcus Andrews,15602630463","杨然,15706839081","华魁帅,15806051441","彭念稼,15704045220","Veronica Miller,18805930725","卫盈,15102095552","王翼密,13105978346","诸腾仕,13105930410","Charles Gonzales,13206654453","王盛,13403698734","于兴,15504072491","皮玺室,13208118595","Edna Sullivan,13008482213","侯绣香,14701635996","于夏佳,13401963462"],"cpuName":"Qualcomm Technologies, Inc MSM8916","densityDpi":320,"deviceId":"862951047865036","deviceSvn":"48","displayId":"A33-user 5.0 LRX21M 7fce1a8f release-keys","extraInfo":"FAST_03fd","height":0,"hidePkgs":[],"hmNotes":"","hookPkgs":[],"lac":0,"latitude":30.4760019,"line1Number":"18918269647","longitude":103.9819038,"macAddress":"e7:d7:b9:8c:88:c6","memAvailable":1250083070,"memFree":2500166141,"memTotal":3750249211,"mnc":"03","networkClass":2,"networkCountryIso":"cn","networkOperator":"46003","networkOperatorName":"中国电信","networkType":5,"networkTypeName":"CDMA - EvDo rev. 0","phoneType":2,"rgAndroid":"23","rgAreaode":"86","rgConNames":["李灵帅","上善若水"],"rgConsize":"2","rgCountry":"中国","rgDevice":"xiaomiRedmi 4X","rgIp":"119.4.254.87","rgLastLogin":1516875433646,"rgLocation":"四川省成都市 联通","rgNetType":"切换飞行模式","rgOrPhone":"18918269647","rgPhoneNo":"18918269647","rgServer":"飞行模式切换","rgTime":1515409116014,"rgVcode":"尚一品(发码)","rgVersion":"1.6.0","rgWxEmail":"未绑定","rgWxError":"","rgWxId":"wxid_7cbwozgq9hbf22","rgWxName":"李灵帅","rgWxNo":"未设置","rgWxPasswd":"Rmst@7890","rgWxQQ":"未绑定","rgWxStatus":"存活","rgWxWindows":"否","serialno":"caf8df2b","simCountryIso":"cn","simOperator":"46003","simOperatorName":"中国电信","simSerialNumber":"898530282447372038628","simState":5,"subscriberId":"460031275530177","type":1,"typeName":"WIFI","width":0,"wifiScan":["FAST_e9ec04,49:04:fd:1d:07:ba,[WPA2-PSK-CCMP][ESS],-72,2437,3695031140","TP-LINK_254872,5e:76:f8:a9:e1:c2,[WPA2-PSK-CCMP][WPS][ESS],-90,2462,2496035222","MERCURY_1e1053,c8:65:7b:9b:29:f5,[WPA-PSK-CCMP][WPA2-PSK-CCMP][WPS][ESS],-67,2422,1087729245","PHICOMM_153cbe,8c:36:ec:1f:6c:ea,[WPA2-PSK-CCMP][WPS][ESS],-68,2462,3291528315","FAST_b8db0f,b5:02:40:38:8d:86,[WPA-PSK-CCMP][WPA2-PSK-CCMP][ESS],-85,2452,2050637002","Tenda_0ecfe2,2e:68:19:c2:99:3b,[WPA-PSK-CCMP][WPA2-PSK-CCMP][WPS][ESS],-69,2412,3378736133"]}