{"BSSID":"ed:b5:cd:08:4f:fe","IpAddress":"10.22.80.94","P2p0Mac":"6e:04:84:27:bd:68","SSID":"Tenda_4dbf32","androidId":"f05c07ea72e1282e","batteryLevel":59,"btAddress":"96:d4:fe:8c:8f:af","btName":"MI 4LTE","buildAbi":"armeabi-v7a","buildAbi2":"armeabi","buildBoard":"MSM8960","buildBrand":"Xiaomi","buildCodename":"REL","buildDescription":"cancro-user 5.0 LRX21M c2c70a7a release-keys","buildDevice":"cancro","buildFingerprint":"Xiaomi/MI 4LTE/cancro:5.0/LRX21M/c2c70a7a:user/release-keys","buildHardware":"qcom","buildHost":"huawei-server-05","buildId":"LRX21M","buildIncremental":"c2c70a7a","buildManufacturer":"Xiaomi","buildModel":"MI 4LTE","buildName":"Xiaomi","buildProduct":"cancro","buildRadioVersion":"dguxvampy","buildRelease":"5.0","buildSdk":"21","buildSerialno":"db8749bc","buildTags":"release-keys","buildType":"user","buildUser":"MarkBuild","buildUtc":1505261700082,"cellScan":[],"ci":0,"contacts":["奶奶,15708615257","姑妈,15908434590","外婆,14703267658","外公,15701741902","舅舅,13507928780","舅妈,18708536021","姨父,15305752034","姨娘,18808875452","亲爱的,18002407671","老弟,15506491528","老妹,15204756992","小明,14702434443","小李子,18801503433","王桂广,18806921999","Eddie Berry,18700058889","景能易,13106153832","萧寿倩,13101153725","杨瑛信,13402991176","Louis Dixon,15008315870","王可联,15008290075","杨雄宇,13808354625","王竞宏,13908475828","Bonnie Lopez,13604424586","贲阔影,15008441670","余璞欢,15802471826","夏侯湘冠,15302556937","Ramon Coleman,13305763308","余汉,13801482259","韩桐,13490740120","杨思羡,15207616490","Teresa Brooks,15800303271","齐文经,14700520584","茅莉宏,15100574141","王文,13807726065","Brittany Hudson,13708072944","王韶胜,13203654289","王况,15608797616","于峻,13490154296","Jessica Riley,18901283434","王靖,15206873141","水鑫盛,15303877680","蓬熙威,18905534002","Laurie Wagner,13300962834","余青辉,18807494724","杭麟为,18606144239"],"cpuName":"Qualcomm MSM8974PRO-AC","densityDpi":240,"deviceId":"861072134702692","deviceSvn":"70","displayId":"cancro-user 5.0 LRX21M c2c70a7a release-keys","extraInfo":"cmwap","height":0,"hidePkgs":[],"hmNotes":"","hookPkgs":[],"lac":0,"latitude":30.6494637,"line1Number":"18939853947","longitude":104.0850519,"macAddress":"3b:fd:d1:87:20:b0","memAvailable":458268312,"memFree":1374804939,"memTotal":1833073251,"mnc":"03","networkClass":2,"networkCountryIso":"cn","networkOperator":"46003","networkOperatorName":"中国电信","networkType":5,"networkTypeName":"CDMA - EvDo rev. 0","phoneType":2,"rgAndroid":"23","rgAreaode":"86","rgConNames":["王儒"],"rgConsize":"1","rgCountry":"中国","rgDevice":"xiaomiRedmi 4X","rgIp":"119.4.254.29","rgLastLogin":1516243529131,"rgLocation":"四川省成都市 联通","rgNetType":"切换飞行模式","rgOrPhone":"18939853947","rgPhoneNo":"18939853947","rgServer":"飞行模式切换","rgTime":1515408159580,"rgVcode":"尚一品(发码)","rgVersion":"1.6.0","rgWxEmail":"未绑定","rgWxError":"该微信帐号因批量或者使用非法软件注册被限制登录，如需继续使用，请轻触“确定”申请解除限制。","rgWxName":"王儒","rgWxNo":"未设置","rgWxPasswd":"Rmst@7890","rgWxQQ":"未绑定","rgWxStatus":"异常","rgWxWindows":"否","serialno":"db8749bc","simCountryIso":"cn","simOperator":"46003","simOperatorName":"中国电信","simSerialNumber":"898530787016047740078","simState":5,"subscriberId":"460034329777274","type":0,"typeName":"MOBILE","width":0,"wifiScan":["MERCURY_53f426,42:4c:6c:8b:04:00,[WPA2-PSK-CCMP][WPS][ESS],-80,2437,476228294","Tenda_adc575,c5:44:69:07:01:a2,[WPA2-PSK-CCMP][WPS][ESS],-89,2437,422520528","TP-LINK_a40e31,82:38:6b:ad:76:42,[WPA-PSK-CCMP][WPA2-PSK-CCMP][WPS][ESS],-71,2412,303470002","ChainaNet_aea8,a2:2a:7a:1d:9d:c1,[WPA2-PSK-CCMP][WPS][ESS],-87,2437,533085422","Netcore_2fe264,89:96:80:56:58:b4,[WPA2-PSK-CCMP][WPS][ESS],-67,2412,2531730517","Netcore_69eda7,e7:e7:b8:3b:25:22,[WPA2-PSK-CCMP][WPS][ESS],-82,2437,364948564","Netcore_437326,10:02:5e:47:29:5c,[WPA2-PSK-CCMP][WPS][ESS],-94,2462,3279135960"]}