{"BSSID":"f9:6f:44:9b:98:fd","IpAddress":"10.54.95.61","P2p0Mac":"d0:49:44:ed:bb:fc","SSID":"MERCURY_b9598b","androidId":"34fdc6ab5a2f607c","batteryLevel":88,"btAddress":"26:7b:69:86:7c:c7","btName":"Redmi 4","buildAbi":"armeabi-v7a","buildAbi2":"armeabi","buildBoard":"universal5433","buildBrand":"Xiaomi","buildCodename":"REL","buildDescription":"Redmi 4-user 5.0 LRX21M b79dca1d release-keys","buildDevice":"Redmi 4","buildFingerprint":"Xiaomi/Redmi 4/Redmi 4:5.0/LRX21M/b79dca1d:user/release-keys","buildHardware":"qcom","buildHost":"LGEACI2R5","buildId":"LRX21M","buildIncremental":"b79dca1d","buildManufacturer":"Xiaomi","buildModel":"Redmi 4","buildName":"Xiaomi","buildProduct":"Redmi 4","buildRadioVersion":"amnkddcx","buildRelease":"5.0","buildSdk":"21","buildSerialno":"d52fce0b","buildTags":"release-keys","buildType":"user","buildUser":"Server","buildUtc":1496459214465,"cellScan":[],"ci":0,"contacts":["奶奶,13701766606","姑妈,18002830239","外婆,15901766714","外公,15305822399","舅舅,14702050837","舅妈,15705216778","姨父,14707822683","姨娘,18806758120","亲爱的,15704921099","老弟,13004915940","老妹,18806757682","小明,18900551151","小李子,15008634306","暴羡佩,13906320869","Evelyn Nichols,13508710455","鲁颂献,18704275794","景享锦,13200603181","钮守辉,18803392559","Todd Henderson,15708873164","段全孝,15600153820","昌彤岭,13603188852","张若雨,18905051172","Thomas Robinson,13301154555","臧和瑜,14706524079","甄罗渠,18807578091","羿盛任,13200073536","Edwin Nichols,15504681187","吴情,13490165028","杨广衔,14707278746","李昱,13501453107","Ida Palmer,13904904397","吕韶吾,15504362525","余仙,15102173729","李旺桂,13305513687","Bobby Powell,15306940440","房宁仕,13208310010","王菁佩,15200553068","杨友,13303907255","Kathryn Cruz,18904396112","杨寿进,15507242011","胡雅绣,13005458823","李水,15805265025","David Franklin,15006115752","吴奇,15701915079","杨炯,18700234212","尉迟如虹,13306090986","Ronald Warren,13490450091","李雍,15304015011","姚焱良,15306137926"],"cpuName":"Qualcomm Technologies, Inc MSM8953","densityDpi":560,"deviceId":"860844898270780","deviceSvn":"44","displayId":"Redmi 4-user 5.0 LRX21M b79dca1d release-keys","extraInfo":"3gwap","height":0,"hidePkgs":[],"hmNotes":"","hookPkgs":[],"lac":0,"latitude":30.4791872,"line1Number":"18939759140","longitude":103.7446325,"macAddress":"13:83:91:dc:e6:4b","memAvailable":24026788,"memFree":72080366,"memTotal":96107154,"mnc":"03","networkClass":2,"networkCountryIso":"cn","networkOperator":"46003","networkOperatorName":"中国电信","networkType":12,"networkTypeName":"CDMA - EvDo rev. B","phoneType":2,"rgAndroid":"23","rgAreaode":"86","rgConNames":["卫瑛鑫"],"rgConsize":"1","rgCountry":"中国","rgDevice":"xiaomiRedmi 4X","rgIp":"119.4.254.118","rgLastLogin":1516243344115,"rgLocation":"四川省成都市 联通","rgNetType":"切换飞行模式","rgOrPhone":"18939759140","rgPhoneNo":"18939759140","rgServer":"飞行模式切换","rgTime":1515403333809,"rgVcode":"尚一品(发码)","rgVersion":"1.6.0","rgWxEmail":"未绑定","rgWxError":"该微信帐号因批量或者使用非法软件注册被限制登录，如需继续使用，请轻触“确定”申请解除限制。","rgWxName":"卫瑛鑫","rgWxNo":"未设置","rgWxPasswd":"Rmst@7890","rgWxQQ":"未绑定","rgWxStatus":"异常","rgWxWindows":"否","serialno":"d52fce0b","simCountryIso":"cn","simOperator":"46003","simOperatorName":"中国电信","simSerialNumber":"8986037755566694052","simState":5,"subscriberId":"460033211040845","type":0,"typeName":"MOBILE","width":0,"wifiScan":["TP-LINK_36a9,f3:71:d5:f3:81:f8,[WPA-PSK-CCMP][WPA2-PSK-CCMP][WPS][ESS],-63,2462,274400252","FAST_0b0f21,8b:c9:68:be:01:87,[WPA2-PSK-CCMP][WPS][ESS],-89,2462,370528394","Tenda_7a9dc0,1a:dd:5b:67:ae:32,[WPA2-PSK-CCMP][ESS],-72,2437,730637969","PHICOMM_fe2141,f3:f9:83:2e:db:c7,[WPA2-PSK-CCMP][ESS],-75,2427,397370823","TP-LINK_e649,13:d7:ea:eb:03:d9,[WPA-PSK-CCMP][WPA2-PSK-CCMP][ESS],-95,2442,3506427349","MERCURY_2159,97:c3:c9:57:1c:a0,[WPA2-PSK-CCMP][WPS][ESS],-53,2462,417860179","MERCURY_afc98c,3b:ca:28:f2:e6:d4,[WPA-PSK-CCMP][WPA2-PSK-CCMP][ESS],-73,2462,475891944"]}