{"BSSID":"73:66:07:bb:f8:26","IpAddress":"10.40.43.171","P2p0Mac":"61:db:2c:36:9c:5b","SSID":"Netcore_521659","androidId":"b55eab46a38567ed","batteryLevel":38,"btAddress":"7a:56:17:6a:e1:08","btName":"2014501","buildAbi":"armeabi-v7a","buildAbi2":"armeabi","buildBoard":"su640","buildBrand":"Xiaomi","buildCodename":"REL","buildDescription":"HM2014501-user 7.1.2 NMF26Q 5b7c7b0c release-keys","buildDevice":"HM2014501","buildFingerprint":"Xiaomi/2014501/HM2014501:7.1.2/NMF26Q/5b7c7b0c:user/release-keys","buildHardware":"qcom","buildHost":"bs213","buildId":"NMF26Q","buildIncremental":"5b7c7b0c","buildManufacturer":"Xiaomi","buildModel":"2014501","buildName":"Xiaomi","buildProduct":"HM2014501","buildRadioVersion":"mhqzfxednhb","buildRelease":"7.1.2","buildSdk":"25","buildSerialno":"73de88ac","buildTags":"release-keys","buildType":"user","buildUser":"android","buildUtc":1451684356805,"cellScan":[],"ci":0,"contacts":["奶奶,15205068816","姑妈,13603650165","外婆,15702966105","外公,15207208398","舅舅,15707666015","舅妈,13802921470","姨父,15304900059","姨娘,15304400845","亲爱的,18601815262","老弟,15306113480","老妹,14700948119","小明,15006534785","小李子,14701897681","杭朔亚,13107624384","Ricky Crawford,15500163209","李岁郁,13706743675","袁楷野,13704961176","强幸岭,14701021352","Victor Harper,18807612426","林驹梁,15100428673","安荃琴,13601905895","伏绵若,18600106014","Travis Jones,15501194697","李梁,14707360187","史培翰,13601120052","全愚能,15306381953","Jean Henderson,18907545445","李立,13003348956","封念卿,18803564350","李宫,18802926060","Erica Ortiz,14706424907","韩奇骥,18605781309","吴衔联,18803596257","安群力,18907474431","Dolores White,13307866127","穆朋郡,13103600103","王豪,13906821794","阮校力,18908637422","Randy Carroll,18008402171","彭舒元,13400256800","冯海向,18800968547","杨烈,18707315863","Dan Gibson,18802462529","卡善许,18701396093","郗异颂,15306835913","邵君华,15702453285","Rebecca Lawson,14702698590","刁然江,15501975095","冯誓,18807773871","杨雷,14704506234","Kim Roberts,14704322904","诸玮苡,13106030103"],"cpuName":"MT6582","densityDpi":240,"deviceId":"860676018232690","deviceSvn":"22","displayId":"HM2014501-user 7.1.2 NMF26Q 5b7c7b0c release-keys","extraInfo":"cmwap","height":0,"hidePkgs":[],"hmNotes":"","hookPkgs":[],"lac":0,"latitude":30.406515,"line1Number":"18964825346","longitude":103.8694101,"macAddress":"a3:a2:e3:23:da:1a","memAvailable":129088521,"memFree":387265563,"memTotal":516354084,"mnc":"03","networkClass":2,"networkCountryIso":"cn","networkOperator":"46003","networkOperatorName":"中国电信","networkType":5,"networkTypeName":"CDMA - EvDo rev. 0","phoneType":2,"rgAndroid":"23","rgAreaode":"86","rgConNames":["宓书康"],"rgConsize":"1","rgCountry":"中国","rgDevice":"xiaomiRedmi 4X","rgIp":"119.4.254.50","rgLastLogin":1516243482381,"rgLocation":"四川省成都市 联通","rgNetType":"切换飞行模式","rgOrPhone":"18964825346","rgPhoneNo":"18964825346","rgServer":"飞行模式切换","rgTime":1515407832769,"rgVcode":"尚一品(发码)","rgVersion":"1.6.0","rgWxEmail":"未绑定","rgWxError":"该微信帐号因批量或者使用非法软件注册被限制登录，如需继续使用，请轻触“确定”申请解除限制。","rgWxName":"宓书康","rgWxNo":"未设置","rgWxPasswd":"Rmst@7890","rgWxQQ":"未绑定","rgWxStatus":"异常","rgWxWindows":"否","serialno":"73de88ac","simCountryIso":"cn","simOperator":"46003","simOperatorName":"中国电信","simSerialNumber":"898530265504306378768","simState":5,"subscriberId":"460036136819667","type":0,"typeName":"MOBILE","width":0,"wifiScan":["Netcore_bd2ec1,79:b8:a5:e0:d8:70,[WPA2-PSK-CCMP][ESS],-83,2437,316733684","TP-LINK_cbfd10,3c:88:4f:aa:f8:dd,[WPA-PSK-CCMP][WPA2-PSK-CCMP][WPS][ESS],-88,2437,3277538530","PHICOMM_47ca76,58:43:d8:bc:5f:07,[WPA-PSK-CCMP][WPA2-PSK-CCMP][WPS][ESS],-86,2462,204118163","MERCURY_54db0e,f8:bc:b0:c2:10:f1,[WPA2-PSK-CCMP][WPS][ESS],-95,2412,302493022","TP-LINK_a949,61:c0:6f:9f:54:af,[WPA-PSK-CCMP][WPA2-PSK-CCMP][ESS],-91,2462,446903346","Netcore_ecfe22,4d:9d:4a:5a:b3:3e,[WPA-PSK-CCMP][WPA2-PSK-CCMP][WPS][ESS],-94,2437,2730728027","iTV-b854,b8:eb:89:b9:58:4c,[WPA-PSK-CCMP][WPA2-PSK-CCMP][ESS],-83,2462,3630533651"]}