{"BSSID":"2e:f0:e7:bc:bc:80","IpAddress":"192.168.39.77","P2p0Mac":"ae:7b:ce:b9:36:24","SSID":"MERCURY_986b9e","androidId":"6ecec0c4747de1f4","batteryLevel":50,"btAddress":"34:31:03:bd:74:e1","btName":"8675-HD","buildAbi":"armeabi-v7a","buildAbi2":"armeabi","buildBoard":"galbi","buildBrand":"Coolpad","buildCodename":"REL","buildDescription":"8675-HD-user 5.0 LRX21M a9f3ee81 release-keys","buildDevice":"8675-HD","buildFingerprint":"Coolpad/8675-HD/8675-HD:5.0/LRX21M/a9f3ee81:user/release-keys","buildHardware":"qcom","buildHost":"SEP-68","buildId":"LRX21M","buildIncremental":"a9f3ee81","buildManufacturer":"Coolpad","buildModel":"8675-HD","buildName":"Coolpad","buildProduct":"8675-HD","buildRadioVersion":"rjavurthhedgdegmu","buildRelease":"5.0","buildSdk":"21","buildSerialno":"ceb30830","buildTags":"release-keys","buildType":"user","buildUser":"android","buildUtc":1512505439426,"cellScan":[],"ci":0,"contacts":["奶奶,13904025475","姑妈,15306382901","外婆,13308318655","外公,13905902065","舅舅,13704208778","舅妈,18004867871","姨父,15708560117","姨娘,13606880626","亲爱的,18805928783","老弟,13506984653","老妹,13402287678","小明,15106831363","小李子,13008605966","李翼,13805207691","Grace Ward,13902748563","杨朋,18701775253","张立,15308194669","柯衔余,13008260028","Nancy Morgan,13200334250","伊全文,13104846866","祖魄如,13207361153","滑璐和,18704534164","Willie Parker,15702330782","王译,13305559034","吴皓桐,13904605234","杨佳,18001070451","Carlos Robinson,18007608052","张界,18904630417","王硕力,18603104977","于河艺,15708101677","James Elliott,14705145296","张保,15001143520","粱诗洋,18004366807","焦实昆,15705364204","Ramon Smith,18704512763","张善,15608861140","舒声铜,13103859049","李艺卫,18705723236","Walter Perkins,14705024417","焦嘉吾,13805710723","凌屏嘉,14704227048","廉敬惠,15001634590","Howard Collins,15902776721","潘慎秀,15208563088","龚英璐,13307533632","李群,15608197249","Jacqueline Jones,15504297083"],"cpuName":"MT6592","densityDpi":560,"deviceId":"860768329173968","deviceSvn":"35","displayId":"8675-HD-user 5.0 LRX21M a9f3ee81 release-keys","extraInfo":"MERCURY_986b9e","height":0,"hidePkgs":[],"hmNotes":"","hookPkgs":[],"lac":0,"latitude":30.6493425,"line1Number":"18117144427","longitude":104.0720589,"macAddress":"b7:b0:e6:8a:b1:3b","memAvailable":4109777076,"memFree":12329331228,"memTotal":16439108304,"mnc":"03","networkClass":3,"networkCountryIso":"cn","networkOperator":"46003","networkOperatorName":"中国电信","networkType":13,"networkTypeName":"LTE","phoneType":2,"rgAndroid":"23","rgAreaode":"86","rgConNames":[],"rgCountry":"中国","rgDevice":"xiaomiRedmi 4X","rgIp":"119.4.255.36","rgLastLogin":1516776414134,"rgLocation":"四川省成都市 联通","rgNetType":"切换飞行模式","rgOrPhone":"18117144427","rgPhoneNo":"18117144427","rgServer":"飞行模式切换","rgTime":1515228581440,"rgVcode":"尚一品(发码)","rgVersion":"1.6.0","rgWxError":"该微信帐号因批量或者使用非法软件注册被限制登录，如需继续使用，请轻触“确定”申请解除限制。","rgWxName":"杨声","rgWxPasswd":"Rmst@7890","rgWxStatus":"异常","rgWxWindows":"否","serialno":"ceb30830","simCountryIso":"cn","simOperator":"46003","simOperatorName":"中国电信","simSerialNumber":"8986063825118294094","simState":5,"subscriberId":"460038411388064","type":1,"typeName":"WIFI","width":0,"wifiScan":["FAST_0e1a8c,44:2d:4d:7f:05:5c,[WPA-PSK-CCMP][WPA2-PSK-CCMP][WPS][ESS],-78,2447,1961736867","Tenda_8cfe31,44:af:ef:c2:e8:51,[WPA-PSK-CCMP][WPA2-PSK-CCMP][ESS],-95,2437,3219228761","TP-LINK_054f,94:65:c9:58:6b:65,[WPA-PSK-CCMP][WPA2-PSK-CCMP][WPS][ESS],-77,2412,1490237303","PHICOMM_fbaf21,51:eb:42:75:c0:b9,[WPA2-PSK-CCMP][ESS],-53,2462,2264137825","TP-LINK_c0f20e,b9:dd:5e:51:47:0c,[WPA2-PSK-CCMP][ESS],-84,2462,247210980","FAST_538427,0b:45:94:cb:11:b7,[WPA-PSK-CCMP][WPA2-PSK-CCMP][WPS][ESS],-94,2462,1763530954","Tenda_c97bae,04:48:f3:c2:f8:53,[WPA-PSK-CCMP][WPA2-PSK-CCMP][WPS][ESS],-89,2412,452209116"]}