{"BSSID":"c0:df:43:b7:02:a3","IpAddress":"192.168.23.7","P2p0Mac":"cd:f3:b5:3a:24:c1","SSID":"PHICOMM_b9c0f1","androidId":"7700d3f84d0502cb","batteryLevel":58,"btAddress":"c2:56:4f:ae:d6:8c","btName":"m2 note","buildAbi":"armeabi-v7a","buildAbi2":"armeabi","buildBoard":"clark","buildBrand":"Meizu","buildCodename":"REL","buildDescription":"m2 note-user 6.0.1 MMB29T 37a9f8a8 release-keys","buildDevice":"m2 note","buildFingerprint":"Meizu/m2 note/m2 note:6.0.1/MMB29T/37a9f8a8:user/release-keys","buildHardware":"qcom","buildHost":"glsrv4","buildId":"MMB29T","buildIncremental":"37a9f8a8","buildManufacturer":"Meizu","buildModel":"m2 note","buildName":"Meizu","buildProduct":"m2 note","buildRadioVersion":"mhtsgyzelux","buildRelease":"6.0.1","buildSdk":"23","buildSerialno":"5e4fee49","buildTags":"release-keys","buildType":"user","buildUser":"builder","buildUtc":1451942556427,"cellScan":[],"ci":0,"contacts":["奶奶,13305055560","姑妈,18701957473","外婆,15700991084","外公,13490184276","舅舅,18802823455","舅妈,13490056847","姨父,18604993359","姨娘,15701741517","亲爱的,18802635498","老弟,15205278274","老妹,15502846504","小明,15708265287","小李子,15702220105","李郁儒,13701354854","Roy Ruiz,13502837500","张净,15708204773","荀仙贵,15204841650","余寅广,14703011441","Stephanie Gordon,18707431783","于念,15104313449","杨剑,14700041244","堪盈汉,15706572716","Leo Grant,14700832055","郎和帅,18603481154","岑稼锦,13602811849","戚旭嘉,18007411288","Shawn Rodriguez,18008082120","杨盈珊,13406046469","杨设,15200915594","于默铭,13100585335","Victor Nelson,15506850456","李烁利,13207893221","杜冠演,13801737636","李顺,14706934053","Frederick Cole,18804698267","明梁朋,18706341036","冯薇,13805315514","李伊秋,14706276573","Beatrice Gardner,18705295972","杨毅卫,13806290636"],"cpuName":"MT6753","densityDpi":480,"deviceId":"864835676716578","deviceSvn":"51","displayId":"m2 note-user 6.0.1 MMB29T 37a9f8a8 release-keys","extraInfo":"PHICOMM_b9c0f1","height":0,"hidePkgs":[],"hmNotes":"","hookPkgs":[],"lac":0,"latitude":30.4097099,"line1Number":"18121124420","longitude":103.7662435,"macAddress":"82:c3:ca:1d:61:e2","memAvailable":51306057,"memFree":153918172,"memTotal":205224229,"mnc":"03","networkClass":2,"networkCountryIso":"cn","networkOperator":"46003","networkOperatorName":"中国电信","networkType":5,"networkTypeName":"CDMA - EvDo rev. 0","phoneType":2,"rgAndroid":"23","rgAreaode":"86","rgConNames":[],"rgCountry":"中国","rgDevice":"xiaomiRedmi 4X","rgIp":"119.4.255.206","rgLastLogin":1516776508913,"rgLocation":"四川省成都市 联通","rgNetType":"切换飞行模式","rgOrPhone":"18121124420","rgPhoneNo":"18121124420","rgServer":"飞行模式切换","rgTime":1515230845630,"rgVcode":"尚一品(发码)","rgVersion":"1.6.0","rgWxError":"该微信帐号因批量或者使用非法软件注册被限制登录，如需继续使用，请轻触“确定”申请解除限制。","rgWxName":"项瑕廉","rgWxPasswd":"Rmst@7890","rgWxStatus":"异常","rgWxWindows":"否","serialno":"5e4fee49","simCountryIso":"cn","simOperator":"46003","simOperatorName":"中国电信","simSerialNumber":"8986033733183906374","simState":5,"subscriberId":"460032936186479","type":1,"typeName":"WIFI","width":0,"wifiScan":["PHICOMM_a7a9db,4d:5d:de:3b:93:22,[WPA2-PSK-CCMP][WPS][ESS],-90,2437,1261828347","Tenda_d10437,60:86:d2:39:67:d8,[WPA2-PSK-CCMP][WPS][ESS],-91,2462,3405733294","TP-LINK_bfe205,46:e0:e4:01:cb:31,[WPA-PSK-CCMP][WPA2-PSK-CCMP][ESS],-80,2412,249783493","FAST_96596b,32:42:12:ab:c9:a8,[WPA-PSK-CCMP][WPA2-PSK-CCMP][ESS],-88,2447,379930723","Netcore_f430d1,76:8e:17:5d:9b:e6,[WPA2-PSK-CCMP][WPS][ESS],-73,2462,3100037436","Netcore_8d20ec,d5:9e:5e:f0:61:eb,[WPA2-PSK-CCMP][WPS][ESS],-91,2412,1780834470"]}