{"BSSID":"c7:ed:73:6f:14:76","IpAddress":"10.64.43.37","P2p0Mac":"d0:0f:a1:f9:22:ea","SSID":"FAST_aed87c","androidId":"239bf16af7c2cdeb","batteryLevel":87,"btAddress":"2d:91:16:ac:b1:80","btName":"MI 3W","buildAbi":"armeabi-v7a","buildAbi2":"armeabi","buildBoard":"manta","buildBrand":"Xiaomi","buildCodename":"REL","buildDescription":"MI 3W-user 5.0 LRX21M 64b95e77 release-keys","buildDevice":"MI 3W","buildFingerprint":"Xiaomi/MI 3W/MI 3W:5.0/LRX21M/64b95e77:user/release-keys","buildHardware":"qcom","buildHost":"shws40","buildId":"LRX21M","buildIncremental":"64b95e77","buildManufacturer":"Xiaomi","buildModel":"MI 3W","buildName":"Xiaomi","buildProduct":"MI 3W","buildRadioVersion":"mnijzczrgzkhnvg","buildRelease":"5.0","buildSdk":"21","buildSerialno":"0979abaf","buildTags":"release-keys","buildType":"user","buildUser":"MarkBuild","buildUtc":1497858405588,"cellScan":["33028,48743","61726,38732","33028,96831104","39937,163979313","39937,163700274"],"ci":38732,"contacts":["奶奶,13802031918","姑妈,13003470155","外婆,18008575013","外公,18802391914","舅舅,13402566217","舅妈,13490484524","姨父,18903530468","姨娘,13903920969","亲爱的,15703771725","老弟,14707648323","老妹,15808428417","小明,15702666230","小李子,15300145649","杨嗣玉,15602077490","Greg Williams,13103702708","周影,15901533650","柯幸联,15707530998","施冠联,18803446438","Jim Brown,18705055398","靳屏演,13804611288","屈力乐,18901415520","袁国校,13490625034","Arthur Boyd,18002705887","仲砚雅,15006206706","余玉如,13507628225","苗红思,18906518656","Lester Warren,15304246662","蒋诗保,18000662188","乐如心,13490301041","王如,18003587094","Douglas Cole,13306658910","李朔,15706120121","王许闻,15903941630","顾秋胜,13302532643","Ricardo Reyes,18008448028","尤甲锦,13204125648","家齐香,13103621668","暴洋薇,18803890129","Florence Fox,18706078746","顾锐菁,15002598523","陈宽,15008215040","张峻,14707397858","Doris Graham,18706825307","吕念珊,15105607890","戴渠涂,14707743727","吴添校,18601870344","Ernest Nichols,13004660905","唐烁随,13807620053","茅羡礼,15704795471"],"cpuName":"Qualcomm MSM8974PRO-AB","densityDpi":560,"deviceId":"860995931149876","deviceSvn":"51","displayId":"MI 3W-user 5.0 LRX21M 64b95e77 release-keys","extraInfo":"cmnet","height":0,"hidePkgs":[],"hmNotes":"","hookPkgs":[],"lac":61726,"latitude":30.5473709,"line1Number":"18224433118","longitude":104.3122002,"macAddress":"76:53:75:1b:96:c3","memAvailable":611002039,"memFree":1222004080,"memTotal":1833006119,"mnc":"00","networkClass":2,"networkCountryIso":"cn","networkOperator":"46007","networkOperatorName":"中国移动","networkType":17,"networkTypeName":"TD_SCDMA","phoneType":1,"rgAndroid":"23","rgAreaode":"86","rgConNames":[],"rgCountry":"中国","rgDevice":"xiaomiRedmi 4X","rgIp":"101.206.166.151","rgLastLogin":1516776269918,"rgLocation":"四川省 联通","rgNetType":"切换飞行模式","rgOrPhone":"18224433118","rgPhoneNo":"18224433118","rgServer":"飞行模式切换","rgTime":1515223924917,"rgVcode":"玉米(发码)","rgVersion":"1.6.0","rgWxError":"该微信帐号因批量或者使用非法软件注册被限制登录，如需继续使用，请轻触“确定”申请解除限制。","rgWxName":"吴屏","rgWxPasswd":"Rmst@7890","rgWxStatus":"异常","rgWxWindows":"否","serialno":"0979abaf","simCountryIso":"cn","simOperator":"46007","simOperatorName":"中国移动","simSerialNumber":"8986021509153735884","simState":5,"subscriberId":"460073628258252","type":0,"typeName":"MOBILE","width":0,"wifiScan":["Tenda_48698d,a8:57:4e:50:70:ee,[WPA2-PSK-CCMP][WPS][ESS],-94,2412,390850274","Tenda_476325,04:5f:a7:2f:27:cc,[WPA-PSK-CCMP][WPA2-PSK-CCMP][ESS],-58,2412,376828547","PHICOMM_c1430f,8c:f2:28:72:e9:20,[WPA-PSK-CCMP][WPA2-PSK-CCMP][WPS][ESS],-88,2437,420492946","FAST_0436,8c:f2:28:77:6d:c2,[WPA-PSK-CCMP][WPA2-PSK-CCMP][WPS][ESS],-82,2467,295275098","FAST_586b96,04:5f:a7:2e:fb:64,[WPA-PSK-CCMP][WPA2-PSK-CCMP][WPS][ESS],-69,2412,335476353"]}