{"BSSID":"e5:26:88:3f:0b:94","IpAddress":"192.168.47.246","P2p0Mac":"21:1e:d7:5c:6f:7a","SSID":"Netcore_843659","androidId":"eb6ea13dfc5b20d6","batteryLevel":65,"btAddress":"cb:21:4d:13:ba:77","btName":"Redmi Note 2","buildAbi":"armeabi-v7a","buildAbi2":"armeabi","buildBoard":"aries","buildBrand":"Xiaomi","buildCodename":"REL","buildDescription":"hermes-user 6.0.1 MMB29T 007c07b3 release-keys","buildDevice":"hermes","buildFingerprint":"Xiaomi/Redmi Note 2/hermes:6.0.1/MMB29T/007c07b3:user/release-keys","buildHardware":"qcom","buildHost":"huawei-server-05","buildId":"MMB29T","buildIncremental":"007c07b3","buildManufacturer":"Xiaomi","buildModel":"Redmi Note 2","buildName":"Xiaomi","buildProduct":"hermes","buildRadioVersion":"vplcezbxaee","buildRelease":"6.0.1","buildSdk":"23","buildSerialno":"70797657","buildTags":"release-keys","buildType":"user","buildUser":"MarkBuild","buildUtc":1490967977502,"cellScan":["61705,38261","61705,168388747","33056,135101956","33056,1541","33056,139651330"],"ci":135101956,"contacts":["奶奶,18707064033","姑妈,13601296302","外婆,15107761158","外公,15205599080","舅舅,18904370907","舅妈,15301297123","姨父,13207285649","姨娘,18004062404","亲爱的,18902164998","老弟,18802926441","老妹,13905344717","小明,15504677126","小李子,13402293621","杨翰诗,13001213855","Helen Stone,13202234018","慕容利廉,14700691043","郗峻瑛,15801951915","余王瑜,13490031029","Fred Davis,13490863773","贾舒茂,15606771795","家瑕仪,14703483851","张媛怡,14707827681","Travis Stewart,14704491451","王伟,13708367918","郑烈,13105894252","景香立,15705727117","Keith Boyd,18702841149","酆锦炎,14705997381","凤联巍,13500322582","杨乐,15501511595","Travis Ward,13200408147","李翰嗣,18901474686","於彤立,15303182152","陈厚,13490831370","Emma Phillips,15302036790","危印洋,15201350765","孙耀硕,15506127243","李由蔚,13401977367","Hector Rogers,15004993489","封英欢,14705230197","于如,18606280710","于华,15306486889","Gladys Olson,18004706237","王贤,13206958614"],"cpuName":"MT6795","densityDpi":480,"deviceId":"862410085862033","deviceSvn":"85","displayId":"hermes-user 6.0.1 MMB29T 007c07b3 release-keys","extraInfo":"Netcore_843659","height":0,"hidePkgs":[],"hmNotes":"","hookPkgs":[],"lac":33056,"latitude":30.8560814,"line1Number":"18280416322","longitude":103.8345759,"macAddress":"97:8c:02:bb:40:ea","memAvailable":937488692,"memFree":2812466079,"memTotal":3749954771,"mnc":"00","networkClass":3,"networkCountryIso":"cn","networkOperator":"46000","networkOperatorName":"中国移动","networkType":13,"networkTypeName":"LTE","phoneType":1,"rgAndroid":"23","rgAreaode":"86","rgConNames":[],"rgCountry":"中国","rgDevice":"xiaomiRedmi 4X","rgIp":"101.206.167.109","rgLastLogin":1516776317589,"rgLocation":"四川省 联通","rgNetType":"切换飞行模式","rgOrPhone":"18280416322","rgPhoneNo":"18280416322","rgServer":"飞行模式切换","rgTime":1515226545141,"rgVcode":"玉米(发码)","rgVersion":"1.6.0","rgWxError":"该微信帐号因批量或者使用非法软件注册被限制登录，如需继续使用，请轻触“确定”申请解除限制。","rgWxName":"邢谷求","rgWxPasswd":"Rmst@7890","rgWxStatus":"异常","rgWxWindows":"否","serialno":"70797657","simCountryIso":"cn","simOperator":"46000","simOperatorName":"中国移动","simSerialNumber":"8986028502697257359","simState":5,"subscriberId":"460003844013879","type":1,"typeName":"WIFI","width":0,"wifiScan":["PHICOMM_1d2149,08:10:79:09:ff:fb,[WPA2-PSK-CCMP][ESS],-62,2462,1061135664","iTV-9dc0,08:10:79:0a:23:cd,[WPA-PSK-CCMP][WPA2-PSK-CCMP][WPS][ESS],-78,2437,1443336071","Netcore_7bfe65,ec:38:8f:99:ae:4c,[WPA2-PSK-CCMP][WPS][ESS],-94,2412,1739430739","FAST_aed153,64:3a:b1:37:8c:3a,[WPA2-PSK-CCMP][WPS][ESS],-89,2462,2646928368","Tenda_8587ca,fc:d7:33:e5:a5:90,[WPA-PSK-CCMP][WPA2-PSK-CCMP][ESS],-93,2437,294330874"]}