{"BSSID":"4a:03:71:b1:a0:b6","IpAddress":"192.168.78.192","P2p0Mac":"f8:2b:17:f4:f8:57","SSID":"MERCURY_8387b9","androidId":"783323f30e09e1ac","batteryLevel":64,"btAddress":"fd:71:56:ce:03:2f","btName":"vivo X5V","buildAbi":"armeabi-v7a","buildAbi2":"armeabi","buildBoard":"fireball","buildBrand":"vivo","buildCodename":"REL","buildDescription":"PD1401V-user 6.0.1 MMB29T 394fb685 release-keys","buildDevice":"PD1401V","buildFingerprint":"vivo/vivo X5V/PD1401V:6.0.1/MMB29T/394fb685:user/release-keys","buildHardware":"qcom","buildHost":"ubuntu","buildId":"MMB29T","buildIncremental":"394fb685","buildManufacturer":"vivo","buildModel":"vivo X5V","buildName":"vivo","buildProduct":"PD1401V","buildRadioVersion":"fwjeltnfyuogn","buildRelease":"6.0.1","buildSdk":"23","buildSerialno":"fcab9b58","buildTags":"release-keys","buildType":"user","buildUser":"Server","buildUtc":1511799612956,"cellScan":["32791,36341","61701,167904073","61709,167904076","61709,167903656","61698,167950247"],"ci":167904073,"contacts":["奶奶,18903274818","姑妈,15707965331","外婆,15204950518","外公,15604326693","舅舅,18808281965","舅妈,13501000948","姨父,15707841129","姨娘,15708423304","亲爱的,13106822846","老弟,13705066784","老妹,13490025733","小明,14701014433","小李子,14705171665","封森俊,18606412394","Hazel Mitchell,13204913340","虞涂洋,15801130268","余银学,15806853403","陶焱先,13490198219","Lawrence Murray,18000216514","宫妙为,15500454466","裘伟宽,13901402491","吴设,18801420254","Scott Brown,14704915349","吴让梧,18605918941","单雄渠,15908682424","嵇添立,13005750902","Pauline Hayes,15503751916","谷棠蔚,18904541209","杨守,13307526091","杨韶,13703474034","Randy Carter,13508644467","凌屏烁,13907122886","李朔,13490556293","闵超茜,18606503165","Cathy Perez,13203685218","余裕筱,13602151647","袁慎午,15305313076","姚奇璐,15706730726","Deborah Gonzalez,18804534374","杨玮,13490414310","支超鹏,15707381087","于玮,13700918829","Samuel Richardson,13708647925","倪寿求,15603407388"],"cpuName":"Qualcomm Technologies, Inc MSM8939","densityDpi":320,"deviceId":"864018374564976","deviceSvn":"11","displayId":"PD1401V-user 6.0.1 MMB29T 394fb685 release-keys","extraInfo":"MERCURY_8387b9","height":0,"hidePkgs":[],"hmNotes":"","hookPkgs":[],"lac":61701,"latitude":30.6556447,"line1Number":"18402868861","longitude":104.1271466,"macAddress":"e9:db:d3:78:86:68","memAvailable":4109629160,"memFree":12328887483,"memTotal":16438516643,"mnc":"00","networkClass":2,"networkCountryIso":"cn","networkOperator":"46002","networkOperatorName":"中国移动","networkType":8,"networkTypeName":"HSDPA","phoneType":1,"rgAndroid":"23","rgAreaode":"86","rgConNames":["李三靖"],"rgConsize":"1","rgCountry":"中国","rgDevice":"xiaomiRedmi 4X","rgIp":"119.4.252.144","rgLastLogin":1516776365212,"rgLocation":"四川省成都市 联通","rgNetType":"切换飞行模式","rgOrPhone":"18402868861","rgPhoneNo":"18402868861","rgServer":"飞行模式切换","rgTime":1515227099459,"rgVcode":"玉米(发码)","rgVersion":"1.6.0","rgWxEmail":"未绑定","rgWxError":"该微信帐号因批量或者使用非法软件注册被限制登录，如需继续使用，请轻触“确定”申请解除限制。","rgWxName":"李三靖","rgWxNo":"未设置","rgWxPasswd":"Rmst@7890","rgWxQQ":"未绑定","rgWxStatus":"异常","rgWxWindows":"否","serialno":"fcab9b58","simCountryIso":"cn","simOperator":"46002","simOperatorName":"中国移动","simSerialNumber":"8986026000868574717","simState":5,"subscriberId":"460022057831193","type":1,"typeName":"WIFI","width":0,"wifiScan":["iTV-2e32,80:89:17:c5:39:de,[WPA-PSK-CCMP][WPA2-PSK-CCMP][WPS][ESS],-88,2437,513131366","TP-LINK_5adc0f,8c:f2:28:a3:12:60,[WPA2-PSK-CCMP][ESS],-80,2437,513181409","Tenda_0f2054,fc:d7:33:bd:a9:74,[WPA-PSK-CCMP][WPA2-PSK-CCMP][WPS][ESS],-92,2422,2559036185","PHICOMM_436bad,50:bd:5f:16:8a:52,[WPA2-PSK-CCMP][WPS][ESS],-94,2462,2319331869","Netcore_bafd9d,8c:21:0a:34:a9:12,[WPA2-PSK-CCMP][ESS],-78,2447,243018835"]}