{"BSSID":"18:c2:82:b5:44:df","IpAddress":"192.168.86.38","P2p0Mac":"bd:37:f4:f3:74:52","SSID":"FAST_0f31","androidId":"fcc23b4ffea61446","batteryLevel":61,"btAddress":"fa:dd:97:f8:db:02","btName":"MI 5","buildAbi":"armeabi-v7a","buildAbi2":"armeabi","buildBoard":"solana","buildBrand":"Xiaomi","buildCodename":"REL","buildDescription":"gemini-user 5.1.1 LMY48G 537f37ba release-keys","buildDevice":"gemini","buildFingerprint":"Xiaomi/MI 5/gemini:5.1.1/LMY48G/537f37ba:user/release-keys","buildHardware":"qcom","buildHost":"mine","buildId":"LMY48G","buildIncremental":"537f37ba","buildManufacturer":"Xiaomi","buildModel":"MI 5","buildName":"Xiaomi","buildProduct":"gemini","buildRadioVersion":"ktkgquqpjjglednqm","buildRelease":"5.1.1","buildSdk":"22","buildSerialno":"36c94243","buildTags":"release-keys","buildType":"user","buildUser":"MarkBuild","buildUtc":1485206326279,"cellScan":["61699,167986263","61713,168234134","61703,26272","33295,28973","61699,26272"],"ci":167986263,"contacts":["奶奶,18707600618","姑妈,18901513931","外婆,13408086695","外公,15004486914","舅舅,13907034972","舅妈,13908403287","姨父,18600228877","姨娘,15802592649","亲爱的,15103010715","老弟,18706086608","老妹,18906606762","小明,13502414732","小李子,13402068074","李节桐,13800056383","Linda Warren,13906695681","李毅雍,15808282569","杨谷媛,18905899074","倪雍幸,13490805005","Mike Duncan,15304533381","王昱求,13403520685","吴苡,15104377689","崔威坚,14702060982","Gilbert Turner,14704351102","诸遇熙,15504946135","于素萱,15303588531","李麟精,18708885972","Phyllis Russell,15701723155","杨岁,15500813463","尉迟卿仕,15903067579","于群朋,13803081210","Jacqueline Jackson,13507691780","姜利荃,13904317282","谢静仁,13801946707","卡玮骥,15704165177","Alma Wood,14701577117","卡京罗,15205647833","柳雅界,13306113123","王翼权,13605827231","Kevin Wagner,13601940322","杨新齐,13502423572","杨珊,15904512493","吴蔚耀,18000534720","Bernard Phillips,18006004473","谷彤宁,18601484322"],"cpuName":"Qualcomm Technologies, Inc MSM8996","densityDpi":320,"deviceId":"860694888153573","deviceSvn":"73","displayId":"gemini-user 5.1.1 LMY48G 537f37ba release-keys","extraInfo":"FAST_0f31","height":0,"hidePkgs":[],"hmNotes":"","hookPkgs":[],"lac":61699,"latitude":30.7648939,"line1Number":"18781930475","longitude":104.1049492,"macAddress":"4c:f2:dd:64:b1:ed","memAvailable":129024619,"memFree":387073858,"memTotal":516098477,"mnc":"00","networkClass":1,"networkCountryIso":"cn","networkOperator":"46000","networkOperatorName":"中国移动","networkType":2,"networkTypeName":"EDGE","phoneType":1,"rgAndroid":"23","rgAreaode":"86","rgConNames":["蔡烁绵"],"rgConsize":"1","rgCountry":"中国","rgDevice":"xiaomiRedmi 4X","rgIp":"101.206.167.15","rgLastLogin":1516776223047,"rgLocation":"四川省 联通","rgNetType":"切换飞行模式","rgOrPhone":"18781930475","rgPhoneNo":"18781930475","rgServer":"飞行模式切换","rgTime":1515222708183,"rgVcode":"玉米(发码)","rgVersion":"1.6.0","rgWxEmail":"未绑定","rgWxError":"该微信帐号因批量或者使用非法软件注册被限制登录，如需继续使用，请轻触“确定”申请解除限制。","rgWxName":"蔡烁绵","rgWxNo":"未设置","rgWxPasswd":"Rmst@7890","rgWxQQ":"未绑定","rgWxStatus":"异常","rgWxWindows":"否","serialno":"36c94243","simCountryIso":"cn","simOperator":"46000","simOperatorName":"中国移动","simSerialNumber":"8986004914576847405","simState":5,"subscriberId":"460007590039728","type":1,"typeName":"WIFI","width":0,"wifiScan":["Netcore_ee30d0,08:57:00:4b:a2:fe,[WPA2-PSK-CCMP][ESS],-74,2462,215621675","TP-LINK_376975,44:97:5a:5c:a8:8a,[WPA-PSK-CCMP][WPA2-PSK-CCMP][WPS][ESS],-86,2462,3296032230","Tenda_47cb65,6c:59:40:6f:d5:7c,[WPA-PSK-CCMP][WPA2-PSK-CCMP][ESS],-72,2437,1900329766","Tenda_25365a,d4:83:04:af:f0:a0,[WPA-PSK-CCMP][WPA2-PSK-CCMP][ESS],-76,2462,2007738393","PHICOMM_9a6bae,64:09:80:7a:87:93,[WPA2-PSK-CCMP][WPS][ESS],-76,2412,435390005"]}