{"BSSID":"68:20:6b:8e:90:ba","IpAddress":"192.168.43.69","P2p0Mac":"c5:34:32:7f:67:e3","SSID":"Tenda_a7bfe6","androidId":"9e9958e3d2185a87","batteryLevel":77,"btAddress":"66:0b:fd:16:6f:06","btName":"HM NOTE 1S","buildAbi":"armeabi-v7a","buildAbi2":"armeabi","buildBoard":"angler","buildBrand":"Xiaomi","buildCodename":"REL","buildDescription":"gucci-user 5.1.1 LMY48G 3b96ff9b release-keys","buildDevice":"gucci","buildFingerprint":"Xiaomi/HM NOTE 1S/gucci:5.1.1/LMY48G/3b96ff9b:user/release-keys","buildHardware":"qcom","buildHost":"qh-miui-ota-bd54","buildId":"LMY48G","buildIncremental":"3b96ff9b","buildManufacturer":"Xiaomi","buildModel":"HM NOTE 1S","buildName":"Xiaomi","buildProduct":"gucci","buildRadioVersion":"pificzbma","buildRelease":"5.1.1","buildSdk":"22","buildSerialno":"2d561477","buildTags":"release-keys","buildType":"user","buildUser":"jenkins","buildUtc":1510846217254,"cellScan":[],"ci":0,"contacts":["奶奶,15208675425","姑妈,15507253227","外婆,13101223719","外公,13706001251","舅舅,13605395708","舅妈,15607905910","姨父,18002094558","姨娘,13907865422","亲爱的,13003173606","老弟,13308767243","老妹,13607537549","小明,13805918107","小李子,13908490608","余西,15202048351","Jeffery Lawson,15201181974","李义伊,18804104690","甘兴玺,15705480528","于桐,18907983769","Gerald Palmer,13306578004","元航克,13908740785","詹郡朔,18701611170","管经王,15703097464","Stephen Foster,14702236136","蓬伊怒,18007613093","贲由陵,13404520872","江敬会,18700195019","Marjorie Torres,14700795616","富书协,13506005127","杨绵举,18908122904","杨业烈,13802785614","Shawn Carter,13503277379","芮联校,13706654262","李皓棠,13001592346","陈敬毅,14701153961","Jesus Edwards,18801952581","杨衔,13000827966","李郁心,15105671484","云森岳,14701190599","Phillip Kelly,18702755248","韩佩茜,13801986995","韩荃,13702854595"],"cpuName":"Qualcomm Technologies, Inc MSM8916","densityDpi":480,"deviceId":"860655920460375","deviceSvn":"40","displayId":"gucci-user 5.1.1 LMY48G 3b96ff9b release-keys","extraInfo":"Tenda_a7bfe6","height":0,"hidePkgs":[],"hmNotes":"","hookPkgs":[],"lac":0,"latitude":30.8115443,"line1Number":"18930483940","longitude":104.2240253,"macAddress":"5d:f2:c1:cf:66:64","memAvailable":24251010,"memFree":72753033,"memTotal":97004043,"mnc":"03","networkClass":2,"networkCountryIso":"cn","networkOperator":"46003","networkOperatorName":"中国电信","networkType":12,"networkTypeName":"CDMA - EvDo rev. B","phoneType":2,"rgAndroid":"23","rgAreaode":"86","rgConNames":[],"rgCountry":"中国","rgDevice":"xiaomiRedmi 4X","rgIp":"119.4.254.60","rgLastLogin":1516776461223,"rgLocation":"四川省成都市 联通","rgNetType":"切换飞行模式","rgOrPhone":"18930483940","rgPhoneNo":"18930483940","rgServer":"飞行模式切换","rgTime":1515229954729,"rgVcode":"尚一品(发码)","rgVersion":"1.6.0","rgWxError":"该微信帐号因批量或者使用非法软件注册被限制登录，如需继续使用，请轻触“确定”申请解除限制。","rgWxName":"彭会仕","rgWxPasswd":"Rmst@7890","rgWxStatus":"异常","rgWxWindows":"否","serialno":"2d561477","simCountryIso":"cn","simOperator":"46003","simOperatorName":"中国电信","simSerialNumber":"898530237952068429644","simState":5,"subscriberId":"460037939450697","type":1,"typeName":"WIFI","width":0,"wifiScan":["PHICOMM_252158,ac:a2:b8:59:bc:a8,[WPA2-PSK-CCMP][WPS][ESS],-50,2437,3018137262","Netcore_30e104,6a:d9:61:09:91:70,[WPA2-PSK-CCMP][WPS][ESS],-54,2422,2102232339","TP-LINK_e30530,c8:e6:68:ad:88:73,[WPA2-PSK-CCMP][ESS],-94,2412,332953528","PHICOMM_b9659c,08:9d:bd:55:b0:29,[WPA-PSK-CCMP][WPA2-PSK-CCMP][ESS],-68,2412,305464675","Tenda_97bad1,cb:79:1b:6f:51:ec,[WPA2-PSK-CCMP][WPS][ESS],-69,2437,2402133634","MERCURY_326525,5c:60:35:0e:06:89,[WPA2-PSK-CCMP][WPS][ESS],-76,2437,413332072","PHICOMM_7ca859,85:5e:46:3e:14:ca,[WPA2-PSK-CCMP][ESS],-65,2412,981137100"]}