{"BSSID":"51:e2:fe:a8:96:76","IpAddress":"192.168.5.204","P2p0Mac":"d7:5b:58:62:0a:72","SSID":"TP-LINK_a0da","androidId":"699beec37afeaccd","batteryLevel":50,"btAddress":"b5:28:cd:c3:5b:cb","btName":"A33m","buildAbi":"armeabi-v7a","buildAbi2":"armeabi","buildBoard":"acclaim","buildBrand":"OPPO","buildCodename":"REL","buildDescription":"A33m-user 5.0 LRX21M d14d4146 release-keys","buildDevice":"A33m","buildFingerprint":"OPPO/A33m/A33m:5.0/LRX21M/d14d4146:user/release-keys","buildHardware":"qcom","buildHost":"mz-buider-4","buildId":"LRX21M","buildIncremental":"d14d4146","buildManufacturer":"OPPO","buildModel":"A33m","buildName":"OPPO","buildProduct":"A33m","buildRadioVersion":"dvgmimzinhtkepcs","buildRelease":"5.0","buildSdk":"21","buildSerialno":"037b23d4","buildTags":"release-keys","buildType":"user","buildUser":"Server","buildUtc":1488016224799,"cellScan":[],"ci":0,"contacts":["奶奶,13706160269","姑妈,18803327678","外婆,13800288951","外公,18804306417","舅舅,18707224050","舅妈,18905357934","姨父,15806731857","姨娘,18605545767","亲爱的,18601823283","老弟,13005356183","老妹,13601244469","小明,18906797330","小李子,13000902244","李立,13703620128","Amber Murphy,13706204827","滑翼兴,15603698531","平奇伊,15807454729","解绵雷,15701814612","Louis Warren,15708771355","韩王,13808233023","于璇然,18700371408","沈敬室,15304016483","Beatrice Cook,18900698651","芮耀苡,15305281926","张梁守,15101371532","李宣,13105720006","Katie Myers,13203436462","谷朔吾,13602870238","梅献同,13408806832","李盈珀,13301664208","Clarence Perry,13308432802","仰夜殊,18000326001","杨宏,13701354682","林况颂,15903190293","Miguel Sanchez,13407260361","李奇,13206588291","王广,15206401314","禹昆昱,15101641561","Laurie Ross,15007603530","石红群,18001726719","王魄鹄,15007173752","吕奇译,18703733823","Jeanne Mitchell,15700808655","马贺轩,14704161595","李培岳,15508283053","杨立素,15808818511","Adam Baker,13403307027","窦佳钰,13704697564"],"cpuName":"Qualcomm Technologies, Inc MSM8916","densityDpi":240,"deviceId":"862071377984081","deviceSvn":"51","displayId":"A33m-user 5.0 LRX21M d14d4146 release-keys","extraInfo":"TP-LINK_a0da","height":0,"hidePkgs":[],"hmNotes":"","hookPkgs":[],"lac":0,"latitude":30.4720387,"line1Number":"13408509173","longitude":104.170579,"macAddress":"43:cb:90:bc:39:7c","memAvailable":32016168,"memFree":64032336,"memTotal":96048504,"mnc":"00","networkClass":3,"networkCountryIso":"cn","networkOperator":"46002","networkOperatorName":"中国移动","networkType":13,"networkTypeName":"LTE","phoneType":1,"rgAndroid":"23","rgAreaode":"86","rgConNames":["上善若水","王雪彦"],"rgConsize":"2","rgCountry":"中国","rgDevice":"xiaomiRedmi 4X","rgIp":"119.4.254.181","rgLastLogin":1516875196609,"rgLocation":"四川省成都市 联通","rgNetType":"切换飞行模式","rgOrPhone":"13408509173","rgPhoneNo":"13408509173","rgServer":"飞行模式切换","rgTime":1515308210950,"rgVcode":"玉米(发码)","rgVersion":"1.6.0","rgWxEmail":"未绑定","rgWxError":"","rgWxId":"wxid_9837y25fy0g322","rgWxName":"王雪彦","rgWxNo":"未设置","rgWxPasswd":"Rmst@7890","rgWxQQ":"未绑定","rgWxStatus":"存活","rgWxWindows":"否","serialno":"037b23d4","simCountryIso":"cn","simOperator":"46002","simOperatorName":"中国移动","simSerialNumber":"8986009066187114880","simState":5,"subscriberId":"460028988953761","type":1,"typeName":"WIFI","width":0,"wifiScan":["PHICOMM_ad0f42,91:5c:17:0d:a2:da,[WPA2-PSK-CCMP][WPS][ESS],-67,2452,2668433893","PHICOMM_cfe365,a0:6f:5a:61:76:bb,[WPA-PSK-CCMP][WPA2-PSK-CCMP][WPS][ESS],-93,2412,1646237069","Netcore_374374,c0:bc:48:f8:4e:c9,[WPA-PSK-CCMP][WPA2-PSK-CCMP][WPS][ESS],-88,2412,430877606","TP-LINK_87437a,63:3a:0d:05:57:fb,[WPA-PSK-CCMP][WPA2-PSK-CCMP][WPS][ESS],-95,2457,513235107","PHICOMM_e32ec0,c5:ca:1a:a9:6d:fc,[WPA-PSK-CCMP][WPA2-PSK-CCMP][WPS][ESS],-72,2462,473434149","TP-LINK_48cb87,00:a3:c7:3b:77:ce,[WPA2-PSK-CCMP][ESS],-82,2437,387618763","FAST_143763,d1:46:19:5c:25:46,[WPA-PSK-TKIP+CCMP][WPA2-PSK-TKIP+CCMP][ESS],-87,2437,2242833636"]}