{"BSSID":"bf:97:63:35:0c:70","IpAddress":"10.53.7.181","P2p0Mac":"d2:0f:26:46:bc:ec","SSID":"Tenda_ac10b0","androidId":"c154a36beb1cec5c","batteryLevel":57,"btAddress":"68:95:72:3b:e5:b2","btName":"C5503","buildAbi":"armeabi-v7a","buildAbi2":"armeabi","buildBoard":"ether","buildBrand":"Sony","buildCodename":"REL","buildDescription":"C5503-user 7.0.0 NRD90M a294287b release-keys","buildDevice":"C5503","buildFingerprint":"Sony/C5503/C5503:7.0.0/NRD90M/a294287b:user/release-keys","buildHardware":"qcom","buildHost":"Android-server","buildId":"NRD90M","buildIncremental":"a294287b","buildManufacturer":"Sony","buildModel":"C5503","buildName":"Sony","buildProduct":"C5503","buildRadioVersion":"rpkssbwlqzafz","buildRelease":"7.0.0","buildSdk":"24","buildSerialno":"b0d324c9","buildTags":"release-keys","buildType":"user","buildUser":"builder","buildUtc":1474081001720,"cellScan":["61713,15486","61703,168927065","61703,168929065","32780,43406","61713,168248405"],"ci":168927065,"contacts":["奶奶,13701190382","姑妈,18800418022","外婆,18602067997","外公,15306226702","舅舅,15807305581","舅妈,15105750159","姨父,13203450646","姨娘,13906994113","亲爱的,13901649030","老弟,15906551199","老妹,18701098057","小明,18901755823","小李子,15906194913","余迅,18001870544","James Lee,18005305251","皮协雷,15200022070","左勋逵,18605217188","王万,13200013198","Jeremy Brooks,15507200287","李羡培,18606084691","李贵,18004590601","王廉颖,13490144879","Ellen Barnes,13305828072","王旺,13905894770","马克谷,13490234230","宣木贺,18706472040","Evelyn Sanders,18703645600","李屏,15805226898","嵇乾超,15803682801","李会,13107000004","Ricky Simpson,15604600050","赵行,13407043632","舒良霖,15900470886","杨逵,15804818212","Gladys Hayes,15804590930","喻秋宏,13802521649","杨嘉适,13403490795","张河校,13404428842","Daniel Gonzales,15200401990","张时密,15101926036","吴渠,13808030733","弓儒佑,13704194385","Shawn Brown,13601384826","杨让津,13900733091"],"cpuName":"Sony Mobile fusion3","densityDpi":480,"deviceId":"864289962826396","deviceSvn":"20","displayId":"C5503-user 7.0.0 NRD90M a294287b release-keys","extraInfo":"ctlte","height":0,"hidePkgs":[],"hmNotes":"","hookPkgs":[],"lac":61703,"latitude":30.7810231,"line1Number":"13438450147","longitude":104.1176636,"macAddress":"18:fb:d9:f9:04:a0","memAvailable":701736317,"memFree":2105208952,"memTotal":2806945269,"mnc":"00","networkClass":1,"networkCountryIso":"cn","networkOperator":"46007","networkOperatorName":"中国移动","networkType":2,"networkTypeName":"EDGE","phoneType":1,"rgAndroid":"23","rgAreaode":"86","rgBackupPath":"/storage/emulated/0/.money/backup/20180107/13438450147_20180107.db","rgConNames":["杨木炯"],"rgConsize":"1","rgCountry":"中国","rgDevice":"xiaomiRedmi 4X","rgIp":"119.4.254.56","rgLastLogin":1515547142861,"rgLocation":"四川省成都市 联通","rgNetType":"切换飞行模式","rgOrPhone":"13438450147","rgPhoneNo":"13438450147","rgServer":"飞行模式切换","rgTime":1515307175411,"rgVcode":"玉米(发码)","rgVersion":"1.6.0","rgWxEmail":"未绑定","rgWxError":"帐号状态异常，本次登录已失效。请尝试重新登录，并根据弹窗提示操作。","rgWxName":"杨木炯","rgWxNo":"未设置","rgWxPasswd":"Rmst@7890","rgWxQQ":"未绑定","rgWxStatus":"异常","rgWxWindows":"否","serialno":"b0d324c9","simCountryIso":"cn","simOperator":"46007","simOperatorName":"中国移动","simSerialNumber":"8986007341454318994","simState":5,"subscriberId":"460072988692722","type":0,"typeName":"MOBILE","width":0,"wifiScan":["Netcore_e3fe16,9c:21:6a:12:3a:0c,[WPA2-PSK-CCMP][WPS][ESS],-82,2462,484164771","TP-LINK_587b,1c:fa:68:18:49:c8,[WPA2-PSK-CCMP-preauth][ESS],-87,2457,1583932155","MERCURY_8c97b9,d8:15:0d:32:0a:9c,[WPA-PSK-CCMP][WPA2-PSK-CCMP][ESS],-92,2437,1396727453","MERCURY_7cfe31,64:3a:b1:3f:2c:ea,[WPA2-PSK-CCMP][ESS],-63,2412,227131110","PHICOMM_ec1430,f4:6a:92:41:13:06,[WPA2-PSK-CCMP][WPS][ESS],-71,2457,3144730582"]}