{"BSSID":"67:0c:9e:e2:34:4a","IpAddress":"10.91.21.77","P2p0Mac":"74:90:48:74:86:99","SSID":"MERCURY_d10daf","androidId":"b8971f06be83eb6e","batteryLevel":79,"btAddress":"92:42:ce:8e:0e:fb","btName":"OPPO A33m","buildAbi":"armeabi-v7a","buildAbi2":"armeabi","buildBoard":"p970","buildBrand":"OPPO","buildCodename":"REL","buildDescription":"OPPO A33m-user 5.0 LRX21M 3919cd92 release-keys","buildDevice":"OPPO A33m","buildFingerprint":"OPPO/OPPO A33m/OPPO A33m:5.0/LRX21M/3919cd92:user/release-keys","buildHardware":"qcom","buildHost":"qh-miui-ota-bd54","buildId":"LRX21M","buildIncremental":"3919cd92","buildManufacturer":"OPPO","buildModel":"OPPO A33m","buildName":"OPPO","buildProduct":"OPPO A33m","buildRadioVersion":"nucqtkgvlcfgdwvm","buildRelease":"5.0","buildSdk":"21","buildSerialno":"a7178bde","buildTags":"release-keys","buildType":"user","buildUser":"lgmobile","buildUtc":1482783730683,"cellScan":["65535,1648","65535,3605","61697,168757061","61697,168526353","65535,1674"],"ci":168526353,"contacts":["奶奶,13802460547","姑妈,18006108874","外婆,13406062971","外公,13490492198","舅舅,13490678796","舅妈,13902464392","姨父,18007670143","姨娘,13603981301","亲爱的,15801591507","老弟,13404456873","老妹,18008737686","小明,13106741225","小李子,14708143494","柏然保,18905877336","Crystal Dixon,15302082072","李盛,18607056361","伊由洋,13800144226","万逵业,15202782562","Linda Jordan,15105123930","杨让奎,15107915238","王宁,18004731604","邴怀实,18707502116","Wesley Harper,18702336122","杜竞平,13605851557","杨焱,15700194289","王烈,18903524450","Yvonne Mitchell,18002435036","吴锦逸,18906401298","卫王,13402318875","陈国密,15702273101","Connie Freeman,14704343166","杨尚,18002285002","詹畏翼,15205554399","仲恒涂,15805850722","Ann Smith,15804158252","李玺,13805156757","薛建涂,15502568965","酆铭双,13802653974","Ashley Henderson,13802353027","杜祥贤,13302572786","吴秋王,15806352753","梅团立,18005010344","Peggy Olson,18003813713"],"cpuName":"Qualcomm Technologies, Inc MSM8916","densityDpi":240,"deviceId":"862817460674645","deviceSvn":"51","displayId":"OPPO A33m-user 5.0 LRX21M 3919cd92 release-keys","extraInfo":"3gwap","height":0,"hidePkgs":[],"hmNotes":"","hookPkgs":[],"lac":61697,"latitude":30.6693304,"line1Number":"13541295488","longitude":104.0585246,"macAddress":"48:47:fc:4a:99:4e","memAvailable":701567961,"memFree":2104703886,"memTotal":2806271847,"mnc":"00","networkClass":2,"networkCountryIso":"cn","networkOperator":"46002","networkOperatorName":"中国移动","networkType":17,"networkTypeName":"TD_SCDMA","phoneType":1,"rgAndroid":"23","rgAreaode":"86","rgBackupPath":"/storage/emulated/0/.money/backup/20180107/13541295488_20180107.db","rgConNames":["杨仕"],"rgConsize":"1","rgCountry":"中国","rgDevice":"xiaomiRedmi 4X","rgIp":"119.4.253.91","rgLastLogin":1515547406915,"rgLocation":"四川省成都市 联通","rgNetType":"切换飞行模式","rgOrPhone":"13541295488","rgPhoneNo":"13541295488","rgServer":"飞行模式切换","rgTime":1515310921548,"rgVcode":"玉米(发码)","rgVersion":"1.6.0","rgWxEmail":"未绑定","rgWxError":"帐号状态异常，本次登录已失效。请尝试重新登录，并根据弹窗提示操作。","rgWxName":"杨仕","rgWxNo":"未设置","rgWxPasswd":"Rmst@7890","rgWxQQ":"未绑定","rgWxStatus":"异常","rgWxWindows":"否","serialno":"a7178bde","simCountryIso":"cn","simOperator":"46002","simOperatorName":"中国移动","simSerialNumber":"8986026667065414102","simState":5,"subscriberId":"460022554365812","type":0,"typeName":"MOBILE","width":0,"wifiScan":["Tenda_754973,24:69:68:6b:fd:68,[WPA2-PSK-CCMP][ESS],-87,2412,2582627787","Netcore_87cfda,00:36:76:01:81:3e,[WPA-PSK-CCMP][WPA2-PSK-CCMP][ESS],-67,2437,2671334508","iTV-4943,6c:59:40:b0:fc:98,[WPA-PSK-CCMP][WPA2-PSK-CCMP][WPS][ESS],-83,2412,211478131","Netcore_cbfe2a,ec:88:8f:4c:d7:af,[WPA-PSK-CCMP][WPA2-PSK-CCMP][WPS][ESS],-58,2447,2219432972","TP-LINK_420d,c0:61:18:cb:4e:f2,[WPA-PSK-CCMP][WPA2-PSK-CCMP][WPS][ESS],-71,2452,707738069"]}