{"BSSID":"06:25:7c:d9:97:58","IpAddress":"192.168.76.49","P2p0Mac":"b4:b2:31:de:f1:53","SSID":"TP-LINK_f25216","androidId":"620dfc6dd505d7b5","batteryLevel":79,"btAddress":"3e:01:c9:db:2e:dd","btName":"LEX720","buildAbi":"armeabi-v7a","buildAbi2":"armeabi","buildBoard":"ether","buildBrand":"LeEco","buildCodename":"REL","buildDescription":"LEX720-user 7.0.0 NRD90M b29f2935 release-keys","buildDevice":"LEX720","buildFingerprint":"LeEco/LEX720/LEX720:7.0.0/NRD90M/b29f2935:user/release-keys","buildHardware":"qcom","buildHost":"taishan","buildId":"NRD90M","buildIncremental":"b29f2935","buildManufacturer":"LeEco","buildModel":"LEX720","buildName":"LeEco","buildProduct":"LEX720","buildRadioVersion":"iecxhthbqrcvykyry","buildRelease":"7.0.0","buildSdk":"24","buildSerialno":"e896c7c1","buildTags":"release-keys","buildType":"user","buildUser":"builder","buildUtc":1468105910848,"cellScan":[],"ci":0,"contacts":["奶奶,15601528487","姑妈,15906564097","外婆,13705405715","外公,18808247498","舅舅,13705605455","舅妈,15607402193","姨父,15208748861","姨娘,15204236839","亲爱的,15206781611","老弟,15202636626","老妹,18706760698","小明,15203001699","小李子,15004687963","顾剑升,15908361225","Francisco Simpson,13406230176","于坚,15105550129","符双康,18903491332","王扬木,15801842957","Susan Wagner,13404923610","吴竞湘,18604231494","段嗣盛,13902078748","李轩,13004484473","Bernice Franklin,18600730791","余力寅,13302803986","陈菁,13007166694","王楷岭,18708073597","Maurice Henry,18701276463","余仕团,13801258327","杨轩微,15306660012","唐瑞茜,15706975490","Vincent Stone,18806367007","诸彤毅,18601625617","家望锦,15102496138","于顺谷,15700797352","Tina Berry,18804204273","魏廉怀,15901627109","孙芹,15802662088","支悠骏,13307464626","Sharon Scott,18908762191","葛诗茜,13490743124","张仪超,15303577159","李鹄,13900856670","Samantha Warren,13606028639","栾举礼,13808016281","费嗣慎,15004364809","吕瑜镜,13705430866","Bernice Kennedy,13907695135","李瑛,13405153263","丁宇星,18000716880"],"cpuName":"Qualcomm Technologies, Inc MSM8996pro","densityDpi":320,"deviceId":"860544647427679","deviceSvn":"37","displayId":"LEX720-user 7.0.0 NRD90M b29f2935 release-keys","extraInfo":"TP-LINK_f25216","height":0,"hidePkgs":[],"hmNotes":"","hookPkgs":[],"lac":0,"latitude":30.5059532,"line1Number":"15198153254","longitude":104.2398609,"macAddress":"70:e4:a0:e9:80:5a","memAvailable":4109779287,"memFree":12329337861,"memTotal":16439117148,"mnc":"00","networkClass":2,"networkCountryIso":"cn","networkOperator":"46000","networkOperatorName":"中国移动","networkType":8,"networkTypeName":"HSDPA","phoneType":1,"rgAndroid":"23","rgAreaode":"86","rgBackupPath":"/storage/emulated/0/.money/backup/20180107/15198153254_20180107.db","rgConNames":["李佳"],"rgConsize":"1","rgCountry":"中国","rgDevice":"xiaomiRedmi 4X","rgIp":"119.4.254.103","rgLastLogin":1515547338251,"rgLocation":"四川省成都市 联通","rgNetType":"切换飞行模式","rgOrPhone":"15198153254","rgPhoneNo":"15198153254","rgServer":"飞行模式切换","rgTime":1515308795295,"rgVcode":"玉米(发码)","rgVersion":"1.6.0","rgWxEmail":"未绑定","rgWxError":"帐号状态异常，本次登录已失效。请尝试重新登录，并根据弹窗提示操作。","rgWxName":"李佳","rgWxNo":"未设置","rgWxPasswd":"Rmst@7890","rgWxQQ":"未绑定","rgWxStatus":"异常","rgWxWindows":"否","serialno":"e896c7c1","simCountryIso":"cn","simOperator":"46000","simOperatorName":"中国移动","simSerialNumber":"8986027399186940773","simState":5,"subscriberId":"460007496435311","type":1,"typeName":"WIFI","width":0,"wifiScan":["Tenda_140e31,c1:cc:2d:e4:0c:5e,[WPA2-PSK-CCMP][WPS][ESS],-87,2472,365431929","TP-LINK_84276a,2e:d4:91:23:30:c3,[WPA-PSK-CCMP][WPA2-PSK-CCMP][WPS][ESS],-88,2437,288718508","FAST_fc1f43,20:e9:71:5f:ef:16,[WPA-PSK-CCMP][WPA2-PSK-CCMP][ESS],-79,2412,1294328675","MERCURY_fe2541,91:cb:b2:42:9c:cc,[WPA-PSK-CCMP][WPA2-PSK-CCMP][WPS][ESS],-90,2437,2911030904","FAST_9dcf,f9:91:1a:06:c6:1e,[WPA-PSK-CCMP][WPA2-PSK-CCMP][WPS][ESS],-78,2417,2310936417","MERCURY_137ba7,df:e3:1c:f5:2a:f9,[WPA-PSK-CCMP][WPA2-PSK-CCMP][ESS],-86,2457,197921814","Tenda_316484,79:f6:8f:e2:a6:d1,[WPA-PSK-CCMP][WPA2-PSK-CCMP][ESS],-87,2462,1568335940","PHICOMM_32b9db,08:cd:b9:69:a2:e2,[WPA2-PSK-CCMP][WPS][ESS],-81,2462,3537638270"]}