{"BSSID":"f1:5f:2a:19:c2:5f","IpAddress":"10.89.73.26","P2p0Mac":"31:e3:ac:59:03:76","SSID":"FAST_205387","androidId":"4837e78d3b9ed59a","batteryLevel":32,"btAddress":"43:b2:c4:9b:4b:b6","btName":"MI 5","buildAbi":"armeabi-v7a","buildAbi2":"armeabi","buildBoard":"moorefield","buildBrand":"Xiaomi","buildCodename":"REL","buildDescription":"gemini-user 7.1.2 NMF26Q 8aa0b80f release-keys","buildDevice":"gemini","buildFingerprint":"Xiaomi/MI 5/gemini:7.1.2/NMF26Q/8aa0b80f:user/release-keys","buildHardware":"qcom","buildHost":"mz-buider-2","buildId":"NMF26Q","buildIncremental":"8aa0b80f","buildManufacturer":"Xiaomi","buildModel":"MI 5","buildName":"Xiaomi","buildProduct":"gemini","buildRadioVersion":"ojeohqswxtiv","buildRelease":"7.1.2","buildSdk":"25","buildSerialno":"90034416","buildTags":"release-keys","buildType":"user","buildUser":"builder","buildUtc":1479639117674,"cellScan":["61712,168870825","61712,169945219","32911,134902017","32911,43021","32911,5062"],"ci":168870825,"contacts":["奶奶,13902746590","姑妈,13900393973","外婆,15503683778","外公,13001948177","舅舅,13706414783","舅妈,15005505157","姨父,13203844777","姨娘,15104918115","亲爱的,18803457004","老弟,13201782932","老妹,15301171590","小明,13106150402","小李子,18703906977","王君,18802332440","Paula Hernandez,18702308851","纪欢铭,15308166254","王琦权,15601751303","裴佩薇,13902396849","Laurie Matthews,13900690575","潘昱学,14707397022","金意弘,15508485306","王岩骥,13508417980","Timothy Bennett,13708346049","万野绵,18701196600","山伊皓,15305681961","钭权学,15904457469","Mark Collins,15105821691","管瑟璞,13400822381","张靖秀,15605296986","李水良,15103381003","Samantha Dunn,15103998874","杨玉,18707157465","杨夜朔,18002076871","贝欢炎,14703730219","Jesus Young,18702982996","萧卿瑜,15705442560","翁秀倩,13507044316","管卿意,18901488034","Ryan Willis,15302062406","全熙静,18008046846","王荣,15708202146","闵坚佩,18000017190","Evelyn Lewis,13307373746","于倩,18005651807","蓬宣雅,18606517923"],"cpuName":"Qualcomm Technologies, Inc MSM8996","densityDpi":480,"deviceId":"861134030833706","deviceSvn":"65","displayId":"gemini-user 7.1.2 NMF26Q 8aa0b80f release-keys","extraInfo":"ctlte","height":0,"hidePkgs":[],"hmNotes":"","hookPkgs":[],"lac":61712,"latitude":30.5982853,"line1Number":"15198164231","longitude":103.7422793,"macAddress":"70:c8:29:ef:1f:4d","memAvailable":31248853,"memFree":62497706,"memTotal":93746559,"mnc":"00","networkClass":2,"networkCountryIso":"cn","networkOperator":"46007","networkOperatorName":"中国移动","networkType":17,"networkTypeName":"TD_SCDMA","phoneType":1,"rgAndroid":"23","rgAreaode":"86","rgBackupPath":"/storage/emulated/0/.money/backup/20180107/15198164231_20180107.db","rgConNames":["包杭王"],"rgConsize":"1","rgCountry":"中国","rgDevice":"xiaomiRedmi 4X","rgIp":"119.4.254.67","rgLastLogin":1515547006677,"rgLocation":"四川省成都市 联通","rgNetType":"切换飞行模式","rgOrPhone":"15198164231","rgPhoneNo":"15198164231","rgServer":"飞行模式切换","rgTime":1515305942882,"rgVcode":"玉米(发码)","rgVersion":"1.6.0","rgWxEmail":"未绑定","rgWxError":"帐号状态异常，本次登录已失效。请尝试重新登录，并根据弹窗提示操作。","rgWxName":"包杭王","rgWxNo":"未设置","rgWxPasswd":"Rmst@7890","rgWxQQ":"未绑定","rgWxStatus":"异常","rgWxWindows":"否","serialno":"90034416","simCountryIso":"cn","simOperator":"46007","simOperatorName":"中国移动","simSerialNumber":"8986024445991525557","simState":5,"subscriberId":"460072198483331","type":0,"typeName":"MOBILE","width":0,"wifiScan":["Netcore_48c98b,24:69:68:a4:74:ee,[WPA2-PSK-CCMP][WPS][ESS],-83,2422,237419133","PHICOMM_537326,50:bd:5f:db:c1:ca,[WPA2-PSK-CCMP][ESS],-52,2427,266720382","TP-LINK_376adc,8c:f2:28:81:6f:e6,[WPA2-PSK-CCMP][ESS],-86,2462,788331665","ChainaNet_be21,ec:38:8f:c7:61:88,[WPA-PSK-CCMP][WPA2-PSK-CCMP][WPS][ESS],-71,2437,1191028667","MERCURY_2043,44:97:5a:25:8b:70,[WPA2-PSK-CCMP][ESS],-67,2462,2925335284"]}