{"BSSID":"cb:e0:7b:6f:41:dc","IpAddress":"192.168.82.159","P2p0Mac":"41:37:aa:94:b2:1f","SSID":"Netcore_e69852","androidId":"8fcb55c778c96b8f","batteryLevel":66,"btAddress":"19:04:af:31:35:6e","btName":"GT-I9308I","buildAbi":"armeabi-v7a","buildAbi2":"armeabi","buildBoard":"roth","buildBrand":"samsung","buildCodename":"REL","buildDescription":"GT-I9308I-user 6.0.1 MMB29T a8251b45 release-keys","buildDevice":"GT-I9308I","buildFingerprint":"samsung/GT-I9308I/GT-I9308I:6.0.1/MMB29T/a8251b45:user/release-keys","buildHardware":"qcom","buildHost":"SEP-68","buildId":"MMB29T","buildIncremental":"a8251b45","buildManufacturer":"samsung","buildModel":"GT-I9308I","buildName":"samsung","buildProduct":"GT-I9308I","buildRadioVersion":"cflauxismx","buildRelease":"6.0.1","buildSdk":"23","buildSerialno":"ef9ff3ec","buildTags":"release-keys","buildType":"user","buildUser":"Server","buildUtc":1480160053338,"cellScan":["33256,59012","32813,139937281","33243,45991","33243,44711","32819,59012"],"ci":59012,"contacts":["奶奶,18908000651","姑妈,15502645506","外婆,13207904104","外公,18806778285","舅舅,13490001868","舅妈,13902355539","姨父,14705138262","姨娘,13602891491","亲爱的,13705434405","老弟,13408112390","老妹,18803446734","小明,13303792334","小李子,13404078227","王妙,15801372659","Carl Tucker,13407687366","裴夜绵,15004053840","李遇利,13508436509","杨骏举,15901576755","Sandra Foster,15801644298","于郁豪,15205977357","邬似荃,15601754542","杨嗣贺,18802182616","Brent Kennedy,14703302187","杨湘,18701036234","陆似雷,15301625532","王瑟郁,15208878284","Vincent Lawrence,15901259037","尉迟岩烁,15704240383","吉余朋,13903448448","危文观,18708016708","Kelly Hamilton,14704033599","花伊郁,13505046088","左诗吉,18703910538","贾水水,13490151581","Mary Allen,18907327944","杨情渠,18804185525","万宏璇,15300716818","吴郡克,15106190184","Bertha Wright,15807006888","单图亚,18000978600","李锐水,18805867336"],"cpuName":"Qualcomm MSM 8226 (Flattened Device Tree)","densityDpi":240,"deviceId":"860160514057489","deviceSvn":"35","displayId":"GT-I9308I-user 6.0.1 MMB29T a8251b45 release-keys","extraInfo":"Netcore_e69852","height":0,"hidePkgs":[],"hmNotes":"","hookPkgs":[],"lac":32819,"latitude":30.4811911,"line1Number":"15708406859","longitude":104.3484366,"macAddress":"1a:db:7c:79:af:a3","memAvailable":23402094,"memFree":70206282,"memTotal":93608376,"mnc":"00","networkClass":3,"networkCountryIso":"cn","networkOperator":"46007","networkOperatorName":"中国移动","networkType":13,"networkTypeName":"LTE","phoneType":1,"rgAndroid":"23","rgAreaode":"86","rgBackupPath":"/storage/emulated/0/.money/backup/20180107/15708406859_20180107.db","rgConNames":["明怡克"],"rgConsize":"1","rgCountry":"中国","rgDevice":"xiaomiRedmi 4X","rgIp":"119.4.254.139","rgLastLogin":1515546873136,"rgLocation":"四川省成都市 联通","rgNetType":"切换飞行模式","rgOrPhone":"15708406859","rgPhoneNo":"15708406859","rgServer":"飞行模式切换","rgTime":1515304404589,"rgVcode":"玉米(发码)","rgVersion":"1.6.0","rgWxEmail":"未绑定","rgWxError":"帐号状态异常，本次登录已失效。请尝试重新登录，并根据弹窗提示操作。","rgWxName":"明怡克","rgWxNo":"未设置","rgWxPasswd":"Rmst@7890","rgWxQQ":"未绑定","rgWxStatus":"异常","rgWxWindows":"否","serialno":"ef9ff3ec","simCountryIso":"cn","simOperator":"46007","simOperatorName":"中国移动","simSerialNumber":"8986008443092438476","simState":5,"subscriberId":"460073603132122","type":1,"typeName":"WIFI","width":0,"wifiScan":["TP-LINK_836596,74:a7:8e:ae:a9:fb,[WPA2-PSK-CCMP][WPS][ESS],-80,2462,439090321","MERCURY_26a843,34:bd:f9:57:4d:75,[WPA2-PSK-CCMP][WPS][ESS],-80,2462,246248545","Netcore_85ed15,14:e6:e4:86:f1:8e,[WPA2-PSK-CCMP][WPS][ESS],-75,2437,267089434","TP-LINK_9dc9,a4:56:02:5d:3c:0b,[WPA2-PSK-CCMP][WPS][ESS],-87,2437,1382629094","PHICOMM_9cbf21,50:bd:5f:d1:0d:ae,[WPA-PSK-CCMP][WPA2-PSK-CCMP][ESS],-88,2462,744126491"]}