{"BSSID":"48:d1:c9:42:11:97","IpAddress":"192.168.68.126","P2p0Mac":"fa:39:78:31:8f:2e","SSID":"TP-LINK_d87b9e","androidId":"acb7b24638000673","batteryLevel":88,"btAddress":"52:19:3e:6c:d6:df","btName":"HM NOTE 1TD","buildAbi":"armeabi-v7a","buildAbi2":"armeabi","buildBoard":"MAKO","buildBrand":"Xiaomi","buildCodename":"REL","buildDescription":"lcsh92_wet_tdd-user 5.1.1 LMY48G b98ce400 release-keys","buildDevice":"lcsh92_wet_tdd","buildFingerprint":"Xiaomi/HM NOTE 1TD/lcsh92_wet_tdd:5.1.1/LMY48G/b98ce400:user/release-keys","buildHardware":"qcom","buildHost":"wcc-miui-ota-bd25","buildId":"LMY48G","buildIncremental":"b98ce400","buildManufacturer":"Xiaomi","buildModel":"HM NOTE 1TD","buildName":"Xiaomi","buildProduct":"lcsh92_wet_tdd","buildRadioVersion":"usslgptkaepsoqxk","buildRelease":"5.1.1","buildSdk":"22","buildSerialno":"48bac47f","buildTags":"release-keys","buildType":"user","buildUser":"jenkins","buildUtc":1481426704195,"cellScan":[],"ci":0,"contacts":["奶奶,13490103064","姑妈,14703584070","外婆,13308184992","外公,13703690125","舅舅,18606141004","舅妈,13200308055","姨父,13702127015","姨娘,13505571658","亲爱的,13008150700","老弟,13000986436","老妹,15307213889","小明,13107163021","小李子,14706660318","汲净璇,18807206282","Kristen Wright,18802873297","卡密桐,18005014556","宓雪如,15205185862","杨精,18907766764","Louis Elliott,15303178392","吴吉若,13403540414","翁迅红,13108865463","纪胤宫,15304978578","Mark Daniels,13304193762","李翰,15700553547","伊军誓,13490421528","杨守,15608484207","Samantha Russell,15507722145","李魄豪,14701555619","杨望,14701583985","岑红琦,15507858390","Paula Olson,13002422347","于保会,15301184855","李幸三,15705744431","戴萱默,13002146532","Leroy Powell,15601914926","吴广,13203807414","段阔渠,13201697563","张烈桐,13805546513","Shawn Bennett,13707938758","余琴,13601388701","王江,13105841683"],"cpuName":"MT6592","densityDpi":240,"deviceId":"860752530118723","deviceSvn":"27","displayId":"lcsh92_wet_tdd-user 5.1.1 LMY48G b98ce400 release-keys","extraInfo":"TP-LINK_d87b9e","height":0,"hidePkgs":[],"hmNotes":"","hookPkgs":[],"lac":0,"latitude":30.5147164,"line1Number":"18224454939","longitude":103.7651467,"macAddress":"24:39:f1:fc:59:bf","memAvailable":935738014,"memFree":1871476030,"memTotal":2807214044,"mnc":"00","networkClass":3,"networkCountryIso":"cn","networkOperator":"46007","networkOperatorName":"中国移动","networkType":13,"networkTypeName":"LTE","phoneType":1,"rgAndroid":"23","rgAreaode":"86","rgBackupPath":"/storage/emulated/0/.money/backup/20180107/18224454939_20180107.db","rgConNames":[],"rgCountry":"中国","rgDevice":"xiaomiRedmi 4X","rgIp":"119.4.255.122","rgLastLogin":1515375530965,"rgLocation":"四川省成都市 联通","rgNetType":"切换飞行模式","rgOrPhone":"18224454939","rgPhoneNo":"18224454939","rgServer":"飞行模式切换","rgTime":1515311899796,"rgVcode":"玉米(发码)","rgVersion":"1.6.0","rgWxError":"帐号状态异常，本次登录已失效。请尝试重新登录，并根据弹窗提示操作。","rgWxName":"李颂绍","rgWxPasswd":"Rmst@7890","rgWxStatus":"异常","rgWxWindows":"否","serialno":"48bac47f","simCountryIso":"cn","simOperator":"46007","simOperatorName":"中国移动","simSerialNumber":"8986006961733466986","simState":5,"subscriberId":"460074520780604","type":1,"typeName":"WIFI","width":0,"wifiScan":["Netcore_36497b,80:0e:ac:fb:78:1e,[WPA2-PSK-CCMP][WPS][ESS],-75,2437,1124237079","MERCURY_215205,80:69:fc:cc:2f:f7,[WPA2-PSK-CCMP][WPS][ESS],-89,2437,509852422","Netcore_043a9e,c1:04:47:45:fa:d8,[WPA2-PSK-CCMP][WPS][ESS],-94,2462,2931931304","Netcore_a9dc97,5c:b9:bb:2c:f1:81,[WPA-PSK-CCMP][WPA2-PSK-CCMP][WPS][ESS],-72,2412,437030548","MERCURY_1410,ce:8b:80:8e:b2:56,[WPA-PSK-CCMP][WPA2-PSK-CCMP][ESS],-88,2422,256627811"]}