{"BSSID":"08:bd:b0:65:43:d3","IpAddress":"192.168.37.232","P2p0Mac":"14:e9:f7:65:63:cd","SSID":"MERCURY_6ec97b","androidId":"650a89288c42711f","batteryLevel":87,"btAddress":"5b:14:cc:d4:f0:48","btName":"ZTE G718C","buildAbi":"armeabi-v7a","buildAbi2":"armeabi","buildBoard":"p760","buildBrand":"ZTE","buildCodename":"REL","buildDescription":"ZTE-G718C-user 6.0.1 MMB29T 8ffa4b03 release-keys","buildDevice":"ZTE-G718C","buildFingerprint":"ZTE/ZTE G718C/ZTE-G718C:6.0.1/MMB29T/8ffa4b03:user/release-keys","buildHardware":"qcom","buildHost":"shws40","buildId":"MMB29T","buildIncremental":"8ffa4b03","buildManufacturer":"ZTE","buildModel":"ZTE G718C","buildName":"ZTE","buildProduct":"ZTE-G718C","buildRadioVersion":"ecskicvufqzaera","buildRelease":"6.0.1","buildSdk":"23","buildSerialno":"54d2a98a","buildTags":"release-keys","buildType":"user","buildUser":"MarkBuild","buildUtc":1482049738439,"cellScan":["61712,168829557","39936,163673395","32847,45023","39936,164250417","32847,135153411"],"ci":135153411,"contacts":["奶奶,13006940897","姑妈,13407617078","外婆,13605903128","外公,13301301360","舅舅,15005997018","舅妈,15303297187","姨父,13101184878","姨娘,13904892261","亲爱的,18708185375","老弟,13406840752","老妹,13206042013","小明,13800574653","小李子,14701511959","丁永巍,18807408149","Jean Shaw,18706945021","贾元守,18802334246","巫璇伟,13306410105","柳王骥,18003774926","Calvin Patterson,13304497696","萧念三,15302749017","李野,18707166160","郎由秀,13303374300","Dale Carroll,18004474572","陈卫精,13206973575","彭奎行,13208693277","武剑望,13503535146","Helen Bradley,13907390269","杨绣罗,18605868297","蔡珀魄,18905548242","丁炫元,15508132150","Carol Armstrong,13105936691","吴盈,13605255127","张商,13703472455","谷森畏,13300041020","Ralph Allen,18903772692","王玮,18007386280","蓝念庞,15104123864","王寿立,18605474542","Erin Perez,13106718846","宫经冠,18904862927","邵辉午,13490501859","刁庞佩,13000025281","Mildred Reyes,15603696514","杨惠,15203816615","余绍,18005237094","杨宇,18606234393","Jane Gray,18602786987","王伟筱,14707897822"],"cpuName":"Qualcomm MSM8926","densityDpi":480,"deviceId":"861055523689208","deviceSvn":"75","displayId":"ZTE-G718C-user 6.0.1 MMB29T 8ffa4b03 release-keys","extraInfo":"MERCURY_6ec97b","height":0,"hidePkgs":[],"hmNotes":"","hookPkgs":[],"lac":32847,"latitude":30.6250602,"line1Number":"18224447154","longitude":103.7580195,"macAddress":"34:57:48:cc:1c:81","memAvailable":51146011,"memFree":153438033,"memTotal":204584044,"mnc":"00","networkClass":2,"networkCountryIso":"cn","networkOperator":"46002","networkOperatorName":"中国移动","networkType":17,"networkTypeName":"TD_SCDMA","phoneType":1,"rgAndroid":"23","rgAreaode":"86","rgBackupPath":"/storage/emulated/0/.money/backup/20180107/18224447154_20180107.db","rgConNames":[],"rgCountry":"中国","rgDevice":"xiaomiRedmi 4X","rgIp":"101.206.166.77","rgLastLogin":1515374796704,"rgLocation":"四川省 联通","rgNetType":"切换飞行模式","rgOrPhone":"18224447154","rgPhoneNo":"18224447154","rgServer":"飞行模式切换","rgTime":1515306925288,"rgVcode":"玉米(发码)","rgVersion":"1.6.0","rgWxError":"帐号状态异常，本次登录已失效。请尝试重新登录，并根据弹窗提示操作。","rgWxName":"吴茂筱","rgWxPasswd":"Rmst@7890","rgWxStatus":"异常","rgWxWindows":"否","serialno":"54d2a98a","simCountryIso":"cn","simOperator":"46002","simOperatorName":"中国移动","simSerialNumber":"8986029286585377602","simState":5,"subscriberId":"460028304878382","type":1,"typeName":"WIFI","width":0,"wifiScan":["Tenda_858da7,f4:ee:14:48:fe:fa,[WPA2-PSK-CCMP][ESS],-89,2467,391778335","PHICOMM_0e2054,14:75:90:09:2c:ea,[WPA2-PSK-CCMP][ESS],-56,2462,390757662","Netcore_0c1031,20:89:86:6c:fd:e5,[WPA-PSK-CCMP][WPA2-PSK-CCMP][WPS][ESS],-91,2412,352684888","FAST_374264,50:bd:5f:bf:65:c6,[WPA-PSK-CCMP][WPA2-PSK-CCMP][WPS][ESS],-64,2462,1419837575","Netcore_9c98cb,f4:ee:14:2f:79:a8,[WPA-PSK-CCMP][WPA2-PSK-CCMP][WPS][ESS],-86,2447,437936036"]}