{"BSSID":"2b:c2:1e:46:c7:7e","IpAddress":"10.41.18.223","P2p0Mac":"4a:37:9e:9c:68:47","SSID":"Tenda_a5486b","androidId":"e4bcacf095e7f0d7","batteryLevel":69,"btAddress":"00:af:44:0e:f3:48","btName":"MI 5","buildAbi":"armeabi-v7a","buildAbi2":"armeabi","buildBoard":"MAKO","buildBrand":"Xiaomi","buildCodename":"REL","buildDescription":"gemini-user 5.0 LRX21M 816509cf release-keys","buildDevice":"gemini","buildFingerprint":"Xiaomi/MI 5/gemini:5.0/LRX21M/816509cf:user/release-keys","buildHardware":"qcom","buildHost":"sp-ci-01-desktop","buildId":"LRX21M","buildIncremental":"816509cf","buildManufacturer":"Xiaomi","buildModel":"MI 5","buildName":"Xiaomi","buildProduct":"gemini","buildRadioVersion":"vcdildycz","buildRelease":"5.0","buildSdk":"21","buildSerialno":"0bef8ca9","buildTags":"release-keys","buildType":"user","buildUser":"android","buildUtc":1492967237045,"cellScan":[],"ci":0,"contacts":["奶奶,15905567251","姑妈,15302761842","外婆,13707023093","外公,13001293106","舅舅,13104362316","舅妈,18604820157","姨父,13701240924","姨娘,15800404318","亲爱的,18703995214","老弟,18700443570","老妹,18703913210","小明,13404088309","小李子,15205924922","龙让伟,15602074833","Luis Morris,15504954239","杨诗湘,13402271163","王广恺,15207436989","席贤仁,13606453122","Marjorie Greene,13803608118","萧荣行,13301290860","杨伊卿,15803086258","狄尚联,13403987236","Jack Perkins,15100439030","吴向,15306635752","李茜,18700764322","姜剑恒,18000672797","Bonnie Chavez,13301693486","汲竞廉,15307997262","李校,15106877765","赵辉玺,13100101600","Peggy Rice,13102317628","李进,13908348234","阮伊裕,13605208682","欧阳超衔,15104210269","Terry Jackson,13402617134","杨易厚,14701026832","余华,18806590971","贺豪宏,18806721597","Juanita Graham,15704351506","杨启,13007553077","毕雪协,13603990821","诸景,13003293928","Jay Nichols,13201221859","杨逵翰,13608319062","王翼,13001190736","季经望,14704990655","Virginia Knight,15702426043","秦莉桐,13200101077"],"cpuName":"Qualcomm Technologies, Inc MSM8996","densityDpi":480,"deviceId":"864872584145871","deviceSvn":"84","displayId":"gemini-user 5.0 LRX21M 816509cf release-keys","extraInfo":"3gnet","height":0,"hidePkgs":[],"hmNotes":"","hookPkgs":[],"lac":0,"latitude":30.8536684,"line1Number":"18280404416","longitude":103.7999945,"macAddress":"4d:26:00:dc:5b:67","memAvailable":5479658301,"memFree":10959316603,"memTotal":16438974904,"mnc":"00","networkClass":2,"networkCountryIso":"cn","networkOperator":"46000","networkOperatorName":"中国移动","networkType":17,"networkTypeName":"TD_SCDMA","phoneType":1,"rgAndroid":"23","rgAreaode":"86","rgBackupPath":"/storage/emulated/0/.money/backup/20180107/18280404416_20180107.db","rgConNames":["甘苡密"],"rgConsize":"1","rgCountry":"中国","rgDevice":"xiaomiRedmi 4X","rgIp":"101.206.166.165","rgLastLogin":1515547676358,"rgLocation":"四川省 联通","rgNetType":"切换飞行模式","rgOrPhone":"18280404416","rgPhoneNo":"18280404416","rgServer":"飞行模式切换","rgTime":1515316879846,"rgVcode":"玉米(发码)","rgVersion":"1.6.0","rgWxEmail":"未绑定","rgWxError":"帐号状态异常，本次登录已失效。请尝试重新登录，并根据弹窗提示操作。","rgWxName":"甘苡密","rgWxNo":"未设置","rgWxPasswd":"Rmst@7890","rgWxQQ":"未绑定","rgWxStatus":"异常","rgWxWindows":"否","serialno":"0bef8ca9","simCountryIso":"cn","simOperator":"46000","simOperatorName":"中国移动","simSerialNumber":"8986029164383358147","simState":5,"subscriberId":"460004630955915","type":0,"typeName":"MOBILE","width":0,"wifiScan":["MERCURY_26a9d9,e9:6c:18:c2:4f:ac,[WPA-PSK-CCMP][WPA2-PSK-CCMP][ESS],-55,2412,2859429920","TP-LINK_9dbfda,17:a6:9a:a6:95:9b,[WPA2-PSK-CCMP][ESS],-88,2412,1209530631","FAST_9598ba,5d:92:0d:8f:ab:85,[WPA-PSK-CCMP][WPA2-PSK-CCMP][WPS][ESS],-77,2437,2569933150","Netcore_9cb8ba,0b:4d:d5:10:cd:a8,[WPA2-PSK-CCMP][ESS],-81,2452,3049434953","ChainaNet_3262,7d:36:83:94:3c:26,[WPA2-PSK-CCMP][WPS][ESS],-84,2412,2131731641","TP-LINK_6386ba,04:ac:24:f5:70:ec,[WPA-PSK-CCMP][WPA2-PSK-CCMP][WPS][ESS],-95,2462,391703471"]}