{"BSSID":"71:c4:45:a4:8a:c2","IpAddress":"192.168.70.39","P2p0Mac":"81:81:55:4b:dd:05","SSID":"Tenda_cf265e","androidId":"0fd27aab2171591d","batteryLevel":37,"btAddress":"cb:e6:61:ba:15:26","btName":"Coolpad 8675-HD","buildAbi":"armeabi-v7a","buildAbi2":"armeabi","buildBoard":"solana","buildBrand":"Coolpad","buildCodename":"REL","buildDescription":"Coolpad 8675-HD-user 5.0 LRX21M eb40cc93 release-keys","buildDevice":"Coolpad 8675-HD","buildFingerprint":"Coolpad/Coolpad 8675-HD/Coolpad 8675-HD:5.0/LRX21M/eb40cc93:user/release-keys","buildHardware":"qcom","buildHost":"qh-miui-ota-bd51","buildId":"LRX21M","buildIncremental":"eb40cc93","buildManufacturer":"Coolpad","buildModel":"Coolpad 8675-HD","buildName":"Coolpad","buildProduct":"Coolpad 8675-HD","buildRadioVersion":"vjgqrwrqmxyyngfzr","buildRelease":"5.0","buildSdk":"21","buildSerialno":"ebdc1647","buildTags":"release-keys","buildType":"user","buildUser":"buildHost","buildUtc":1463045377739,"cellScan":["61700,168051786","33061,58331","61713,29005","33061,58154","61713,168146841"],"ci":58331,"contacts":["奶奶,13490812730","姑妈,13006873322","外婆,13607224150","外公,13490297371","舅舅,13102684282","舅妈,15500146545","姨父,18707163576","姨娘,15207346330","亲爱的,18007873231","老弟,18705672806","老妹,13302586858","小明,13100550981","小李子,18802246566","唐良鹏,15203022936","Louis Martinez,15203872734","臧伟佑,15601126240","李兴惠,15200994973","严吾保,15107623817","Randall Crawford,15206814974","潘让甲,13707142461","凌棠灵,13805722651","李京,13901392476","Martha Willis,13903132853","李香珊,13301967903","钱红,15206120294","房许嘉,13505306898","Patrick Reyes,13701351824","李韶,13304223197","李威,15805754280","吴稼,13405242886","Valerie Morales,13406693281","东方贤密,13203447070","王许全,15305205091","武同永,15004426906","Lorraine Campbell,13401623270","常雨易,15904998869","李欣锐,18006477387","于迅倩,13907004757","Ruby Jenkins,13807448561","杨效实,13203676865","杨荃,13201234218","余玮,15507783404","Kathryn Burns,15503997210","缪璇古,15306702499","蓝露逸,13408748176","祝晟红,15107447764","Travis Hunter,15203062158","李永,13207135684","堪尚若,15807213469","糜古延,15202656533","Jesus Howard,13405715382"],"cpuName":"MT6592","densityDpi":560,"deviceId":"861875184370453","deviceSvn":"15","displayId":"Coolpad 8675-HD-user 5.0 LRX21M eb40cc93 release-keys","extraInfo":"Tenda_cf265e","height":0,"hidePkgs":[],"hmNotes":"","hookPkgs":[],"lac":33061,"latitude":30.757767,"line1Number":"18302843120","longitude":104.2161625,"macAddress":"bd:30:06:b8:72:d3","memAvailable":32297618,"memFree":64595238,"memTotal":96892856,"mnc":"00","networkClass":2,"networkCountryIso":"cn","networkOperator":"46007","networkOperatorName":"中国移动","networkType":8,"networkTypeName":"HSDPA","phoneType":1,"rgAndroid":"23","rgAreaode":"86","rgBackupPath":"/storage/emulated/0/.money/backup/20180107/18302843120_20180107.db","rgConNames":["张岩"],"rgConsize":"1","rgCountry":"中国","rgDevice":"xiaomiRedmi 4X","rgIp":"119.4.254.209","rgLastLogin":1515546939929,"rgLocation":"四川省成都市 联通","rgNetType":"切换飞行模式","rgOrPhone":"18302843120","rgPhoneNo":"18302843120","rgServer":"飞行模式切换","rgTime":1515305276558,"rgVcode":"玉米(发码)","rgVersion":"1.6.0","rgWxEmail":"未绑定","rgWxError":"帐号状态异常，本次登录已失效。请尝试重新登录，并根据弹窗提示操作。","rgWxName":"张岩","rgWxNo":"未设置","rgWxPasswd":"Rmst@7890","rgWxQQ":"未绑定","rgWxStatus":"异常","rgWxWindows":"否","serialno":"ebdc1647","simCountryIso":"cn","simOperator":"46007","simOperatorName":"中国移动","simSerialNumber":"8986005571123966332","simState":5,"subscriberId":"460073538735681","type":1,"typeName":"WIFI","width":0,"wifiScan":["FAST_f854,08:10:78:fd:ec:64,[WPA-PSK-CCMP][WPA2-PSK-CCMP][WPS][ESS],-81,2462,1698126626","FAST_153f,00:23:c9:cf:d3:6c,[WPA-PSK-CCMP][WPA2-PSK-CCMP][WPS][ESS],-95,2462,2444332621","PHICOMM_6aed65,6c:59:40:22:52:2c,[WPA2-PSK-CCMP][ESS],-92,2467,1360237545","TP-LINK_ea598c,08:10:78:47:77:cc,[WPA-PSK-CCMP][WPA2-PSK-CCMP][ESS],-74,2462,227875717","Tenda_1dc1f2,08:10:79:3b:73:5a,[WPA-PSK-CCMP][WPA2-PSK-CCMP][WPS][ESS],-67,2412,426941102"]}