{"BSSID":"b1:7a:56:9f:e7:81","IpAddress":"10.56.81.85","P2p0Mac":"9e:87:d2:98:d6:b9","SSID":"MERCURY_2d15","androidId":"db835dadac8697f5","batteryLevel":63,"btAddress":"da:d5:7a:24:2f:c1","btName":"OPPO A37m","buildAbi":"armeabi-v7a","buildAbi2":"armeabi","buildBoard":"picasso_mf","buildBrand":"OPPO","buildCodename":"REL","buildDescription":"A37-user 5.1.1 LMY48G 58dada05 release-keys","buildDevice":"A37","buildFingerprint":"OPPO/OPPO A37m/A37:5.1.1/LMY48G/58dada05:user/release-keys","buildHardware":"qcom","buildHost":"bs213","buildId":"LMY48G","buildIncremental":"58dada05","buildManufacturer":"OPPO","buildModel":"OPPO A37m","buildName":"OPPO","buildProduct":"A37","buildRadioVersion":"fxyzwkeaxojd","buildRelease":"5.1.1","buildSdk":"22","buildSerialno":"8c061cd0","buildTags":"release-keys","buildType":"user","buildUser":"Server","buildUtc":1489938901780,"cellScan":["61705,169260763","33299,9972","61705,168397297","33299,9976","33299,139604226"],"ci":168397297,"contacts":["奶奶,15801512649","姑妈,15007667433","外婆,13404106209","外公,15302518046","舅舅,15802638344","舅妈,13505434299","姨父,15200165772","姨娘,13308721547","亲爱的,14702259086","老弟,13506240478","老妹,18705895206","小明,13401620281","小李子,13301790931","支虹协,15907800090","Wesley Holmes,15005421348","华魁谷,15308320016","杨孝念,13703758658","王秋勋,15608707854","Allen Cooper,18600717415","童观峻,15704823926","应然石,13500607644","夏侯彦闻,18901993506","Eva Clark,18903117017","应兴罗,15107611211","王妙舒,18000857979","王贺,18007473835","Cindy Ford,18900243012","王情秀,15602944018","孟情誓,15904740998","倪同念,15208446317","Anna Black,15106976837","李图,18808054326","金瑟羡,18005134538","杜兴嘉,18607146578","Brittany Perez,13102782294","滕峻茜,15506334961","尉迟行昆,15906836808","杨禄,15802972647","Megan Watkins,15108545959","李经亚,13307272569","张景团,15507087283","储莉萱,18901942855","Marcus Murray,18905177939","卫珊嵬,15501173532","杨香,18905740039","吴欢良,14702293591","Patricia Cunningham,15704407784","张王,18704902822"],"cpuName":"MT6750","densityDpi":560,"deviceId":"863912370416267","deviceSvn":"67","displayId":"A37-user 5.1.1 LMY48G 58dada05 release-keys","extraInfo":"cmnet","height":0,"hidePkgs":[],"hmNotes":"","hookPkgs":[],"lac":61705,"latitude":30.8897171,"line1Number":"18302883941","longitude":103.915531,"macAddress":"68:fe:6f:2a:20:c5","memAvailable":32276133,"memFree":64552266,"memTotal":96828399,"mnc":"00","networkClass":2,"networkCountryIso":"cn","networkOperator":"46007","networkOperatorName":"中国移动","networkType":8,"networkTypeName":"HSDPA","phoneType":1,"rgAndroid":"23","rgAreaode":"86","rgBackupPath":"/storage/emulated/0/.money/backup/20180107/18302883941_20180107.db","rgConNames":["和玺毅"],"rgConsize":"1","rgCountry":"中国","rgDevice":"xiaomiRedmi 4X","rgIp":"119.4.255.148","rgLastLogin":1515547076231,"rgLocation":"四川省成都市 联通","rgNetType":"切换飞行模式","rgOrPhone":"18302883941","rgPhoneNo":"18302883941","rgServer":"飞行模式切换","rgTime":1515306208710,"rgVcode":"玉米(发码)","rgVersion":"1.6.0","rgWxEmail":"未绑定","rgWxError":"帐号状态异常，本次登录已失效。请尝试重新登录，并根据弹窗提示操作。","rgWxName":"和玺毅","rgWxNo":"未设置","rgWxPasswd":"Rmst@7890","rgWxQQ":"未绑定","rgWxStatus":"异常","rgWxWindows":"否","serialno":"8c061cd0","simCountryIso":"cn","simOperator":"46007","simOperatorName":"中国移动","simSerialNumber":"8986029410574583462","simState":5,"subscriberId":"460077130983769","type":0,"typeName":"MOBILE","width":0,"wifiScan":["TP-LINK_abae,20:89:86:80:8f:16,[WPA-PSK-CCMP][WPA2-PSK-CCMP][ESS],-83,2437,1888433762","TP-LINK_0fbf,9c:28:ef:5b:85:d4,[WPA-PSK-CCMP][WPA2-PSK-CCMP][WPS][ESS],-92,2437,2917026712","Tenda_27b965,0c:72:2c:8a:7b:06,[WPA2-PSK-CCMP][ESS],-85,2437,1730027806","MERCURY_7a9dbf,c4:47:3f:73:c2:80,[WPA2-PSK-CCMP][WPS][ESS],-95,2437,227837911","PHICOMM_e2051f,00:87:36:49:9a:57,[WPA-PSK-CCMP][WPA2-PSK-CCMP][ESS],-55,2462,1083837304"]}