{"BSSID":"6e:7a:a7:a7:66:ed","IpAddress":"10.94.37.221","P2p0Mac":"bd:5b:b3:ab:96:04","SSID":"PHICOMM_49810f","androidId":"14a9b286fae85cfd","batteryLevel":42,"btAddress":"60:b5:96:8e:f2:e4","btName":"GN5001S","buildAbi":"armeabi-v7a","buildAbi2":"armeabi","buildBoard":"moorefield","buildBrand":"GiONEE","buildCodename":"REL","buildDescription":"GN5001S-user 7.0.0 NRD90M 1d75a865 release-keys","buildDevice":"GN5001S","buildFingerprint":"GiONEE/GN5001S/GN5001S:7.0.0/NRD90M/1d75a865:user/release-keys","buildHardware":"qcom","buildHost":"qh-miui-ota-bd51","buildId":"NRD90M","buildIncremental":"1d75a865","buildManufacturer":"GiONEE","buildModel":"GN5001S","buildName":"GiONEE","buildProduct":"GN5001S","buildRadioVersion":"qkumttfnc","buildRelease":"7.0.0","buildSdk":"24","buildSerialno":"95de27d7","buildTags":"release-keys","buildType":"user","buildUser":"android","buildUtc":1510526742967,"cellScan":[],"ci":0,"contacts":["奶奶,18604851782","姑妈,14705346417","外婆,18801080571","外公,15506788940","舅舅,14707995202","舅妈,15103691890","姨父,15801301059","姨娘,15103987327","亲爱的,15803911003","老弟,15103331326","老妹,18604988807","小明,18602720962","小李子,15801081087","李皓威,15000920910","Megan Barnes,15107935841","邱群涂,13502882647","山敬稼,13402595492","戚奇随,18607882611","Patrick Daniels,15605967727","吴谦,18005312572","仰钰欣,18003861037","曹逸升,13003790160","Helen Mason,15607107916","庞昱友,15503367694","夏侯午灵,13605124459","韩寅,13201843253","Philip Ferguson,15601757169","杨廉岩,13490255753","张渠,13401806788","丁罗素,18901991797","Kimberly Campbell,18904454015","李善节,13603549081","李思旺,15302867063","储靖时,14707587413","Tina Anderson,18808271342","龙仪平,13104888168","芮享国,14702406628","于勇烈,15306600177","Jeffrey Daniels,18903450924","胡靖祥,13906726129","王新妙,15604244670","杨文,15503227132","Sam Bryant,13002000635","于诗,15900373635","姚享佳,15504871373"],"cpuName":"MT6735","densityDpi":320,"deviceId":"862998652128846","deviceSvn":"86","displayId":"GN5001S-user 7.0.0 NRD90M 1d75a865 release-keys","extraInfo":"ctnet","height":0,"hidePkgs":[],"hmNotes":"","hookPkgs":[],"lac":0,"latitude":30.8623349,"line1Number":"18328721914","longitude":103.9668007,"macAddress":"87:0a:07:b1:a2:b7","memAvailable":701748587,"memFree":2105245762,"memTotal":2806994349,"mnc":"00","networkClass":2,"networkCountryIso":"cn","networkOperator":"46002","networkOperatorName":"中国移动","networkType":8,"networkTypeName":"HSDPA","phoneType":1,"rgAndroid":"23","rgAreaode":"86","rgBackupPath":"/storage/emulated/0/.money/backup/20180107/18328721914_20180107.db","rgConNames":["余任"],"rgConsize":"1","rgCountry":"中国","rgDevice":"xiaomiRedmi 4X","rgIp":"119.4.255.132","rgLastLogin":1515547541674,"rgLocation":"四川省成都市 联通","rgNetType":"切换飞行模式","rgOrPhone":"18328721914","rgPhoneNo":"18328721914","rgServer":"飞行模式切换","rgTime":1515313382502,"rgVcode":"玉米(发码)","rgVersion":"1.6.0","rgWxEmail":"未绑定","rgWxError":"帐号状态异常，本次登录已失效。请尝试重新登录，并根据弹窗提示操作。","rgWxName":"余任","rgWxNo":"未设置","rgWxPasswd":"Rmst@7890","rgWxQQ":"未绑定","rgWxStatus":"异常","rgWxWindows":"否","serialno":"95de27d7","simCountryIso":"cn","simOperator":"46002","simOperatorName":"中国移动","simSerialNumber":"8986002955551336030","simState":5,"subscriberId":"460021842744845","type":0,"typeName":"MOBILE","width":0,"wifiScan":["TP-LINK_a6a9,4b:79:fe:86:c1:a5,[WPA-PSK-CCMP][WPA2-PSK-CCMP][ESS],-71,2462,962532248","FAST_0640,d4:e9:81:09:e3:9a,[WPA2-PSK-CCMP][ESS],-77,2437,1923633285","PHICOMM_3775b9,b8:19:49:b0:64:60,[WPA2-PSK-CCMP][ESS],-87,2452,2165435911","MERCURY_cc0fec,f5:15:1d:68:19:ed,[WPA2-PSK-CCMP][WPS][ESS],-55,2462,1782436744","Netcore_7b9edc,9e:bd:de:a9:45:ef,[WPA2-PSK-CCMP][ESS],-76,2462,3280138328","Netcore_ee2208,3c:89:4a:25:81:bc,[WPA-PSK-CCMP][WPA2-PSK-CCMP][WPS][ESS],-61,2462,214450453","FAST_cc00e2,7d:79:75:71:19:0b,[WPA-PSK-CCMP][WPA2-PSK-CCMP][ESS],-72,2437,494467467","FAST_1ffb,11:1a:12:7b:ac:42,[WPA-PSK-CCMP][WPA2-PSK-CCMP][ESS],-65,2462,1322328323"]}