{"BSSID":"1d:68:ca:f0:85:22","IpAddress":"192.168.80.58","P2p0Mac":"72:3e:3d:57:86:89","SSID":"TP-LINK_e0fbff","androidId":"1aa33b2501ec2275","batteryLevel":87,"btAddress":"40:25:ea:42:e6:d2","btName":"vivo X3L","buildAbi":"armeabi-v7a","buildAbi2":"armeabi","buildBoard":"APQ8084","buildBrand":"vivo","buildCodename":"REL","buildDescription":"msm8226-user 7.0.0 NRD90M 7bf0e28d release-keys","buildDevice":"msm8226","buildFingerprint":"vivo/vivo X3L/msm8226:7.0.0/NRD90M/7bf0e28d:user/release-keys","buildHardware":"qcom","buildHost":"SEP-68","buildId":"NRD90M","buildIncremental":"7bf0e28d","buildManufacturer":"vivo","buildModel":"vivo X3L","buildName":"vivo","buildProduct":"msm8226","buildRadioVersion":"jhqpqsobacko","buildRelease":"7.0.0","buildSdk":"24","buildSerialno":"0c6db9a3","buildTags":"release-keys","buildType":"user","buildUser":"android","buildUtc":1472973383676,"cellScan":["61706,168434150","61709,168537279","61706,168537281","61707,168628144","61707,168544569"],"ci":168628144,"contacts":["奶奶,15306065108","姑妈,15704200999","外婆,13608661212","外公,13507658466","舅舅,13801038880","舅妈,14702335306","姨父,15705028212","姨娘,13490743490","亲爱的,13005027815","老弟,15702862818","老妹,15802015967","小明,15504574415","小李子,15606090088","松彤律,15301066414","Cynthia Lane,15300450218","熊翼仕,15303536744","颜旭珀,15706260410","施效欣,13703496936","Joann Cole,13807921104","陈蔚扬,15601426280","李惠,13904212441","杨誓,15707208052","Edwin Robertson,14707023445","鲁涂彦,13604662289","卡华立,18003605837","徐晟义,13603514100","Rick Cooper,13905344518","张炯扬,15308753723","魏甲衔,18903955890","刘曜茂,15206965610","Kristen Henry,13400723844","邹海建,13302628072","田晟璐,15203975263","杨国,15704696742","Jamie Franklin,14706748920","栾渠翔,13704976977","单阳萱,13907888542","于良妙,18603950209","Erica Lawrence,13206625891","张烈,15806710411","王精幸,13108530429","王秋,13308104512","Mark Ray,13306531293","张介举,13204078686","张悠璞,18901702796","牧盛勋,13501184321","Samuel Perry,13900821725","王木甲,15007936928","李恺杏,13802993227","徐嘉虹,15102120435","Dennis Chavez,15203965551"],"cpuName":"MT6592","densityDpi":320,"deviceId":"861340050857570","deviceSvn":"88","displayId":"msm8226-user 7.0.0 NRD90M 7bf0e28d release-keys","extraInfo":"TP-LINK_e0fbff","height":0,"hidePkgs":[],"hmNotes":"","hookPkgs":[],"lac":61707,"latitude":30.6460088,"line1Number":"18328716094","longitude":104.0665876,"macAddress":"ab:a0:48:9f:23:77","memAvailable":51266770,"memFree":153800312,"memTotal":205067082,"mnc":"00","networkClass":3,"networkCountryIso":"cn","networkOperator":"46007","networkOperatorName":"中国移动","networkType":13,"networkTypeName":"LTE","phoneType":1,"rgAndroid":"23","rgAreaode":"86","rgBackupPath":"/storage/emulated/0/.money/backup/20180107/18328716094_20180107.db","rgConNames":[],"rgCountry":"中国","rgDevice":"xiaomiRedmi 4X","rgIp":"101.206.166.134","rgLastLogin":1515375600197,"rgLocation":"四川省 联通","rgNetType":"切换飞行模式","rgOrPhone":"18328716094","rgPhoneNo":"18328716094","rgServer":"飞行模式切换","rgTime":1515312266760,"rgVcode":"玉米(发码)","rgVersion":"1.6.0","rgWxError":"帐号状态异常，本次登录已失效。请尝试重新登录，并根据弹窗提示操作。","rgWxName":"祁璇宁","rgWxPasswd":"Rmst@7890","rgWxStatus":"异常","rgWxWindows":"否","serialno":"0c6db9a3","simCountryIso":"cn","simOperator":"46007","simOperatorName":"中国移动","simSerialNumber":"8986028754242462214","simState":5,"subscriberId":"460074978289260","type":1,"typeName":"WIFI","width":0,"wifiScan":["PHICOMM_e10659,00:13:f7:ec:7b:03,[WPA2-PSK-CCMP][WPS][ESS],-75,2462,389693609","PHICOMM_9dc97a,74:ea:3a:2b:72:94,[WPA2-PSK-CCMP][WPS][ESS],-93,2437,396052916","PHICOMM_d20c0f,e4:d3:32:dc:a6:94,[WPA2-PSK-CCMP][WPS][ESS],-87,2457,836136987","MERCURY_bf32fe,14:75:90:29:e4:dc,[WPA2-PSK-CCMP][WPS][ESS],-76,2422,460328755","MERCURY_031652,88:25:93:a9:b7:09,[WPA-PSK-CCMP][WPA2-PSK-CCMP][WPS][ESS],-92,2427,1938831584"]}