{"BSSID":"cd:e6:6c:4d:d5:71","IpAddress":"192.168.44.65","P2p0Mac":"37:7c:a1:73:39:9a","SSID":"FAST_cae659","androidId":"90f238ef6b68ad5b","batteryLevel":67,"btAddress":"d0:0a:00:53:10:fa","btName":"Redmi Note 2","buildAbi":"armeabi-v7a","buildAbi2":"armeabi","buildBoard":"smdk4210","buildBrand":"Xiaomi","buildCodename":"REL","buildDescription":"hermes-user 7.0.0 NRD90M 22736d51 release-keys","buildDevice":"hermes","buildFingerprint":"Xiaomi/Redmi Note 2/hermes:7.0.0/NRD90M/22736d51:user/release-keys","buildHardware":"qcom","buildHost":"taishan","buildId":"NRD90M","buildIncremental":"22736d51","buildManufacturer":"Xiaomi","buildModel":"Redmi Note 2","buildName":"Xiaomi","buildProduct":"hermes","buildRadioVersion":"jurjkkoub","buildRelease":"7.0.0","buildSdk":"24","buildSerialno":"42b5ecbc","buildTags":"release-keys","buildType":"user","buildUser":"lgmobile","buildUtc":1478573188725,"cellScan":[],"ci":0,"contacts":["奶奶,18903817313","姑妈,13104388600","外婆,13704668853","外公,15703901113","舅舅,13505204546","舅妈,13108533433","姨父,13805421272","姨娘,13100947851","亲爱的,13301710161","老弟,15503542976","老妹,18003967638","小明,15607871151","小李子,15900093668","董洋渠,18807579049","Roberta Perry,18706408052","杨义,13305038184","于仙虹,13208392307","李谦启,15001435438","Irene Franklin,15001544719","王奎,13900470165","龙胜桂,15005413487","卢利尚,13205340632","Katherine Arnold,15607023737","杨添效,14706123480","王梁璐,13490651308","殷然乾,13708351061","Travis Barnes,13902781612","王萱郁,13003871928","邱毅孝,13506946355","吴礼节,15003863641","Darlene King,15208717875","鲁轩庞,13108297010","应守萱,13600442582","乌彦许,18003442360","Dana Gordon,15304158550","顾启如,13104265095","于逵,13603152986","杨岁,18800969089","Alexander Hawkins,18807726128","鲁郁联,15904555376","史凇夏,13402040254","解佩古,13105063665","Herman Taylor,13100875686"],"cpuName":"MT6795","densityDpi":560,"deviceId":"860365960718928","deviceSvn":"39","displayId":"hermes-user 7.0.0 NRD90M 22736d51 release-keys","extraInfo":"FAST_cae659","height":0,"hidePkgs":[],"hmNotes":"","hookPkgs":[],"lac":0,"latitude":30.8173588,"line1Number":"18380380417","longitude":103.7575869,"macAddress":"9b:58:db:a3:14:d6","memAvailable":68289657,"memFree":136579315,"memTotal":204868972,"mnc":"00","networkClass":3,"networkCountryIso":"cn","networkOperator":"46007","networkOperatorName":"中国移动","networkType":13,"networkTypeName":"LTE","phoneType":1,"rgAndroid":"23","rgAreaode":"86","rgBackupPath":"/storage/emulated/0/.money/backup/20180107/18380380417_20180107.db","rgConNames":["欧阳双宽"],"rgConsize":"1","rgCountry":"中国","rgDevice":"xiaomiRedmi 4X","rgIp":"119.4.254.35","rgLastLogin":1515547475350,"rgLocation":"四川省成都市 联通","rgNetType":"切换飞行模式","rgOrPhone":"18380380417","rgPhoneNo":"18380380417","rgServer":"飞行模式切换","rgTime":1515311636406,"rgVcode":"玉米(发码)","rgVersion":"1.6.0","rgWxEmail":"未绑定","rgWxError":"帐号状态异常，本次登录已失效。请尝试重新登录，并根据弹窗提示操作。","rgWxName":"欧阳双宽","rgWxNo":"未设置","rgWxPasswd":"Rmst@7890","rgWxQQ":"未绑定","rgWxStatus":"异常","rgWxWindows":"否","serialno":"42b5ecbc","simCountryIso":"cn","simOperator":"46007","simOperatorName":"中国移动","simSerialNumber":"8986007637030629137","simState":5,"subscriberId":"460074144240873","type":1,"typeName":"WIFI","width":0,"wifiScan":["PHICOMM_86bed1,6d:4f:a4:6a:82:09,[WPA-PSK-CCMP][WPA2-PSK-CCMP][ESS],-75,2437,312010251","PHICOMM_e10530,ab:8d:5f:e5:06:66,[WPA-PSK-CCMP][WPA2-PSK-CCMP][WPS][ESS],-64,2462,467830693","TP-LINK_cae2,e3:d7:6a:bf:8c:7c,[WPA2-PSK-CCMP][WPS][ESS],-82,2412,307356315","MERCURY_742649,11:0e:f7:14:f5:2c,[WPA-PSK-CCMP][WPA2-PSK-CCMP][ESS],-69,2462,701138028","FAST_baed,38:e9:a0:77:2f:68,[WPA2-PSK-CCMP][WPS][ESS],-93,2437,2661533430","Netcore_48ca76,cb:18:cb:15:9a:e8,[WPA-PSK-CCMP][WPA2-PSK-CCMP][WPS][ESS],-75,2412,1266029568","PHICOMM_d0fcbe,19:30:30:af:6d:f2,[WPA2-PSK-CCMP][ESS],-59,2437,935127587"]}