{"BSSID":"f6:fd:87:86:08:30","IpAddress":"10.7.38.190","P2p0Mac":"ad:31:c4:8b:0f:59","SSID":"Netcore_047b9e","androidId":"823a51641a6c3f90","batteryLevel":44,"btAddress":"71:6b:01:4c:45:0b","btName":"MI 3W","buildAbi":"armeabi-v7a","buildAbi2":"armeabi","buildBoard":"m7","buildBrand":"Xiaomi","buildCodename":"REL","buildDescription":"MI 3W-user 5.0 LRX21M 4979ae00 release-keys","buildDevice":"MI 3W","buildFingerprint":"Xiaomi/MI 3W/MI 3W:5.0/LRX21M/4979ae00:user/release-keys","buildHardware":"qcom","buildHost":"glsrv4","buildId":"LRX21M","buildIncremental":"4979ae00","buildManufacturer":"Xiaomi","buildModel":"MI 3W","buildName":"Xiaomi","buildProduct":"MI 3W","buildRadioVersion":"dtjgekdsyzjbqogh","buildRelease":"5.0","buildSdk":"21","buildSerialno":"51e33ea9","buildTags":"release-keys","buildType":"user","buildUser":"builder","buildUtc":1461257744443,"cellScan":[],"ci":0,"contacts":["奶奶,13507154093","姑妈,15202270648","外婆,13108380467","外公,18808743380","舅舅,15006198437","舅妈,13601660118","姨父,13705470960","姨娘,13006638350","亲爱的,15207251885","老弟,13307958773","老妹,13003241107","小明,13107470786","小李子,13004241555","陈群仙,18908827801","Connie Clark,18005392624","王三保,15904405641","袁桐仙,15905333707","杭献全,13490286718","Edith Scott,13308562649","滕洋菁,18802055534","魏素夏,18803052475","于楷峻,15607780396","Betty West,13100701420","平迅设,13605627397","韦随雪,18007733954","秋商贤,15705457104","Keith Hunt,18706076918","杨玉,13908805201","夏侯古童,13901895723","王菁微,13107232794","Alvin Cooper,18602035540","麻砚星,18003952982","柏如明,13004725706","于驹商,13507116658","Lawrence Washington,13700616328","杨逵联,13202790011","杨年俊,18708843117","裴昱能,13207182952","Samantha Brown,18606242008","杨烈秋,13490234280","杨瑛,15802862491","江秋业,13201358729","Marie Morales,13202485932"],"cpuName":"Qualcomm MSM8974PRO-AB","densityDpi":560,"deviceId":"863801672749410","deviceSvn":"39","displayId":"MI 3W-user 5.0 LRX21M 4979ae00 release-keys","extraInfo":"3gnet","height":0,"hidePkgs":[],"hmNotes":"","hookPkgs":[],"lac":0,"latitude":30.480616,"line1Number":"18382283143","longitude":104.1335386,"macAddress":"d7:09:78:11:52:32","memAvailable":68217320,"memFree":136434642,"memTotal":204651962,"mnc":"00","networkClass":1,"networkCountryIso":"cn","networkOperator":"46002","networkOperatorName":"中国移动","networkType":2,"networkTypeName":"EDGE","phoneType":1,"rgAndroid":"23","rgAreaode":"86","rgBackupPath":"/storage/emulated/0/.money/backup/20180107/18382283143_20180107.db","rgConNames":["董露琴"],"rgConsize":"1","rgCountry":"中国","rgDevice":"xiaomiRedmi 4X","rgIp":"119.4.254.42","rgLastLogin":1515547608952,"rgLocation":"四川省成都市 联通","rgNetType":"切换飞行模式","rgOrPhone":"18382283143","rgPhoneNo":"18382283143","rgServer":"飞行模式切换","rgTime":1515315565405,"rgVcode":"玉米(发码)","rgVersion":"1.6.0","rgWxEmail":"未绑定","rgWxError":"帐号状态异常，本次登录已失效。请尝试重新登录，并根据弹窗提示操作。","rgWxName":"董露琴","rgWxNo":"未设置","rgWxPasswd":"Rmst@7890","rgWxQQ":"未绑定","rgWxStatus":"异常","rgWxWindows":"否","serialno":"51e33ea9","simCountryIso":"cn","simOperator":"46002","simOperatorName":"中国移动","simSerialNumber":"8986003000802474743","simState":5,"subscriberId":"460027378310376","type":0,"typeName":"MOBILE","width":0,"wifiScan":["PHICOMM_d04365,74:a7:62:c2:2c:dd,[WPA-PSK-CCMP][WPA2-PSK-CCMP][ESS],-93,2412,488623471","MERCURY_5037a9,5d:61:75:c3:4a:f3,[WPA-PSK-CCMP][WPA2-PSK-CCMP][ESS],-85,2412,3487729949","TP-LINK_d154,5f:e1:82:99:d0:a7,[WPA-PSK-CCMP][WPA2-PSK-CCMP][ESS],-90,2437,203720902","Netcore_d1f43e,3e:a6:18:c6:c6:17,[WPA-PSK-CCMP][WPA2-PSK-CCMP][WPS][ESS],-94,2462,204213024","Netcore_a8cbfe,ed:33:28:e8:fc:4b,[WPA2-PSK-CCMP][WPS][ESS],-75,2462,3466138556","FAST_6a9d,db:6b:ea:19:ff:13,[WPA2-PSK-CCMP][ESS],-77,2462,256365756"]}